ticker,date,kind,factor_step
ANGL,2012-06-01,dividend,0.00648571
ANGL,2012-07-02,dividend,0.00513428
ANGL,2012-08-01,dividend,0.00546661
ANGL,2012-09-04,dividend,0.00528103
ANGL,2012-10-01,dividend,0.00531915
ANGL,2012-11-01,dividend,0.00547966
ANGL,2012-12-03,dividend,0.00543478
ANGL,2012-12-27,dividend,0.00993130
ANGL,2013-02-01,dividend,0.00484713
ANGL,2013-03-01,dividend,0.00483451
ANGL,2013-04-01,dividend,0.00513573
ANGL,2013-05-01,dividend,0.00471527
ANGL,2013-06-03,dividend,0.00507281
ANGL,2013-07-01,dividend,0.00529705
ANGL,2013-08-01,dividend,0.00517672
ANGL,2013-09-03,dividend,0.00464090
ANGL,2013-10-01,dividend,0.00462331
ANGL,2013-11-01,dividend,0.00472593
ANGL,2013-12-02,dividend,0.00472418
ANGL,2013-12-27,dividend,0.00764212
ANGL,2014-02-03,dividend,0.00483811
ANGL,2014-03-03,dividend,0.00431770
ANGL,2014-04-01,dividend,0.00475494
ANGL,2014-05-01,dividend,0.00456621
ANGL,2014-06-02,dividend,0.00459058
ANGL,2014-07-01,dividend,0.00423472
ANGL,2014-08-01,dividend,0.00460399
ANGL,2014-09-02,dividend,0.00453386
ANGL,2014-10-01,dividend,0.00452489
ANGL,2014-11-03,dividend,0.00473071
ANGL,2014-12-01,dividend,0.00384686
ANGL,2014-12-29,dividend,0.01530593
ANGL,2015-02-02,dividend,0.00459545
ANGL,2015-03-02,dividend,0.00411341
ANGL,2015-04-01,dividend,0.00491815
ANGL,2015-05-01,dividend,0.00325262
ANGL,2015-06-01,dividend,0.00391560
ANGL,2015-07-01,dividend,0.00369004
ANGL,2015-08-03,dividend,0.00434411
ANGL,2015-09-01,dividend,0.00451554
ANGL,2015-10-01,dividend,0.00411523
ANGL,2015-11-02,dividend,0.00447117
ANGL,2015-12-01,dividend,0.00415266
ANGL,2015-12-29,dividend,0.00776474
ANGL,2016-02-01,dividend,0.00386262
ANGL,2016-03-01,dividend,0.00482216
ANGL,2016-04-01,dividend,0.00562808
ANGL,2016-05-02,dividend,0.00516987
ANGL,2016-06-01,dividend,0.00547221
ANGL,2016-07-01,dividend,0.00516115
ANGL,2016-08-01,dividend,0.00453037
ANGL,2016-09-01,dividend,0.00468597
ANGL,2016-10-03,dividend,0.00475810
ANGL,2016-11-01,dividend,0.00471945
ANGL,2016-12-01,dividend,0.00462703
ANGL,2016-12-28,dividend,0.00759863
ANGL,2017-02-01,dividend,0.00414256
ANGL,2017-03-01,dividend,0.00383740
ANGL,2017-04-03,dividend,0.00434901
ANGL,2017-05-01,dividend,0.00385448
ANGL,2017-06-01,dividend,0.00432257
ANGL,2017-07-03,dividend,0.00443932
ANGL,2017-08-01,dividend,0.00425989
ANGL,2017-09-01,dividend,0.00408054
ANGL,2017-10-02,dividend,0.00400808
ANGL,2017-11-01,dividend,0.00421885
ANGL,2017-12-01,dividend,0.00407237
ANGL,2017-12-27,dividend,0.00733890
ANGL,2018-02-01,dividend,0.00433622
ANGL,2018-03-01,dividend,0.00405714
ANGL,2018-04-02,dividend,0.00459778
ANGL,2018-05-01,dividend,0.00421009
ANGL,2018-06-01,dividend,0.00459322
ANGL,2018-07-02,dividend,0.00444787
ANGL,2018-08-01,dividend,0.00481452
ANGL,2018-09-04,dividend,0.00460255
ANGL,2018-10-01,dividend,0.00445580
ANGL,2018-11-01,dividend,0.00498931
ANGL,2018-12-03,dividend,0.00552729
ANGL,2018-12-27,dividend,0.00543068
ANGL,2019-02-01,dividend,0.00434349
ANGL,2019-03-01,dividend,0.00407103
ANGL,2019-04-01,dividend,0.00471781
ANGL,2019-05-01,dividend,0.00466241
ANGL,2019-06-03,dividend,0.00467621
ANGL,2019-07-01,dividend,0.00435334
ANGL,2019-08-01,dividend,0.00455059
ANGL,2019-09-03,dividend,0.00438326
ANGL,2019-10-01,dividend,0.00441917
ANGL,2019-11-01,dividend,0.00449569
ANGL,2019-12-02,dividend,0.00450543
ANGL,2019-12-30,dividend,0.00439023
ANGL,2020-02-03,dividend,0.00379998
ANGL,2020-03-02,dividend,0.00381367
ANGL,2020-04-01,dividend,0.00552442
ANGL,2020-05-01,dividend,0.00398789
ANGL,2020-06-01,dividend,0.00470622
ANGL,2020-07-01,dividend,0.00479641
ANGL,2020-08-03,dividend,0.00439258
ANGL,2020-09-01,dividend,0.00375544
ANGL,2020-10-01,dividend,0.00428866
ANGL,2020-11-02,dividend,0.00457081
ANGL,2020-12-01,dividend,0.00379452
ANGL,2020-12-29,dividend,0.00396219
ANGL,2021-02-01,dividend,0.00369304
ANGL,2021-03-01,dividend,0.00334762
ANGL,2021-04-01,dividend,0.00367774
ANGL,2021-05-03,dividend,0.00336428
ANGL,2021-06-01,dividend,0.00370820
ANGL,2021-07-01,dividend,0.00314053
ANGL,2021-08-02,dividend,0.00327352
ANGL,2021-09-01,dividend,0.00316503
ANGL,2021-10-01,dividend,0.00297402
ANGL,2021-11-01,dividend,0.00315381
ANGL,2021-12-01,dividend,0.00303199
ANGL,2021-12-29,dividend,0.00305699
ANGL,2022-02-01,dividend,0.00326911
ANGL,2022-03-01,dividend,0.00282348
ANGL,2022-04-01,dividend,0.00330033
ANGL,2022-05-02,dividend,0.00381907
ANGL,2022-06-01,dividend,0.00379572
ANGL,2022-07-01,dividend,0.00401308
ANGL,2022-08-01,dividend,0.00389518
ANGL,2022-09-01,dividend,0.00401021
ANGL,2022-10-03,dividend,0.00398071
ANGL,2022-11-01,dividend,0.00431393
ANGL,2022-12-01,dividend,0.00383562
ANGL,2022-12-28,dividend,0.00430842
ANGL,2023-02-01,dividend,0.00443713
ANGL,2023-03-01,dividend,0.00373928
ANGL,2023-04-03,dividend,0.00455311
ANGL,2023-05-01,dividend,0.00397974
ANGL,2023-06-01,dividend,0.00481281
ANGL,2023-07-03,dividend,0.00459429
ANGL,2023-08-01,dividend,0.00461062
ANGL,2023-09-01,dividend,0.00489042
ANGL,2023-10-02,dividend,0.00505126
ANGL,2023-11-01,dividend,0.00507614
ANGL,2023-12-01,dividend,0.00434659
ANGL,2023-12-27,dividend,0.00488413
ANGL,2024-02-01,dividend,0.00501470
ANGL,2024-03-01,dividend,0.00482821
ANGL,2024-04-01,dividend,0.00526535
ANGL,2024-05-01,dividend,0.00537003
ANGL,2024-06-03,dividend,0.00549605
ANGL,2024-07-01,dividend,0.00536431
ANGL,2024-08-01,dividend,0.00546410
ANGL,2024-09-03,dividend,0.00517241
ANGL,2024-10-01,dividend,0.00492039
ANGL,2024-11-01,dividend,0.00546791
ANGL,2024-12-02,dividend,0.00498025
ANGL,2024-12-27,dividend,0.00543100
ANGL,2025-02-03,dividend,0.00540091
ANGL,2025-03-03,dividend,0.00470035
ANGL,2025-04-01,dividend,0.00550484
ANGL,2025-05-01,dividend,0.00536622
ANGL,2025-06-02,dividend,0.00543002
ANGL,2025-07-01,dividend,0.00494234
ANGL,2025-08-01,dividend,0.00541697
ANGL,2025-09-02,dividend,0.00513171
ANGL,2025-10-01,dividend,0.00496907
ANGL,2025-11-03,dividend,0.00551621
ANGL,2025-11-28,dividend,0.00499949
ANGL,2025-12-29,dividend,0.00545145
ANGL,2026-02-02,dividend,0.00540247
ANGL,2026-03-02,dividend,0.00478144
ANGL,2026-04-01,dividend,0.00613067
ANGL,2026-05-01,dividend,0.00536009
ANGL,2026-06-01,dividend,0.00529646
ANGL,2026-07-01,dividend,0.00588256
ANGL,2026-08-03,dividend,0.00584307
ANGL,2026-09-01,dividend,0.00551107
BKLN,2011-04-15,dividend,0.00290848
BKLN,2011-05-13,dividend,0.00300965
BKLN,2011-06-15,dividend,0.00309914
BKLN,2011-07-15,dividend,0.00304084
BKLN,2011-08-15,dividend,0.00357419
BKLN,2011-09-15,dividend,0.00365959
BKLN,2011-10-14,dividend,0.00494121
BKLN,2011-11-15,dividend,0.00425804
BKLN,2011-12-15,dividend,0.00487027
BKLN,2012-01-13,dividend,0.00413659
BKLN,2012-02-15,dividend,0.00411994
BKLN,2012-03-15,dividend,0.00411039
BKLN,2012-04-13,dividend,0.00435949
BKLN,2012-05-15,dividend,0.00424475
BKLN,2012-06-15,dividend,0.00410820
BKLN,2012-07-13,dividend,0.00425150
BKLN,2012-08-15,dividend,0.00367911
BKLN,2012-09-14,dividend,0.00363849
BKLN,2012-10-15,dividend,0.00412482
BKLN,2012-11-15,dividend,0.00408053
BKLN,2012-12-14,dividend,0.00391152
BKLN,2013-01-15,dividend,0.00421978
BKLN,2013-02-15,dividend,0.00400234
BKLN,2013-03-15,dividend,0.00380373
BKLN,2013-04-15,dividend,0.00378700
BKLN,2013-05-15,dividend,0.00364165
BKLN,2013-06-14,dividend,0.00361098
BKLN,2013-07-15,dividend,0.00363188
BKLN,2013-08-15,dividend,0.00361779
BKLN,2013-09-13,dividend,0.00334722
BKLN,2013-10-15,dividend,0.00335751
BKLN,2013-11-15,dividend,0.00338983
BKLN,2013-12-13,dividend,0.00338411
BKLN,2014-01-15,dividend,0.00336398
BKLN,2014-02-14,dividend,0.00335230
BKLN,2014-03-14,dividend,0.00332371
BKLN,2014-05-15,dividend,0.00326060
BKLN,2014-06-13,dividend,0.00325993
BKLN,2014-07-15,dividend,0.00330363
BKLN,2014-08-15,dividend,0.00340767
BKLN,2014-09-15,dividend,0.00348925
BKLN,2014-10-15,dividend,0.00369092
BKLN,2014-11-14,dividend,0.00327304
BKLN,2014-12-15,dividend,0.00318933
BKLN,2015-01-15,dividend,0.00313452
BKLN,2015-02-13,dividend,0.00306605
BKLN,2015-03-13,dividend,0.00302363
BKLN,2015-04-15,dividend,0.00302806
BKLN,2015-05-15,dividend,0.00307454
BKLN,2015-06-15,dividend,0.00314642
BKLN,2015-07-15,dividend,0.00318283
BKLN,2015-08-14,dividend,0.00334701
BKLN,2015-09-15,dividend,0.00339899
BKLN,2015-10-15,dividend,0.00346930
BKLN,2015-11-13,dividend,0.00353548
BKLN,2015-12-15,dividend,0.00373755
BKLN,2016-01-15,dividend,0.00374636
BKLN,2016-02-12,dividend,0.00383748
BKLN,2016-03-15,dividend,0.00380398
BKLN,2016-04-15,dividend,0.00393871
BKLN,2016-05-13,dividend,0.00412858
BKLN,2016-06-15,dividend,0.00413084
BKLN,2016-07-15,dividend,0.00420842
BKLN,2016-08-15,dividend,0.00419346
BKLN,2016-09-15,dividend,0.00420426
BKLN,2016-10-14,dividend,0.00354922
BKLN,2016-11-15,dividend,0.00308151
BKLN,2016-12-15,dividend,0.00342493
BKLN,2017-01-13,dividend,0.00299022
BKLN,2017-02-15,dividend,0.00289929
BKLN,2017-03-15,dividend,0.00279118
BKLN,2017-04-13,dividend,0.00277227
BKLN,2017-05-15,dividend,0.00271854
BKLN,2017-06-15,dividend,0.00271775
BKLN,2017-07-14,dividend,0.00277121
BKLN,2017-08-15,dividend,0.00297890
BKLN,2017-09-18,dividend,0.00303027
BKLN,2017-10-23,dividend,0.00301635
BKLN,2017-11-20,dividend,0.00272570
BKLN,2017-12-18,dividend,0.00336231
BKLN,2018-01-22,dividend,0.00284881
BKLN,2018-02-20,dividend,0.00303039
BKLN,2018-03-19,dividend,0.00327290
BKLN,2018-04-23,dividend,0.00309595
BKLN,2018-05-21,dividend,0.00321248
BKLN,2018-06-18,dividend,0.00342874
BKLN,2018-07-23,dividend,0.00346653
BKLN,2018-08-20,dividend,0.00346441
BKLN,2018-09-24,dividend,0.00341224
BKLN,2018-10-22,dividend,0.00347012
BKLN,2018-11-19,dividend,0.00371193
BKLN,2018-12-24,dividend,0.00648116
BKLN,2019-01-22,dividend,0.00407471
BKLN,2019-02-19,dividend,0.00418359
BKLN,2019-03-18,dividend,0.00374878
BKLN,2019-04-22,dividend,0.00397102
BKLN,2019-05-20,dividend,0.00415516
BKLN,2019-06-24,dividend,0.00434316
BKLN,2019-07-22,dividend,0.00428945
BKLN,2019-08-19,dividend,0.00428827
BKLN,2019-09-23,dividend,0.00411132
BKLN,2019-10-21,dividend,0.00401037
BKLN,2019-11-18,dividend,0.00385043
BKLN,2019-12-23,dividend,0.00380515
BKLN,2020-01-21,dividend,0.00367196
BKLN,2020-02-24,dividend,0.00353097
BKLN,2020-03-23,dividend,0.00447374
BKLN,2020-04-20,dividend,0.00364729
BKLN,2020-05-18,dividend,0.00291615
BKLN,2020-06-22,dividend,0.00257072
BKLN,2020-07-20,dividend,0.00260781
BKLN,2020-08-24,dividend,0.00244405
BKLN,2020-09-21,dividend,0.00258080
BKLN,2020-10-19,dividend,0.00275503
BKLN,2020-11-23,dividend,0.00286483
BKLN,2020-12-21,dividend,0.00292021
BKLN,2021-01-19,dividend,0.00289913
BKLN,2021-02-22,dividend,0.00283091
BKLN,2021-03-22,dividend,0.00273576
BKLN,2021-04-19,dividend,0.00259442
BKLN,2021-05-24,dividend,0.00244172
BKLN,2021-06-21,dividend,0.00243766
BKLN,2021-07-19,dividend,0.00241164
BKLN,2021-08-23,dividend,0.00246363
BKLN,2021-09-20,dividend,0.00249716
BKLN,2021-10-18,dividend,0.00254997
BKLN,2021-11-22,dividend,0.00256395
BKLN,2021-12-20,dividend,0.00254611
BKLN,2022-01-24,dividend,0.00259090
BKLN,2022-02-22,dividend,0.00264524
BKLN,2022-03-21,dividend,0.00268535
BKLN,2022-04-18,dividend,0.00272729
BKLN,2022-05-23,dividend,0.00292887
BKLN,2022-06-21,dividend,0.00319849
BKLN,2022-07-18,dividend,0.00343880
BKLN,2022-08-22,dividend,0.00371600
BKLN,2022-09-19,dividend,0.00415566
BKLN,2022-10-24,dividend,0.00467395
BKLN,2022-11-21,dividend,0.00548137
BKLN,2022-12-19,dividend,0.00986961
BKLN,2023-01-23,dividend,0.00577937
BKLN,2023-02-21,dividend,0.00622006
BKLN,2023-03-20,dividend,0.00668420
BKLN,2023-04-24,dividend,0.00686129
BKLN,2023-05-22,dividend,0.00728562
BKLN,2023-06-20,dividend,0.00765531
BKLN,2023-07-24,dividend,0.00802993
BKLN,2023-08-21,dividend,0.00826587
BKLN,2023-09-18,dividend,0.00799248
BKLN,2023-10-23,dividend,0.00716545
BKLN,2023-11-20,dividend,0.00769986
BKLN,2023-12-18,dividend,0.00695018
BKLN,2024-01-22,dividend,0.00649134
BKLN,2024-02-20,dividend,0.00652113
BKLN,2024-03-18,dividend,0.00690354
BKLN,2024-04-22,dividend,0.00698893
BKLN,2024-05-20,dividend,0.00738848
BKLN,2024-06-24,dividend,0.00681126
BKLN,2024-07-22,dividend,0.00720478
BKLN,2024-08-19,dividend,0.00775608
BKLN,2024-09-23,dividend,0.00805754
BKLN,2024-10-21,dividend,0.00777525
BKLN,2024-11-18,dividend,0.00624087
BKLN,2024-12-23,dividend,0.00568212
BKLN,2025-01-21,dividend,0.00586304
BKLN,2025-02-24,dividend,0.00532314
BKLN,2025-03-24,dividend,0.00517085
BKLN,2025-04-21,dividend,0.00607387
BKLN,2025-05-19,dividend,0.00785741
BKLN,2025-06-23,dividend,0.00554763
BKLN,2025-07-21,dividend,0.00566124
BKLN,2025-08-18,dividend,0.00587084
BKLN,2025-09-22,dividend,0.00594381
BKLN,2025-10-20,dividend,0.00575545
BKLN,2025-11-24,dividend,0.00573377
BKLN,2025-12-22,dividend,0.00490244
BKLN,2026-01-20,dividend,0.00512837
BKLN,2026-02-23,dividend,0.00489314
BKLN,2026-03-23,dividend,0.00566122
BKLN,2026-04-20,dividend,0.00507942
BKLN,2026-05-18,dividend,0.00490035
BKLN,2026-06-22,dividend,0.00493654
BKLN,2026-07-20,dividend,0.00532214
BKLN,2026-08-24,dividend,0.00548526
BKLN,2026-09-21,dividend,0.00559747
BWX,2007-11-01,dividend,0.00105473
BWX,2007-12-03,dividend,0.00152055
BWX,2007-12-28,dividend,0.00336217
BWX,2008-02-01,dividend,0.00262841
BWX,2008-03-03,dividend,0.00214657
BWX,2008-04-01,dividend,0.00223064
BWX,2008-05-01,dividend,0.00275189
BWX,2008-06-02,dividend,0.00265664
BWX,2008-07-01,dividend,0.00256555
BWX,2008-08-01,dividend,0.00199465
BWX,2008-09-02,dividend,0.00333440
BWX,2008-10-01,dividend,0.00256970
BWX,2008-11-03,dividend,0.00257017
BWX,2008-12-01,dividend,0.00243134
BWX,2008-12-29,dividend,0.00209999
BWX,2009-02-02,dividend,0.00240973
BWX,2009-03-02,dividend,0.00223219
BWX,2009-12-29,dividend,0.00455262
BWX,2010-02-01,dividend,0.00295514
BWX,2010-12-29,dividend,0.00639145
BWX,2011-06-01,dividend,0.00200725
BWX,2011-07-01,dividend,0.00202774
BWX,2011-08-01,dividend,0.00326630
BWX,2011-09-01,dividend,0.00459891
BWX,2011-10-03,dividend,0.00424352
BWX,2011-11-01,dividend,0.00471861
BWX,2011-12-01,dividend,0.00928391
BWX,2011-12-28,dividend,0.00242756
BWX,2012-02-01,dividend,0.00157428
BWX,2012-03-01,dividend,0.00152298
BWX,2012-04-02,dividend,0.00160417
BWX,2012-05-01,dividend,0.00152298
BWX,2012-06-01,dividend,0.00179380
BWX,2012-07-02,dividend,0.00160921
BWX,2012-08-01,dividend,0.00150703
BWX,2012-09-04,dividend,0.00071184
BWX,2012-10-01,dividend,0.00159370
BWX,2012-12-03,dividend,0.00291507
BWX,2012-12-27,dividend,0.00234092
BWX,2013-02-01,dividend,0.00165728
BWX,2013-03-01,dividend,0.00282775
BWX,2013-04-01,dividend,0.00119801
BWX,2013-05-01,dividend,0.00078395
BWX,2013-06-03,dividend,0.00144935
BWX,2013-07-01,dividend,0.00135222
BWX,2013-08-01,dividend,0.00064333
BWX,2013-09-03,dividend,0.00114467
BWX,2013-10-01,dividend,0.00192248
BWX,2013-11-01,dividend,0.00200435
BWX,2013-12-02,dividend,0.00175929
BWX,2013-12-27,dividend,0.00185497
BWX,2014-02-03,dividend,0.00025869
BWX,2014-03-03,dividend,0.00141901
BWX,2014-04-01,dividend,0.00165312
BWX,2014-05-01,dividend,0.00093608
BWX,2014-06-02,dividend,0.00093561
BWX,2014-07-01,dividend,0.00128433
BWX,2014-09-02,dividend,0.00111717
BWX,2014-10-01,dividend,0.00085484
BWX,2014-11-03,dividend,0.00036740
BWX,2014-12-29,dividend,0.00828304
BWX,2017-09-01,dividend,0.00090833
BWX,2017-10-02,dividend,0.00096212
BWX,2017-11-01,dividend,0.00093445
BWX,2017-12-01,dividend,0.00095127
BWX,2017-12-19,dividend,0.00084758
BWX,2018-02-01,dividend,0.00075245
BWX,2018-03-01,dividend,0.00082770
BWX,2018-04-02,dividend,0.00081395
BWX,2018-05-01,dividend,0.00069832
BWX,2018-06-01,dividend,0.00082034
BWX,2018-07-02,dividend,0.00075733
BWX,2018-08-01,dividend,0.00093579
BWX,2018-09-04,dividend,0.00090629
BWX,2018-10-01,dividend,0.00098709
BWX,2018-11-01,dividend,0.00208613
BWX,2018-12-03,dividend,0.00099730
BWX,2018-12-19,dividend,0.00098999
BWX,2019-02-01,dividend,0.00096522
BWX,2019-03-01,dividend,0.00094053
BWX,2019-04-01,dividend,0.00136435
BWX,2019-05-01,dividend,0.00097568
BWX,2019-06-03,dividend,0.00103716
BWX,2019-07-01,dividend,0.00089984
BWX,2019-08-01,dividend,0.00098273
BWX,2019-09-03,dividend,0.00089674
BWX,2019-10-01,dividend,0.00090674
BWX,2019-11-01,dividend,0.00093416
BWX,2019-12-02,dividend,0.00094893
BWX,2019-12-20,dividend,0.00094594
BWX,2020-02-03,dividend,0.00093416
BWX,2020-03-02,dividend,0.00086550
BWX,2020-04-01,dividend,0.00104425
BWX,2020-05-01,dividend,0.00085239
BWX,2020-06-01,dividend,0.00091601
BWX,2020-07-01,dividend,0.00096946
BWX,2020-08-03,dividend,0.00076828
BWX,2020-09-01,dividend,0.00076572
BWX,2020-10-01,dividend,0.00074204
BWX,2020-11-02,dividend,0.00076854
BWX,2020-12-01,dividend,0.00075368
BWX,2020-12-18,dividend,0.00073607
BWX,2021-02-01,dividend,0.00071387
BWX,2021-03-01,dividend,0.00066733
BWX,2021-04-01,dividend,0.00075555
BWX,2021-05-03,dividend,0.00070948
BWX,2021-06-01,dividend,0.00077008
BWX,2021-07-01,dividend,0.00071601
BWX,2021-08-02,dividend,0.00070662
BWX,2021-09-01,dividend,0.00078160
BWX,2021-10-01,dividend,0.00073148
BWX,2021-11-01,dividend,0.00154191
BWX,2021-12-01,dividend,0.00077634
BWX,2021-12-17,dividend,0.00077361
BWX,2022-02-01,dividend,0.00079977
BWX,2022-03-01,dividend,0.00080948
BWX,2022-04-01,dividend,0.00065352
BWX,2022-05-02,dividend,0.00090992
BWX,2022-06-01,dividend,0.00090580
BWX,2022-07-01,dividend,0.00099408
BWX,2022-08-01,dividend,0.00097511
BWX,2022-09-01,dividend,0.00103431
BWX,2022-10-03,dividend,0.00105729
BWX,2022-11-01,dividend,0.00115241
BWX,2022-12-01,dividend,0.00115586
BWX,2022-12-19,dividend,0.00128998
BWX,2023-02-01,dividend,0.00133626
BWX,2023-03-01,dividend,0.00135870
BWX,2023-04-03,dividend,0.00138600
BWX,2023-05-01,dividend,0.00143497
BWX,2023-06-01,dividend,0.00147539
BWX,2023-07-03,dividend,0.00137662
BWX,2023-08-01,dividend,0.00145330
BWX,2023-09-01,dividend,0.00144613
BWX,2023-10-02,dividend,0.00146164
BWX,2023-11-01,dividend,0.00148475
BWX,2023-12-01,dividend,0.00140151
BWX,2023-12-18,dividend,0.00122474
BWX,2024-02-01,dividend,0.00169401
BWX,2024-03-01,dividend,0.00162499
BWX,2024-04-01,dividend,0.00162133
BWX,2024-05-01,dividend,0.00159131
BWX,2024-06-03,dividend,0.00161775
BWX,2024-07-01,dividend,0.00158908
BWX,2024-08-01,dividend,0.00166794
BWX,2024-09-03,dividend,0.00157729
BWX,2024-10-01,dividend,0.00167231
BWX,2024-11-01,dividend,0.00176064
BWX,2024-12-02,dividend,0.00162426
BWX,2024-12-19,dividend,0.00121020
BWX,2025-02-03,dividend,0.00182490
BWX,2025-03-03,dividend,0.00157145
BWX,2025-04-01,dividend,0.00178727
BWX,2025-05-01,dividend,0.00147531
BWX,2025-06-02,dividend,0.00183422
BWX,2025-07-01,dividend,0.00174848
BWX,2025-08-01,dividend,0.00204136
BWX,2025-09-02,dividend,0.00187307
BWX,2025-10-01,dividend,0.00182943
BWX,2025-11-03,dividend,0.00189536
BWX,2025-12-01,dividend,0.00182068
BWX,2025-12-18,dividend,0.00227080
BWX,2026-02-02,dividend,0.00166652
BWX,2026-03-02,dividend,0.00178346
BWX,2026-04-01,dividend,0.00205433
BWX,2026-05-01,dividend,0.00197966
BWX,2026-06-01,dividend,0.00203390
BWX,2026-07-01,dividend,0.00203365
BWX,2026-08-03,dividend,0.00207612
BWX,2026-09-01,dividend,0.00202057
CEMB,2012-06-01,dividend,0.00478662
CEMB,2012-07-02,dividend,0.00351487
CEMB,2012-08-01,dividend,0.00338631
CEMB,2012-09-04,dividend,0.00334766
CEMB,2012-10-01,dividend,0.00247386
CEMB,2012-11-01,dividend,0.00301673
CEMB,2012-12-03,dividend,0.00296029
CEMB,2012-12-26,dividend,0.00229020
CEMB,2013-02-01,dividend,0.00290453
CEMB,2013-03-01,dividend,0.00299738
CEMB,2013-04-01,dividend,0.00288098
CEMB,2013-05-01,dividend,0.00293451
CEMB,2013-06-03,dividend,0.00302961
CEMB,2013-07-01,dividend,0.00332063
CEMB,2013-08-01,dividend,0.00337546
CEMB,2013-09-03,dividend,0.00350281
CEMB,2013-10-01,dividend,0.00333434
CEMB,2013-11-01,dividend,0.00325036
CEMB,2013-12-02,dividend,0.00332414
CEMB,2013-12-26,dividend,0.00330331
CEMB,2014-02-03,dividend,0.00350489
CEMB,2014-03-03,dividend,0.00360444
CEMB,2014-04-01,dividend,0.00329143
CEMB,2014-05-01,dividend,0.00331132
CEMB,2014-06-02,dividend,0.00353206
CEMB,2014-07-01,dividend,0.00359046
CEMB,2014-08-01,dividend,0.00358423
CEMB,2014-09-02,dividend,0.00332968
CEMB,2014-10-01,dividend,0.00315893
CEMB,2014-11-03,dividend,0.00323498
CEMB,2014-12-01,dividend,0.00347730
CEMB,2014-12-24,dividend,0.00339821
CEMB,2015-02-02,dividend,0.00332049
CEMB,2015-03-02,dividend,0.00359509
CEMB,2015-04-01,dividend,0.00362976
CEMB,2015-05-01,dividend,0.00357927
CEMB,2015-06-01,dividend,0.00341850
CEMB,2015-07-01,dividend,0.00376514
CEMB,2015-08-03,dividend,0.00373559
CEMB,2015-09-01,dividend,0.00420500
CEMB,2015-10-01,dividend,0.00401693
CEMB,2015-11-02,dividend,0.00389823
CEMB,2015-12-01,dividend,0.00387326
CEMB,2015-12-24,dividend,0.00408602
CEMB,2016-02-01,dividend,0.00402485
CEMB,2016-03-01,dividend,0.00375458
CEMB,2016-04-01,dividend,0.00384050
CEMB,2016-05-02,dividend,0.00333130
CEMB,2016-06-01,dividend,0.00362420
CEMB,2016-07-01,dividend,0.00359769
CEMB,2016-08-01,dividend,0.00367510
CEMB,2016-09-01,dividend,0.00355327
CEMB,2016-10-03,dividend,0.00334054
CEMB,2016-11-01,dividend,0.00353161
CEMB,2016-12-01,dividend,0.00351828
CEMB,2016-12-22,dividend,0.00282486
CEMB,2017-02-01,dividend,0.00345261
CEMB,2017-03-01,dividend,0.00357789
CEMB,2017-04-03,dividend,0.00365907
CEMB,2017-05-01,dividend,0.00353496
CEMB,2017-06-01,dividend,0.00352009
CEMB,2017-07-03,dividend,0.00341041
CEMB,2017-08-01,dividend,0.00329205
CEMB,2017-09-01,dividend,0.00324694
CEMB,2017-10-02,dividend,0.00336661
CEMB,2017-11-01,dividend,0.00333405
CEMB,2017-12-01,dividend,0.00346563
CEMB,2017-12-21,dividend,0.00282264
CEMB,2018-02-01,dividend,0.00335104
CEMB,2018-03-01,dividend,0.00352850
CEMB,2018-04-02,dividend,0.00349005
CEMB,2018-05-01,dividend,0.00355566
CEMB,2018-06-01,dividend,0.00371976
CEMB,2018-07-02,dividend,0.00383778
CEMB,2018-08-01,dividend,0.00375100
CEMB,2018-09-04,dividend,0.00387313
CEMB,2018-10-01,dividend,0.00381695
CEMB,2018-11-01,dividend,0.00404739
CEMB,2018-12-03,dividend,0.00394201
CEMB,2018-12-18,dividend,0.00464331
CEMB,2019-02-01,dividend,0.00379604
CEMB,2019-03-01,dividend,0.00366151
CEMB,2019-04-01,dividend,0.00372421
CEMB,2019-05-01,dividend,0.00370028
CEMB,2019-06-03,dividend,0.00381450
CEMB,2019-07-01,dividend,0.00364784
CEMB,2019-08-01,dividend,0.00352457
CEMB,2019-09-03,dividend,0.00364177
CEMB,2019-10-01,dividend,0.00341069
CEMB,2019-11-01,dividend,0.00360097
CEMB,2019-12-02,dividend,0.00354375
CEMB,2019-12-19,dividend,0.00297162
CEMB,2020-02-03,dividend,0.00345426
CEMB,2020-03-02,dividend,0.00351229
CEMB,2020-04-01,dividend,0.00433461
CEMB,2020-05-01,dividend,0.00397074
CEMB,2020-06-01,dividend,0.00326494
CEMB,2020-07-01,dividend,0.00312983
CEMB,2020-08-03,dividend,0.00330377
CEMB,2020-09-01,dividend,0.00318471
CEMB,2020-10-01,dividend,0.00320109
CEMB,2020-11-02,dividend,0.00313295
CEMB,2020-12-01,dividend,0.00323010
CEMB,2020-12-17,dividend,0.00283233
CEMB,2021-02-01,dividend,0.00290174
CEMB,2021-03-01,dividend,0.00284400
CEMB,2021-04-01,dividend,0.00285538
CEMB,2021-05-03,dividend,0.00278605
CEMB,2021-06-01,dividend,0.00272302
CEMB,2021-07-01,dividend,0.00267431
CEMB,2021-08-02,dividend,0.00285217
CEMB,2021-09-01,dividend,0.00266870
CEMB,2021-10-01,dividend,0.00270584
CEMB,2021-11-01,dividend,0.00283914
CEMB,2021-12-01,dividend,0.00287889
CEMB,2021-12-16,dividend,0.00375474
CEMB,2022-02-01,dividend,0.00297475
CEMB,2022-03-01,dividend,0.00294859
CEMB,2022-04-01,dividend,0.00326494
CEMB,2022-05-02,dividend,0.00364433
CEMB,2022-06-01,dividend,0.00307361
CEMB,2022-07-01,dividend,0.00320896
CEMB,2022-08-01,dividend,0.00286268
CEMB,2022-09-01,dividend,0.00376731
CEMB,2022-10-03,dividend,0.00366781
CEMB,2022-11-01,dividend,0.00370167
CEMB,2022-12-01,dividend,0.00358339
CEMB,2022-12-15,dividend,0.00506698
CEMB,2023-02-01,dividend,0.00342101
CEMB,2023-03-01,dividend,0.00358006
CEMB,2023-04-03,dividend,0.00368664
CEMB,2023-05-01,dividend,0.00378397
CEMB,2023-06-01,dividend,0.00367510
CEMB,2023-07-03,dividend,0.00426064
CEMB,2023-08-01,dividend,0.00428927
CEMB,2023-09-01,dividend,0.00430450
CEMB,2023-10-02,dividend,0.00422682
CEMB,2023-11-01,dividend,0.00443024
CEMB,2023-12-01,dividend,0.00472316
CEMB,2023-12-14,dividend,0.00455570
CEMB,2024-02-01,dividend,0.00398134
CEMB,2024-03-01,dividend,0.00413279
CEMB,2024-04-01,dividend,0.00419921
CEMB,2024-05-01,dividend,0.00416485
CEMB,2024-06-03,dividend,0.00437176
CEMB,2024-07-01,dividend,0.00437572
CEMB,2024-08-01,dividend,0.00422431
CEMB,2024-09-03,dividend,0.00432442
CEMB,2024-10-01,dividend,0.00408181
CEMB,2024-11-01,dividend,0.00429490
CEMB,2024-12-02,dividend,0.00441526
CEMB,2024-12-18,dividend,0.00438341
CEMB,2025-02-03,dividend,0.00452935
CEMB,2025-03-03,dividend,0.00433302
CEMB,2025-04-01,dividend,0.00433478
CEMB,2025-05-01,dividend,0.00446779
CEMB,2025-06-02,dividend,0.00435900
CEMB,2025-07-01,dividend,0.00422109
CEMB,2025-08-01,dividend,0.00426077
CEMB,2025-09-02,dividend,0.00430479
CEMB,2025-10-01,dividend,0.00419319
CEMB,2025-11-03,dividend,0.00437251
CEMB,2025-12-01,dividend,0.00420232
CEMB,2025-12-19,dividend,0.00445648
CEMB,2026-02-02,dividend,0.00400209
CEMB,2026-03-02,dividend,0.00430075
CEMB,2026-04-01,dividend,0.00452569
CEMB,2026-05-01,dividend,0.00427397
CEMB,2026-06-01,dividend,0.00411992
CEMB,2026-07-01,dividend,0.00470992
CEMB,2026-08-03,dividend,0.00419804
CEMB,2026-09-01,dividend,0.00427682
CIBR,2015-12-23,dividend,0.00580707
CIBR,2016-06-22,dividend,0.00084531
CIBR,2016-09-21,dividend,0.00031473
CIBR,2016-12-21,dividend,0.00100756
CIBR,2017-06-22,dividend,0.00046211
CIBR,2017-09-21,dividend,0.00031901
CIBR,2017-12-21,dividend,0.00021501
CIBR,2018-03-22,dividend,0.00019467
CIBR,2018-06-21,dividend,0.00029142
CIBR,2018-12-18,dividend,0.00165317
CIBR,2019-06-14,dividend,0.00063667
CIBR,2019-09-25,dividend,0.00014406
CIBR,2019-12-13,dividend,0.00158233
CIBR,2020-03-26,dividend,0.01598494
CIBR,2020-06-25,dividend,0.00092393
CIBR,2020-09-24,dividend,0.00096443
CIBR,2020-12-24,dividend,0.00059572
CIBR,2021-06-24,dividend,0.00070337
CIBR,2021-12-23,dividend,0.00539254
CIBR,2022-03-25,dividend,0.00037729
CIBR,2022-06-24,dividend,0.00007287
CIBR,2022-12-23,dividend,0.00247622
CIBR,2023-06-27,dividend,0.00120930
CIBR,2023-09-22,dividend,0.00019893
CIBR,2023-12-22,dividend,0.00308585
CIBR,2024-03-21,dividend,0.00042398
CIBR,2024-06-27,dividend,0.00120276
CIBR,2024-09-26,dividend,0.00018566
CIBR,2024-12-13,dividend,0.00125137
CIBR,2025-03-27,dividend,0.00006096
CIBR,2025-06-26,dividend,0.00121065
CIBR,2025-09-25,dividend,0.00001321
CIBR,2025-12-12,dividend,0.00275307
CIBR,2026-03-26,dividend,0.00173886
CIBR,2026-06-25,dividend,0.00085993
CIBR,2026-09-24,dividend,0.00002884
DBA,2007-12-17,dividend,0.01397115
DBA,2008-12-15,dividend,0.01875001
DBA,2018-12-24,dividend,0.01058196
DBA,2019-12-23,dividend,0.01547353
DBA,2022-12-19,dividend,0.00487999
DBA,2023-12-18,dividend,0.04371593
DBA,2024-12-23,dividend,0.03927533
DBA,2025-12-22,dividend,0.03480908
DBB,2007-12-17,dividend,0.04255318
DBB,2008-12-15,dividend,0.02356953
DBB,2018-12-24,dividend,0.01539088
DBB,2019-12-23,dividend,0.01768356
DBB,2022-12-19,dividend,0.00930193
DBB,2023-12-18,dividend,0.06980431
DBB,2024-12-23,dividend,0.04539025
DBB,2025-12-22,dividend,0.02650179
DBC,2008-12-15,dividend,0.01597698
DBC,2018-12-24,dividend,0.01278794
DBC,2019-12-23,dividend,0.01575634
DBC,2022-12-19,dividend,0.00598809
DBC,2023-12-18,dividend,0.04683836
DBC,2024-12-23,dividend,0.05067286
DBC,2025-12-22,dividend,0.03256022
DBE,2007-12-17,dividend,0.02640070
DBE,2008-12-15,dividend,0.02045560
DBE,2018-12-24,dividend,0.01671757
DBE,2019-12-23,dividend,0.01802174
DBE,2022-12-19,dividend,0.00783721
DBE,2023-12-18,dividend,0.03789968
DBE,2024-12-23,dividend,0.06511835
DBE,2025-12-22,dividend,0.03907380
DBO,2007-12-17,dividend,0.03854261
DBO,2008-12-15,dividend,0.00568182
DBO,2018-12-24,dividend,0.01601721
DBO,2019-12-23,dividend,0.01649915
DBO,2022-12-19,dividend,0.00702247
DBO,2023-12-18,dividend,0.04490197
DBO,2024-12-23,dividend,0.04837545
DBO,2025-12-22,dividend,0.03560140
DIA,2002-01-18,dividend,0.00090686
DIA,2002-02-15,dividend,0.00134778
DIA,2002-03-15,dividend,0.00151111
DIA,2002-04-19,dividend,0.00086366
DIA,2002-05-17,dividend,0.00132954
DIA,2002-06-21,dividend,0.00182400
DIA,2002-07-19,dividend,0.00170834
DIA,2002-08-16,dividend,0.00124688
DIA,2002-09-20,dividend,0.00235359
DIA,2002-10-18,dividend,0.00126911
DIA,2002-11-15,dividend,0.00241094
DIA,2002-12-20,dividend,0.00250597
DIA,2003-01-17,dividend,0.00067629
DIA,2003-02-21,dividend,0.00313717
DIA,2003-03-21,dividend,0.00125277
DIA,2003-04-17,dividend,0.00130763
DIA,2003-05-16,dividend,0.00152546
DIA,2003-06-20,dividend,0.00264484
DIA,2003-07-18,dividend,0.00141293
DIA,2003-08-15,dividend,0.00133368
DIA,2003-09-19,dividend,0.00202576
DIA,2003-10-17,dividend,0.00126458
DIA,2003-11-21,dividend,0.00322145
DIA,2003-12-19,dividend,0.00143187
DIA,2004-01-16,dividend,0.00065161
DIA,2004-02-20,dividend,0.00250861
DIA,2004-03-19,dividend,0.00114350
DIA,2004-04-16,dividend,0.00056829
DIA,2004-05-21,dividend,0.00298831
DIA,2004-06-18,dividend,0.00091474
DIA,2004-07-16,dividend,0.00083723
DIA,2004-08-20,dividend,0.00293372
DIA,2004-09-17,dividend,0.00107171
DIA,2004-10-18,dividend,0.00086533
DIA,2004-11-15,dividend,0.00209620
DIA,2004-11-19,dividend,0.00317989
DIA,2004-12-17,dividend,0.00154213
DIA,2005-01-21,dividend,0.00093635
DIA,2005-02-18,dividend,0.00221432
DIA,2005-03-18,dividend,0.00158308
DIA,2005-04-15,dividend,0.00072318
DIA,2005-05-20,dividend,0.00319641
DIA,2005-06-17,dividend,0.00107887
DIA,2005-07-15,dividend,0.00088407
DIA,2005-08-19,dividend,0.00293027
DIA,2005-09-16,dividend,0.00146912
DIA,2005-10-21,dividend,0.00134448
DIA,2005-11-18,dividend,0.00259566
DIA,2005-12-16,dividend,0.00224831
DIA,2006-01-20,dividend,0.00110487
DIA,2006-02-17,dividend,0.00183675
DIA,2006-03-17,dividend,0.00221292
DIA,2006-04-21,dividend,0.00106731
DIA,2006-05-19,dividend,0.00251032
DIA,2006-06-16,dividend,0.00148839
DIA,2006-07-21,dividend,0.00136358
DIA,2006-08-18,dividend,0.00217288
DIA,2006-09-15,dividend,0.00179527
DIA,2006-10-20,dividend,0.00122497
DIA,2006-11-17,dividend,0.00259263
DIA,2006-12-15,dividend,0.00266344
DIA,2007-01-19,dividend,0.00063781
DIA,2007-02-16,dividend,0.00180336
DIA,2007-03-16,dividend,0.00227959
DIA,2007-04-20,dividend,0.00082732
DIA,2007-05-18,dividend,0.00263048
DIA,2007-06-15,dividend,0.00124695
DIA,2007-07-20,dividend,0.00117373
DIA,2007-08-17,dividend,0.00221162
DIA,2007-09-21,dividend,0.00172410
DIA,2007-10-19,dividend,0.00110352
DIA,2007-11-16,dividend,0.00288347
DIA,2007-12-21,dividend,0.00242467
DIA,2008-01-18,dividend,0.00115103
DIA,2008-02-15,dividend,0.00189861
DIA,2008-03-20,dividend,0.00244337
DIA,2008-04-18,dividend,0.00123277
DIA,2008-05-16,dividend,0.00252848
DIA,2008-06-20,dividend,0.00223494
DIA,2008-07-18,dividend,0.00144769
DIA,2008-08-15,dividend,0.00212632
DIA,2008-09-19,dividend,0.00304644
DIA,2008-10-17,dividend,0.00173886
DIA,2008-11-21,dividend,0.00453003
DIA,2008-12-19,dividend,0.00308965
DIA,2009-01-16,dividend,0.00171869
DIA,2009-02-20,dividend,0.00488850
DIA,2009-03-20,dividend,0.00239406
DIA,2009-04-17,dividend,0.00165175
DIA,2009-05-15,dividend,0.00295872
DIA,2009-06-19,dividend,0.00331626
DIA,2009-07-17,dividend,0.00144655
DIA,2009-08-21,dividend,0.00352018
DIA,2009-09-18,dividend,0.00178781
DIA,2009-10-16,dividend,0.00093480
DIA,2009-11-20,dividend,0.00327164
DIA,2009-12-18,dividend,0.00388425
DIA,2010-02-19,dividend,0.00255041
DIA,2010-03-19,dividend,0.00192124
DIA,2010-04-16,dividend,0.00081637
DIA,2010-05-21,dividend,0.00378243
DIA,2010-06-18,dividend,0.00182045
DIA,2010-07-16,dividend,0.00089762
DIA,2010-08-20,dividend,0.00373992
DIA,2010-09-17,dividend,0.00180190
DIA,2010-10-15,dividend,0.00083801
DIA,2010-11-19,dividend,0.00322930
DIA,2010-12-17,dividend,0.00228741
DIA,2010-12-29,dividend,0.00214641
DIA,2011-01-21,dividend,0.00122059
DIA,2011-02-18,dividend,0.00244180
DIA,2011-03-18,dividend,0.00192399
DIA,2011-04-15,dividend,0.00091348
DIA,2011-05-20,dividend,0.00329981
DIA,2011-06-17,dividend,0.00174318
DIA,2011-07-15,dividend,0.00090251
DIA,2011-08-19,dividend,0.00382121
DIA,2011-09-16,dividend,0.00184130
DIA,2011-10-21,dividend,0.00160667
DIA,2011-11-18,dividend,0.00242460
DIA,2011-12-16,dividend,0.00300539
DIA,2012-01-20,dividend,0.00132537
DIA,2012-02-17,dividend,0.00257888
DIA,2012-03-16,dividend,0.00192955
DIA,2012-04-20,dividend,0.00115155
DIA,2012-05-18,dividend,0.00343150
DIA,2012-06-15,dividend,0.00174396
DIA,2012-07-20,dividend,0.00162652
DIA,2012-08-17,dividend,0.00263952
DIA,2012-09-21,dividend,0.00207122
DIA,2012-10-19,dividend,0.00138341
DIA,2012-11-16,dividend,0.00258014
DIA,2012-12-21,dividend,0.00311048
DIA,2013-01-18,dividend,0.00106865
DIA,2013-02-15,dividend,0.00255908
DIA,2013-03-15,dividend,0.00208236
DIA,2013-04-19,dividend,0.00097215
DIA,2013-05-17,dividend,0.00282198
DIA,2013-06-21,dividend,0.00206415
DIA,2013-07-19,dividend,0.00132788
DIA,2013-08-16,dividend,0.00254085
DIA,2013-09-20,dividend,0.00194852
DIA,2013-10-18,dividend,0.00110886
DIA,2013-11-15,dividend,0.00188093
DIA,2013-12-20,dividend,0.00244605
DIA,2014-01-17,dividend,0.00081173
DIA,2014-02-21,dividend,0.00270396
DIA,2014-03-21,dividend,0.00172987
DIA,2014-04-17,dividend,0.00080543
DIA,2014-05-16,dividend,0.00256506
DIA,2014-06-20,dividend,0.00193169
DIA,2014-07-18,dividend,0.00107420
DIA,2014-08-15,dividend,0.00177454
DIA,2014-09-19,dividend,0.00239842
DIA,2014-11-21,dividend,0.00253391
DIA,2014-12-19,dividend,0.00215888
DIA,2015-01-16,dividend,0.00085593
DIA,2015-02-20,dividend,0.00272829
DIA,2015-03-20,dividend,0.00173405
DIA,2015-04-17,dividend,0.00065268
DIA,2015-05-15,dividend,0.00221262
DIA,2015-06-19,dividend,0.00265413
DIA,2015-07-17,dividend,0.00095081
DIA,2015-08-21,dividend,0.00324159
DIA,2015-09-18,dividend,0.00197018
DIA,2015-10-16,dividend,0.00046718
DIA,2015-11-20,dividend,0.00323570
DIA,2015-12-18,dividend,0.00233554
DIA,2016-01-15,dividend,0.00052598
DIA,2016-02-19,dividend,0.00373993
DIA,2016-03-18,dividend,0.00214820
DIA,2016-04-15,dividend,0.00072634
DIA,2016-05-20,dividend,0.00351587
DIA,2016-06-17,dividend,0.00200446
DIA,2016-07-15,dividend,0.00073042
DIA,2016-08-19,dividend,0.00353288
DIA,2016-09-16,dividend,0.00194606
DIA,2016-10-21,dividend,0.00099250
DIA,2016-11-18,dividend,0.00282359
DIA,2016-12-16,dividend,0.00217931
DIA,2017-01-20,dividend,0.00097926
DIA,2017-02-17,dividend,0.00272437
DIA,2017-03-17,dividend,0.00195185
DIA,2017-04-21,dividend,0.00088557
DIA,2017-05-19,dividend,0.00294642
DIA,2017-06-16,dividend,0.00184720
DIA,2017-07-21,dividend,0.00109283
DIA,2017-08-18,dividend,0.00243464
DIA,2017-09-15,dividend,0.00206435
DIA,2017-10-20,dividend,0.00079061
DIA,2017-11-17,dividend,0.00239814
DIA,2017-12-15,dividend,0.00228971
DIA,2018-01-19,dividend,0.00055381
DIA,2018-02-16,dividend,0.00256100
DIA,2018-03-16,dividend,0.00182662
DIA,2018-04-20,dividend,0.00053563
DIA,2018-05-18,dividend,0.00282137
DIA,2018-06-15,dividend,0.00149435
DIA,2018-07-20,dividend,0.00126960
DIA,2018-08-17,dividend,0.00210648
DIA,2018-09-21,dividend,0.00204883
DIA,2018-10-19,dividend,0.00061138
DIA,2018-11-16,dividend,0.00237908
DIA,2018-12-21,dividend,0.00269851
DIA,2019-01-18,dividend,0.00071421
DIA,2019-02-15,dividend,0.00274304
DIA,2019-03-15,dividend,0.00212066
DIA,2019-04-18,dividend,0.00059764
DIA,2019-05-17,dividend,0.00249114
DIA,2019-06-21,dividend,0.00238182
DIA,2019-07-19,dividend,0.00081971
DIA,2019-08-16,dividend,0.00263605
DIA,2019-09-20,dividend,0.00238946
DIA,2019-10-18,dividend,0.00064025
DIA,2019-11-15,dividend,0.00185081
DIA,2019-12-20,dividend,0.00305366
DIA,2020-01-17,dividend,0.00047132
DIA,2020-02-21,dividend,0.00275365
DIA,2020-03-20,dividend,0.00299938
DIA,2020-04-17,dividend,0.00055270
DIA,2020-05-15,dividend,0.00195524
DIA,2020-06-19,dividend,0.00288841
DIA,2020-07-17,dividend,0.00078950
DIA,2020-08-21,dividend,0.00217841
DIA,2020-09-18,dividend,0.00239151
DIA,2020-10-16,dividend,0.00041064
DIA,2020-11-20,dividend,0.00221258
DIA,2020-12-18,dividend,0.00194122
DIA,2021-01-15,dividend,0.00041301
DIA,2021-02-19,dividend,0.00190818
DIA,2021-03-19,dividend,0.00204144
DIA,2021-04-16,dividend,0.00032909
DIA,2021-05-21,dividend,0.00206269
DIA,2021-06-18,dividend,0.00145790
DIA,2021-07-16,dividend,0.00059188
DIA,2021-08-20,dividend,0.00175137
DIA,2021-09-17,dividend,0.00211833
DIA,2021-10-15,dividend,0.00033523
DIA,2021-11-19,dividend,0.00195456
DIA,2021-12-17,dividend,0.00184515
DIA,2022-01-21,dividend,0.00074336
DIA,2022-02-18,dividend,0.00151241
DIA,2022-03-18,dividend,0.00223977
DIA,2022-04-14,dividend,0.00036455
DIA,2022-05-20,dividend,0.00238450
DIA,2022-06-17,dividend,0.00231277
DIA,2022-07-15,dividend,0.00041793
DIA,2022-08-19,dividend,0.00192984
DIA,2022-09-16,dividend,0.00265881
DIA,2022-10-21,dividend,0.00060041
DIA,2022-11-18,dividend,0.00203030
DIA,2022-12-16,dividend,0.00225870
DIA,2023-01-20,dividend,0.00084759
DIA,2023-02-17,dividend,0.00163877
DIA,2023-03-17,dividend,0.00266136
DIA,2023-04-21,dividend,0.00054476
DIA,2023-05-19,dividend,0.00216501
DIA,2023-06-16,dividend,0.00225585
DIA,2023-07-21,dividend,0.00076101
DIA,2023-08-18,dividend,0.00148019
DIA,2023-09-15,dividend,0.00264457
DIA,2023-10-20,dividend,0.00055999
DIA,2023-11-17,dividend,0.00202397
DIA,2023-12-15,dividend,0.00223626
DIA,2024-01-19,dividend,0.00056861
DIA,2024-02-16,dividend,0.00157879
DIA,2024-03-15,dividend,0.00239761
DIA,2024-04-19,dividend,0.00052431
DIA,2024-05-17,dividend,0.00149016
DIA,2024-06-21,dividend,0.00223417
DIA,2024-07-19,dividend,0.00047721
DIA,2024-08-16,dividend,0.00080631
DIA,2024-09-20,dividend,0.00297028
DIA,2024-10-18,dividend,0.00034467
DIA,2024-11-15,dividend,0.00060809
DIA,2024-12-20,dividend,0.00288916
DIA,2025-01-17,dividend,0.00037552
DIA,2025-02-21,dividend,0.00149186
DIA,2025-03-21,dividend,0.00191024
DIA,2025-04-17,dividend,0.00049676
DIA,2025-05-16,dividend,0.00076095
DIA,2025-06-20,dividend,0.00284365
DIA,2025-07-18,dividend,0.00040671
DIA,2025-08-15,dividend,0.00059257
DIA,2025-09-19,dividend,0.00285707
DIA,2025-10-17,dividend,0.00033739
DIA,2025-11-21,dividend,0.00125895
DIA,2025-12-19,dividend,0.00217742
DIA,2026-01-16,dividend,0.00036213
DIA,2026-02-20,dividend,0.00124148
DIA,2026-03-20,dividend,0.00216056
DIA,2026-04-17,dividend,0.00042437
DIA,2026-05-15,dividend,0.00055142
DIA,2026-06-18,dividend,0.00272871
DIA,2026-07-17,dividend,0.00028398
DIA,2026-08-21,dividend,0.00082911
DIA,2026-09-18,dividend,0.00230490
EBND,2011-04-01,dividend,0.00241352
EBND,2011-05-02,dividend,0.00267668
EBND,2011-06-01,dividend,0.00368296
EBND,2011-07-01,dividend,0.00467727
EBND,2011-08-01,dividend,0.00349308
EBND,2011-11-01,dividend,0.00106462
EBND,2011-12-01,dividend,0.00358178
EBND,2011-12-28,dividend,0.00464735
EBND,2012-08-01,dividend,0.00278111
EBND,2012-09-04,dividend,0.00415512
EBND,2012-10-01,dividend,0.00292416
EBND,2012-12-03,dividend,0.00577927
EBND,2012-12-27,dividend,0.02633461
EBND,2013-05-01,dividend,0.00222516
EBND,2013-06-03,dividend,0.00384355
EBND,2013-08-01,dividend,0.00204225
EBND,2013-10-01,dividend,0.00421885
EBND,2013-11-01,dividend,0.00327011
EBND,2013-12-02,dividend,0.00420663
EBND,2013-12-27,dividend,0.00270641
EBND,2014-02-03,dividend,0.00237395
EBND,2017-09-01,dividend,0.00446429
EBND,2017-10-02,dividend,0.00349275
EBND,2017-11-01,dividend,0.00362131
EBND,2017-12-01,dividend,0.00350734
EBND,2017-12-19,dividend,0.00505925
EBND,2018-02-01,dividend,0.00324792
EBND,2018-03-01,dividend,0.00330540
EBND,2018-04-02,dividend,0.00333565
EBND,2018-05-01,dividend,0.00341997
EBND,2018-06-01,dividend,0.00386379
EBND,2018-07-02,dividend,0.00368564
EBND,2018-08-01,dividend,0.00377055
EBND,2018-09-04,dividend,0.00437527
EBND,2018-10-01,dividend,0.00408350
EBND,2018-11-01,dividend,0.00444444
EBND,2018-12-03,dividend,0.00371043
EBND,2018-12-19,dividend,0.00400534
EBND,2019-02-01,dividend,0.00433996
EBND,2019-03-01,dividend,0.00363423
EBND,2019-04-01,dividend,0.00455428
EBND,2019-05-01,dividend,0.00424860
EBND,2019-06-03,dividend,0.00438166
EBND,2019-07-01,dividend,0.00487629
EBND,2019-08-01,dividend,0.00411463
EBND,2019-09-03,dividend,0.00399674
EBND,2019-10-01,dividend,0.00324460
EBND,2019-11-01,dividend,0.00368790
EBND,2019-12-02,dividend,0.00336054
EBND,2019-12-20,dividend,0.00358553
EBND,2020-02-03,dividend,0.00330921
EBND,2020-03-02,dividend,0.00319062
EBND,2020-04-01,dividend,0.00414121
EBND,2020-05-01,dividend,0.00318345
EBND,2020-06-01,dividend,0.00325608
EBND,2020-07-01,dividend,0.00394530
EBND,2020-08-03,dividend,0.00302928
EBND,2020-09-01,dividend,0.00303723
EBND,2020-10-01,dividend,0.00282378
EBND,2020-11-02,dividend,0.00324118
EBND,2020-12-01,dividend,0.00285380
EBND,2020-12-18,dividend,0.00302976
EBND,2021-02-01,dividend,0.00282588
EBND,2021-03-01,dividend,0.00265430
EBND,2021-04-01,dividend,0.00289073
EBND,2021-05-03,dividend,0.00291523
EBND,2021-06-01,dividend,0.00298842
EBND,2021-07-01,dividend,0.00288381
EBND,2021-08-02,dividend,0.00313360
EBND,2021-09-01,dividend,0.00316709
EBND,2021-10-01,dividend,0.00309254
EBND,2021-11-01,dividend,0.00330539
EBND,2021-12-01,dividend,0.00320829
EBND,2021-12-17,dividend,0.00317356
EBND,2022-02-01,dividend,0.00330033
EBND,2022-03-01,dividend,0.00310372
EBND,2022-04-01,dividend,0.00246979
EBND,2022-05-02,dividend,0.00177636
EBND,2022-06-01,dividend,0.00427947
EBND,2022-07-01,dividend,0.00486463
EBND,2022-08-01,dividend,0.00433914
EBND,2022-09-01,dividend,0.00450517
EBND,2022-10-03,dividend,0.00471373
EBND,2022-11-01,dividend,0.00480000
EBND,2022-12-01,dividend,0.00442043
EBND,2022-12-19,dividend,0.00438186
EBND,2023-02-01,dividend,0.00438515
EBND,2023-03-01,dividend,0.00400430
EBND,2023-04-03,dividend,0.00602096
EBND,2023-05-01,dividend,0.00380048
EBND,2023-06-01,dividend,0.00441289
EBND,2023-07-03,dividend,0.00431914
EBND,2023-08-01,dividend,0.00449564
EBND,2023-09-01,dividend,0.00401412
EBND,2023-10-02,dividend,0.00481378
EBND,2023-11-01,dividend,0.00497870
EBND,2023-12-01,dividend,0.00477071
EBND,2023-12-18,dividend,0.00401223
EBND,2024-02-01,dividend,0.00486068
EBND,2024-03-01,dividend,0.00441341
EBND,2024-04-01,dividend,0.00485270
EBND,2024-05-01,dividend,0.00485241
EBND,2024-06-03,dividend,0.00502763
EBND,2024-07-01,dividend,0.00479919
EBND,2024-08-01,dividend,0.00490804
EBND,2024-09-03,dividend,0.00469893
EBND,2024-10-01,dividend,0.00467621
EBND,2024-11-01,dividend,0.00505251
EBND,2024-12-02,dividend,0.00473461
EBND,2024-12-19,dividend,0.00383730
EBND,2025-02-03,dividend,0.00478951
EBND,2025-03-03,dividend,0.00425745
EBND,2025-04-01,dividend,0.00500751
EBND,2025-05-01,dividend,0.00462625
EBND,2025-06-02,dividend,0.00476168
EBND,2025-07-01,dividend,0.00460051
EBND,2025-08-01,dividend,0.00479616
EBND,2025-09-02,dividend,0.00489734
EBND,2025-10-01,dividend,0.00451467
EBND,2025-11-03,dividend,0.00472367
EBND,2025-12-01,dividend,0.00461133
EBND,2025-12-18,dividend,0.00538600
EBND,2026-02-02,dividend,0.00477803
EBND,2026-03-02,dividend,0.00417642
EBND,2026-04-01,dividend,0.00501534
EBND,2026-05-01,dividend,0.00487153
EBND,2026-06-01,dividend,0.00497227
EBND,2026-07-01,dividend,0.00528592
EBND,2026-08-03,dividend,0.00513608
EBND,2026-09-01,dividend,0.00503946
EEM,2012-12-18,dividend,0.00603176
EEM,2012-12-27,dividend,0.00032868
EEM,2013-06-27,dividend,0.01295619
EEM,2013-12-18,dividend,0.00895205
EEM,2014-06-25,dividend,0.00783943
EEM,2014-12-17,dividend,0.01418023
EEM,2015-06-25,dividend,0.00739287
EEM,2015-12-21,dividend,0.01533979
EEM,2016-06-22,dividend,0.00779522
EEM,2016-12-21,dividend,0.01131055
EEM,2017-06-20,dividend,0.00460501
EEM,2017-12-19,dividend,0.01491863
EEM,2018-06-19,dividend,0.00648767
EEM,2018-12-18,dividend,0.01479422
EEM,2019-06-17,dividend,0.00757765
EEM,2019-12-16,dividend,0.01491910
EEM,2020-06-15,dividend,0.00577609
EEM,2020-12-14,dividend,0.01023050
EEM,2021-06-10,dividend,0.00435622
EEM,2021-12-13,dividend,0.01411394
EEM,2021-12-30,dividend,0.00053554
EEM,2022-06-09,dividend,0.00842349
EEM,2022-12-13,dividend,0.01502111
EEM,2023-06-07,dividend,0.00777688
EEM,2023-12-20,dividend,0.01856071
EEM,2024-06-11,dividend,0.00685410
EEM,2024-12-17,dividend,0.01661097
EEM,2025-06-16,dividend,0.00959464
EEM,2025-12-16,dividend,0.01410882
EEM,2026-06-15,dividend,0.00517097
EFA,2006-12-21,dividend,0.02068872
EFA,2007-12-24,dividend,0.02492128
EFA,2008-06-25,dividend,0.01857884
EFA,2008-12-23,dividend,0.01256680
EFA,2009-06-23,dividend,0.02081005
EFA,2009-12-22,dividend,0.00901346
EFA,2010-06-23,dividend,0.01718668
EFA,2010-12-21,dividend,0.00932755
EFA,2011-06-22,dividend,0.01906112
EFA,2011-12-20,dividend,0.01188622
EFA,2012-06-21,dividend,0.02276802
EFA,2012-12-18,dividend,0.01082442
EFA,2013-06-27,dividend,0.01985685
EFA,2013-12-18,dividend,0.00858696
EFA,2014-06-25,dividend,0.02397329
EFA,2014-12-17,dividend,0.00968835
EFA,2015-06-25,dividend,0.01660845
EFA,2015-12-21,dividend,0.00871248
EFA,2016-06-22,dividend,0.02014087
EFA,2016-12-21,dividend,0.01023652
EFA,2017-06-20,dividend,0.01592749
EFA,2017-12-19,dividend,0.01048832
EFA,2018-06-19,dividend,0.01947532
EFA,2018-12-18,dividend,0.01063671
EFA,2019-06-17,dividend,0.02111916
EFA,2019-12-16,dividend,0.01113693
EFA,2020-06-15,dividend,0.01399248
EFA,2020-12-14,dividend,0.00962156
EFA,2021-06-10,dividend,0.01348763
EFA,2021-12-13,dividend,0.01710163
EFA,2021-12-30,dividend,0.00206205
EFA,2022-06-09,dividend,0.02163796
EFA,2022-12-13,dividend,0.00399988
EFA,2023-06-07,dividend,0.01800570
EFA,2023-12-20,dividend,0.01238459
EFA,2024-06-11,dividend,0.01715096
EFA,2024-12-17,dividend,0.01344519
EFA,2025-06-16,dividend,0.01702340
EFA,2025-12-16,dividend,0.01779792
EFA,2026-06-15,dividend,0.01557800
EMB,2011-04-01,dividend,0.00423730
EMB,2011-05-02,dividend,0.00414263
EMB,2011-06-01,dividend,0.00418090
EMB,2011-07-01,dividend,0.00410173
EMB,2011-08-01,dividend,0.00378058
EMB,2011-09-01,dividend,0.00391816
EMB,2011-10-03,dividend,0.00417811
EMB,2011-11-01,dividend,0.00402752
EMB,2011-12-01,dividend,0.00406096
EMB,2011-12-27,dividend,0.00377207
EMB,2012-02-01,dividend,0.00389194
EMB,2012-03-01,dividend,0.00400170
EMB,2012-04-02,dividend,0.00396020
EMB,2012-05-01,dividend,0.00381398
EMB,2012-06-01,dividend,0.00398637
EMB,2012-07-02,dividend,0.00389444
EMB,2012-08-01,dividend,0.00376871
EMB,2012-09-04,dividend,0.00357292
EMB,2012-10-01,dividend,0.00329935
EMB,2012-11-01,dividend,0.00337680
EMB,2012-12-03,dividend,0.00319426
EMB,2012-12-26,dividend,0.00318192
EMB,2013-02-01,dividend,0.00364087
EMB,2013-03-01,dividend,0.00359188
EMB,2013-04-01,dividend,0.00349644
EMB,2013-05-01,dividend,0.00338314
EMB,2013-06-03,dividend,0.00356529
EMB,2013-07-01,dividend,0.00401687
EMB,2013-08-01,dividend,0.00416396
EMB,2013-09-03,dividend,0.00434198
EMB,2013-10-01,dividend,0.00396860
EMB,2013-11-01,dividend,0.00392562
EMB,2013-12-02,dividend,0.00372700
EMB,2013-12-26,dividend,0.00382107
EMB,2014-02-03,dividend,0.00392799
EMB,2014-03-03,dividend,0.00389782
EMB,2014-04-01,dividend,0.00381776
EMB,2014-05-01,dividend,0.00370424
EMB,2014-06-02,dividend,0.00354593
EMB,2014-07-01,dividend,0.00347861
EMB,2014-08-01,dividend,0.00349254
EMB,2014-09-02,dividend,0.00250992
EMB,2014-10-01,dividend,0.00345803
EMB,2014-11-03,dividend,0.00352821
EMB,2014-12-01,dividend,0.00366523
EMB,2014-12-24,dividend,0.00536731
EMB,2015-02-02,dividend,0.00339104
EMB,2015-03-02,dividend,0.00316839
EMB,2015-04-01,dividend,0.00337022
EMB,2015-05-01,dividend,0.00354975
EMB,2015-06-01,dividend,0.00372722
EMB,2015-07-01,dividend,0.00383662
EMB,2015-08-03,dividend,0.00382242
EMB,2015-09-01,dividend,0.00426522
EMB,2015-10-01,dividend,0.00441303
EMB,2015-11-02,dividend,0.00405134
EMB,2015-12-01,dividend,0.00392533
EMB,2015-12-24,dividend,0.00514806
EMB,2016-02-01,dividend,0.00395967
EMB,2016-03-01,dividend,0.00409524
EMB,2016-04-01,dividend,0.00388446
EMB,2016-05-02,dividend,0.00367315
EMB,2016-06-01,dividend,0.00399722
EMB,2016-07-01,dividend,0.00459084
EMB,2016-08-01,dividend,0.00430862
EMB,2016-09-01,dividend,0.00419552
EMB,2016-10-03,dividend,0.00428616
EMB,2016-11-01,dividend,0.00394910
EMB,2016-12-01,dividend,0.00407546
EMB,2016-12-22,dividend,0.00238762
EMB,2017-02-01,dividend,0.00394391
EMB,2017-03-01,dividend,0.00388570
EMB,2017-04-03,dividend,0.00384590
EMB,2017-05-01,dividend,0.00385187
EMB,2017-06-01,dividend,0.00383741
EMB,2017-07-03,dividend,0.00387079
EMB,2017-08-01,dividend,0.00393573
EMB,2017-09-01,dividend,0.00385242
EMB,2017-10-02,dividend,0.00388439
EMB,2017-11-01,dividend,0.00382865
EMB,2017-12-01,dividend,0.00388738
EMB,2017-12-21,dividend,0.00320699
EMB,2018-02-01,dividend,0.00268546
EMB,2018-03-01,dividend,0.00302409
EMB,2018-04-02,dividend,0.00331288
EMB,2018-05-01,dividend,0.00372767
EMB,2018-06-01,dividend,0.00414933
EMB,2018-07-02,dividend,0.00417640
EMB,2018-08-01,dividend,0.00404499
EMB,2018-09-04,dividend,0.00410526
EMB,2018-10-01,dividend,0.00416983
EMB,2018-11-01,dividend,0.00440424
EMB,2018-12-03,dividend,0.00438303
EMB,2018-12-18,dividend,0.01230884
EMB,2019-02-01,dividend,0.00406341
EMB,2019-03-01,dividend,0.00406512
EMB,2019-04-01,dividend,0.00412626
EMB,2019-05-01,dividend,0.00408824
EMB,2019-06-03,dividend,0.00417693
EMB,2019-07-01,dividend,0.00386489
EMB,2019-08-01,dividend,0.00367991
EMB,2019-09-03,dividend,0.00358894
EMB,2019-10-01,dividend,0.00352948
EMB,2019-11-01,dividend,0.00356837
EMB,2019-12-02,dividend,0.00363566
EMB,2019-12-19,dividend,0.00385300
EMB,2020-02-03,dividend,0.00354349
EMB,2020-03-02,dividend,0.00364985
EMB,2020-04-01,dividend,0.00423215
EMB,2020-05-01,dividend,0.00377209
EMB,2020-06-01,dividend,0.00316300
EMB,2020-07-01,dividend,0.00301912
EMB,2020-08-03,dividend,0.00290099
EMB,2020-09-01,dividend,0.00293577
EMB,2020-10-01,dividend,0.00330100
EMB,2020-11-02,dividend,0.00359670
EMB,2020-12-01,dividend,0.00346389
EMB,2020-12-17,dividend,0.00342486
EMB,2021-02-01,dividend,0.00317615
EMB,2021-03-01,dividend,0.00318670
EMB,2021-04-01,dividend,0.00319647
EMB,2021-05-03,dividend,0.00312779
EMB,2021-06-01,dividend,0.00319844
EMB,2021-07-01,dividend,0.00316086
EMB,2021-08-02,dividend,0.00310739
EMB,2021-09-01,dividend,0.00306500
EMB,2021-10-01,dividend,0.00313577
EMB,2021-11-01,dividend,0.00325646
EMB,2021-12-01,dividend,0.00332170
EMB,2021-12-16,dividend,0.00337406
EMB,2022-02-01,dividend,0.00353805
EMB,2022-03-01,dividend,0.00359240
EMB,2022-04-01,dividend,0.00391330
EMB,2022-05-02,dividend,0.00400530
EMB,2022-06-01,dividend,0.00367021
EMB,2022-07-01,dividend,0.00423199
EMB,2022-08-01,dividend,0.00392599
EMB,2022-09-01,dividend,0.00365686
EMB,2022-10-03,dividend,0.00466877
EMB,2022-11-01,dividend,0.00483584
EMB,2022-12-01,dividend,0.00392641
EMB,2022-12-15,dividend,0.00390152
EMB,2023-02-01,dividend,0.00354644
EMB,2023-03-01,dividend,0.00444413
EMB,2023-04-03,dividend,0.00419060
EMB,2023-05-01,dividend,0.00406259
EMB,2023-06-01,dividend,0.00415912
EMB,2023-07-03,dividend,0.00400347
EMB,2023-08-01,dividend,0.00396364
EMB,2023-09-01,dividend,0.00418520
EMB,2023-10-02,dividend,0.00428137
EMB,2023-11-01,dividend,0.00445976
EMB,2023-12-01,dividend,0.00387092
EMB,2023-12-14,dividend,0.00412478
EMB,2024-02-01,dividend,0.00417433
EMB,2024-03-01,dividend,0.00436819
EMB,2024-04-01,dividend,0.00407666
EMB,2024-05-01,dividend,0.00413737
EMB,2024-06-03,dividend,0.00407344
EMB,2024-07-01,dividend,0.00430927
EMB,2024-08-01,dividend,0.00432138
EMB,2024-09-03,dividend,0.00399836
EMB,2024-10-01,dividend,0.00411942
EMB,2024-11-01,dividend,0.00464316
EMB,2024-12-02,dividend,0.00421016
EMB,2024-12-18,dividend,0.00470658
EMB,2024-12-30,dividend,0.00285005
EMB,2025-02-03,dividend,0.00486944
EMB,2025-03-03,dividend,0.00418949
EMB,2025-04-01,dividend,0.00441445
EMB,2025-05-01,dividend,0.00447181
EMB,2025-06-02,dividend,0.00447442
EMB,2025-07-01,dividend,0.00410181
EMB,2025-08-01,dividend,0.00442581
EMB,2025-09-02,dividend,0.00427032
EMB,2025-10-01,dividend,0.00412360
EMB,2025-11-03,dividend,0.00431940
EMB,2025-12-01,dividend,0.00384783
EMB,2025-12-19,dividend,0.00395962
EMB,2026-02-02,dividend,0.00429262
EMB,2026-03-02,dividend,0.00412315
EMB,2026-04-01,dividend,0.00484825
EMB,2026-05-01,dividend,0.00428053
EMB,2026-06-01,dividend,0.00422111
EMB,2026-07-01,dividend,0.00414499
EMB,2026-08-03,dividend,0.00436922
EMB,2026-09-01,dividend,0.00436507
EMHY,2012-06-01,dividend,0.00832180
EMHY,2012-07-02,dividend,0.00500524
EMHY,2012-08-01,dividend,0.00517512
EMHY,2012-09-04,dividend,0.00394597
EMHY,2012-10-01,dividend,0.00512416
EMHY,2012-11-01,dividend,0.00392825
EMHY,2012-12-03,dividend,0.00371000
EMHY,2012-12-26,dividend,0.00270709
EMHY,2013-02-01,dividend,0.00447961
EMHY,2013-03-01,dividend,0.00449503
EMHY,2013-04-01,dividend,0.00455863
EMHY,2013-05-01,dividend,0.00451897
EMHY,2013-06-03,dividend,0.00467421
EMHY,2013-07-01,dividend,0.00512614
EMHY,2013-08-01,dividend,0.00492946
EMHY,2013-09-03,dividend,0.00488616
EMHY,2013-10-01,dividend,0.00485928
EMHY,2013-11-01,dividend,0.00475342
EMHY,2013-12-02,dividend,0.00528778
EMHY,2013-12-26,dividend,0.00519649
EMHY,2014-02-03,dividend,0.00542624
EMHY,2014-03-03,dividend,0.00516967
EMHY,2014-04-01,dividend,0.00506521
EMHY,2014-05-01,dividend,0.00491727
EMHY,2014-06-02,dividend,0.00475828
EMHY,2014-07-01,dividend,0.00467776
EMHY,2014-08-01,dividend,0.00490756
EMHY,2014-09-02,dividend,0.00375019
EMHY,2014-10-01,dividend,0.00435644
EMHY,2014-11-03,dividend,0.00470496
EMHY,2014-12-01,dividend,0.00507146
EMHY,2014-12-24,dividend,0.00677124
EMHY,2015-02-02,dividend,0.00487950
EMHY,2015-03-02,dividend,0.00506207
EMHY,2015-04-01,dividend,0.00546793
EMHY,2015-05-01,dividend,0.00507531
EMHY,2015-06-01,dividend,0.00488144
EMHY,2015-07-01,dividend,0.00517353
EMHY,2015-08-03,dividend,0.00536136
EMHY,2015-09-01,dividend,0.00581572
EMHY,2015-10-01,dividend,0.00641397
EMHY,2015-11-02,dividend,0.00576443
EMHY,2015-12-01,dividend,0.00591461
EMHY,2015-12-24,dividend,0.00739619
EMHY,2016-02-01,dividend,0.00553278
EMHY,2016-05-02,dividend,0.00492858
EMHY,2016-06-01,dividend,0.00535120
EMHY,2016-07-01,dividend,0.00543755
EMHY,2016-08-01,dividend,0.00540367
EMHY,2016-09-01,dividend,0.00529311
EMHY,2016-10-03,dividend,0.00493218
EMHY,2016-11-01,dividend,0.00468182
EMHY,2016-12-01,dividend,0.00498946
EMHY,2016-12-22,dividend,0.00830048
EMHY,2017-02-01,dividend,0.00471756
EMHY,2017-03-01,dividend,0.00483363
EMHY,2017-04-03,dividend,0.00468841
EMHY,2017-05-01,dividend,0.00468908
EMHY,2017-06-01,dividend,0.00465300
EMHY,2017-07-03,dividend,0.00488821
EMHY,2017-08-01,dividend,0.00474841
EMHY,2017-09-01,dividend,0.00470278
EMHY,2017-10-02,dividend,0.00478753
EMHY,2017-11-01,dividend,0.00474590
EMHY,2017-12-01,dividend,0.00490492
EMHY,2017-12-21,dividend,0.00334381
EMHY,2018-02-01,dividend,0.00193756
EMHY,2018-03-01,dividend,0.00314954
EMHY,2018-04-02,dividend,0.00341423
EMHY,2018-05-01,dividend,0.00386020
EMHY,2018-06-01,dividend,0.00438831
EMHY,2018-07-02,dividend,0.00476274
EMHY,2018-08-01,dividend,0.00461993
EMHY,2018-09-04,dividend,0.00496864
EMHY,2018-10-01,dividend,0.00523104
EMHY,2018-11-01,dividend,0.00552952
EMHY,2018-12-03,dividend,0.00554909
EMHY,2018-12-18,dividend,0.01839937
EMHY,2019-02-01,dividend,0.00484002
EMHY,2019-03-01,dividend,0.00466290
EMHY,2019-04-01,dividend,0.00468092
EMHY,2019-05-01,dividend,0.00465822
EMHY,2019-06-03,dividend,0.00503169
EMHY,2019-07-01,dividend,0.00437140
EMHY,2019-08-01,dividend,0.00417095
EMHY,2019-09-03,dividend,0.00455433
EMHY,2019-10-01,dividend,0.00451589
EMHY,2019-11-01,dividend,0.00489354
EMHY,2019-12-02,dividend,0.00502730
EMHY,2019-12-19,dividend,0.00663717
EMHY,2020-02-03,dividend,0.00473037
EMHY,2020-03-02,dividend,0.00461313
EMHY,2020-04-01,dividend,0.00597979
EMHY,2020-05-01,dividend,0.00504184
EMHY,2020-06-01,dividend,0.00431107
EMHY,2020-07-01,dividend,0.00394482
EMHY,2020-08-03,dividend,0.00414032
EMHY,2020-09-01,dividend,0.00418316
EMHY,2020-10-01,dividend,0.00471970
EMHY,2020-11-02,dividend,0.00520253
EMHY,2020-12-01,dividend,0.00514724
EMHY,2020-12-17,dividend,0.00614323
EMHY,2021-02-01,dividend,0.00461538
EMHY,2021-03-01,dividend,0.00483156
EMHY,2021-04-01,dividend,0.00460850
EMHY,2021-05-03,dividend,0.00445094
EMHY,2021-06-01,dividend,0.00440993
EMHY,2021-07-01,dividend,0.00439367
EMHY,2021-08-02,dividend,0.00456116
EMHY,2021-09-01,dividend,0.00418869
EMHY,2021-10-01,dividend,0.00430156
EMHY,2021-11-01,dividend,0.00429559
EMHY,2021-12-01,dividend,0.00431709
EMHY,2021-12-16,dividend,0.00509322
EMHY,2022-02-01,dividend,0.00477783
EMHY,2022-03-01,dividend,0.00477864
EMHY,2022-04-01,dividend,0.00522952
EMHY,2022-05-02,dividend,0.00582741
EMHY,2022-06-01,dividend,0.00511578
EMHY,2022-07-01,dividend,0.00628379
EMHY,2022-08-01,dividend,0.00618132
EMHY,2022-09-01,dividend,0.00507496
EMHY,2022-10-03,dividend,0.00636152
EMHY,2022-11-01,dividend,0.00639980
EMHY,2022-12-01,dividend,0.00649906
EMHY,2022-12-15,dividend,0.00651189
EMHY,2023-02-01,dividend,0.00517593
EMHY,2023-03-01,dividend,0.00578562
EMHY,2023-04-03,dividend,0.00596614
EMHY,2023-05-01,dividend,0.00595651
EMHY,2023-06-01,dividend,0.00608495
EMHY,2023-07-03,dividend,0.00604256
EMHY,2023-08-01,dividend,0.00585717
EMHY,2023-09-01,dividend,0.00561555
EMHY,2023-10-02,dividend,0.00582100
EMHY,2023-11-01,dividend,0.00586580
EMHY,2023-12-01,dividend,0.00609756
EMHY,2023-12-14,dividend,0.00599805
EMHY,2024-02-01,dividend,0.00538799
EMHY,2024-03-01,dividend,0.00540069
EMHY,2024-04-01,dividend,0.00555660
EMHY,2024-05-01,dividend,0.00533297
EMHY,2024-06-03,dividend,0.00541439
EMHY,2024-07-01,dividend,0.00575493
EMHY,2024-08-01,dividend,0.00568453
EMHY,2024-09-03,dividend,0.00587372
EMHY,2024-10-01,dividend,0.00543688
EMHY,2024-11-01,dividend,0.00589237
EMHY,2024-12-02,dividend,0.00531284
EMHY,2024-12-18,dividend,0.00586952
EMHY,2024-12-30,dividend,0.00247199
EMHY,2025-02-03,dividend,0.00692817
EMHY,2025-03-03,dividend,0.00552743
EMHY,2025-04-01,dividend,0.00581441
EMHY,2025-05-01,dividend,0.00578219
EMHY,2025-06-02,dividend,0.00573503
EMHY,2025-07-01,dividend,0.00549578
EMHY,2025-08-01,dividend,0.00541456
EMHY,2025-09-02,dividend,0.00537553
EMHY,2025-10-01,dividend,0.00567577
EMHY,2025-11-03,dividend,0.00541242
EMHY,2025-12-01,dividend,0.00518031
EMHY,2025-12-19,dividend,0.00519113
EMHY,2026-02-02,dividend,0.00525187
EMHY,2026-03-02,dividend,0.00531575
EMHY,2026-04-01,dividend,0.00556662
EMHY,2026-05-01,dividend,0.00557686
EMHY,2026-06-01,dividend,0.00549260
EMHY,2026-07-01,dividend,0.00556311
EMHY,2026-08-03,dividend,0.00557402
EMHY,2026-09-01,dividend,0.00572629
EMLC,2010-09-01,dividend,0.00420692
EMLC,2010-10-01,dividend,0.00296846
EMLC,2010-11-01,dividend,0.00366703
EMLC,2010-12-01,dividend,0.00403148
EMLC,2010-12-29,dividend,0.00358423
EMLC,2011-02-01,dividend,0.00414237
EMLC,2011-03-01,dividend,0.00430361
EMLC,2011-04-01,dividend,0.00500635
EMLC,2011-05-02,dividend,0.00439038
EMLC,2011-06-01,dividend,0.00489659
EMLC,2011-07-01,dividend,0.00438917
EMLC,2011-08-01,dividend,0.00430832
EMLC,2011-09-01,dividend,0.00452325
EMLC,2011-10-03,dividend,0.00482184
EMLC,2011-11-01,dividend,0.00430583
EMLC,2011-12-01,dividend,0.00383606
EMLC,2011-12-28,dividend,0.00417562
EMLC,2012-02-01,dividend,0.00344300
EMLC,2012-03-01,dividend,0.00385522
EMLC,2012-04-02,dividend,0.00362803
EMLC,2012-05-01,dividend,0.00360874
EMLC,2012-06-01,dividend,0.00351603
EMLC,2012-07-02,dividend,0.00373061
EMLC,2012-08-01,dividend,0.00365314
EMLC,2012-09-04,dividend,0.00366442
EMLC,2012-10-01,dividend,0.00344319
EMLC,2012-11-01,dividend,0.00341348
EMLC,2012-12-03,dividend,0.00340200
EMLC,2012-12-27,dividend,0.00335434
EMLC,2013-02-01,dividend,0.00335301
EMLC,2013-03-01,dividend,0.00355924
EMLC,2013-04-01,dividend,0.00352570
EMLC,2013-04-24,dividend,0.00351339
EMLC,2013-06-03,dividend,0.00433974
EMLC,2013-07-01,dividend,0.00413907
EMLC,2013-08-01,dividend,0.00398308
EMLC,2013-09-03,dividend,0.00416434
EMLC,2013-10-01,dividend,0.00429823
EMLC,2013-11-01,dividend,0.00446247
EMLC,2013-12-02,dividend,0.00463548
EMLC,2013-12-27,dividend,0.00465313
EMLC,2014-02-03,dividend,0.00490852
EMLC,2014-03-03,dividend,0.00426421
EMLC,2014-04-01,dividend,0.00481938
EMLC,2014-04-24,dividend,0.00476636
EMLC,2014-06-02,dividend,0.00457380
EMLC,2014-07-01,dividend,0.00454733
EMLC,2014-08-01,dividend,0.00447643
EMLC,2014-09-02,dividend,0.00460637
EMLC,2014-10-01,dividend,0.00440529
EMLC,2014-11-03,dividend,0.00438404
EMLC,2014-12-01,dividend,0.00450913
EMLC,2014-12-29,dividend,0.00453600
EMLC,2015-02-02,dividend,0.00407699
EMLC,2015-03-02,dividend,0.00475221
EMLC,2015-04-01,dividend,0.00454341
EMLC,2015-05-01,dividend,0.00474490
EMLC,2015-06-01,dividend,0.00447889
EMLC,2015-07-01,dividend,0.00462725
EMLC,2015-08-03,dividend,0.00461220
EMLC,2015-09-01,dividend,0.00503074
EMLC,2015-10-01,dividend,0.00492896
EMLC,2015-11-02,dividend,0.00476057
EMLC,2015-12-01,dividend,0.00469161
EMLC,2015-12-29,dividend,0.00490769
EMLC,2016-02-01,dividend,0.00509056
EMLC,2016-03-01,dividend,0.00426726
EMLC,2016-04-01,dividend,0.00388811
EMLC,2016-05-02,dividend,0.00471873
EMLC,2016-06-01,dividend,0.00489231
EMLC,2016-07-01,dividend,0.00377680
EMLC,2016-08-01,dividend,0.00349873
EMLC,2016-09-01,dividend,0.00428495
EMLC,2016-10-03,dividend,0.00378788
EMLC,2016-11-01,dividend,0.00438784
EMLC,2016-12-01,dividend,0.00440733
EMLC,2016-12-28,dividend,0.00463679
EMLC,2017-02-01,dividend,0.00446927
EMLC,2017-03-01,dividend,0.00419797
EMLC,2017-04-03,dividend,0.00434075
EMLC,2017-05-01,dividend,0.00441145
EMLC,2017-06-01,dividend,0.00473631
EMLC,2017-07-03,dividend,0.00446666
EMLC,2017-08-01,dividend,0.00454474
EMLC,2017-09-01,dividend,0.00439845
EMLC,2017-10-02,dividend,0.00465700
EMLC,2017-11-01,dividend,0.00497620
EMLC,2017-12-01,dividend,0.00454667
EMLC,2017-12-27,dividend,0.00445718
EMLC,2018-02-01,dividend,0.00443810
EMLC,2018-03-01,dividend,0.00449079
EMLC,2018-04-02,dividend,0.00471601
EMLC,2018-04-24,dividend,0.00482017
EMLC,2018-06-01,dividend,0.00544712
EMLC,2018-07-02,dividend,0.00525663
EMLC,2018-08-01,dividend,0.00536735
EMLC,2018-09-04,dividend,0.00535026
EMLC,2018-10-01,dividend,0.00512946
EMLC,2018-11-01,dividend,0.00551694
EMLC,2018-12-03,dividend,0.00537011
EMLC,2018-12-27,dividend,0.00558316
EMLC,2019-02-01,dividend,0.00532007
EMLC,2019-03-01,dividend,0.00462132
EMLC,2019-04-01,dividend,0.00551587
EMLC,2019-04-24,dividend,0.00542992
EMLC,2019-06-03,dividend,0.00579092
EMLC,2019-07-01,dividend,0.00492326
EMLC,2019-08-01,dividend,0.00528793
EMLC,2019-09-03,dividend,0.00582690
EMLC,2019-10-01,dividend,0.00563767
EMLC,2019-11-01,dividend,0.00536153
EMLC,2019-12-02,dividend,0.00500213
EMLC,2019-12-30,dividend,0.00469290
EMLC,2020-02-03,dividend,0.00499805
EMLC,2020-03-02,dividend,0.00455630
EMLC,2020-04-01,dividend,0.00504819
EMLC,2020-04-24,dividend,0.00434521
EMLC,2020-06-01,dividend,0.00433267
EMLC,2020-07-01,dividend,0.00480502
EMLC,2020-08-03,dividend,0.00486843
EMLC,2020-09-01,dividend,0.00398406
EMLC,2020-10-01,dividend,0.00357956
EMLC,2020-11-02,dividend,0.00427979
EMLC,2020-12-01,dividend,0.00375438
EMLC,2020-12-29,dividend,0.00389716
EMLC,2021-02-01,dividend,0.00384320
EMLC,2021-03-01,dividend,0.00373394
EMLC,2021-04-01,dividend,0.00445259
EMLC,2021-04-26,dividend,0.00386841
EMLC,2021-06-01,dividend,0.00409578
EMLC,2021-07-01,dividend,0.00399936
EMLC,2021-08-02,dividend,0.00409902
EMLC,2021-09-01,dividend,0.00409110
EMLC,2021-10-01,dividend,0.00412102
EMLC,2021-11-01,dividend,0.00429829
EMLC,2021-12-01,dividend,0.00422833
EMLC,2021-12-29,dividend,0.00433173
EMLC,2022-02-01,dividend,0.00440960
EMLC,2022-03-01,dividend,0.00402645
EMLC,2022-04-01,dividend,0.00323384
EMLC,2022-04-25,dividend,0.00437357
EMLC,2022-06-01,dividend,0.00422833
EMLC,2022-07-01,dividend,0.00496736
EMLC,2022-08-01,dividend,0.00503758
EMLC,2022-09-01,dividend,0.00504819
EMLC,2022-10-03,dividend,0.00520236
EMLC,2022-11-01,dividend,0.00523467
EMLC,2022-12-01,dividend,0.00464191
EMLC,2022-12-28,dividend,0.00502096
EMLC,2023-02-01,dividend,0.00477137
EMLC,2023-03-01,dividend,0.00452303
EMLC,2023-04-03,dividend,0.00497512
EMLC,2023-04-24,dividend,0.00494830
EMLC,2023-06-01,dividend,0.00518676
EMLC,2023-07-03,dividend,0.00499351
EMLC,2023-08-01,dividend,0.00523967
EMLC,2023-09-01,dividend,0.00556200
EMLC,2023-10-02,dividend,0.00530660
EMLC,2023-11-01,dividend,0.00530223
EMLC,2023-12-01,dividend,0.00492571
EMLC,2023-12-27,dividend,0.00517194
EMLC,2024-02-01,dividend,0.00507165
EMLC,2024-03-01,dividend,0.00470130
EMLC,2024-04-01,dividend,0.00512610
EMLC,2024-04-23,dividend,0.00534444
EMLC,2024-06-03,dividend,0.00522301
EMLC,2024-07-01,dividend,0.00498690
EMLC,2024-08-01,dividend,0.00539867
EMLC,2024-09-03,dividend,0.00535758
EMLC,2024-10-01,dividend,0.00486608
EMLC,2024-11-01,dividend,0.00553774
EMLC,2024-12-02,dividend,0.00538449
EMLC,2024-12-27,dividend,0.00564193
EMLC,2025-02-03,dividend,0.00516234
EMLC,2025-03-03,dividend,0.00488426
EMLC,2025-04-01,dividend,0.00535120
EMLC,2025-05-01,dividend,0.00521711
EMLC,2025-06-02,dividend,0.00496783
EMLC,2025-07-01,dividend,0.00491556
EMLC,2025-08-01,dividend,0.00541721
EMLC,2025-09-02,dividend,0.00531198
EMLC,2025-10-01,dividend,0.00496376
EMLC,2025-11-03,dividend,0.00508655
EMLC,2025-11-28,dividend,0.00500547
EMLC,2025-12-29,dividend,0.00537697
EMLC,2026-02-02,dividend,0.00462203
EMLC,2026-03-02,dividend,0.00453343
EMLC,2026-04-01,dividend,0.00564700
EMLC,2026-05-01,dividend,0.00538882
EMLC,2026-06-01,dividend,0.00545504
EMLC,2026-07-01,dividend,0.00566572
EMLC,2026-08-03,dividend,0.00513023
EMLC,2026-09-01,dividend,0.00510204
EPI,2008-12-22,dividend,0.00769296
EPI,2009-03-23,dividend,0.00069424
EPI,2009-06-22,dividend,0.00011575
EPI,2009-09-21,dividend,0.00219031
EPI,2009-12-21,dividend,0.00028363
EPI,2010-06-28,dividend,0.00280960
EPI,2010-09-20,dividend,0.00253857
EPI,2010-12-22,dividend,0.00050296
EPI,2011-06-22,dividend,0.00274604
EPI,2011-09-26,dividend,0.00531396
EPI,2012-03-26,dividend,0.00052329
EPI,2012-06-25,dividend,0.00278552
EPI,2012-09-24,dividend,0.00442501
EPI,2012-12-24,dividend,0.00127011
EPI,2013-06-24,dividend,0.00429781
EPI,2013-09-23,dividend,0.00395803
EPI,2014-03-24,dividend,0.00558344
EPI,2014-06-23,dividend,0.00267440
EPI,2014-09-22,dividend,0.00298612
EPI,2015-03-23,dividend,0.00134847
EPI,2015-06-22,dividend,0.00309283
EPI,2015-09-21,dividend,0.00592320
EPI,2015-12-21,dividend,0.00123609
EPI,2016-03-21,dividend,0.00052356
EPI,2016-06-20,dividend,0.00629247
EPI,2016-09-26,dividend,0.00320366
EPI,2016-12-23,dividend,0.00030343
EPI,2017-03-27,dividend,0.00316389
EPI,2017-06-26,dividend,0.00221908
EPI,2017-09-26,dividend,0.00320128
EPI,2017-12-26,dividend,0.00093951
EPI,2018-03-20,dividend,0.00235621
EPI,2018-06-25,dividend,0.00331449
EPI,2018-09-25,dividend,0.00451421
EPI,2018-12-24,dividend,0.00032987
EPI,2018-12-28,dividend,0.00114323
EPI,2019-03-26,dividend,0.00466200
EPI,2019-09-24,dividend,0.00532569
EPI,2019-12-23,dividend,0.00164401
EPI,2020-03-24,dividend,0.00119190
EPI,2020-06-23,dividend,0.00463145
EPI,2020-09-22,dividend,0.00147898
EPI,2020-12-21,dividend,0.00282437
EPI,2021-03-25,dividend,0.00137966
EPI,2021-06-24,dividend,0.00251145
EPI,2021-09-24,dividend,0.00290851
EPI,2021-12-27,dividend,0.00532033
EPI,2022-03-25,dividend,0.00319666
EPI,2022-06-24,dividend,0.06285130
EPI,2023-06-26,dividend,0.00176678
EPI,2024-12-26,dividend,0.00263622
EWA,2002-12-23,dividend,0.02866414
EWA,2003-12-16,dividend,0.02083333
EWA,2003-12-22,dividend,0.03372549
EWA,2004-12-23,dividend,0.03524364
EWA,2005-12-23,dividend,0.03568180
EWA,2006-12-20,dividend,0.04770165
EWA,2007-12-20,dividend,0.04573291
EWA,2008-12-23,dividend,0.06969460
EWA,2009-06-23,dividend,0.00298842
EWA,2009-12-22,dividend,0.02839991
EWA,2010-06-23,dividend,0.00973294
EWA,2010-12-21,dividend,0.02542270
EWA,2011-06-22,dividend,0.01723113
EWA,2011-12-20,dividend,0.03148542
EWA,2012-06-21,dividend,0.02098095
EWA,2012-12-18,dividend,0.03606690
EWA,2013-06-27,dividend,0.02383675
EWA,2013-12-18,dividend,0.02487691
EWA,2013-12-27,dividend,0.00098741
EWA,2014-06-25,dividend,0.01513459
EWA,2014-12-17,dividend,0.03258075
EWA,2015-06-25,dividend,0.02412381
EWA,2015-12-21,dividend,0.02824482
EWA,2016-06-22,dividend,0.01418731
EWA,2016-12-21,dividend,0.02674591
EWA,2017-06-20,dividend,0.02158934
EWA,2017-12-19,dividend,0.02458115
EWA,2018-06-19,dividend,0.01941748
EWA,2018-12-18,dividend,0.03861104
EWA,2019-06-17,dividend,0.02035191
EWA,2019-12-16,dividend,0.02034443
EWA,2020-06-15,dividend,0.01501374
EWA,2020-12-14,dividend,0.00849257
EWA,2021-06-10,dividend,0.01406449
EWA,2021-12-13,dividend,0.02714361
EWA,2021-12-30,dividend,0.00876316
EWA,2022-06-09,dividend,0.03134095
EWA,2022-12-13,dividend,0.01886793
EWA,2023-06-07,dividend,0.01871382
EWA,2023-12-20,dividend,0.02030626
EWA,2024-06-11,dividend,0.01929962
EWA,2024-12-17,dividend,0.01686007
EWA,2025-06-16,dividend,0.01531459
EWA,2025-12-16,dividend,0.01709270
EWA,2026-06-15,dividend,0.01405518
EWC,2002-12-23,dividend,0.00315789
EWC,2003-12-16,dividend,0.00219619
EWC,2003-12-22,dividend,0.01481156
EWC,2004-12-23,dividend,0.01183361
EWC,2005-12-23,dividend,0.00682828
EWC,2006-12-20,dividend,0.01128489
EWC,2007-12-24,dividend,0.01232143
EWC,2008-06-25,dividend,0.00349431
EWC,2008-12-23,dividend,0.02042091
EWC,2009-06-23,dividend,0.00439668
EWC,2009-12-22,dividend,0.00941075
EWC,2010-06-23,dividend,0.00669145
EWC,2010-12-21,dividend,0.01063118
EWC,2011-06-22,dividend,0.00667877
EWC,2011-12-20,dividend,0.01409350
EWC,2012-06-21,dividend,0.00826826
EWC,2012-12-18,dividend,0.01334844
EWC,2013-06-27,dividend,0.01169411
EWC,2013-12-18,dividend,0.01379212
EWC,2014-06-25,dividend,0.00744731
EWC,2014-12-17,dividend,0.01417265
EWC,2015-06-25,dividend,0.00769008
EWC,2015-12-21,dividend,0.01358950
EWC,2016-06-22,dividend,0.00792111
EWC,2016-12-21,dividend,0.00999354
EWC,2017-06-20,dividend,0.00813932
EWC,2017-12-19,dividend,0.01280316
EWC,2018-06-19,dividend,0.00783326
EWC,2018-12-18,dividend,0.01672733
EWC,2019-06-17,dividend,0.00911154
EWC,2019-12-16,dividend,0.01345353
EWC,2020-06-15,dividend,0.01014869
EWC,2020-12-14,dividend,0.01240135
EWC,2021-06-10,dividend,0.00616941
EWC,2021-12-13,dividend,0.01272902
EWC,2022-06-09,dividend,0.00729310
EWC,2022-12-13,dividend,0.01464841
EWC,2023-06-07,dividend,0.01012169
EWC,2023-12-20,dividend,0.01345366
EWC,2024-06-11,dividend,0.00938651
EWC,2024-12-17,dividend,0.01333333
EWC,2025-06-16,dividend,0.00671435
EWC,2025-12-16,dividend,0.00890764
EWC,2026-06-15,dividend,0.00470206
EWG,2002-12-23,dividend,0.01187001
EWG,2003-12-22,dividend,0.01288544
EWG,2004-12-23,dividend,0.01059183
EWG,2005-12-23,dividend,0.00571598
EWG,2006-12-20,dividend,0.01896796
EWG,2007-12-24,dividend,0.01478226
EWG,2008-06-25,dividend,0.03847828
EWG,2008-12-23,dividend,0.00409262
EWG,2009-06-23,dividend,0.03148877
EWG,2009-12-22,dividend,0.00063046
EWG,2010-06-23,dividend,0.01440485
EWG,2011-06-22,dividend,0.02553417
EWG,2012-06-21,dividend,0.02941921
EWG,2013-06-27,dividend,0.01760777
EWG,2014-06-25,dividend,0.02016039
EWG,2015-06-25,dividend,0.01741585
EWG,2016-06-22,dividend,0.02439607
EWG,2016-12-21,dividend,0.00034429
EWG,2017-06-20,dividend,0.01928375
EWG,2017-12-19,dividend,0.00251076
EWG,2018-06-19,dividend,0.02384921
EWG,2019-06-17,dividend,0.02738201
EWG,2020-06-15,dividend,0.01055011
EWG,2020-12-14,dividend,0.01268312
EWG,2021-06-10,dividend,0.01698735
EWG,2021-12-13,dividend,0.00110281
EWG,2021-12-30,dividend,0.00751377
EWG,2022-06-09,dividend,0.03002502
EWG,2022-12-13,dividend,0.00035600
EWG,2023-06-07,dividend,0.02735037
EWG,2023-12-20,dividend,0.00006762
EWG,2024-06-11,dividend,0.02441853
EWG,2025-06-16,dividend,0.01662952
EWG,2026-06-15,dividend,0.02005883
EWJ,2003-12-22,dividend,0.00021815
EWJ,2004-12-23,dividend,0.00410031
EWJ,2005-12-23,dividend,0.00425782
EWJ,2006-12-20,dividend,0.00712179
EWJ,2007-12-24,dividend,0.01039000
EWJ,2008-06-25,dividend,0.00479616
EWJ,2008-12-23,dividend,0.00829187
EWJ,2009-06-23,dividend,0.00542299
EWJ,2009-12-22,dividend,0.00902379
EWJ,2010-06-23,dividend,0.00720928
EWJ,2010-12-21,dividend,0.00684996
EWJ,2011-06-22,dividend,0.00871978
EWJ,2011-12-20,dividend,0.01202632
EWJ,2012-06-21,dividend,0.00963644
EWJ,2012-12-18,dividend,0.01076874
EWJ,2013-06-27,dividend,0.00432661
EWJ,2013-12-18,dividend,0.00755884
EWJ,2014-06-25,dividend,0.00682878
EWJ,2014-12-17,dividend,0.00595453
EWJ,2015-06-25,dividend,0.00507927
EWJ,2015-12-21,dividend,0.00732601
EWJ,2016-06-22,dividend,0.00787806
EWJ,2016-12-21,dividend,0.01165604
EWJ,2017-06-20,dividend,0.00643944
EWJ,2017-12-19,dividend,0.00662560
EWJ,2018-06-19,dividend,0.00774150
EWJ,2018-12-18,dividend,0.00776829
EWJ,2019-06-17,dividend,0.00910059
EWJ,2019-12-16,dividend,0.01193055
EWJ,2020-06-15,dividend,0.00793565
EWJ,2020-12-14,dividend,0.00392742
EWJ,2021-06-10,dividend,0.00737388
EWJ,2021-12-13,dividend,0.01314737
EWJ,2022-06-09,dividend,0.00971461
EWJ,2022-12-13,dividend,0.00224939
EWJ,2023-06-07,dividend,0.00688399
EWJ,2023-12-20,dividend,0.01403031
EWJ,2024-06-11,dividend,0.00739492
EWJ,2024-12-17,dividend,0.01562041
EWJ,2025-06-16,dividend,0.00809489
EWJ,2025-12-16,dividend,0.03741642
EWJ,2026-06-15,dividend,0.00543331
EWL,2002-12-23,dividend,0.00264333
EWL,2003-12-16,dividend,0.00210526
EWL,2003-12-22,dividend,0.00367367
EWL,2004-12-23,dividend,0.00509056
EWL,2005-12-23,dividend,0.00619437
EWL,2006-12-20,dividend,0.00779242
EWL,2007-12-20,dividend,0.01086871
EWL,2008-06-25,dividend,0.01662808
EWL,2008-12-23,dividend,0.00378017
EWL,2009-06-23,dividend,0.01518413
EWL,2009-12-22,dividend,0.00187652
EWL,2010-06-23,dividend,0.01581568
EWL,2011-06-22,dividend,0.02013017
EWL,2011-12-20,dividend,0.00082637
EWL,2012-06-21,dividend,0.02790144
EWL,2013-06-27,dividend,0.02131564
EWL,2014-06-25,dividend,0.02293231
EWL,2015-06-25,dividend,0.02369192
EWL,2016-06-22,dividend,0.02659557
EWL,2016-12-21,dividend,0.00061661
EWL,2017-06-20,dividend,0.02126044
EWL,2018-06-19,dividend,0.02487440
EWL,2019-06-17,dividend,0.02052545
EWL,2020-06-15,dividend,0.01642710
EWL,2020-12-14,dividend,0.00052865
EWL,2021-06-10,dividend,0.01850541
EWL,2022-06-09,dividend,0.01997995
EWL,2023-06-07,dividend,0.02211920
EWL,2024-06-11,dividend,0.02080052
EWL,2025-06-16,dividend,0.01887558
EWL,2026-06-15,dividend,0.01768619
EWN,2002-12-23,dividend,0.01858121
EWN,2003-12-16,dividend,0.01616031
EWN,2003-12-22,dividend,0.02362707
EWN,2004-12-23,dividend,0.01441272
EWN,2005-12-23,dividend,0.02359896
EWN,2006-12-20,dividend,0.01746976
EWN,2007-12-20,dividend,0.03535874
EWN,2008-06-25,dividend,0.02972399
EWN,2008-12-23,dividend,0.02430193
EWN,2009-06-23,dividend,0.02119196
EWN,2009-12-22,dividend,0.00565527
EWN,2010-06-23,dividend,0.01457185
EWN,2010-12-21,dividend,0.00270204
EWN,2011-06-22,dividend,0.01946986
EWN,2011-12-20,dividend,0.00837209
EWN,2012-06-21,dividend,0.02356539
EWN,2012-12-18,dividend,0.00178183
EWN,2013-06-27,dividend,0.01484546
EWN,2013-12-18,dividend,0.00341325
EWN,2014-06-25,dividend,0.01840587
EWN,2014-12-17,dividend,0.00344402
EWN,2015-06-25,dividend,0.01181517
EWN,2015-12-21,dividend,0.00615227
EWN,2016-06-22,dividend,0.01447456
EWN,2016-12-21,dividend,0.01293374
EWN,2017-06-20,dividend,0.01210272
EWN,2017-12-19,dividend,0.00566751
EWN,2018-06-19,dividend,0.01606336
EWN,2018-12-18,dividend,0.00482586
EWN,2019-06-17,dividend,0.02454214
EWN,2019-12-16,dividend,0.00415906
EWN,2020-06-15,dividend,0.00605599
EWN,2020-12-14,dividend,0.00325325
EWN,2021-06-10,dividend,0.00665844
EWN,2021-12-13,dividend,0.00368418
EWN,2022-06-09,dividend,0.01270399
EWN,2022-12-13,dividend,0.00634260
EWN,2023-06-07,dividend,0.01115029
EWN,2023-12-20,dividend,0.00742669
EWN,2024-06-11,dividend,0.01117916
EWN,2024-12-17,dividend,0.00866566
EWN,2025-06-16,dividend,0.01342015
EWN,2025-12-16,dividend,0.03818089
EWN,2026-06-15,dividend,0.00980406
EWQ,2002-12-23,dividend,0.01209595
EWQ,2003-12-16,dividend,0.00919775
EWQ,2003-12-22,dividend,0.01445587
EWQ,2004-12-23,dividend,0.01277723
EWQ,2005-12-23,dividend,0.01227696
EWQ,2006-12-20,dividend,0.01367280
EWQ,2007-12-20,dividend,0.00937568
EWQ,2008-06-25,dividend,0.03830024
EWQ,2008-12-23,dividend,0.02234665
EWQ,2009-06-23,dividend,0.02539603
EWQ,2009-12-22,dividend,0.00471202
EWQ,2010-06-23,dividend,0.02286174
EWQ,2010-12-21,dividend,0.00741656
EWQ,2011-06-22,dividend,0.01837270
EWQ,2011-12-20,dividend,0.00964946
EWQ,2012-06-21,dividend,0.02687190
EWQ,2012-12-18,dividend,0.00487973
EWQ,2013-06-27,dividend,0.02443004
EWQ,2013-12-18,dividend,0.00453228
EWQ,2014-06-25,dividend,0.02088800
EWQ,2014-12-17,dividend,0.00905295
EWQ,2015-06-25,dividend,0.01694287
EWQ,2015-12-21,dividend,0.00300150
EWQ,2015-12-29,dividend,0.00065322
EWQ,2016-06-22,dividend,0.02575935
EWQ,2016-12-21,dividend,0.00358866
EWQ,2017-06-20,dividend,0.01711845
EWQ,2017-12-19,dividend,0.00304146
EWQ,2018-06-19,dividend,0.02065614
EWQ,2018-12-18,dividend,0.00461590
EWQ,2019-06-17,dividend,0.02489768
EWQ,2019-12-16,dividend,0.00215282
EWQ,2020-06-15,dividend,0.00659636
EWQ,2020-12-14,dividend,0.00494434
EWQ,2021-06-10,dividend,0.01113814
EWQ,2021-12-13,dividend,0.02730888
EWQ,2022-06-09,dividend,0.02872553
EWQ,2022-12-13,dividend,0.00365018
EWQ,2023-06-07,dividend,0.02223553
EWQ,2023-12-20,dividend,0.00644534
EWQ,2024-06-11,dividend,0.02287214
EWQ,2024-12-17,dividend,0.00748734
EWQ,2025-06-16,dividend,0.02278154
EWQ,2025-12-16,dividend,0.00507208
EWQ,2026-06-15,dividend,0.02387280
EWT,2003-12-22,dividend,0.00200218
EWT,2004-12-23,dividend,0.00687285
EWT,2005-12-23,dividend,0.01116218
EWT,2006-12-20,dividend,0.02140629
EWT,2007-12-24,dividend,0.02697095
EWT,2008-12-23,dividend,0.08215066
EWT,2009-12-22,dividend,0.01697682
EWT,2010-12-21,dividend,0.01947616
EWT,2011-12-20,dividend,0.04332692
EWT,2012-12-18,dividend,0.02016519
EWT,2013-12-18,dividend,0.01889241
EWT,2014-12-17,dividend,0.01991923
EWT,2015-12-21,dividend,0.03114511
EWT,2016-12-21,dividend,0.02361144
EWT,2017-12-19,dividend,0.02857463
EWT,2018-12-18,dividend,0.03181181
EWT,2019-12-16,dividend,0.02523620
EWT,2020-12-14,dividend,0.01898277
EWT,2021-12-13,dividend,0.02703118
EWT,2022-12-13,dividend,0.17930348
EWT,2023-12-20,dividend,0.12546251
EWT,2024-12-17,dividend,0.03257366
EWT,2025-12-16,dividend,0.04594251
EWU,2002-12-23,dividend,0.02356958
EWU,2003-12-16,dividend,0.01913876
EWU,2003-12-22,dividend,0.03148823
EWU,2004-12-23,dividend,0.01930070
EWU,2005-12-23,dividend,0.03094436
EWU,2006-12-20,dividend,0.03464439
EWU,2007-12-24,dividend,0.03485299
EWU,2008-06-25,dividend,0.02282577
EWU,2008-12-23,dividend,0.02883130
EWU,2009-06-23,dividend,0.01815924
EWU,2009-12-22,dividend,0.01169776
EWU,2010-06-23,dividend,0.01760292
EWU,2010-12-21,dividend,0.01008325
EWU,2011-06-22,dividend,0.01727776
EWU,2011-12-20,dividend,0.01497181
EWU,2012-06-21,dividend,0.02369900
EWU,2012-12-18,dividend,0.01422387
EWU,2013-06-27,dividend,0.01482068
EWU,2013-12-18,dividend,0.01202252
EWU,2014-06-25,dividend,0.04910607
EWU,2014-12-17,dividend,0.01998858
EWU,2015-06-25,dividend,0.01823149
EWU,2015-12-21,dividend,0.02009667
EWU,2016-06-22,dividend,0.02488744
EWU,2016-12-21,dividend,0.01384605
EWU,2017-06-20,dividend,0.02205663
EWU,2017-12-19,dividend,0.01885931
EWU,2018-06-19,dividend,0.02363106
EWU,2018-12-18,dividend,0.02180536
EWU,2019-06-17,dividend,0.02557626
EWU,2019-12-16,dividend,0.01788006
EWU,2020-06-15,dividend,0.01528342
EWU,2020-12-14,dividend,0.01143329
EWU,2021-06-10,dividend,0.01695423
EWU,2021-12-13,dividend,0.02721849
EWU,2022-06-09,dividend,0.01795666
EWU,2022-12-13,dividend,0.01513688
EWU,2023-06-07,dividend,0.01941445
EWU,2023-12-20,dividend,0.02284893
EWU,2024-06-11,dividend,0.01932818
EWU,2024-12-17,dividend,0.02091978
EWU,2025-06-16,dividend,0.02047515
EWU,2025-12-16,dividend,0.01931455
EWU,2026-06-15,dividend,0.01432443
EWW,2002-12-23,dividend,0.03979265
EWW,2003-12-16,dividend,0.03318443
EWW,2003-12-22,dividend,0.01267365
EWW,2004-12-23,dividend,0.01123140
EWW,2005-12-23,dividend,0.01326496
EWW,2006-12-20,dividend,0.00915033
EWW,2007-12-20,dividend,0.01906185
EWW,2008-06-25,dividend,0.00971045
EWW,2008-12-23,dividend,0.01283101
EWW,2009-06-23,dividend,0.00544182
EWW,2009-12-22,dividend,0.01054356
EWW,2010-06-23,dividend,0.00463044
EWW,2010-12-21,dividend,0.00467290
EWW,2010-12-29,dividend,0.00031060
EWW,2011-06-22,dividend,0.00721472
EWW,2011-12-20,dividend,0.00671011
EWW,2012-06-21,dividend,0.00983607
EWW,2012-12-18,dividend,0.00247103
EWW,2013-06-27,dividend,0.00749935
EWW,2013-12-18,dividend,0.01116447
EWW,2013-12-27,dividend,0.00203246
EWW,2014-06-25,dividend,0.00325829
EWW,2014-12-17,dividend,0.00925390
EWW,2015-06-25,dividend,0.00712524
EWW,2015-12-21,dividend,0.00819366
EWW,2015-12-29,dividend,0.00655069
EWW,2016-06-22,dividend,0.01181367
EWW,2016-12-21,dividend,0.00453706
EWW,2017-06-20,dividend,0.01087545
EWW,2017-12-19,dividend,0.01012512
EWW,2018-06-19,dividend,0.01287111
EWW,2018-12-18,dividend,0.00946854
EWW,2019-06-17,dividend,0.02029546
EWW,2019-12-16,dividend,0.00957719
EWW,2020-06-15,dividend,0.00376602
EWW,2020-12-14,dividend,0.00827116
EWW,2020-12-30,dividend,0.00331446
EWW,2021-06-10,dividend,0.00787337
EWW,2021-12-13,dividend,0.01387542
EWW,2022-06-09,dividend,0.01514268
EWW,2022-12-13,dividend,0.02048819
EWW,2023-06-07,dividend,0.00739521
EWW,2023-12-20,dividend,0.01514906
EWW,2024-06-11,dividend,0.00829789
EWW,2024-12-17,dividend,0.03170145
EWW,2025-06-16,dividend,0.01805692
EWW,2025-12-16,dividend,0.01918933
EWW,2026-06-15,dividend,0.01471577
EWY,2003-12-22,dividend,0.00620459
EWY,2003-12-31,dividend,0.00337947
EWY,2004-12-23,dividend,0.00355366
EWY,2005-12-23,dividend,0.00592525
EWY,2006-12-20,dividend,0.00677008
EWY,2007-12-24,dividend,0.00566550
EWY,2008-06-25,dividend,0.01167315
EWY,2008-12-23,dividend,0.00670189
EWY,2009-06-23,dividend,0.00597166
EWY,2009-12-22,dividend,0.00248009
EWY,2010-06-23,dividend,0.00573325
EWY,2010-12-21,dividend,0.00289776
EWY,2011-06-22,dividend,0.00521174
EWY,2011-12-20,dividend,0.00759566
EWY,2012-12-18,dividend,0.00587620
EWY,2013-12-18,dividend,0.01453733
EWY,2014-12-17,dividend,0.01192939
EWY,2015-12-21,dividend,0.02409397
EWY,2016-12-21,dividend,0.01203022
EWY,2017-12-19,dividend,0.02968055
EWY,2018-12-18,dividend,0.01371528
EWY,2019-12-16,dividend,0.02184661
EWY,2020-12-14,dividend,0.00770171
EWY,2021-12-13,dividend,0.02123677
EWY,2022-12-13,dividend,0.01212111
EWY,2023-12-20,dividend,0.02609905
EWY,2024-12-17,dividend,0.02391216
EWY,2025-12-16,dividend,0.02246039
EWZ,2002-12-23,dividend,0.01311085
EWZ,2003-12-16,dividend,0.00180041
EWZ,2003-12-22,dividend,0.01580832
EWZ,2003-12-31,dividend,0.00083155
EWZ,2004-12-23,dividend,0.02145284
EWZ,2005-12-23,dividend,0.01751961
EWZ,2006-12-20,dividend,0.01917010
EWZ,2006-12-27,dividend,0.00155364
EWZ,2007-12-24,dividend,0.01492278
EWZ,2008-06-25,dividend,0.00716980
EWZ,2008-12-23,dividend,0.03946936
EWZ,2008-12-29,dividend,0.00630079
EWZ,2009-06-23,dividend,0.00838130
EWZ,2009-12-22,dividend,0.03086845
EWZ,2009-12-29,dividend,0.00149962
EWZ,2010-06-23,dividend,0.00413378
EWZ,2010-12-21,dividend,0.03213631
EWZ,2010-12-29,dividend,0.00267850
EWZ,2011-06-22,dividend,0.01534411
EWZ,2011-12-20,dividend,0.00761729
EWZ,2012-06-21,dividend,0.01994646
EWZ,2012-12-18,dividend,0.00711253
EWZ,2012-12-27,dividend,0.00234328
EWZ,2013-06-27,dividend,0.01950740
EWZ,2013-12-18,dividend,0.01337823
EWZ,2014-06-25,dividend,0.01993500
EWZ,2014-12-17,dividend,0.01251422
EWZ,2015-06-25,dividend,0.01838755
EWZ,2015-12-21,dividend,0.01110211
EWZ,2016-06-22,dividend,0.00740688
EWZ,2016-12-21,dividend,0.01268669
EWZ,2017-06-20,dividend,0.00813916
EWZ,2017-12-19,dividend,0.00939390
EWZ,2017-12-28,dividend,0.00124813
EWZ,2018-06-19,dividend,0.01657355
EWZ,2018-12-18,dividend,0.01540278
EWZ,2019-06-17,dividend,0.01273106
EWZ,2019-12-16,dividend,0.01279011
EWZ,2019-12-30,dividend,0.00205452
EWZ,2020-06-15,dividend,0.01188692
EWZ,2020-12-14,dividend,0.00748698
EWZ,2021-06-10,dividend,0.01535669
EWZ,2021-12-13,dividend,0.06913856
EWZ,2021-12-30,dividend,0.00591064
EWZ,2022-06-09,dividend,0.04681303
EWZ,2022-12-13,dividend,0.07461805
EWZ,2023-06-07,dividend,0.02471073
EWZ,2023-12-20,dividend,0.03545399
EWZ,2024-06-11,dividend,0.03300115
EWZ,2024-12-17,dividend,0.04625551
EWZ,2025-06-16,dividend,0.01864253
EWZ,2025-12-16,dividend,0.03154855
EWZ,2025-12-30,dividend,0.00338507
EWZ,2026-06-15,dividend,0.00951998
EZA,2003-12-22,dividend,0.01265588
EZA,2004-12-23,dividend,0.01526949
EZA,2005-12-23,dividend,0.01998271
EZA,2006-12-20,dividend,0.02258283
EZA,2007-12-20,dividend,0.02113643
EZA,2008-06-25,dividend,0.02599895
EZA,2008-12-23,dividend,0.02674294
EZA,2009-06-23,dividend,0.02313480
EZA,2009-12-22,dividend,0.02021461
EZA,2010-06-23,dividend,0.00471681
EZA,2010-12-21,dividend,0.02188440
EZA,2011-06-22,dividend,0.01222138
EZA,2011-12-20,dividend,0.01862204
EZA,2012-06-21,dividend,0.01557303
EZA,2012-12-18,dividend,0.01656482
EZA,2013-06-27,dividend,0.01174101
EZA,2013-12-18,dividend,0.01516574
EZA,2014-06-25,dividend,0.00908468
EZA,2014-12-17,dividend,0.01359703
EZA,2015-06-25,dividend,0.00871636
EZA,2015-12-21,dividend,0.01803710
EZA,2016-06-22,dividend,0.03071987
EZA,2016-12-21,dividend,0.01074639
EZA,2017-06-20,dividend,0.00809752
EZA,2017-12-19,dividend,0.00944682
EZA,2018-06-19,dividend,0.01503430
EZA,2018-12-18,dividend,0.02178307
EZA,2019-06-17,dividend,0.02540817
EZA,2019-12-16,dividend,0.10165280
EZA,2020-06-15,dividend,0.01797408
EZA,2020-12-14,dividend,0.04204753
EZA,2021-06-10,dividend,0.00929942
EZA,2021-12-13,dividend,0.01017959
EZA,2022-06-09,dividend,0.02150769
EZA,2022-12-13,dividend,0.01558978
EZA,2023-06-07,dividend,0.01758826
EZA,2023-12-20,dividend,0.01233725
EZA,2024-06-11,dividend,0.01584013
EZA,2024-12-17,dividend,0.05187413
EZA,2025-06-16,dividend,0.01188442
EZA,2025-12-16,dividend,0.05471295
EZA,2026-06-15,dividend,0.02191454
EZU,2002-12-23,dividend,0.01043115
EZU,2003-12-16,dividend,0.00192219
EZU,2003-12-22,dividend,0.01335044
EZU,2004-12-23,dividend,0.01824669
EZU,2005-12-23,dividend,0.01693611
EZU,2006-12-20,dividend,0.01801942
EZU,2007-12-20,dividend,0.02562771
EZU,2008-06-25,dividend,0.03672405
EZU,2008-12-23,dividend,0.01848035
EZU,2009-06-23,dividend,0.02578263
EZU,2009-12-22,dividend,0.00799612
EZU,2010-06-23,dividend,0.02080815
EZU,2010-12-21,dividend,0.00815249
EZU,2011-06-22,dividend,0.02261942
EZU,2011-12-20,dividend,0.01167020
EZU,2012-06-21,dividend,0.02941177
EZU,2012-12-18,dividend,0.00329952
EZU,2012-12-27,dividend,0.00042455
EZU,2013-06-27,dividend,0.02450437
EZU,2013-12-18,dividend,0.00322300
EZU,2014-06-25,dividend,0.01923575
EZU,2014-12-17,dividend,0.00725802
EZU,2015-06-25,dividend,0.01755460
EZU,2015-12-21,dividend,0.00220422
EZU,2016-06-22,dividend,0.02488976
EZU,2016-12-21,dividend,0.00653442
EZU,2017-06-20,dividend,0.01560971
EZU,2017-12-19,dividend,0.00437782
EZU,2018-06-19,dividend,0.02440881
EZU,2018-12-18,dividend,0.00543478
EZU,2019-06-17,dividend,0.02675647
EZU,2019-12-16,dividend,0.00411125
EZU,2020-06-15,dividend,0.00888715
EZU,2020-12-14,dividend,0.01441896
EZU,2021-06-10,dividend,0.00952831
EZU,2021-12-13,dividend,0.01246365
EZU,2021-12-30,dividend,0.00246190
EZU,2022-06-09,dividend,0.02291245
EZU,2022-12-13,dividend,0.00433759
EZU,2023-06-07,dividend,0.01955181
EZU,2023-12-20,dividend,0.00742401
EZU,2024-06-11,dividend,0.02063834
EZU,2024-12-17,dividend,0.00673916
EZU,2025-06-16,dividend,0.02107923
EZU,2025-12-16,dividend,0.00957313
EZU,2026-06-15,dividend,0.01791875
FALN,2016-08-01,dividend,0.00733402
FALN,2016-09-01,dividend,0.00646204
FALN,2016-10-03,dividend,0.00580090
FALN,2016-11-01,dividend,0.00524934
FALN,2016-12-01,dividend,0.00809055
FALN,2016-12-22,dividend,0.00289441
FALN,2017-02-01,dividend,0.00504920
FALN,2017-03-01,dividend,0.00498497
FALN,2017-04-03,dividend,0.00495158
FALN,2017-05-01,dividend,0.00484447
FALN,2017-06-01,dividend,0.00488944
FALN,2017-07-03,dividend,0.00496433
FALN,2017-08-01,dividend,0.00483162
FALN,2017-09-01,dividend,0.00498309
FALN,2017-10-02,dividend,0.00491614
FALN,2017-11-01,dividend,0.00469993
FALN,2017-12-01,dividend,0.01692104
FALN,2017-12-21,dividend,0.00339258
FALN,2018-02-01,dividend,0.00436522
FALN,2018-03-01,dividend,0.00408441
FALN,2018-04-02,dividend,0.00418410
FALN,2018-05-01,dividend,0.00440111
FALN,2018-06-01,dividend,0.00475014
FALN,2018-07-02,dividend,0.00469878
FALN,2018-08-01,dividend,0.00470481
FALN,2018-09-04,dividend,0.00450076
FALN,2018-10-01,dividend,0.00476839
FALN,2018-11-01,dividend,0.00520065
FALN,2018-12-03,dividend,0.00481515
FALN,2018-12-18,dividend,0.00524828
FALN,2019-02-01,dividend,0.00498171
FALN,2019-03-01,dividend,0.00500481
FALN,2019-04-01,dividend,0.00473264
FALN,2019-05-01,dividend,0.00457052
FALN,2019-06-03,dividend,0.00467344
FALN,2019-07-01,dividend,0.00456880
FALN,2019-08-01,dividend,0.00472725
FALN,2019-09-03,dividend,0.00449775
FALN,2019-10-01,dividend,0.00442744
FALN,2019-11-01,dividend,0.00474773
FALN,2019-12-02,dividend,0.00471698
FALN,2019-12-19,dividend,0.00332226
FALN,2020-02-03,dividend,0.00448233
FALN,2020-03-02,dividend,0.00453880
FALN,2020-04-01,dividend,0.00587207
FALN,2020-05-01,dividend,0.00528247
FALN,2020-06-01,dividend,0.00462028
FALN,2020-07-01,dividend,0.00498466
FALN,2020-08-03,dividend,0.00471919
FALN,2020-09-01,dividend,0.00458103
FALN,2020-10-01,dividend,0.00478469
FALN,2020-11-02,dividend,0.00467290
FALN,2020-12-01,dividend,0.00421471
FALN,2020-12-17,dividend,0.00423015
FALN,2021-02-01,dividend,0.00375940
FALN,2021-03-01,dividend,0.00339611
FALN,2021-04-01,dividend,0.00305307
FALN,2021-05-03,dividend,0.00272201
FALN,2021-06-01,dividend,0.00271924
FALN,2021-07-01,dividend,0.00250962
FALN,2021-08-02,dividend,0.00259550
FALN,2021-09-01,dividend,0.00255026
FALN,2021-10-01,dividend,0.00276418
FALN,2021-11-01,dividend,0.00269560
FALN,2021-12-01,dividend,0.00261700
FALN,2021-12-16,dividend,0.00295480
FALN,2022-02-01,dividend,0.00310418
FALN,2022-03-01,dividend,0.00342319
FALN,2022-04-01,dividend,0.00376049
FALN,2022-05-02,dividend,0.00366356
FALN,2022-06-01,dividend,0.00375555
FALN,2022-07-01,dividend,0.00395547
FALN,2022-08-01,dividend,0.00437363
FALN,2022-09-01,dividend,0.00411720
FALN,2022-10-03,dividend,0.00432828
FALN,2022-11-01,dividend,0.00567045
FALN,2022-12-01,dividend,0.00438438
FALN,2022-12-15,dividend,0.00423763
FALN,2023-02-01,dividend,0.00444235
FALN,2023-03-01,dividend,0.00446159
FALN,2023-04-03,dividend,0.00429219
FALN,2023-05-01,dividend,0.00454981
FALN,2023-06-01,dividend,0.00451649
FALN,2023-07-03,dividend,0.00443424
FALN,2023-08-01,dividend,0.00572331
FALN,2023-09-01,dividend,0.00458063
FALN,2023-10-02,dividend,0.00490295
FALN,2023-11-01,dividend,0.00463172
FALN,2023-12-01,dividend,0.00474468
FALN,2023-12-14,dividend,0.00503855
FALN,2024-02-01,dividend,0.00458681
FALN,2024-03-01,dividend,0.00507460
FALN,2024-04-01,dividend,0.00633172
FALN,2024-05-01,dividend,0.00510615
FALN,2024-06-03,dividend,0.00536346
FALN,2024-07-01,dividend,0.00529710
FALN,2024-08-01,dividend,0.00521556
FALN,2024-09-03,dividend,0.00500278
FALN,2024-10-01,dividend,0.00511011
FALN,2024-11-01,dividend,0.00527123
FALN,2024-12-02,dividend,0.00503991
FALN,2024-12-18,dividend,0.00508292
FALN,2025-02-03,dividend,0.00531065
FALN,2025-03-03,dividend,0.00507351
FALN,2025-04-01,dividend,0.00529101
FALN,2025-05-01,dividend,0.00589451
FALN,2025-06-02,dividend,0.00540909
FALN,2025-07-01,dividend,0.00492465
FALN,2025-08-01,dividend,0.00528117
FALN,2025-09-02,dividend,0.00522481
FALN,2025-10-01,dividend,0.00521059
FALN,2025-11-03,dividend,0.00551316
FALN,2025-12-01,dividend,0.00528715
FALN,2025-12-19,dividend,0.00539192
FALN,2026-02-02,dividend,0.00536046
FALN,2026-03-02,dividend,0.00550713
FALN,2026-04-01,dividend,0.00534276
FALN,2026-05-01,dividend,0.00563109
FALN,2026-06-01,dividend,0.00550811
FALN,2026-07-01,dividend,0.00520314
FALN,2026-08-03,dividend,0.00552816
FALN,2026-09-01,dividend,0.00528510
FDN,2008-06-23,dividend,0.00155901
FDN,2008-12-23,dividend,0.00096389
FDN,2010-12-21,dividend,0.00112292
FDN,2011-06-21,dividend,0.00032344
FDN,2011-12-21,dividend,0.00034216
FXI,2005-12-23,dividend,0.02011631
FXI,2006-12-21,dividend,0.01272612
FXI,2007-12-24,dividend,0.01187838
FXI,2008-06-23,dividend,0.01279181
FXI,2008-12-22,dividend,0.00685518
FXI,2009-06-22,dividend,0.00882417
FXI,2009-12-21,dividend,0.00537817
FXI,2010-06-21,dividend,0.01141763
FXI,2010-12-20,dividend,0.00398388
FXI,2011-06-21,dividend,0.01662466
FXI,2011-12-19,dividend,0.00229311
FXI,2012-06-20,dividend,0.02499339
FXI,2012-12-17,dividend,0.00219086
FXI,2013-06-25,dividend,0.02697662
FXI,2013-12-17,dividend,0.00455545
FXI,2014-06-24,dividend,0.01466594
FXI,2014-12-19,dividend,0.01264241
FXI,2015-06-24,dividend,0.00516051
FXI,2015-12-21,dividend,0.02189575
FXI,2016-06-21,dividend,0.00736137
FXI,2016-12-22,dividend,0.02001685
FXI,2017-06-20,dividend,0.00440396
FXI,2017-12-21,dividend,0.01988054
FXI,2018-06-19,dividend,0.01325446
FXI,2018-12-18,dividend,0.01112109
FXI,2019-06-17,dividend,0.01015393
FXI,2019-12-16,dividend,0.01884626
FXI,2020-06-15,dividend,0.00832354
FXI,2020-12-14,dividend,0.01504421
FXI,2021-06-10,dividend,0.00328768
FXI,2021-12-13,dividend,0.01129444
FXI,2022-06-09,dividend,0.00429235
FXI,2022-12-13,dividend,0.02116572
FXI,2023-06-07,dividend,0.00553240
FXI,2023-12-20,dividend,0.02572797
FXI,2024-06-11,dividend,0.00318770
FXI,2024-12-17,dividend,0.01496400
FXI,2025-06-16,dividend,0.01411106
FXI,2025-12-16,dividend,0.01085482
FXI,2026-06-15,dividend,0.00750849
GIGB,2017-07-03,dividend,0.00180578
GIGB,2017-08-01,dividend,0.00247772
GIGB,2017-09-01,dividend,0.00147510
GIGB,2017-10-02,dividend,0.00237710
GIGB,2017-11-01,dividend,0.00247960
GIGB,2017-12-01,dividend,0.00240770
GIGB,2017-12-27,dividend,0.00256503
GIGB,2018-02-01,dividend,0.00235683
GIGB,2018-03-01,dividend,0.00270053
GIGB,2018-04-02,dividend,0.00259078
GIGB,2018-05-01,dividend,0.00239011
GIGB,2018-06-01,dividend,0.00201065
GIGB,2018-07-02,dividend,0.00288933
GIGB,2018-08-01,dividend,0.00296699
GIGB,2018-09-04,dividend,0.00296884
GIGB,2018-10-01,dividend,0.00252668
GIGB,2018-11-01,dividend,0.00319149
GIGB,2018-12-03,dividend,0.00284937
GIGB,2018-12-27,dividend,0.00319966
GIGB,2019-02-01,dividend,0.00377662
GIGB,2019-03-01,dividend,0.00281638
GIGB,2019-04-01,dividend,0.00303490
GIGB,2019-05-01,dividend,0.00274393
GIGB,2019-06-03,dividend,0.00238162
GIGB,2019-07-01,dividend,0.00273117
GIGB,2019-08-01,dividend,0.00278769
GIGB,2019-09-03,dividend,0.00259666
GIGB,2019-10-01,dividend,0.00271687
GIGB,2019-11-01,dividend,0.00259102
GIGB,2019-12-02,dividend,0.00257016
GIGB,2019-12-27,dividend,0.00260219
GIGB,2020-02-03,dividend,0.00268677
GIGB,2020-03-02,dividend,0.00227875
GIGB,2020-04-01,dividend,0.00309331
GIGB,2020-05-01,dividend,0.00246523
GIGB,2020-06-01,dividend,0.00229053
GIGB,2020-07-01,dividend,0.00223734
GIGB,2020-08-03,dividend,0.00214163
GIGB,2020-09-01,dividend,0.00202319
GIGB,2020-10-01,dividend,0.00199818
GIGB,2020-11-02,dividend,0.00206366
GIGB,2020-12-01,dividend,0.00186484
GIGB,2020-12-29,dividend,0.00195792
GIGB,2021-02-01,dividend,0.00191703
GIGB,2021-03-01,dividend,0.00181139
GIGB,2021-04-01,dividend,0.00204691
GIGB,2021-05-03,dividend,0.00193907
GIGB,2021-06-01,dividend,0.00178280
GIGB,2021-07-01,dividend,0.00186342
GIGB,2021-08-02,dividend,0.00189788
GIGB,2021-09-01,dividend,0.00186977
GIGB,2021-10-01,dividend,0.00182438
GIGB,2021-11-01,dividend,0.00176458
GIGB,2021-12-01,dividend,0.00186292
GIGB,2021-12-28,dividend,0.00188046
GIGB,2022-02-01,dividend,0.00208736
GIGB,2022-03-01,dividend,0.00187724
GIGB,2022-04-01,dividend,0.00229302
GIGB,2022-05-03,dividend,0.00228183
GIGB,2022-06-01,dividend,0.00219335
GIGB,2022-07-01,dividend,0.00270000
GIGB,2022-08-01,dividend,0.00255334
GIGB,2022-09-01,dividend,0.00250571
GIGB,2022-10-03,dividend,0.00276096
GIGB,2022-11-01,dividend,0.00310457
GIGB,2022-12-01,dividend,0.00265205
GIGB,2022-12-27,dividend,0.00270156
GIGB,2023-02-01,dividend,0.00295049
GIGB,2023-03-01,dividend,0.00259389
GIGB,2023-04-03,dividend,0.00306809
GIGB,2023-05-01,dividend,0.00294856
GIGB,2023-06-01,dividend,0.00277716
GIGB,2023-07-03,dividend,0.00314751
GIGB,2023-08-01,dividend,0.00326485
GIGB,2023-09-01,dividend,0.00307886
GIGB,2023-10-02,dividend,0.00343691
GIGB,2023-11-01,dividend,0.00390049
GIGB,2023-12-01,dividend,0.00320290
GIGB,2023-12-27,dividend,0.00364049
GIGB,2024-02-01,dividend,0.00336920
GIGB,2024-03-01,dividend,0.00303071
GIGB,2024-04-01,dividend,0.00339644
GIGB,2024-05-01,dividend,0.00413671
GIGB,2024-06-03,dividend,0.00356030
GIGB,2024-07-01,dividend,0.00350395
GIGB,2024-08-01,dividend,0.00409836
GIGB,2024-09-03,dividend,0.00346021
GIGB,2024-10-01,dividend,0.00373324
GIGB,2024-11-01,dividend,0.00387105
GIGB,2024-12-02,dividend,0.00354779
GIGB,2024-12-31,dividend,0.00422679
GIGB,2025-02-03,dividend,0.00389838
GIGB,2025-03-03,dividend,0.00366077
GIGB,2025-04-01,dividend,0.00399307
GIGB,2025-05-01,dividend,0.00441989
GIGB,2025-06-02,dividend,0.00398054
GIGB,2025-07-01,dividend,0.00401431
GIGB,2025-08-01,dividend,0.00402881
GIGB,2025-09-02,dividend,0.00372071
GIGB,2025-10-01,dividend,0.00406443
GIGB,2025-11-03,dividend,0.00391676
GIGB,2025-12-01,dividend,0.00343127
GIGB,2025-12-31,dividend,0.00418185
GIGB,2026-02-02,dividend,0.00358888
GIGB,2026-03-02,dividend,0.00342759
GIGB,2026-04-01,dividend,0.00398965
GIGB,2026-05-01,dividend,0.00363525
GIGB,2026-06-01,dividend,0.00368915
GIGB,2026-07-01,dividend,0.00415573
GIGB,2026-08-03,dividend,0.00406559
GIGB,2026-09-01,dividend,0.00411026
GOVT,2012-04-02,dividend,0.00060938
GOVT,2012-05-01,dividend,0.00080289
GOVT,2012-06-01,dividend,0.00074830
GOVT,2012-07-02,dividend,0.00079239
GOVT,2012-08-01,dividend,0.00082453
GOVT,2012-09-04,dividend,0.00078678
GOVT,2012-10-01,dividend,0.00075096
GOVT,2012-12-03,dividend,0.00130347
GOVT,2012-12-26,dividend,0.00063558
GOVT,2013-02-01,dividend,0.00076027
GOVT,2013-03-01,dividend,0.00067748
GOVT,2013-04-01,dividend,0.00079618
GOVT,2013-05-01,dividend,0.00102791
GOVT,2013-06-03,dividend,0.00064402
GOVT,2013-07-01,dividend,0.00061062
GOVT,2013-08-01,dividend,0.00073493
GOVT,2013-09-03,dividend,0.00069807
GOVT,2013-10-01,dividend,0.00073374
GOVT,2013-11-01,dividend,0.00085404
GOVT,2013-12-02,dividend,0.00081566
GOVT,2013-12-26,dividend,0.00090580
GOVT,2014-02-03,dividend,0.00093583
GOVT,2014-03-03,dividend,0.00085265
GOVT,2014-04-01,dividend,0.00097935
GOVT,2014-05-01,dividend,0.00101358
GOVT,2014-06-02,dividend,0.00092604
GOVT,2014-07-01,dividend,0.00100949
GOVT,2014-08-01,dividend,0.00101153
GOVT,2014-09-02,dividend,0.00100060
GOVT,2014-10-01,dividend,0.00092753
GOVT,2014-11-03,dividend,0.00107901
GOVT,2014-12-01,dividend,0.00107088
GOVT,2014-12-24,dividend,0.00103900
GOVT,2015-02-02,dividend,0.00112138
GOVT,2015-03-02,dividend,0.00090598
GOVT,2015-04-01,dividend,0.00097982
GOVT,2015-05-01,dividend,0.00078927
GOVT,2015-06-01,dividend,0.00079239
GOVT,2015-07-01,dividend,0.00104025
GOVT,2015-08-03,dividend,0.00110970
GOVT,2015-09-01,dividend,0.00111191
GOVT,2015-10-01,dividend,0.00110314
GOVT,2015-11-02,dividend,0.00114711
GOVT,2015-12-01,dividend,0.00111323
GOVT,2015-12-24,dividend,0.00111634
GOVT,2016-02-01,dividend,0.00117325
GOVT,2016-05-02,dividend,0.00116822
GOVT,2016-06-01,dividend,0.00124620
GOVT,2016-07-01,dividend,0.00114460
GOVT,2016-08-01,dividend,0.00114068
GOVT,2016-09-01,dividend,0.00111192
GOVT,2016-10-03,dividend,0.00107477
GOVT,2016-11-01,dividend,0.00112661
GOVT,2016-12-01,dividend,0.00112171
GOVT,2016-12-22,dividend,0.00096712
GOVT,2017-02-01,dividend,0.00100060
GOVT,2017-03-01,dividend,0.00111768
GOVT,2017-04-03,dividend,0.00119904
GOVT,2017-05-01,dividend,0.00131124
GOVT,2017-06-01,dividend,0.00134462
GOVT,2017-07-03,dividend,0.00130812
GOVT,2017-08-01,dividend,0.00138696
GOVT,2017-09-01,dividend,0.00137444
GOVT,2017-10-02,dividend,0.00134889
GOVT,2017-11-01,dividend,0.00143403
GOVT,2017-12-01,dividend,0.00139693
GOVT,2017-12-21,dividend,0.00144265
GOVT,2018-02-01,dividend,0.00149719
GOVT,2018-03-01,dividend,0.00142828
GOVT,2018-04-02,dividend,0.00154146
GOVT,2018-05-01,dividend,0.00159699
GOVT,2018-06-01,dividend,0.00175032
GOVT,2018-07-02,dividend,0.00158595
GOVT,2018-08-01,dividend,0.00176035
GOVT,2018-09-04,dividend,0.00175032
GOVT,2018-10-01,dividend,0.00168731
GOVT,2018-11-01,dividend,0.00182149
GOVT,2018-12-03,dividend,0.00180876
GOVT,2018-12-18,dividend,0.00162933
GOVT,2019-02-01,dividend,0.00185081
GOVT,2019-03-01,dividend,0.00169711
GOVT,2019-04-01,dividend,0.00182583
GOVT,2019-05-01,dividend,0.00179677
GOVT,2019-06-03,dividend,0.00179659
GOVT,2019-07-01,dividend,0.00159044
GOVT,2019-08-01,dividend,0.00163246
GOVT,2019-09-03,dividend,0.00161977
GOVT,2019-10-01,dividend,0.00155959
GOVT,2019-11-01,dividend,0.00156196
GOVT,2019-12-02,dividend,0.00153081
GOVT,2019-12-19,dividend,0.00154440
GOVT,2020-02-03,dividend,0.00154431
GOVT,2020-03-02,dividend,0.00136215
GOVT,2020-04-01,dividend,0.00132270
GOVT,2020-05-01,dividend,0.00117744
GOVT,2020-06-01,dividend,0.00114457
GOVT,2020-07-01,dividend,0.00103716
GOVT,2020-08-03,dividend,0.00095565
GOVT,2020-09-01,dividend,0.00093277
GOVT,2020-10-01,dividend,0.00082358
GOVT,2020-11-02,dividend,0.00079716
GOVT,2020-12-01,dividend,0.00953490
GOVT,2020-12-17,dividend,0.00076785
GOVT,2021-02-01,dividend,0.00077494
GOVT,2021-03-01,dividend,0.00071480
GOVT,2021-04-01,dividend,0.00072599
GOVT,2021-05-03,dividend,0.00075930
GOVT,2021-06-01,dividend,0.00083434
GOVT,2021-07-01,dividend,0.00079010
GOVT,2021-08-02,dividend,0.00085607
GOVT,2021-09-01,dividend,0.00085766
GOVT,2021-10-01,dividend,0.00079218
GOVT,2021-11-01,dividend,0.00079338
GOVT,2021-12-01,dividend,0.00082682
GOVT,2021-12-16,dividend,0.00090614
GOVT,2022-02-01,dividend,0.00088608
GOVT,2022-03-01,dividend,0.00085477
GOVT,2022-04-01,dividend,0.00104485
GOVT,2022-05-02,dividend,0.00107776
GOVT,2022-06-01,dividend,0.00112019
GOVT,2022-07-01,dividend,0.00129876
GOVT,2022-08-01,dividend,0.00152747
GOVT,2022-09-01,dividend,0.00152775
GOVT,2022-10-03,dividend,0.00171647
GOVT,2022-11-01,dividend,0.00223514
GOVT,2022-12-01,dividend,0.00205034
GOVT,2022-12-15,dividend,0.00159325
GOVT,2023-02-01,dividend,0.00188955
GOVT,2023-03-01,dividend,0.00176056
GOVT,2023-04-03,dividend,0.00184257
GOVT,2023-05-01,dividend,0.00209482
GOVT,2023-06-01,dividend,0.00216544
GOVT,2023-07-03,dividend,0.00223205
GOVT,2023-08-01,dividend,0.00264084
GOVT,2023-09-01,dividend,0.00234960
GOVT,2023-10-02,dividend,0.00222818
GOVT,2023-11-01,dividend,0.00263000
GOVT,2023-12-01,dividend,0.00245810
GOVT,2023-12-14,dividend,0.00267556
GOVT,2024-02-01,dividend,0.00230967
GOVT,2024-03-01,dividend,0.00234544
GOVT,2024-04-01,dividend,0.00255372
GOVT,2024-05-01,dividend,0.00271493
GOVT,2024-06-03,dividend,0.00263970
GOVT,2024-07-01,dividend,0.00271003
GOVT,2024-08-01,dividend,0.00270176
GOVT,2024-09-03,dividend,0.00271821
GOVT,2024-10-01,dividend,0.00265093
GOVT,2024-11-01,dividend,0.00276838
GOVT,2024-12-02,dividend,0.00275265
GOVT,2024-12-18,dividend,0.00287293
GOVT,2025-02-03,dividend,0.00297606
GOVT,2025-03-03,dividend,0.00265923
GOVT,2025-04-01,dividend,0.00309787
GOVT,2025-05-01,dividend,0.00278067
GOVT,2025-06-02,dividend,0.00299665
GOVT,2025-07-01,dividend,0.00288034
GOVT,2025-08-01,dividend,0.00298875
GOVT,2025-09-02,dividend,0.00296658
GOVT,2025-10-01,dividend,0.00281934
GOVT,2025-11-03,dividend,0.00276625
GOVT,2025-12-01,dividend,0.00293078
GOVT,2025-12-19,dividend,0.00312256
GOVT,2026-02-02,dividend,0.00300379
GOVT,2026-03-02,dividend,0.00274607
GOVT,2026-04-01,dividend,0.00297697
GOVT,2026-05-01,dividend,0.00303283
GOVT,2026-06-01,dividend,0.00312651
GOVT,2026-07-01,dividend,0.00299401
GOVT,2026-08-03,dividend,0.00326228
GOVT,2026-09-01,dividend,0.00339832
HYG,2007-05-01,dividend,0.00277628
HYG,2007-06-01,dividend,0.00553879
HYG,2007-07-02,dividend,0.00591911
HYG,2007-08-01,dividend,0.00647780
HYG,2007-09-04,dividend,0.00612672
HYG,2007-10-01,dividend,0.00620448
HYG,2007-11-01,dividend,0.00654693
HYG,2007-12-03,dividend,0.00629706
HYG,2007-12-27,dividend,0.00557301
HYG,2008-02-01,dividend,0.00671352
HYG,2008-03-03,dividend,0.00639023
HYG,2008-04-01,dividend,0.00663627
HYG,2008-05-01,dividend,0.00571717
HYG,2008-06-02,dividend,0.00645620
HYG,2008-07-01,dividend,0.00692153
HYG,2008-08-01,dividend,0.00706526
HYG,2008-09-02,dividend,0.00670999
HYG,2008-10-01,dividend,0.00841458
HYG,2008-11-03,dividend,0.00958350
HYG,2008-12-01,dividend,0.01052799
HYG,2008-12-29,dividend,0.00696246
HYG,2009-02-02,dividend,0.01001194
HYG,2009-03-02,dividend,0.01068743
HYG,2009-04-01,dividend,0.01188118
HYG,2009-05-01,dividend,0.00774330
HYG,2009-06-01,dividend,0.00918081
HYG,2009-07-01,dividend,0.00909236
HYG,2009-09-01,dividend,0.00853416
HYG,2009-10-01,dividend,0.00815960
HYG,2009-11-02,dividend,0.00825731
HYG,2009-12-01,dividend,0.00724092
HYG,2009-12-29,dividend,0.00656103
HYG,2010-02-01,dividend,0.00768658
HYG,2010-03-01,dividend,0.00741458
HYG,2010-04-01,dividend,0.00744355
HYG,2010-05-03,dividend,0.00716277
HYG,2010-06-01,dividend,0.00759610
HYG,2010-07-01,dividend,0.00734108
HYG,2010-08-02,dividend,0.00676003
HYG,2010-09-01,dividend,0.00717366
HYG,2010-10-01,dividend,0.00654442
HYG,2010-11-01,dividend,0.00662727
HYG,2010-12-01,dividend,0.00660879
HYG,2010-12-28,dividend,0.00638953
HYG,2011-02-01,dividend,0.00641290
HYG,2011-03-01,dividend,0.00625639
HYG,2011-04-01,dividend,0.00619409
HYG,2011-05-02,dividend,0.00617060
HYG,2011-06-01,dividend,0.00612229
HYG,2011-07-01,dividend,0.00636885
HYG,2011-08-01,dividend,0.00604852
HYG,2011-09-01,dividend,0.00639964
HYG,2011-10-03,dividend,0.00649862
HYG,2011-11-01,dividend,0.00589455
HYG,2011-12-01,dividend,0.00633986
HYG,2011-12-27,dividend,0.00597784
HYG,2012-02-01,dividend,0.00558528
HYG,2012-03-01,dividend,0.00582578
HYG,2012-04-02,dividend,0.00600890
HYG,2012-05-01,dividend,0.00557923
HYG,2012-06-01,dividend,0.00617679
HYG,2012-07-02,dividend,0.00567291
HYG,2012-08-01,dividend,0.00550371
HYG,2012-09-04,dividend,0.00550513
HYG,2012-10-01,dividend,0.00525550
HYG,2012-11-01,dividend,0.00551382
HYG,2012-12-03,dividend,0.00525527
HYG,2012-12-26,dividend,0.00541333
HYG,2013-02-01,dividend,0.00533073
HYG,2013-03-01,dividend,0.00538063
HYG,2013-04-01,dividend,0.00517659
HYG,2013-05-01,dividend,0.00488397
HYG,2013-07-01,dividend,0.00527849
HYG,2013-08-01,dividend,0.00487272
HYG,2013-09-03,dividend,0.00525425
HYG,2013-10-01,dividend,0.00485648
HYG,2013-11-01,dividend,0.00481816
HYG,2013-12-02,dividend,0.00481719
HYG,2013-12-26,dividend,0.00501738
HYG,2014-02-03,dividend,0.00494928
HYG,2014-03-03,dividend,0.00488030
HYG,2014-04-01,dividend,0.00471881
HYG,2014-06-02,dividend,0.00451782
HYG,2014-07-01,dividend,0.00435977
HYG,2014-08-01,dividend,0.00465961
HYG,2014-09-02,dividend,0.00456162
HYG,2014-10-01,dividend,0.00425064
HYG,2014-11-03,dividend,0.00436768
HYG,2014-12-01,dividend,0.00457416
HYG,2014-12-24,dividend,0.00427454
HYG,2015-02-02,dividend,0.00404398
HYG,2015-03-02,dividend,0.00427963
HYG,2015-04-01,dividend,0.00447635
HYG,2015-05-01,dividend,0.00442293
HYG,2015-06-01,dividend,0.00442005
HYG,2015-07-01,dividend,0.00444496
HYG,2015-08-03,dividend,0.00450294
HYG,2015-09-01,dividend,0.00444514
HYG,2015-10-01,dividend,0.00478255
HYG,2015-11-02,dividend,0.00460224
HYG,2015-12-01,dividend,0.00479349
HYG,2015-12-24,dividend,0.00524862
HYG,2016-02-01,dividend,0.00493201
HYG,2016-03-01,dividend,0.00522871
HYG,2016-04-01,dividend,0.00464278
HYG,2016-05-02,dividend,0.00455472
HYG,2016-06-01,dividend,0.00480312
HYG,2016-07-01,dividend,0.00468434
HYG,2016-08-01,dividend,0.00448612
HYG,2016-09-01,dividend,0.00428106
HYG,2016-10-03,dividend,0.00442058
HYG,2016-11-01,dividend,0.00448512
HYG,2016-12-01,dividend,0.00444454
HYG,2016-12-22,dividend,0.00330004
HYG,2017-02-01,dividend,0.00437596
HYG,2017-03-01,dividend,0.00434870
HYG,2017-04-03,dividend,0.00424446
HYG,2017-05-01,dividend,0.00425004
HYG,2017-06-01,dividend,0.00425459
HYG,2017-07-03,dividend,0.00427006
HYG,2017-08-01,dividend,0.00413548
HYG,2017-09-01,dividend,0.00417950
HYG,2017-10-02,dividend,0.00411227
HYG,2017-11-01,dividend,0.00413251
HYG,2017-12-01,dividend,0.00424090
HYG,2017-12-21,dividend,0.00413757
HYG,2018-02-01,dividend,0.00419565
HYG,2018-03-01,dividend,0.00396000
HYG,2018-04-02,dividend,0.00408006
HYG,2018-05-01,dividend,0.00423227
HYG,2018-06-01,dividend,0.00450203
HYG,2018-07-02,dividend,0.00447872
HYG,2018-08-01,dividend,0.00425913
HYG,2018-09-04,dividend,0.00430038
HYG,2018-10-01,dividend,0.00450166
HYG,2018-11-01,dividend,0.00492025
HYG,2018-12-03,dividend,0.00450226
HYG,2018-12-18,dividend,0.00473312
HYG,2019-02-01,dividend,0.00456584
HYG,2019-03-01,dividend,0.00445205
HYG,2019-04-01,dividend,0.00437964
HYG,2019-05-01,dividend,0.00421423
HYG,2019-06-03,dividend,0.00454546
HYG,2019-07-01,dividend,0.00442561
HYG,2019-08-01,dividend,0.00422395
HYG,2019-09-03,dividend,0.00425638
HYG,2019-10-01,dividend,0.00401540
HYG,2019-11-01,dividend,0.00416070
HYG,2019-12-02,dividend,0.00391948
HYG,2019-12-19,dividend,0.00356212
HYG,2020-02-03,dividend,0.00417949
HYG,2020-03-02,dividend,0.00441633
HYG,2020-04-01,dividend,0.00500031
HYG,2020-05-01,dividend,0.00458589
HYG,2020-06-01,dividend,0.00388946
HYG,2020-07-01,dividend,0.00420764
HYG,2020-08-03,dividend,0.00398789
HYG,2020-09-01,dividend,0.00400672
HYG,2020-10-01,dividend,0.00425983
HYG,2020-11-02,dividend,0.00428012
HYG,2020-12-01,dividend,0.00395516
HYG,2020-12-17,dividend,0.00413578
HYG,2021-02-01,dividend,0.00365921
HYG,2021-03-01,dividend,0.00354968
HYG,2021-04-01,dividend,0.00336724
HYG,2021-05-03,dividend,0.00336164
HYG,2021-06-01,dividend,0.00333707
HYG,2021-07-01,dividend,0.00331119
HYG,2021-08-02,dividend,0.00322042
HYG,2021-09-01,dividend,0.00312280
HYG,2021-10-01,dividend,0.00330852
HYG,2021-11-01,dividend,0.00318769
HYG,2021-12-01,dividend,0.00328727
HYG,2021-12-16,dividend,0.00341240
HYG,2022-02-01,dividend,0.00360561
HYG,2022-03-01,dividend,0.00367485
HYG,2022-04-01,dividend,0.00405333
HYG,2022-05-02,dividend,0.00388435
HYG,2022-06-01,dividend,0.00386056
HYG,2022-07-01,dividend,0.00447196
HYG,2022-08-01,dividend,0.00388577
HYG,2022-09-01,dividend,0.00491130
HYG,2022-10-03,dividend,0.00491722
HYG,2022-11-01,dividend,0.00381295
HYG,2022-12-01,dividend,0.00421934
HYG,2022-12-15,dividend,0.00523695
HYG,2023-02-01,dividend,0.00482768
HYG,2023-03-01,dividend,0.00603284
HYG,2023-04-03,dividend,0.00452681
HYG,2023-05-01,dividend,0.00432392
HYG,2023-06-01,dividend,0.00476397
HYG,2023-07-03,dividend,0.00536529
HYG,2023-08-01,dividend,0.00473949
HYG,2023-09-01,dividend,0.00466257
HYG,2023-10-02,dividend,0.00522240
HYG,2023-11-01,dividend,0.00533989
HYG,2023-12-01,dividend,0.00454179
HYG,2023-12-14,dividend,0.00490662
HYG,2024-02-01,dividend,0.00495356
HYG,2024-03-01,dividend,0.00566705
HYG,2024-04-01,dividend,0.00508301
HYG,2024-05-01,dividend,0.00524326
HYG,2024-06-03,dividend,0.00464294
HYG,2024-07-01,dividend,0.00524933
HYG,2024-08-01,dividend,0.00520754
HYG,2024-09-03,dividend,0.00478374
HYG,2024-10-01,dividend,0.00486045
HYG,2024-11-01,dividend,0.00498560
HYG,2024-12-02,dividend,0.00451468
HYG,2024-12-18,dividend,0.00515589
HYG,2025-02-03,dividend,0.00451579
HYG,2025-03-03,dividend,0.00467168
HYG,2025-04-01,dividend,0.00484211
HYG,2025-05-01,dividend,0.00510186
HYG,2025-06-02,dividend,0.00472547
HYG,2025-07-01,dividend,0.00469925
HYG,2025-08-01,dividend,0.00502620
HYG,2025-09-02,dividend,0.00473651
HYG,2025-10-01,dividend,0.00469270
HYG,2025-11-03,dividend,0.00507430
HYG,2025-12-01,dividend,0.00463035
HYG,2025-12-19,dividend,0.00471651
HYG,2026-02-02,dividend,0.00491860
HYG,2026-03-02,dividend,0.00488107
HYG,2026-04-01,dividend,0.00482661
HYG,2026-05-01,dividend,0.00521282
HYG,2026-06-01,dividend,0.00509266
HYG,2026-07-01,dividend,0.00461417
HYG,2026-08-03,dividend,0.00483136
HYG,2026-09-01,dividend,0.00545042
IEF,2006-11-01,dividend,0.00370319
IEF,2006-12-01,dividend,0.00361860
IEF,2006-12-27,dividend,0.00287854
IEF,2007-04-02,dividend,0.00387429
IEF,2007-07-02,dividend,0.00386391
IEF,2011-04-01,dividend,0.00266902
IEF,2011-05-02,dividend,0.00255527
IEF,2011-06-01,dividend,0.00253074
IEF,2011-07-01,dividend,0.00240591
IEF,2011-08-01,dividend,0.00241411
IEF,2011-09-01,dividend,0.00222395
IEF,2011-10-03,dividend,0.00201185
IEF,2011-11-01,dividend,0.00202198
IEF,2011-12-01,dividend,0.00192734
IEF,2011-12-27,dividend,0.00181084
IEF,2012-02-01,dividend,0.00179209
IEF,2012-03-01,dividend,0.00161351
IEF,2012-04-02,dividend,0.00171680
IEF,2012-05-01,dividend,0.00159195
IEF,2012-06-01,dividend,0.00157279
IEF,2012-07-02,dividend,0.00148356
IEF,2012-08-01,dividend,0.00148445
IEF,2012-09-04,dividend,0.00138338
IEF,2012-10-01,dividend,0.00130255
IEF,2012-11-01,dividend,0.00134644
IEF,2012-12-03,dividend,0.00125729
IEF,2012-12-26,dividend,0.00140056
IEF,2013-02-01,dividend,0.00132019
IEF,2013-03-01,dividend,0.00118280
IEF,2013-04-01,dividend,0.00134726
IEF,2013-05-01,dividend,0.00123979
IEF,2013-06-03,dividend,0.00134406
IEF,2013-07-01,dividend,0.00135881
IEF,2013-08-01,dividend,0.00137989
IEF,2013-09-03,dividend,0.00150260
IEF,2013-10-01,dividend,0.00150155
IEF,2013-11-01,dividend,0.00157142
IEF,2013-12-02,dividend,0.00161356
IEF,2013-12-26,dividend,0.00164246
IEF,2014-02-03,dividend,0.00171348
IEF,2014-03-03,dividend,0.00161799
IEF,2014-04-01,dividend,0.00186376
IEF,2014-05-01,dividend,0.00189712
IEF,2014-06-02,dividend,0.00168709
IEF,2014-07-01,dividend,0.00185490
IEF,2014-08-01,dividend,0.00189574
IEF,2014-09-02,dividend,0.00172496
IEF,2014-10-01,dividend,0.00182330
IEF,2014-11-03,dividend,0.00171892
IEF,2014-12-01,dividend,0.00169495
IEF,2014-12-24,dividend,0.00147680
IEF,2015-02-02,dividend,0.00164569
IEF,2015-03-02,dividend,0.00157991
IEF,2015-04-01,dividend,0.00161297
IEF,2015-05-01,dividend,0.00151796
IEF,2015-06-01,dividend,0.00158155
IEF,2015-07-01,dividend,0.00154728
IEF,2015-08-03,dividend,0.00154273
IEF,2015-09-01,dividend,0.00157107
IEF,2015-10-01,dividend,0.00152315
IEF,2015-11-02,dividend,0.00152316
IEF,2015-12-01,dividend,0.00155100
IEF,2015-12-24,dividend,0.00154399
IEF,2016-02-01,dividend,0.00145867
IEF,2016-03-01,dividend,0.00142331
IEF,2016-04-01,dividend,0.00152562
IEF,2016-05-02,dividend,0.00146517
IEF,2016-06-01,dividend,0.00148939
IEF,2016-07-01,dividend,0.00139453
IEF,2016-08-01,dividend,0.00140015
IEF,2016-09-01,dividend,0.00139087
IEF,2016-10-03,dividend,0.00133981
IEF,2016-11-01,dividend,0.00139665
IEF,2016-12-01,dividend,0.00141944
IEF,2016-12-22,dividend,0.00158286
IEF,2017-02-01,dividend,0.00151627
IEF,2017-03-01,dividend,0.00137087
IEF,2017-04-03,dividend,0.00150291
IEF,2017-05-01,dividend,0.00150366
IEF,2017-06-01,dividend,0.00152482
IEF,2017-07-03,dividend,0.00149398
IEF,2017-08-01,dividend,0.00154662
IEF,2017-09-01,dividend,0.00150090
IEF,2017-10-02,dividend,0.00149128
IEF,2017-11-01,dividend,0.00154762
IEF,2017-12-01,dividend,0.00151073
IEF,2017-12-21,dividend,0.00156191
IEF,2018-02-01,dividend,0.00162387
IEF,2018-03-01,dividend,0.00155929
IEF,2018-04-02,dividend,0.00169616
IEF,2018-05-01,dividend,0.00187991
IEF,2018-06-01,dividend,0.00197338
IEF,2018-07-02,dividend,0.00185013
IEF,2018-08-01,dividend,0.00196401
IEF,2018-09-04,dividend,0.00200493
IEF,2018-10-01,dividend,0.00201868
IEF,2018-11-01,dividend,0.00214712
IEF,2018-12-03,dividend,0.00208593
IEF,2018-12-18,dividend,0.00206689
IEF,2019-02-01,dividend,0.00209835
IEF,2019-03-01,dividend,0.00191191
IEF,2019-04-01,dividend,0.00204232
IEF,2019-05-01,dividend,0.00199729
IEF,2019-06-03,dividend,0.00195133
IEF,2019-07-01,dividend,0.00174780
IEF,2019-08-01,dividend,0.00176148
IEF,2019-09-03,dividend,0.00166895
IEF,2019-10-01,dividend,0.00151793
IEF,2019-11-01,dividend,0.00149378
IEF,2019-12-02,dividend,0.00143545
IEF,2019-12-19,dividend,0.00141727
IEF,2020-02-03,dividend,0.00134414
IEF,2020-03-02,dividend,0.00119639
IEF,2020-04-01,dividend,0.00118549
IEF,2020-05-01,dividend,0.00105190
IEF,2020-06-01,dividend,0.00100227
IEF,2020-07-01,dividend,0.00090307
IEF,2020-08-03,dividend,0.00081335
IEF,2020-09-01,dividend,0.00072424
IEF,2020-10-01,dividend,0.00065058
IEF,2020-11-02,dividend,0.00063263
IEF,2020-12-01,dividend,0.00066247
IEF,2020-12-17,dividend,0.00060508
IEF,2021-02-01,dividend,0.00065364
IEF,2021-03-01,dividend,0.00060358
IEF,2021-04-01,dividend,0.00061735
IEF,2021-05-03,dividend,0.00065338
IEF,2021-06-01,dividend,0.00068719
IEF,2021-07-01,dividend,0.00066448
IEF,2021-08-02,dividend,0.00064663
IEF,2021-09-01,dividend,0.00068631
IEF,2021-10-01,dividend,0.00069600
IEF,2021-11-01,dividend,0.00071051
IEF,2021-12-01,dividend,0.00075736
IEF,2021-12-16,dividend,0.00091635
IEF,2022-02-01,dividend,0.00096053
IEF,2022-03-01,dividend,0.00090071
IEF,2022-04-01,dividend,0.00113000
IEF,2022-05-02,dividend,0.00121700
IEF,2022-06-01,dividend,0.00125111
IEF,2022-07-01,dividend,0.00151868
IEF,2022-08-01,dividend,0.00175010
IEF,2022-09-01,dividend,0.00177354
IEF,2022-10-03,dividend,0.00194371
IEF,2022-11-01,dividend,0.00214775
IEF,2022-12-01,dividend,0.00198790
IEF,2022-12-15,dividend,0.00194035
IEF,2023-02-01,dividend,0.00213866
IEF,2023-03-01,dividend,0.00204893
IEF,2023-04-03,dividend,0.00197711
IEF,2023-05-01,dividend,0.00239240
IEF,2023-06-01,dividend,0.00236172
IEF,2023-07-03,dividend,0.00240018
IEF,2023-08-01,dividend,0.00252287
IEF,2023-09-01,dividend,0.00255023
IEF,2023-10-02,dividend,0.00260862
IEF,2023-11-01,dividend,0.00277690
IEF,2023-12-01,dividend,0.00266501
IEF,2023-12-14,dividend,0.00294685
IEF,2024-02-01,dividend,0.00244552
IEF,2024-03-01,dividend,0.00264539
IEF,2024-04-01,dividend,0.00291397
IEF,2024-05-01,dividend,0.00296253
IEF,2024-06-03,dividend,0.00297880
IEF,2024-07-01,dividend,0.00304398
IEF,2024-08-01,dividend,0.00300943
IEF,2024-09-03,dividend,0.00296888
IEF,2024-10-01,dividend,0.00291406
IEF,2024-11-01,dividend,0.00308494
IEF,2024-12-02,dividend,0.00306770
IEF,2024-12-18,dividend,0.00328104
IEF,2025-02-03,dividend,0.00318596
IEF,2025-03-03,dividend,0.00288882
IEF,2025-04-01,dividend,0.00318412
IEF,2025-05-01,dividend,0.00326195
IEF,2025-06-02,dividend,0.00327937
IEF,2025-07-01,dividend,0.00316610
IEF,2025-08-01,dividend,0.00325371
IEF,2025-09-02,dividend,0.00326720
IEF,2025-10-01,dividend,0.00305288
IEF,2025-11-03,dividend,0.00313671
IEF,2025-12-01,dividend,0.00295835
IEF,2025-12-19,dividend,0.00323149
IEF,2026-02-02,dividend,0.00325188
IEF,2026-03-02,dividend,0.00288565
IEF,2026-04-01,dividend,0.00332318
IEF,2026-05-01,dividend,0.00328975
IEF,2026-06-01,dividend,0.00335125
IEF,2026-07-01,dividend,0.00328910
IEF,2026-08-03,dividend,0.00341631
IEF,2026-09-01,dividend,0.00358038
IEI,2011-04-01,dividend,0.00173768
IEI,2011-05-02,dividend,0.00167007
IEI,2011-06-01,dividend,0.00169662
IEI,2011-07-01,dividend,0.00156291
IEI,2011-08-01,dividend,0.00157906
IEI,2011-09-01,dividend,0.00134938
IEI,2011-10-03,dividend,0.00119404
IEI,2011-11-01,dividend,0.00126898
IEI,2011-12-01,dividend,0.00106695
IEI,2011-12-27,dividend,0.00099251
IEI,2012-02-01,dividend,0.00102431
IEI,2012-03-01,dividend,0.00090274
IEI,2012-04-02,dividend,0.00092927
IEI,2012-05-01,dividend,0.00090709
IEI,2012-06-01,dividend,0.00086232
IEI,2012-07-02,dividend,0.00078841
IEI,2012-08-01,dividend,0.00073128
IEI,2012-09-04,dividend,0.00054751
IEI,2012-10-01,dividend,0.00051095
IEI,2012-11-01,dividend,0.00051169
IEI,2012-12-03,dividend,0.00046621
IEI,2012-12-26,dividend,0.00051233
IEI,2013-02-01,dividend,0.00053601
IEI,2013-03-01,dividend,0.00046575
IEI,2013-04-01,dividend,0.00053475
IEI,2013-05-01,dividend,0.00050035
IEI,2013-06-03,dividend,0.00047588
IEI,2013-07-01,dividend,0.00051228
IEI,2013-08-01,dividend,0.00071643
IEI,2013-09-03,dividend,0.00066699
IEI,2013-10-01,dividend,0.00078055
IEI,2013-11-01,dividend,0.00086945
IEI,2013-12-02,dividend,0.00076439
IEI,2013-12-26,dividend,0.00080298
IEI,2014-02-03,dividend,0.00088819
IEI,2014-03-03,dividend,0.00084311
IEI,2014-04-01,dividend,0.00101903
IEI,2014-05-01,dividend,0.00098776
IEI,2014-06-02,dividend,0.00100548
IEI,2014-07-01,dividend,0.00101051
IEI,2014-08-01,dividend,0.00106847
IEI,2014-09-02,dividend,0.00106517
IEI,2014-10-01,dividend,0.00112875
IEI,2014-11-03,dividend,0.00111942
IEI,2014-12-01,dividend,0.00113826
IEI,2014-12-24,dividend,0.00109844
IEI,2015-02-02,dividend,0.00113808
IEI,2015-03-02,dividend,0.00104784
IEI,2015-04-01,dividend,0.00114085
IEI,2015-05-01,dividend,0.00109520
IEI,2015-06-01,dividend,0.00119856
IEI,2015-07-01,dividend,0.00109765
IEI,2015-08-03,dividend,0.00116986
IEI,2015-09-01,dividend,0.00117146
IEI,2015-10-01,dividend,0.00114539
IEI,2015-11-02,dividend,0.00118733
IEI,2015-12-01,dividend,0.00117474
IEI,2015-12-24,dividend,0.00120397
IEI,2016-02-01,dividend,0.00118351
IEI,2016-03-01,dividend,0.00106074
IEI,2016-04-01,dividend,0.00114739
IEI,2016-05-02,dividend,0.00110009
IEI,2016-06-01,dividend,0.00111893
IEI,2016-07-01,dividend,0.00105432
IEI,2016-08-01,dividend,0.00106285
IEI,2016-09-01,dividend,0.00105277
IEI,2016-10-03,dividend,0.00102876
IEI,2016-11-01,dividend,0.00107486
IEI,2016-12-01,dividend,0.00106553
IEI,2016-12-22,dividend,0.00102310
IEI,2017-02-01,dividend,0.00114739
IEI,2017-03-01,dividend,0.00106887
IEI,2017-04-03,dividend,0.00116630
IEI,2017-05-01,dividend,0.00119941
IEI,2017-06-01,dividend,0.00123762
IEI,2017-07-03,dividend,0.00122952
IEI,2017-08-01,dividend,0.00129793
IEI,2017-09-01,dividend,0.00129310
IEI,2017-10-02,dividend,0.00128094
IEI,2017-11-01,dividend,0.00134300
IEI,2017-12-01,dividend,0.00131159
IEI,2017-12-21,dividend,0.00138233
IEI,2018-02-01,dividend,0.00137560
IEI,2018-03-01,dividend,0.00135737
IEI,2018-04-02,dividend,0.00147509
IEI,2018-05-01,dividend,0.00159963
IEI,2018-06-01,dividend,0.00171541
IEI,2018-07-02,dividend,0.00160627
IEI,2018-08-01,dividend,0.00176976
IEI,2018-09-04,dividend,0.00169760
IEI,2018-10-01,dividend,0.00175594
IEI,2018-11-01,dividend,0.00184421
IEI,2018-12-03,dividend,0.00176809
IEI,2018-12-18,dividend,0.00179402
IEI,2019-02-01,dividend,0.00188181
IEI,2019-03-01,dividend,0.00179468
IEI,2019-04-01,dividend,0.00186238
IEI,2019-05-01,dividend,0.00185557
IEI,2019-06-03,dividend,0.00180643
IEI,2019-07-01,dividend,0.00169472
IEI,2019-08-01,dividend,0.00174741
IEI,2019-09-03,dividend,0.00168651
IEI,2019-10-01,dividend,0.00157744
IEI,2019-11-01,dividend,0.00150205
IEI,2019-12-02,dividend,0.00144249
IEI,2019-12-19,dividend,0.00140843
IEI,2020-02-03,dividend,0.00155034
IEI,2020-03-02,dividend,0.00138787
IEI,2020-04-01,dividend,0.00121815
IEI,2020-05-01,dividend,0.00094015
IEI,2020-06-01,dividend,0.00093108
IEI,2020-07-01,dividend,0.00085007
IEI,2020-08-03,dividend,0.00085757
IEI,2020-09-01,dividend,0.00079031
IEI,2020-10-01,dividend,0.00071317
IEI,2020-11-02,dividend,0.00068914
IEI,2020-12-01,dividend,0.00067811
IEI,2020-12-17,dividend,0.00065269
IEI,2021-02-01,dividend,0.00065408
IEI,2021-03-01,dividend,0.00059725
IEI,2021-04-01,dividend,0.00060266
IEI,2021-05-03,dividend,0.00060898
IEI,2021-06-01,dividend,0.00058157
IEI,2021-07-01,dividend,0.00056641
IEI,2021-08-02,dividend,0.00059347
IEI,2021-09-01,dividend,0.00060166
IEI,2021-10-01,dividend,0.00056883
IEI,2021-11-01,dividend,0.00060414
IEI,2021-12-01,dividend,0.00059018
IEI,2021-12-16,dividend,0.00064419
IEI,2022-02-01,dividend,0.00064147
IEI,2022-03-01,dividend,0.00062621
IEI,2022-04-01,dividend,0.00079102
IEI,2022-05-02,dividend,0.00079350
IEI,2022-06-01,dividend,0.00083618
IEI,2022-07-01,dividend,0.00100139
IEI,2022-08-01,dividend,0.00118205
IEI,2022-09-01,dividend,0.00129206
IEI,2022-10-03,dividend,0.00142068
IEI,2022-11-01,dividend,0.00151940
IEI,2022-12-01,dividend,0.00157673
IEI,2022-12-15,dividend,0.00164553
IEI,2023-02-01,dividend,0.00154133
IEI,2023-03-01,dividend,0.00167695
IEI,2023-04-03,dividend,0.00173226
IEI,2023-05-01,dividend,0.00170482
IEI,2023-06-01,dividend,0.00187950
IEI,2023-07-03,dividend,0.00192731
IEI,2023-08-01,dividend,0.00197829
IEI,2023-09-01,dividend,0.00201635
IEI,2023-10-02,dividend,0.00214467
IEI,2023-11-01,dividend,0.00244651
IEI,2023-12-01,dividend,0.00239089
IEI,2023-12-14,dividend,0.00250402
IEI,2024-02-01,dividend,0.00243896
IEI,2024-03-01,dividend,0.00237796
IEI,2024-04-01,dividend,0.00263914
IEI,2024-05-01,dividend,0.00260399
IEI,2024-06-03,dividend,0.00260832
IEI,2024-07-01,dividend,0.00260810
IEI,2024-08-01,dividend,0.00268078
IEI,2024-09-03,dividend,0.00269328
IEI,2024-10-01,dividend,0.00263298
IEI,2024-11-01,dividend,0.00274285
IEI,2024-12-02,dividend,0.00265573
IEI,2024-12-18,dividend,0.00284255
IEI,2025-02-03,dividend,0.00283490
IEI,2025-03-03,dividend,0.00257941
IEI,2025-04-01,dividend,0.00289259
IEI,2025-05-01,dividend,0.00280626
IEI,2025-06-02,dividend,0.00307035
IEI,2025-07-01,dividend,0.00287359
IEI,2025-08-01,dividend,0.00296322
IEI,2025-09-02,dividend,0.00291132
IEI,2025-10-01,dividend,0.00289643
IEI,2025-11-03,dividend,0.00305774
IEI,2025-12-01,dividend,0.00291180
IEI,2025-12-19,dividend,0.00309620
IEI,2026-02-02,dividend,0.00307540
IEI,2026-03-02,dividend,0.00274350
IEI,2026-04-01,dividend,0.00304796
IEI,2026-05-01,dividend,0.00304200
IEI,2026-06-01,dividend,0.00313761
IEI,2026-07-01,dividend,0.00308673
IEI,2026-08-03,dividend,0.00325356
IEI,2026-09-01,dividend,0.00319655
IGIB,2007-02-01,dividend,0.00293684
IGIB,2007-03-01,dividend,0.00399976
IGIB,2007-04-02,dividend,0.00433857
IGIB,2007-05-01,dividend,0.00426734
IGIB,2007-06-01,dividend,0.00452206
IGIB,2007-07-02,dividend,0.00448530
IGIB,2007-08-01,dividend,0.00474932
IGIB,2007-09-04,dividend,0.00439625
IGIB,2007-10-01,dividend,0.00440990
IGIB,2007-11-01,dividend,0.00440176
IGIB,2007-12-03,dividend,0.00412982
IGIB,2007-12-27,dividend,0.00410432
IGIB,2008-02-01,dividend,0.00360976
IGIB,2008-03-03,dividend,0.00342053
IGIB,2008-04-01,dividend,0.00395560
IGIB,2008-05-01,dividend,0.00380707
IGIB,2008-06-02,dividend,0.00375244
IGIB,2008-07-01,dividend,0.00374380
IGIB,2008-08-01,dividend,0.00403470
IGIB,2008-09-02,dividend,0.00353500
IGIB,2008-10-01,dividend,0.00423315
IGIB,2008-11-03,dividend,0.00445648
IGIB,2008-12-01,dividend,0.00428242
IGIB,2008-12-29,dividend,0.00344007
IGIB,2009-02-02,dividend,0.00427832
IGIB,2009-03-02,dividend,0.00427485
IGIB,2009-04-01,dividend,0.00453454
IGIB,2009-05-01,dividend,0.00413188
IGIB,2009-06-01,dividend,0.00445243
IGIB,2009-07-01,dividend,0.00403663
IGIB,2009-08-03,dividend,0.00410830
IGIB,2009-09-01,dividend,0.00388633
IGIB,2009-10-01,dividend,0.00383105
IGIB,2009-11-02,dividend,0.00397585
IGIB,2009-12-01,dividend,0.00371175
IGIB,2009-12-29,dividend,0.00364359
IGIB,2010-02-01,dividend,0.00376327
IGIB,2010-03-01,dividend,0.00366548
IGIB,2010-04-01,dividend,0.00369559
IGIB,2010-05-03,dividend,0.00358560
IGIB,2010-06-01,dividend,0.00337122
IGIB,2010-07-01,dividend,0.00348791
IGIB,2010-08-02,dividend,0.00343520
IGIB,2010-09-01,dividend,0.00329849
IGIB,2010-10-01,dividend,0.00336894
IGIB,2010-11-01,dividend,0.00320151
IGIB,2010-12-01,dividend,0.00405185
IGIB,2010-12-28,dividend,0.00331097
IGIB,2011-02-01,dividend,0.00335809
IGIB,2011-03-01,dividend,0.00339009
IGIB,2011-04-01,dividend,0.00330656
IGIB,2011-05-02,dividend,0.00325996
IGIB,2011-06-01,dividend,0.00321838
IGIB,2011-07-01,dividend,0.00324691
IGIB,2011-08-01,dividend,0.00303047
IGIB,2011-09-01,dividend,0.00295340
IGIB,2011-10-03,dividend,0.00306207
IGIB,2011-11-01,dividend,0.00298330
IGIB,2011-12-01,dividend,0.00320352
IGIB,2011-12-27,dividend,0.00278839
IGIB,2012-02-01,dividend,0.00282238
IGIB,2012-03-01,dividend,0.00291577
IGIB,2012-04-02,dividend,0.00282837
IGIB,2012-05-01,dividend,0.00272520
IGIB,2012-06-01,dividend,0.00277579
IGIB,2012-07-02,dividend,0.00267821
IGIB,2012-08-01,dividend,0.00257326
IGIB,2012-09-04,dividend,0.00257139
IGIB,2012-10-01,dividend,0.00252814
IGIB,2012-12-03,dividend,0.00245991
IGIB,2012-12-26,dividend,0.00257997
IGIB,2013-02-01,dividend,0.00238901
IGIB,2013-03-01,dividend,0.00242646
IGIB,2013-04-01,dividend,0.00234488
IGIB,2013-05-01,dividend,0.00229588
IGIB,2013-06-03,dividend,0.00214831
IGIB,2013-07-01,dividend,0.00221432
IGIB,2013-08-01,dividend,0.00217482
IGIB,2013-09-03,dividend,0.00220635
IGIB,2013-10-01,dividend,0.00217278
IGIB,2013-11-01,dividend,0.00218967
IGIB,2013-12-02,dividend,0.00220661
IGIB,2013-12-26,dividend,0.00215377
IGIB,2014-02-03,dividend,0.00211592
IGIB,2014-03-03,dividend,0.00216987
IGIB,2014-04-01,dividend,0.00207656
IGIB,2014-05-01,dividend,0.00213103
IGIB,2014-06-02,dividend,0.00204239
IGIB,2014-07-01,dividend,0.00200966
IGIB,2014-08-01,dividend,0.00201042
IGIB,2014-09-02,dividend,0.00201492
IGIB,2014-10-01,dividend,0.00201668
IGIB,2014-11-03,dividend,0.00200565
IGIB,2014-12-01,dividend,0.00202770
IGIB,2014-12-24,dividend,0.00194410
IGIB,2015-02-02,dividend,0.00197207
IGIB,2015-03-02,dividend,0.00199203
IGIB,2015-04-01,dividend,0.00198278
IGIB,2015-05-01,dividend,0.00201492
IGIB,2015-06-01,dividend,0.00203195
IGIB,2015-07-01,dividend,0.00203426
IGIB,2015-08-03,dividend,0.00203146
IGIB,2015-09-01,dividend,0.00207242
IGIB,2015-10-01,dividend,0.00209462
IGIB,2015-11-02,dividend,0.00204461
IGIB,2015-12-01,dividend,0.00204404
IGIB,2015-12-24,dividend,0.00239509
IGIB,2016-02-01,dividend,0.00206247
IGIB,2016-03-01,dividend,0.00209135
IGIB,2016-04-01,dividend,0.00203714
IGIB,2016-05-02,dividend,0.00203773
IGIB,2016-06-01,dividend,0.00205226
IGIB,2016-07-01,dividend,0.00202639
IGIB,2016-08-01,dividend,0.00197977
IGIB,2016-09-01,dividend,0.00196834
IGIB,2016-10-03,dividend,0.00198868
IGIB,2016-11-01,dividend,0.00199185
IGIB,2016-12-01,dividend,0.00205540
IGIB,2016-12-22,dividend,0.00190370
IGIB,2017-02-01,dividend,0.00207440
IGIB,2017-03-01,dividend,0.00213885
IGIB,2017-04-03,dividend,0.00208768
IGIB,2017-05-01,dividend,0.00210295
IGIB,2017-06-01,dividend,0.00205840
IGIB,2017-07-03,dividend,0.00211779
IGIB,2017-08-01,dividend,0.00210855
IGIB,2017-09-01,dividend,0.00211018
IGIB,2017-10-02,dividend,0.00213782
IGIB,2017-11-01,dividend,0.00211509
IGIB,2017-12-01,dividend,0.00215133
IGIB,2017-12-21,dividend,0.00186449
IGIB,2018-02-01,dividend,0.00215487
IGIB,2018-03-01,dividend,0.00224215
IGIB,2018-04-02,dividend,0.00223362
IGIB,2018-05-01,dividend,0.00227082
IGIB,2018-06-01,dividend,0.00248200
IGIB,2018-07-02,dividend,0.00253843
IGIB,2018-08-01,dividend,0.00274441
IGIB,2018-09-04,dividend,0.00302183
IGIB,2018-10-01,dividend,0.00334448
IGIB,2018-11-01,dividend,0.00352585
IGIB,2018-12-03,dividend,0.00344423
IGIB,2018-12-18,dividend,0.00377518
IGIB,2019-02-01,dividend,0.00329223
IGIB,2019-03-01,dividend,0.00316103
IGIB,2019-04-01,dividend,0.00314734
IGIB,2019-05-01,dividend,0.00308810
IGIB,2019-06-03,dividend,0.00316524
IGIB,2019-07-01,dividend,0.00299401
IGIB,2019-08-01,dividend,0.00295608
IGIB,2019-09-03,dividend,0.00285596
IGIB,2019-10-01,dividend,0.00277008
IGIB,2019-11-01,dividend,0.00277687
IGIB,2019-12-02,dividend,0.00276482
IGIB,2019-12-19,dividend,0.00252578
IGIB,2020-02-03,dividend,0.00270773
IGIB,2020-03-02,dividend,0.00266685
IGIB,2020-04-01,dividend,0.00290353
IGIB,2020-05-01,dividend,0.00275320
IGIB,2020-06-01,dividend,0.00245409
IGIB,2020-07-01,dividend,0.00229076
IGIB,2020-08-03,dividend,0.00204032
IGIB,2020-09-01,dividend,0.00206442
IGIB,2020-10-01,dividend,0.00222497
IGIB,2020-11-02,dividend,0.00225076
IGIB,2020-12-01,dividend,0.00207819
IGIB,2020-12-17,dividend,0.00200238
IGIB,2021-02-01,dividend,0.00192899
IGIB,2021-03-01,dividend,0.00196333
IGIB,2021-04-01,dividend,0.00191146
IGIB,2021-05-03,dividend,0.00186182
IGIB,2021-06-01,dividend,0.00190489
IGIB,2021-07-01,dividend,0.00185406
IGIB,2021-08-02,dividend,0.00185285
IGIB,2021-09-01,dividend,0.00181159
IGIB,2021-10-01,dividend,0.00186829
IGIB,2021-11-01,dividend,0.00186245
IGIB,2021-12-01,dividend,0.00408660
IGIB,2021-12-16,dividend,0.00197458
IGIB,2022-02-01,dividend,0.00192344
IGIB,2022-03-01,dividend,0.00201001
IGIB,2022-04-01,dividend,0.00210026
IGIB,2022-05-02,dividend,0.00234534
IGIB,2022-06-01,dividend,0.00222632
IGIB,2022-07-01,dividend,0.00247379
IGIB,2022-08-01,dividend,0.00242921
IGIB,2022-09-01,dividend,0.00254232
IGIB,2022-10-03,dividend,0.00274155
IGIB,2022-11-01,dividend,0.00282693
IGIB,2022-12-01,dividend,0.00276653
IGIB,2022-12-15,dividend,0.00270254
IGIB,2023-02-01,dividend,0.00285254
IGIB,2023-03-01,dividend,0.00309759
IGIB,2023-04-03,dividend,0.00305140
IGIB,2023-05-01,dividend,0.00311648
IGIB,2023-06-01,dividend,0.00326571
IGIB,2023-07-03,dividend,0.00327348
IGIB,2023-08-01,dividend,0.00333122
IGIB,2023-09-01,dividend,0.00326411
IGIB,2023-10-02,dividend,0.00346520
IGIB,2023-11-01,dividend,0.00359856
IGIB,2023-12-01,dividend,0.00347125
IGIB,2023-12-14,dividend,0.00345211
IGIB,2024-02-01,dividend,0.00343483
IGIB,2024-03-01,dividend,0.00345410
IGIB,2024-04-01,dividend,0.00363721
IGIB,2024-05-01,dividend,0.00367588
IGIB,2024-06-03,dividend,0.00373281
IGIB,2024-07-01,dividend,0.00374004
IGIB,2024-08-01,dividend,0.00369611
IGIB,2024-09-03,dividend,0.00363169
IGIB,2024-10-01,dividend,0.00364316
IGIB,2024-11-01,dividend,0.00372747
IGIB,2024-12-02,dividend,0.00367360
IGIB,2024-12-18,dividend,0.00384615
IGIB,2025-02-03,dividend,0.00383186
IGIB,2025-03-03,dividend,0.00377128
IGIB,2025-04-01,dividend,0.00382263
IGIB,2025-05-01,dividend,0.00386322
IGIB,2025-06-02,dividend,0.00386174
IGIB,2025-07-01,dividend,0.00388064
IGIB,2025-08-01,dividend,0.00392883
IGIB,2025-09-02,dividend,0.00389207
IGIB,2025-10-01,dividend,0.00395345
IGIB,2025-11-03,dividend,0.00391764
IGIB,2025-12-01,dividend,0.00395009
IGIB,2025-12-19,dividend,0.00393336
IGIB,2026-02-02,dividend,0.00388469
IGIB,2026-03-02,dividend,0.00394136
IGIB,2026-04-01,dividend,0.00413200
IGIB,2026-05-01,dividend,0.00408871
IGIB,2026-06-01,dividend,0.00406749
IGIB,2026-07-01,dividend,0.00406005
IGIB,2026-08-03,dividend,0.00422508
IGIB,2026-09-01,dividend,0.00427186
IGV,2004-12-27,dividend,0.00756623
IGV,2005-03-28,dividend,0.00099445
IGV,2005-12-23,dividend,0.00002438
IGV,2006-12-21,dividend,0.00002230
IGV,2011-12-22,dividend,0.00041077
IGV,2012-03-26,dividend,0.00077208
IGV,2012-06-19,dividend,0.00054225
IGV,2012-09-25,dividend,0.00032448
IGV,2012-12-19,dividend,0.00103248
IGV,2013-03-25,dividend,0.00063985
IGV,2013-06-26,dividend,0.00063322
IGV,2013-09-24,dividend,0.00161047
IGV,2013-12-23,dividend,0.00074479
IGV,2014-03-25,dividend,0.00095831
IGV,2014-06-24,dividend,0.00085075
IGV,2014-09-24,dividend,0.00056758
IGV,2014-12-24,dividend,0.00070606
IGV,2015-03-25,dividend,0.00048338
IGV,2015-06-24,dividend,0.00075478
IGV,2015-09-25,dividend,0.00051621
IGV,2015-12-24,dividend,0.00052705
IGV,2016-03-23,dividend,0.00768936
IGV,2016-06-21,dividend,0.00058338
IGV,2016-09-26,dividend,0.00035417
IGV,2016-12-21,dividend,0.00024165
IGV,2017-03-24,dividend,0.00044838
IGV,2017-06-27,dividend,0.00046268
IGV,2017-09-26,dividend,0.00015328
IGV,2017-12-19,dividend,0.00001271
IGV,2018-03-22,dividend,0.00009618
IGV,2018-06-26,dividend,0.00020893
IGV,2018-12-17,dividend,0.00124747
IGV,2019-06-17,dividend,0.00021668
IGV,2020-03-25,dividend,0.00574036
IGV,2020-06-15,dividend,0.00026012
IGV,2022-06-09,dividend,0.00007758
IGV,2023-06-07,dividend,0.00007506
IGV,2026-06-15,dividend,0.00018747
IHI,2006-06-22,dividend,0.00002153
IHI,2008-12-23,dividend,0.00107186
IHI,2009-12-23,dividend,0.00069956
IHI,2010-03-25,dividend,0.00082302
IHI,2010-12-22,dividend,0.00057189
IHI,2011-03-25,dividend,0.00012657
IHI,2011-06-24,dividend,0.00034974
IHI,2011-09-23,dividend,0.00078968
IHI,2011-12-22,dividend,0.00137369
IHI,2012-03-26,dividend,0.00053481
IHI,2012-06-19,dividend,0.00136138
IHI,2012-09-25,dividend,0.00106157
IHI,2012-12-19,dividend,0.00340459
IHI,2013-06-26,dividend,0.00070647
IHI,2013-09-24,dividend,0.00088679
IHI,2013-12-23,dividend,0.00189303
IHI,2014-03-25,dividend,0.00101020
IHI,2014-06-24,dividend,0.00192808
IHI,2014-09-24,dividend,0.00160989
IHI,2014-12-24,dividend,0.00222035
IHI,2014-12-29,dividend,0.00020105
IHI,2015-03-25,dividend,0.00070445
IHI,2015-06-24,dividend,0.00151557
IHI,2015-09-25,dividend,0.00193242
IHI,2015-12-24,dividend,0.00874764
IHI,2016-03-23,dividend,0.00038235
IHI,2016-06-21,dividend,0.00116179
IHI,2016-09-26,dividend,0.00106597
IHI,2016-12-21,dividend,0.00282029
IHI,2017-03-24,dividend,0.00083802
IHI,2017-06-27,dividend,0.00032348
IHI,2017-09-26,dividend,0.00114363
IHI,2017-12-19,dividend,0.00154356
IHI,2018-03-22,dividend,0.00010090
IHI,2018-06-26,dividend,0.00055235
IHI,2018-09-26,dividend,0.00046316
IHI,2018-12-17,dividend,0.00143685
IHI,2019-06-17,dividend,0.00108159
IHI,2019-09-24,dividend,0.00075669
IHI,2019-12-16,dividend,0.00152832
IHI,2019-12-30,dividend,0.00013967
IHI,2020-03-25,dividend,0.00010244
IHI,2020-06-15,dividend,0.00074193
IHI,2020-09-23,dividend,0.00067771
IHI,2020-12-14,dividend,0.00128492
IHI,2021-03-25,dividend,0.00006842
IHI,2021-06-10,dividend,0.00089894
IHI,2021-09-24,dividend,0.00043687
IHI,2021-12-13,dividend,0.00115596
IHI,2021-12-30,dividend,0.00009081
IHI,2022-03-24,dividend,0.00008562
IHI,2022-06-09,dividend,0.00090070
IHI,2022-09-26,dividend,0.00229358
IHI,2022-12-13,dividend,0.00136507
IHI,2023-03-23,dividend,0.00040416
IHI,2023-06-07,dividend,0.00098629
IHI,2023-09-26,dividend,0.00237880
IHI,2023-12-20,dividend,0.00181706
IHI,2024-03-21,dividend,0.00054254
IHI,2024-06-11,dividend,0.00093877
IHI,2024-09-25,dividend,0.00135685
IHI,2024-12-17,dividend,0.00180399
IHI,2025-03-18,dividend,0.00055205
IHI,2025-06-16,dividend,0.00090513
IHI,2025-09-16,dividend,0.00101196
IHI,2025-12-16,dividend,0.00100612
IHI,2026-03-17,dividend,0.00077426
IHI,2026-06-15,dividend,0.00151225
IHI,2026-09-15,dividend,0.00156434
INDA,2012-06-21,dividend,0.00388086
INDA,2013-12-18,dividend,0.00404791
INDA,2014-06-25,dividend,0.00257854
INDA,2014-12-17,dividend,0.00396533
INDA,2015-06-25,dividend,0.00420071
INDA,2015-12-21,dividend,0.00739919
INDA,2016-06-22,dividend,0.00612297
INDA,2016-12-21,dividend,0.00278447
INDA,2017-06-20,dividend,0.00382790
INDA,2017-12-19,dividend,0.00757233
INDA,2018-06-19,dividend,0.00137420
INDA,2018-12-18,dividend,0.00785300
INDA,2018-12-28,dividend,0.00048553
INDA,2019-06-17,dividend,0.00910318
INDA,2019-12-16,dividend,0.00093838
INDA,2020-06-15,dividend,0.00269848
INDA,2020-12-14,dividend,0.00083121
INDA,2021-06-10,dividend,0.00093131
INDA,2021-12-13,dividend,0.06307925
INDA,2021-12-30,dividend,0.00065574
INDA,2023-06-07,dividend,0.00189663
INDA,2024-12-17,dividend,0.00723468
ITB,2006-06-22,dividend,0.00089778
ITB,2006-09-26,dividend,0.00177120
ITB,2006-12-20,dividend,0.00159328
ITB,2007-03-23,dividend,0.00186481
ITB,2007-06-28,dividend,0.00200958
ITB,2007-09-25,dividend,0.00287208
ITB,2007-12-27,dividend,0.00532879
ITB,2008-03-25,dividend,0.00367489
ITB,2008-06-25,dividend,0.00475973
ITB,2008-09-24,dividend,0.00320606
ITB,2008-12-23,dividend,0.01282709
ITB,2009-06-24,dividend,0.00344531
ITB,2009-09-22,dividend,0.00141780
ITB,2009-12-23,dividend,0.00197759
ITB,2010-03-25,dividend,0.00146199
ITB,2010-06-24,dividend,0.00183977
ITB,2010-09-23,dividend,0.00144398
ITB,2010-12-22,dividend,0.00143062
ITB,2011-03-25,dividend,0.00164572
ITB,2011-06-24,dividend,0.00156250
ITB,2011-09-23,dividend,0.00350322
ITB,2011-12-22,dividend,0.00176189
ITB,2012-03-26,dividend,0.00115938
ITB,2012-06-19,dividend,0.00136196
ITB,2012-09-25,dividend,0.00059148
ITB,2012-12-19,dividend,0.00280505
ITB,2012-12-27,dividend,0.00096572
ITB,2013-03-25,dividend,0.00016532
ITB,2013-06-26,dividend,0.00018160
ITB,2013-09-24,dividend,0.00067401
ITB,2013-12-23,dividend,0.00029657
ITB,2014-03-25,dividend,0.00075025
ITB,2014-06-24,dividend,0.00082816
ITB,2014-09-24,dividend,0.00090521
ITB,2014-12-24,dividend,0.00114575
ITB,2015-03-25,dividend,0.00078830
ITB,2015-06-24,dividend,0.00083101
ITB,2015-09-25,dividend,0.00073556
ITB,2015-12-24,dividend,0.00102294
ITB,2016-03-23,dividend,0.00128418
ITB,2016-06-21,dividend,0.00101848
ITB,2016-09-26,dividend,0.00090596
ITB,2016-12-21,dividend,0.00110324
ITB,2017-03-24,dividend,0.00104177
ITB,2017-06-27,dividend,0.00091964
ITB,2017-09-26,dividend,0.00091070
ITB,2017-12-19,dividend,0.00057877
ITB,2018-03-22,dividend,0.00119486
ITB,2018-06-26,dividend,0.00122719
ITB,2018-09-26,dividend,0.00112209
ITB,2018-12-17,dividend,0.00184672
ITB,2019-03-20,dividend,0.00181616
ITB,2019-06-17,dividend,0.00140432
ITB,2019-09-24,dividend,0.00118008
ITB,2019-12-16,dividend,0.00121776
ITB,2020-03-25,dividend,0.00274187
ITB,2020-06-15,dividend,0.00124773
ITB,2020-09-23,dividend,0.00091318
ITB,2020-12-14,dividend,0.00140812
ITB,2021-03-25,dividend,0.00121719
ITB,2021-06-10,dividend,0.00102558
ITB,2021-09-24,dividend,0.00131486
ITB,2021-12-13,dividend,0.00081955
ITB,2022-03-24,dividend,0.00234615
ITB,2022-06-09,dividend,0.00171694
ITB,2022-09-26,dividend,0.00281021
ITB,2022-12-13,dividend,0.00200662
ITB,2023-03-23,dividend,0.00207684
ITB,2023-06-07,dividend,0.00125649
ITB,2023-09-26,dividend,0.00191360
ITB,2023-12-20,dividend,0.00099725
ITB,2024-03-21,dividend,0.00127568
ITB,2024-06-11,dividend,0.00091319
ITB,2024-09-25,dividend,0.00094937
ITB,2024-12-17,dividend,0.00105667
ITB,2025-03-18,dividend,0.00689380
ITB,2025-06-16,dividend,0.00727208
ITB,2025-09-16,dividend,0.00119615
ITB,2025-12-16,dividend,0.00166471
ITB,2026-03-17,dividend,0.00191286
ITB,2026-06-15,dividend,0.00164271
ITB,2026-09-15,dividend,0.00844383
IWM,2006-12-20,dividend,0.00422830
IWM,2007-03-23,dividend,0.00191256
IWM,2007-06-28,dividend,0.00190211
IWM,2007-09-25,dividend,0.00242693
IWM,2007-12-27,dividend,0.00335972
IWM,2008-03-24,dividend,0.00163643
IWM,2008-07-02,dividend,0.00371729
IWM,2008-09-24,dividend,0.00210995
IWM,2008-12-23,dividend,0.00755810
IWM,2009-03-24,dividend,0.00323937
IWM,2009-07-02,dividend,0.00348404
IWM,2009-09-22,dividend,0.00235409
IWM,2009-12-23,dividend,0.00404602
IWM,2010-03-24,dividend,0.00248169
IWM,2010-07-02,dividend,0.00328560
IWM,2010-09-23,dividend,0.00251128
IWM,2010-12-22,dividend,0.00450755
IWM,2011-03-24,dividend,0.00208252
IWM,2011-07-05,dividend,0.00299477
IWM,2011-09-23,dividend,0.00385970
IWM,2011-12-22,dividend,0.00484808
IWM,2012-03-23,dividend,0.00306041
IWM,2012-06-26,dividend,0.00494442
IWM,2012-09-24,dividend,0.00387874
IWM,2012-12-19,dividend,0.00858268
IWM,2013-03-25,dividend,0.00280359
IWM,2013-07-02,dividend,0.00436342
IWM,2013-09-24,dividend,0.00265845
IWM,2013-12-23,dividend,0.00383333
IWM,2014-03-25,dividend,0.00257628
IWM,2014-07-02,dividend,0.00382673
IWM,2014-09-24,dividend,0.00273638
IWM,2014-12-24,dividend,0.00371274
IWM,2015-03-25,dividend,0.00304466
IWM,2015-07-02,dividend,0.00422555
IWM,2015-09-25,dividend,0.00286342
IWM,2015-12-24,dividend,0.00431981
IWM,2016-03-23,dividend,0.00299069
IWM,2016-07-06,dividend,0.00545815
IWM,2016-09-26,dividend,0.00275827
IWM,2016-12-22,dividend,0.00410733
IWM,2017-03-24,dividend,0.00286968
IWM,2017-07-06,dividend,0.00430188
IWM,2017-09-26,dividend,0.00241186
IWM,2017-12-21,dividend,0.00377684
IWM,2018-03-22,dividend,0.00230578
IWM,2018-07-03,dividend,0.00360915
IWM,2018-09-26,dividend,0.00264877
IWM,2018-12-17,dividend,0.00333785
IWM,2019-03-20,dividend,0.00265915
IWM,2019-06-17,dividend,0.00351270
IWM,2019-09-24,dividend,0.00350084
IWM,2019-12-16,dividend,0.00365731
IWM,2020-03-25,dividend,0.00385071
IWM,2020-06-15,dividend,0.00336852
IWM,2020-09-23,dividend,0.00380006
IWM,2020-12-14,dividend,0.00311338
IWM,2021-03-25,dividend,0.00187749
IWM,2021-06-10,dividend,0.00150065
IWM,2021-09-24,dividend,0.00302020
IWM,2021-12-13,dividend,0.00302633
IWM,2022-03-24,dividend,0.00195997
IWM,2022-06-09,dividend,0.00262868
IWM,2022-09-26,dividend,0.00514872
IWM,2022-12-13,dividend,0.00459004
IWM,2023-03-23,dividend,0.00367435
IWM,2023-06-07,dividend,0.00275991
IWM,2023-09-26,dividend,0.00467154
IWM,2023-12-20,dividend,0.00365249
IWM,2024-03-21,dividend,0.00253337
IWM,2024-06-11,dividend,0.00278468
IWM,2024-09-25,dividend,0.00340155
IWM,2024-12-17,dividend,0.00296026
IWM,2025-03-18,dividend,0.00223830
IWM,2025-06-16,dividend,0.00275746
IWM,2025-09-16,dividend,0.00282852
IWM,2025-12-16,dividend,0.00334218
IWM,2026-03-17,dividend,0.00177567
IWM,2026-06-15,dividend,0.00237240
IWM,2026-09-15,dividend,0.00261178
IYR,2002-03-08,dividend,0.01413094
IYR,2002-06-14,dividend,0.01476983
IYR,2002-09-13,dividend,0.01439952
IYR,2002-12-13,dividend,0.02299421
IYR,2003-03-07,dividend,0.00930402
IYR,2003-06-13,dividend,0.01446411
IYR,2003-09-12,dividend,0.01360544
IYR,2003-12-12,dividend,0.01552466
IYR,2004-03-26,dividend,0.01278824
IYR,2004-06-25,dividend,0.01285713
IYR,2004-09-24,dividend,0.01152333
IYR,2004-12-23,dividend,0.01048826
IYR,2005-03-24,dividend,0.01161012
IYR,2005-06-20,dividend,0.00998494
IYR,2005-09-23,dividend,0.01054006
IYR,2005-12-22,dividend,0.01329289
IYR,2006-03-24,dividend,0.00617199
IYR,2006-06-22,dividend,0.00927206
IYR,2006-09-26,dividend,0.00921371
IYR,2006-12-20,dividend,0.01316140
IYR,2007-03-23,dividend,0.00777509
IYR,2007-06-28,dividend,0.00958573
IYR,2007-09-25,dividend,0.00895344
IYR,2007-12-27,dividend,0.01151934
IYR,2008-03-25,dividend,0.01115739
IYR,2008-06-25,dividend,0.01015099
IYR,2008-09-24,dividend,0.01280999
IYR,2008-12-23,dividend,0.02559055
IYR,2009-03-25,dividend,0.02253510
IYR,2009-06-24,dividend,0.01514120
IYR,2009-09-22,dividend,0.00894962
IYR,2009-12-23,dividend,0.01085614
IYR,2010-03-25,dividend,0.00973890
IYR,2010-06-24,dividend,0.00862694
IYR,2010-09-23,dividend,0.00870283
IYR,2010-12-22,dividend,0.01079543
IYR,2011-03-25,dividend,0.00871343
IYR,2011-06-24,dividend,0.00911193
IYR,2011-09-23,dividend,0.01078988
IYR,2011-12-22,dividend,0.01047036
IYR,2012-03-26,dividend,0.00870105
IYR,2012-06-19,dividend,0.00883027
IYR,2012-09-25,dividend,0.00802184
IYR,2012-12-19,dividend,0.01230913
IYR,2013-03-25,dividend,0.00851486
IYR,2013-06-26,dividend,0.00938313
IYR,2013-09-24,dividend,0.00936492
IYR,2013-12-23,dividend,0.00936690
IYR,2014-03-25,dividend,0.01151525
IYR,2014-06-24,dividend,0.00843746
IYR,2014-09-24,dividend,0.00909222
IYR,2014-12-24,dividend,0.01041131
IYR,2015-03-25,dividend,0.00819672
IYR,2015-06-24,dividend,0.00898392
IYR,2015-09-25,dividend,0.00942222
IYR,2015-12-24,dividend,0.01280341
IYR,2016-03-23,dividend,0.01192280
IYR,2016-06-21,dividend,0.00904548
IYR,2016-09-26,dividend,0.00848739
IYR,2016-12-21,dividend,0.01402612
IYR,2017-03-24,dividend,0.00957645
IYR,2017-06-27,dividend,0.00889915
IYR,2017-09-26,dividend,0.00854444
IYR,2017-12-19,dividend,0.01060329
IYR,2018-03-22,dividend,0.00829397
IYR,2018-06-26,dividend,0.00973068
IYR,2018-09-26,dividend,0.00982931
IYR,2018-12-17,dividend,0.00591049
IYR,2019-03-20,dividend,0.00712118
IYR,2019-06-17,dividend,0.00768670
IYR,2019-09-24,dividend,0.00713626
IYR,2019-12-16,dividend,0.00987583
IYR,2020-03-25,dividend,0.00964880
IYR,2020-06-15,dividend,0.00664282
IYR,2020-09-23,dividend,0.00606475
IYR,2020-12-14,dividend,0.00720200
IYR,2021-03-25,dividend,0.00493410
IYR,2021-06-10,dividend,0.00502947
IYR,2021-09-24,dividend,0.00272020
IYR,2021-12-13,dividend,0.01033232
IYR,2022-03-24,dividend,0.00416398
IYR,2022-06-09,dividend,0.00356792
IYR,2022-09-26,dividend,0.01051739
IYR,2022-12-13,dividend,0.00901709
IYR,2023-03-23,dividend,0.00569452
IYR,2023-06-07,dividend,0.00472080
IYR,2023-09-26,dividend,0.01137225
IYR,2023-12-20,dividend,0.00844593
IYR,2024-03-21,dividend,0.00380993
IYR,2024-06-11,dividend,0.00633970
IYR,2024-09-25,dividend,0.00695698
IYR,2024-12-17,dividend,0.00826669
IYR,2025-03-18,dividend,0.00374892
IYR,2025-06-16,dividend,0.00523449
IYR,2025-09-16,dividend,0.00632618
IYR,2025-12-16,dividend,0.00914899
IYR,2026-03-17,dividend,0.00280684
IYR,2026-06-15,dividend,0.00491046
IYR,2026-09-15,dividend,0.00741396
IYT,2004-03-26,dividend,0.00108449
IYT,2004-06-25,dividend,0.00202035
IYT,2004-09-24,dividend,0.00090674
IYT,2004-12-23,dividend,0.00095134
IYT,2005-03-24,dividend,0.00197522
IYT,2005-06-20,dividend,0.00207443
IYT,2005-09-23,dividend,0.00146934
IYT,2005-12-22,dividend,0.00106016
IYT,2006-03-24,dividend,0.00078744
IYT,2006-06-22,dividend,0.00143462
IYT,2006-09-26,dividend,0.00151104
IYT,2006-12-20,dividend,0.00128740
IYT,2007-03-23,dividend,0.00272610
IYT,2007-06-28,dividend,0.00272480
IYT,2007-09-25,dividend,0.00221205
IYT,2007-12-27,dividend,0.00275561
IYT,2008-03-25,dividend,0.00219140
IYT,2008-06-25,dividend,0.00259630
IYT,2008-09-24,dividend,0.00188355
IYT,2008-12-23,dividend,0.00421630
IYT,2009-03-25,dividend,0.00931742
IYT,2009-06-24,dividend,0.00575340
IYT,2009-09-22,dividend,0.00266032
IYT,2009-12-23,dividend,0.00242738
IYT,2010-03-25,dividend,0.00334066
IYT,2010-06-24,dividend,0.00403901
IYT,2010-09-23,dividend,0.00319497
IYT,2010-12-22,dividend,0.00258746
IYT,2011-03-25,dividend,0.00268682
IYT,2011-06-24,dividend,0.00360740
IYT,2011-09-23,dividend,0.00632054
IYT,2011-12-22,dividend,0.00326970
IYT,2012-03-26,dividend,0.00184910
IYT,2012-06-19,dividend,0.00365062
IYT,2012-09-25,dividend,0.00292212
IYT,2012-12-19,dividend,0.00296140
IYT,2013-03-25,dividend,0.00234243
IYT,2013-06-26,dividend,0.00270454
IYT,2013-09-24,dividend,0.00254993
IYT,2013-12-23,dividend,0.00219476
IYT,2014-03-25,dividend,0.00262221
IYT,2014-06-24,dividend,0.00179062
IYT,2014-09-24,dividend,0.00181534
IYT,2014-12-24,dividend,0.00156571
IYT,2015-03-25,dividend,0.00292936
IYT,2015-06-24,dividend,0.00296775
IYT,2015-09-25,dividend,0.00253871
IYT,2015-12-24,dividend,0.00331068
IYT,2016-03-23,dividend,0.00242916
IYT,2016-06-21,dividend,0.00344990
IYT,2016-09-26,dividend,0.00262669
IYT,2016-12-21,dividend,0.00216070
IYT,2017-03-24,dividend,0.00266182
IYT,2017-06-27,dividend,0.00308279
IYT,2017-09-26,dividend,0.00242471
IYT,2017-12-19,dividend,0.00208713
IYT,2018-03-22,dividend,0.00343567
IYT,2018-06-26,dividend,0.00285989
IYT,2018-09-26,dividend,0.00247927
IYT,2018-12-17,dividend,0.00302372
IYT,2019-03-20,dividend,0.00318497
IYT,2019-06-17,dividend,0.00306411
IYT,2019-09-24,dividend,0.00409441
IYT,2019-12-16,dividend,0.00308794
IYT,2020-03-25,dividend,0.00621845
IYT,2020-06-15,dividend,0.00274606
IYT,2020-09-23,dividend,0.00195336
IYT,2020-12-14,dividend,0.00171669
IYT,2021-03-25,dividend,0.00271255
IYT,2021-06-10,dividend,0.00147226
IYT,2021-09-24,dividend,0.00227002
IYT,2021-12-13,dividend,0.00188307
IYT,2022-03-24,dividend,0.00267783
IYT,2022-06-09,dividend,0.00294908
IYT,2022-09-26,dividend,0.00347517
IYT,2022-12-13,dividend,0.00400810
IYT,2023-03-23,dividend,0.00370685
IYT,2023-06-07,dividend,0.00299565
IYT,2023-09-26,dividend,0.00412913
IYT,2023-12-20,dividend,0.00321152
IYT,2024-03-21,dividend,0.00266728
IYT,2024-06-11,dividend,0.00275192
IYT,2024-09-25,dividend,0.00298507
IYT,2024-12-17,dividend,0.00235443
IYT,2025-03-18,dividend,0.00326802
IYT,2025-06-16,dividend,0.00262717
IYT,2025-09-16,dividend,0.00301553
IYT,2025-12-16,dividend,0.00197166
IYT,2026-03-17,dividend,0.00361627
IYT,2026-06-15,dividend,0.00178332
IYT,2026-09-15,dividend,0.00225580
JMBS,2018-11-01,dividend,0.00283000
JMBS,2018-12-03,dividend,0.00247102
JMBS,2018-12-27,dividend,0.00367295
JMBS,2019-02-01,dividend,0.00183696
JMBS,2019-03-01,dividend,0.00183660
JMBS,2019-04-01,dividend,0.00298496
JMBS,2019-05-01,dividend,0.00270154
JMBS,2019-06-03,dividend,0.00256122
JMBS,2019-07-01,dividend,0.00241103
JMBS,2019-08-01,dividend,0.00177066
JMBS,2019-09-03,dividend,0.00231053
JMBS,2019-10-01,dividend,0.00200592
JMBS,2019-11-01,dividend,0.00418970
JMBS,2019-12-02,dividend,0.00646424
JMBS,2019-12-30,dividend,0.00546616
JMBS,2020-02-03,dividend,0.00147163
JMBS,2020-03-02,dividend,0.00191364
JMBS,2020-04-01,dividend,0.00231080
JMBS,2020-05-01,dividend,0.00213623
JMBS,2020-06-01,dividend,0.00177222
JMBS,2020-07-01,dividend,0.00194081
JMBS,2020-08-03,dividend,0.00191889
JMBS,2020-09-01,dividend,0.00143488
JMBS,2020-10-01,dividend,0.00269280
JMBS,2020-11-02,dividend,0.00258176
JMBS,2020-12-01,dividend,0.00329070
JMBS,2020-12-30,dividend,0.00586395
JMBS,2021-02-01,dividend,0.00112108
JMBS,2021-03-01,dividend,0.00095812
JMBS,2021-04-01,dividend,0.00105652
JMBS,2021-05-03,dividend,0.00097620
JMBS,2021-06-01,dividend,0.00097877
JMBS,2021-07-01,dividend,0.00099817
JMBS,2021-08-02,dividend,0.00101359
JMBS,2021-09-01,dividend,0.00099611
JMBS,2021-10-01,dividend,0.00099799
JMBS,2021-11-01,dividend,0.00094518
JMBS,2021-12-01,dividend,0.00085187
JMBS,2021-12-23,dividend,0.00066433
JMBS,2022-02-01,dividend,0.00057715
JMBS,2022-03-01,dividend,0.00068166
JMBS,2022-04-01,dividend,0.00126361
JMBS,2022-05-02,dividend,0.00151367
JMBS,2022-06-01,dividend,0.00180988
JMBS,2022-07-01,dividend,0.00194288
JMBS,2022-08-01,dividend,0.00207663
JMBS,2022-09-01,dividend,0.00275100
JMBS,2022-10-03,dividend,0.00302936
JMBS,2022-11-01,dividend,0.00317101
JMBS,2022-12-01,dividend,0.00323342
JMBS,2022-12-23,dividend,0.00433542
JMBS,2023-02-01,dividend,0.00240697
JMBS,2023-03-01,dividend,0.00340697
JMBS,2023-04-03,dividend,0.00333083
JMBS,2023-05-01,dividend,0.00367750
JMBS,2023-06-01,dividend,0.00360223
JMBS,2023-07-03,dividend,0.00383898
JMBS,2023-08-01,dividend,0.00339237
JMBS,2023-09-01,dividend,0.00411210
JMBS,2023-10-02,dividend,0.00390923
JMBS,2023-11-01,dividend,0.00432839
JMBS,2023-12-01,dividend,0.00429573
JMBS,2024-02-01,dividend,0.00400727
JMBS,2024-03-01,dividend,0.00425437
JMBS,2024-04-01,dividend,0.00432014
JMBS,2024-05-01,dividend,0.00442417
JMBS,2024-06-03,dividend,0.00430741
JMBS,2024-07-01,dividend,0.00429609
JMBS,2024-08-01,dividend,0.00433034
JMBS,2024-09-03,dividend,0.00425403
JMBS,2024-10-01,dividend,0.00426246
JMBS,2024-11-01,dividend,0.00428591
JMBS,2024-12-02,dividend,0.00686905
JMBS,2024-12-23,dividend,0.00472626
JMBS,2025-02-03,dividend,0.00424456
JMBS,2025-03-03,dividend,0.00417855
JMBS,2025-04-01,dividend,0.00424360
JMBS,2025-05-01,dividend,0.00423068
JMBS,2025-06-02,dividend,0.00431746
JMBS,2025-07-01,dividend,0.00443691
JMBS,2025-08-01,dividend,0.00411264
JMBS,2025-09-02,dividend,0.00421193
JMBS,2025-10-01,dividend,0.00439850
JMBS,2025-11-03,dividend,0.00413648
JMBS,2025-12-01,dividend,0.00406255
JMBS,2025-12-22,dividend,0.00444912
JMBS,2026-01-30,dividend,0.00458615
JMBS,2026-02-27,dividend,0.00413518
JMBS,2026-03-31,dividend,0.00443754
JMBS,2026-04-30,dividend,0.00421193
JMBS,2026-05-29,dividend,0.00426401
JMBS,2026-06-30,dividend,0.00431559
JMBS,2026-07-31,dividend,0.00433330
JMBS,2026-08-31,dividend,0.00445268
JMBS,2026-09-30,dividend,0.00475526
JNK,2007-12-28,dividend,0.00735580
JNK,2008-02-01,dividend,0.00645027
JNK,2008-03-03,dividend,0.00684888
JNK,2008-04-01,dividend,0.00811914
JNK,2008-05-01,dividend,0.00732347
JNK,2008-06-02,dividend,0.00778137
JNK,2008-07-01,dividend,0.00804662
JNK,2008-08-01,dividend,0.00803130
JNK,2008-09-02,dividend,0.00810673
JNK,2008-10-01,dividend,0.00906831
JNK,2008-11-03,dividend,0.01158835
JNK,2008-12-01,dividend,0.01319278
JNK,2008-12-29,dividend,0.01164767
JNK,2009-02-02,dividend,0.01117778
JNK,2009-03-02,dividend,0.01437275
JNK,2009-04-01,dividend,0.01534905
JNK,2009-05-01,dividend,0.01243883
JNK,2009-06-01,dividend,0.01170166
JNK,2009-07-01,dividend,0.01138490
JNK,2009-09-01,dividend,0.01069839
JNK,2009-10-01,dividend,0.01003009
JNK,2009-11-02,dividend,0.00994546
JNK,2009-12-01,dividend,0.00926216
JNK,2009-12-29,dividend,0.00922978
JNK,2010-02-01,dividend,0.00888908
JNK,2010-03-01,dividend,0.00852629
JNK,2010-04-01,dividend,0.00820306
JNK,2010-05-03,dividend,0.00779362
JNK,2010-06-01,dividend,0.00846180
JNK,2010-07-01,dividend,0.00839447
JNK,2010-08-02,dividend,0.00797466
JNK,2010-09-01,dividend,0.00771824
JNK,2010-10-01,dividend,0.00715929
JNK,2010-11-01,dividend,0.00698609
JNK,2010-12-01,dividend,0.00700060
JNK,2010-12-29,dividend,0.00724562
JNK,2011-02-01,dividend,0.00622174
JNK,2011-03-01,dividend,0.00625839
JNK,2011-04-01,dividend,0.00625067
JNK,2011-05-02,dividend,0.00624762
JNK,2011-06-01,dividend,0.00614321
JNK,2011-07-01,dividend,0.00632838
JNK,2011-08-01,dividend,0.00618004
JNK,2011-09-01,dividend,0.00651886
JNK,2011-10-03,dividend,0.00645404
JNK,2011-11-01,dividend,0.00614749
JNK,2011-12-01,dividend,0.00649627
JNK,2011-12-28,dividend,0.00561637
JNK,2012-02-01,dividend,0.00546172
JNK,2012-03-01,dividend,0.00588098
JNK,2012-04-02,dividend,0.00614256
JNK,2012-05-01,dividend,0.00619906
JNK,2012-06-01,dividend,0.00621458
JNK,2012-07-02,dividend,0.00597207
JNK,2012-08-01,dividend,0.00575799
JNK,2012-09-04,dividend,0.00554916
JNK,2012-10-01,dividend,0.00551765
JNK,2012-11-01,dividend,0.00557065
JNK,2012-12-03,dividend,0.00548763
JNK,2012-12-27,dividend,0.00526370
JNK,2013-02-01,dividend,0.00520262
JNK,2013-03-01,dividend,0.00524506
JNK,2013-04-01,dividend,0.00505423
JNK,2013-05-01,dividend,0.00507756
JNK,2013-06-03,dividend,0.00498931
JNK,2013-07-01,dividend,0.00516871
JNK,2013-08-01,dividend,0.00489128
JNK,2013-09-03,dividend,0.00517636
JNK,2013-10-01,dividend,0.00506672
JNK,2013-11-01,dividend,0.00485964
JNK,2013-12-02,dividend,0.00494122
JNK,2013-12-27,dividend,0.00484778
JNK,2014-02-03,dividend,0.00486227
JNK,2014-03-03,dividend,0.00485851
JNK,2014-04-01,dividend,0.00478959
JNK,2014-06-02,dividend,0.00464536
JNK,2014-07-01,dividend,0.00461718
JNK,2014-08-01,dividend,0.00476918
JNK,2014-09-02,dividend,0.00451711
JNK,2014-10-01,dividend,0.00478628
JNK,2014-11-03,dividend,0.00467951
JNK,2014-12-01,dividend,0.00473079
JNK,2014-12-29,dividend,0.00474865
JNK,2015-02-02,dividend,0.00470395
JNK,2015-03-02,dividend,0.00474437
JNK,2015-04-01,dividend,0.00480840
JNK,2015-05-01,dividend,0.00477799
JNK,2015-06-01,dividend,0.00469134
JNK,2015-07-01,dividend,0.00490764
JNK,2015-08-03,dividend,0.00482561
JNK,2015-09-01,dividend,0.00502485
JNK,2015-10-01,dividend,0.00522988
JNK,2015-11-02,dividend,0.00484072
JNK,2015-12-01,dividend,0.00542805
JNK,2015-12-29,dividend,0.00558719
JNK,2016-02-01,dividend,0.00526737
JNK,2016-03-01,dividend,0.00566645
JNK,2016-04-01,dividend,0.00537278
JNK,2016-05-02,dividend,0.00513081
JNK,2016-06-01,dividend,0.00530876
JNK,2016-07-01,dividend,0.00523740
JNK,2016-08-01,dividend,0.00522411
JNK,2016-09-01,dividend,0.00509602
JNK,2016-10-03,dividend,0.00506398
JNK,2016-11-01,dividend,0.00511720
JNK,2016-12-01,dividend,0.00493874
JNK,2016-12-28,dividend,0.00496245
JNK,2017-02-01,dividend,0.00474416
JNK,2017-03-01,dividend,0.00473152
JNK,2017-04-03,dividend,0.00464581
JNK,2017-05-01,dividend,0.00458857
JNK,2017-06-01,dividend,0.00563807
JNK,2017-07-03,dividend,0.00452693
JNK,2017-08-01,dividend,0.00436774
JNK,2017-09-01,dividend,0.00440450
JNK,2017-10-02,dividend,0.00419580
JNK,2017-11-01,dividend,0.00455891
JNK,2017-12-01,dividend,0.00451432
JNK,2017-12-19,dividend,0.00442238
JNK,2018-02-01,dividend,0.00437265
JNK,2018-03-01,dividend,0.00451253
JNK,2018-04-02,dividend,0.00418231
JNK,2018-05-01,dividend,0.00454428
JNK,2018-06-01,dividend,0.00468319
JNK,2018-07-02,dividend,0.00467015
JNK,2018-08-01,dividend,0.00448855
JNK,2018-09-04,dividend,0.00473595
JNK,2018-10-01,dividend,0.00485632
JNK,2018-11-01,dividend,0.00480143
JNK,2018-12-03,dividend,0.00476247
JNK,2018-12-19,dividend,0.00506129
JNK,2019-02-01,dividend,0.01402554
JNK,2019-03-01,dividend,0.01457147
JNK,2019-04-01,dividend,0.01406871
JNK,2019-05-01,dividend,0.01412618
JNK,2019-06-03,dividend,0.00478574
JNK,2019-07-01,dividend,0.00458103
JNK,2019-08-01,dividend,0.00459036
JNK,2019-09-03,dividend,0.00446532
JNK,2019-10-01,dividend,0.00448305
JNK,2019-11-01,dividend,0.00444754
JNK,2019-12-02,dividend,0.00452149
JNK,2019-12-20,dividend,0.00430668
JNK,2020-02-03,dividend,0.00429577
JNK,2020-03-02,dividend,0.00462012
JNK,2020-04-01,dividend,0.00482257
JNK,2020-05-01,dividend,0.00521942
JNK,2020-06-01,dividend,0.00469420
JNK,2020-07-01,dividend,0.00492571
JNK,2020-08-03,dividend,0.00438350
JNK,2020-09-01,dividend,0.00404608
JNK,2020-10-01,dividend,0.00436086
JNK,2020-11-02,dividend,0.00426794
JNK,2020-12-01,dividend,0.00403920
JNK,2020-12-18,dividend,0.00397999
JNK,2021-02-01,dividend,0.00372673
JNK,2021-03-01,dividend,0.00371714
JNK,2021-04-01,dividend,0.00354339
JNK,2021-05-03,dividend,0.00349018
JNK,2021-06-01,dividend,0.00353860
JNK,2021-07-01,dividend,0.00355251
JNK,2021-08-02,dividend,0.00337441
JNK,2021-09-01,dividend,0.00341073
JNK,2021-10-01,dividend,0.00354682
JNK,2021-11-01,dividend,0.00349268
JNK,2021-12-01,dividend,0.00358357
JNK,2021-12-17,dividend,0.00357225
JNK,2022-02-01,dividend,0.00369050
JNK,2022-03-01,dividend,0.00383154
JNK,2022-04-01,dividend,0.00388066
JNK,2022-05-02,dividend,0.00424257
JNK,2022-06-01,dividend,0.00432156
JNK,2022-07-01,dividend,0.00498987
JNK,2022-08-01,dividend,0.00454839
JNK,2022-09-01,dividend,0.00543836
JNK,2022-10-03,dividend,0.00540586
JNK,2022-11-01,dividend,0.00512245
JNK,2022-12-01,dividend,0.00567032
JNK,2022-12-19,dividend,0.00626533
JNK,2023-02-01,dividend,0.00510719
JNK,2023-03-01,dividend,0.00558225
JNK,2023-04-03,dividend,0.00489546
JNK,2023-05-01,dividend,0.00541139
JNK,2023-06-01,dividend,0.00576381
JNK,2023-07-03,dividend,0.00537268
JNK,2023-08-01,dividend,0.00560118
JNK,2023-09-01,dividend,0.00553743
JNK,2023-10-02,dividend,0.00565251
JNK,2023-11-01,dividend,0.00563639
JNK,2023-12-01,dividend,0.00555386
JNK,2023-12-18,dividend,0.00556848
JNK,2024-02-01,dividend,0.00560912
JNK,2024-03-01,dividend,0.00558759
JNK,2024-04-01,dividend,0.00534202
JNK,2024-05-01,dividend,0.00576899
JNK,2024-06-03,dividend,0.00562546
JNK,2024-07-01,dividend,0.00566069
JNK,2024-08-01,dividend,0.00547295
JNK,2024-09-03,dividend,0.00544593
JNK,2024-10-01,dividend,0.00539802
JNK,2024-11-01,dividend,0.00551872
JNK,2024-12-02,dividend,0.00538628
JNK,2024-12-19,dividend,0.00545117
JNK,2025-02-03,dividend,0.00553945
JNK,2025-03-03,dividend,0.00543608
JNK,2025-04-01,dividend,0.00558237
JNK,2025-05-01,dividend,0.00558552
JNK,2025-06-02,dividend,0.00558858
JNK,2025-07-01,dividend,0.00555173
JNK,2025-08-01,dividend,0.00556301
JNK,2025-09-02,dividend,0.00542493
JNK,2025-10-01,dividend,0.00549033
JNK,2025-11-03,dividend,0.00547295
JNK,2025-12-01,dividend,0.00540704
JNK,2025-12-18,dividend,0.00505823
JNK,2026-02-02,dividend,0.00572473
JNK,2026-03-02,dividend,0.00539852
JNK,2026-04-01,dividend,0.00548475
JNK,2026-05-01,dividend,0.00544255
JNK,2026-06-01,dividend,0.00540462
JNK,2026-07-01,dividend,0.00550988
JNK,2026-08-03,dividend,0.00550791
JNK,2026-09-01,dividend,0.00553819
KRE,2006-09-15,dividend,0.00779465
KRE,2006-12-15,dividend,0.00467570
KRE,2007-03-16,dividend,0.00564403
KRE,2007-06-15,dividend,0.01195873
KRE,2007-09-21,dividend,0.01030111
KRE,2007-12-21,dividend,0.02621335
KRE,2008-06-20,dividend,0.00576328
KRE,2008-09-19,dividend,0.00828864
KRE,2008-12-19,dividend,0.02128757
KRE,2009-03-20,dividend,0.00923655
KRE,2009-06-19,dividend,0.00674735
KRE,2009-09-18,dividend,0.00505461
KRE,2009-12-18,dividend,0.00203435
KRE,2010-03-19,dividend,0.00303836
KRE,2010-06-18,dividend,0.00374743
KRE,2010-09-17,dividend,0.00429838
KRE,2010-12-17,dividend,0.00379166
KRE,2011-03-18,dividend,0.00301571
KRE,2011-06-17,dividend,0.00398504
KRE,2011-09-16,dividend,0.00566441
KRE,2011-12-16,dividend,0.00611475
KRE,2012-03-16,dividend,0.00337591
KRE,2012-06-15,dividend,0.00450815
KRE,2012-09-21,dividend,0.00418697
KRE,2012-12-21,dividend,0.00805176
KRE,2013-03-15,dividend,0.00312392
KRE,2013-06-21,dividend,0.00443814
KRE,2013-09-20,dividend,0.00429844
KRE,2013-12-20,dividend,0.00409112
KRE,2014-03-21,dividend,0.00280985
KRE,2014-06-20,dividend,0.00415185
KRE,2014-09-19,dividend,0.00414544
KRE,2014-12-19,dividend,0.00493172
KRE,2015-03-20,dividend,0.00377951
KRE,2015-06-19,dividend,0.00412097
KRE,2015-09-18,dividend,0.00444575
KRE,2015-12-18,dividend,0.00554555
KRE,2016-03-18,dividend,0.00451080
KRE,2016-06-17,dividend,0.00521009
KRE,2016-09-16,dividend,0.00459885
KRE,2016-12-16,dividend,0.00378856
KRE,2017-03-17,dividend,0.00306468
KRE,2017-06-16,dividend,0.00359914
KRE,2017-09-15,dividend,0.00395060
KRE,2017-12-15,dividend,0.00425355
KRE,2018-03-16,dividend,0.00320825
KRE,2018-06-15,dividend,0.00379203
KRE,2018-09-21,dividend,0.00458444
KRE,2018-12-21,dividend,0.00697253
KRE,2019-03-15,dividend,0.00472274
KRE,2019-06-21,dividend,0.00636527
KRE,2019-09-20,dividend,0.00616822
KRE,2019-12-20,dividend,0.00623772
KRE,2020-03-23,dividend,0.01105534
KRE,2020-06-22,dividend,0.00895613
KRE,2020-09-21,dividend,0.00958569
KRE,2020-12-21,dividend,0.00787088
KRE,2021-03-22,dividend,0.00489807
KRE,2021-06-21,dividend,0.00511557
KRE,2021-09-20,dividend,0.00535433
KRE,2021-12-20,dividend,0.00581267
KRE,2022-03-21,dividend,0.00480810
KRE,2022-06-21,dividend,0.00618844
KRE,2022-09-19,dividend,0.00588028
KRE,2022-12-19,dividend,0.00718152
KRE,2023-03-20,dividend,0.00842677
KRE,2023-06-20,dividend,0.00935061
KRE,2023-09-18,dividend,0.00865351
KRE,2023-12-18,dividend,0.00820499
KRE,2024-03-18,dividend,0.00798214
KRE,2024-06-24,dividend,0.00840877
KRE,2024-09-23,dividend,0.00666574
KRE,2024-12-23,dividend,0.00682142
KRE,2025-03-24,dividend,0.00664534
KRE,2025-06-23,dividend,0.00691191
KRE,2025-09-22,dividend,0.00615953
KRE,2025-12-22,dividend,0.00625543
KRE,2026-03-23,dividend,0.00580765
KRE,2026-06-22,dividend,0.00584828
KRE,2026-09-21,dividend,0.00569549
LEMB,2011-12-01,dividend,0.00298924
LEMB,2011-12-27,dividend,0.00490246
LEMB,2012-02-01,dividend,0.00399969
LEMB,2012-03-01,dividend,0.00304767
LEMB,2012-04-02,dividend,0.00396174
LEMB,2012-05-01,dividend,0.00378163
LEMB,2012-06-01,dividend,0.00368362
LEMB,2012-07-02,dividend,0.00307556
LEMB,2012-08-01,dividend,0.00317139
LEMB,2012-09-04,dividend,0.00267145
LEMB,2012-10-01,dividend,0.00235601
LEMB,2012-12-03,dividend,0.00060528
LEMB,2012-12-26,dividend,0.00350496
LEMB,2013-02-01,dividend,0.00327478
LEMB,2013-03-01,dividend,0.00318830
LEMB,2013-04-01,dividend,0.00199646
LEMB,2013-05-01,dividend,0.00235675
LEMB,2013-06-03,dividend,0.00214647
LEMB,2013-07-01,dividend,0.00189570
LEMB,2013-08-01,dividend,0.00190569
LEMB,2013-09-03,dividend,0.00202216
LEMB,2013-10-01,dividend,0.00253093
LEMB,2013-11-01,dividend,0.00278996
LEMB,2013-12-02,dividend,0.00283630
LEMB,2013-12-26,dividend,0.00168247
LEMB,2014-02-03,dividend,0.00297177
LEMB,2014-03-03,dividend,0.00289376
LEMB,2014-04-01,dividend,0.00201654
LEMB,2014-05-01,dividend,0.00200680
LEMB,2014-06-02,dividend,0.00164557
LEMB,2014-07-01,dividend,0.00155461
LEMB,2014-08-01,dividend,0.00068918
LEMB,2014-09-02,dividend,0.00291942
LEMB,2014-10-01,dividend,0.00309917
LEMB,2014-11-03,dividend,0.00347237
LEMB,2014-12-01,dividend,0.00353075
LEMB,2015-02-02,dividend,0.00197282
LEMB,2015-03-02,dividend,0.00152180
LEMB,2015-04-01,dividend,0.00072764
LEMB,2015-05-01,dividend,0.00066123
LEMB,2015-06-01,dividend,0.00049776
LEMB,2015-07-01,dividend,0.00036627
LEMB,2018-12-03,dividend,0.03485405
LEMB,2018-12-18,dividend,0.03507574
LEMB,2019-12-19,dividend,0.04433656
LEMB,2021-12-16,dividend,0.03929546
LEMB,2022-12-15,dividend,0.00861079
LEMB,2023-12-14,dividend,0.01361071
LEMB,2025-12-19,dividend,0.02460308
LIT,2010-12-29,dividend,0.01207906
LIT,2011-12-28,dividend,0.00123779
LIT,2012-12-27,dividend,0.02472743
LIT,2013-12-27,dividend,0.00326391
LIT,2014-12-29,dividend,0.01050216
LIT,2015-12-29,dividend,0.00238190
LIT,2016-12-28,dividend,0.02149655
LIT,2017-12-28,dividend,0.03272991
LIT,2018-12-28,dividend,0.02536327
LIT,2019-06-27,dividend,0.00866120
LIT,2019-12-30,dividend,0.01036079
LIT,2020-06-29,dividend,0.00518035
LIT,2020-12-30,dividend,0.00148719
LIT,2021-06-29,dividend,0.00049963
LIT,2021-12-30,dividend,0.00175538
LIT,2022-06-29,dividend,0.00082383
LIT,2022-12-29,dividend,0.00895657
LIT,2023-06-29,dividend,0.00328376
LIT,2023-12-28,dividend,0.00713403
LIT,2024-06-27,dividend,0.00626409
LIT,2024-12-30,dividend,0.00310707
LIT,2025-06-27,dividend,0.00354803
LIT,2025-12-30,dividend,0.00271540
LIT,2026-06-29,dividend,0.00429866
LMBS,2014-11-21,dividend,0.00119479
LMBS,2014-12-23,dividend,0.00253757
LMBS,2015-01-21,dividend,0.00252008
LMBS,2015-02-20,dividend,0.00253054
LMBS,2015-03-25,dividend,0.00252331
LMBS,2015-05-21,dividend,0.00252954
LMBS,2015-06-24,dividend,0.00253556
LMBS,2015-07-21,dividend,0.00251570
LMBS,2015-08-21,dividend,0.00254215
LMBS,2015-09-23,dividend,0.00255326
LMBS,2015-10-21,dividend,0.00254868
LMBS,2015-11-20,dividend,0.00254463
LMBS,2015-12-23,dividend,0.00254463
LMBS,2016-01-21,dividend,0.00252605
LMBS,2016-02-23,dividend,0.00251661
LMBS,2016-04-21,dividend,0.00250578
LMBS,2016-05-20,dividend,0.00249309
LMBS,2016-06-22,dividend,0.00248341
LMBS,2016-07-21,dividend,0.00247314
LMBS,2016-08-23,dividend,0.00226270
LMBS,2016-09-21,dividend,0.00225096
LMBS,2016-10-21,dividend,0.00224604
LMBS,2016-11-22,dividend,0.00225010
LMBS,2016-12-21,dividend,0.00226175
LMBS,2017-01-20,dividend,0.00226175
LMBS,2017-02-22,dividend,0.00226088
LMBS,2017-03-23,dividend,0.00226696
LMBS,2017-04-21,dividend,0.00226544
LMBS,2017-05-23,dividend,0.00226479
LMBS,2017-06-22,dividend,0.00226305
LMBS,2017-07-21,dividend,0.00226609
LMBS,2017-08-22,dividend,0.00226740
LMBS,2017-09-21,dividend,0.00227176
LMBS,2017-10-20,dividend,0.00227527
LMBS,2017-11-21,dividend,0.00228011
LMBS,2017-12-21,dividend,0.00228496
LMBS,2018-01-23,dividend,0.00229229
LMBS,2018-02-21,dividend,0.00229652
LMBS,2018-03-22,dividend,0.00229876
LMBS,2018-04-20,dividend,0.00230460
LMBS,2018-05-22,dividend,0.00231227
LMBS,2018-06-21,dividend,0.00230911
LMBS,2018-07-20,dividend,0.00230979
LMBS,2018-08-21,dividend,0.00230911
LMBS,2018-09-14,dividend,0.00231227
LMBS,2018-10-23,dividend,0.00232183
LMBS,2018-11-21,dividend,0.00232046
LMBS,2018-12-18,dividend,0.00231636
LMBS,2019-01-23,dividend,0.00231273
LMBS,2019-02-21,dividend,0.00230911
LMBS,2019-03-21,dividend,0.00230370
LMBS,2019-04-23,dividend,0.00230325
LMBS,2019-05-21,dividend,0.00229831
LMBS,2019-06-14,dividend,0.00228895
LMBS,2019-07-23,dividend,0.00227922
LMBS,2019-08-21,dividend,0.00192604
LMBS,2019-09-25,dividend,0.00192530
LMBS,2019-10-22,dividend,0.00192827
LMBS,2019-11-21,dividend,0.00192938
LMBS,2019-12-13,dividend,0.00193237
LMBS,2020-01-22,dividend,0.00192567
LMBS,2020-02-21,dividend,0.00191828
LMBS,2020-03-26,dividend,0.00198413
LMBS,2020-04-21,dividend,0.00194401
LMBS,2020-05-21,dividend,0.00193611
LMBS,2020-06-25,dividend,0.00193498
LMBS,2020-07-21,dividend,0.00193573
LMBS,2020-08-21,dividend,0.00193498
LMBS,2020-09-24,dividend,0.00193648
LMBS,2020-10-21,dividend,0.00174757
LMBS,2020-11-24,dividend,0.00174588
LMBS,2020-12-24,dividend,0.00174757
LMBS,2021-01-21,dividend,0.00174791
LMBS,2021-02-23,dividend,0.00175439
LMBS,2021-03-25,dividend,0.00175953
LMBS,2021-04-21,dividend,0.00176194
LMBS,2021-05-21,dividend,0.00176436
LMBS,2021-06-24,dividend,0.00176922
LMBS,2021-07-21,dividend,0.00177340
LMBS,2021-08-24,dividend,0.00153962
LMBS,2021-09-23,dividend,0.00154266
LMBS,2021-10-21,dividend,0.00154817
LMBS,2021-11-23,dividend,0.00155620
LMBS,2021-12-23,dividend,0.00155931
LMBS,2022-01-21,dividend,0.00156809
LMBS,2022-02-18,dividend,0.00157538
LMBS,2022-03-25,dividend,0.00159307
LMBS,2022-04-21,dividend,0.00159601
LMBS,2022-05-24,dividend,0.00160652
LMBS,2022-06-24,dividend,0.00161819
LMBS,2022-07-21,dividend,0.00161920
LMBS,2022-08-23,dividend,0.00161250
LMBS,2022-09-23,dividend,0.00163344
LMBS,2022-10-21,dividend,0.00224623
LMBS,2022-11-22,dividend,0.00254399
LMBS,2022-12-23,dividend,0.00272708
LMBS,2023-01-24,dividend,0.00281221
LMBS,2023-02-22,dividend,0.00282989
LMBS,2023-03-24,dividend,0.00281162
LMBS,2023-04-21,dividend,0.00282575
LMBS,2023-05-23,dividend,0.00282871
LMBS,2023-06-27,dividend,0.00282575
LMBS,2023-07-21,dividend,0.00314531
LMBS,2023-08-22,dividend,0.00349169
LMBS,2023-09-22,dividend,0.00380872
LMBS,2023-10-24,dividend,0.00439867
LMBS,2023-11-21,dividend,0.00434000
LMBS,2023-12-22,dividend,0.00415282
LMBS,2024-01-23,dividend,0.00384017
LMBS,2024-02-21,dividend,0.00385778
LMBS,2024-03-21,dividend,0.00364090
LMBS,2024-04-23,dividend,0.00367686
LMBS,2024-05-21,dividend,0.00364964
LMBS,2024-06-27,dividend,0.00352770
LMBS,2024-07-23,dividend,0.00351022
LMBS,2024-08-21,dividend,0.00347791
LMBS,2024-09-26,dividend,0.00344199
LMBS,2024-10-22,dividend,0.00348147
LMBS,2024-11-21,dividend,0.00349794
LMBS,2024-12-13,dividend,0.00348147
LMBS,2025-01-22,dividend,0.00350082
LMBS,2025-02-21,dividend,0.00348539
LMBS,2025-03-27,dividend,0.00346939
LMBS,2025-04-22,dividend,0.00349435
LMBS,2025-05-21,dividend,0.00348718
LMBS,2025-06-26,dividend,0.00345810
LMBS,2025-07-22,dividend,0.00345915
LMBS,2025-08-21,dividend,0.00344269
LMBS,2025-09-25,dividend,0.00341743
LMBS,2025-10-21,dividend,0.00340170
LMBS,2025-11-21,dividend,0.00340886
LMBS,2025-12-12,dividend,0.00340784
LMBS,2026-01-21,dividend,0.00340136
LMBS,2026-02-20,dividend,0.00338376
LMBS,2026-03-26,dividend,0.00341434
LMBS,2026-04-21,dividend,0.00339735
LMBS,2026-05-21,dividend,0.00343088
LMBS,2026-06-25,dividend,0.00341606
LMBS,2026-07-21,dividend,0.00342742
LMBS,2026-08-21,dividend,0.00343157
LMBS,2026-09-24,dividend,0.00348503
LQD,2006-11-01,dividend,0.00431223
LQD,2006-12-01,dividend,0.00412170
LQD,2006-12-27,dividend,0.00396546
LQD,2007-02-01,dividend,0.00428444
LQD,2007-03-01,dividend,0.00415776
LQD,2007-04-02,dividend,0.00458792
LQD,2007-05-01,dividend,0.00445675
LQD,2007-06-01,dividend,0.00468689
LQD,2007-07-02,dividend,0.00451122
LQD,2007-08-01,dividend,0.00476476
LQD,2007-09-04,dividend,0.00463478
LQD,2007-10-01,dividend,0.00457758
LQD,2007-11-01,dividend,0.00448714
LQD,2007-12-03,dividend,0.00428514
LQD,2007-12-27,dividend,0.00446466
LQD,2008-02-01,dividend,0.00459062
LQD,2008-03-03,dividend,0.00421791
LQD,2008-04-01,dividend,0.00487292
LQD,2008-05-01,dividend,0.00436493
LQD,2008-06-02,dividend,0.00458509
LQD,2008-07-01,dividend,0.00428224
LQD,2008-08-01,dividend,0.00459885
LQD,2008-09-02,dividend,0.00451840
LQD,2008-10-01,dividend,0.00451058
LQD,2008-11-03,dividend,0.00496291
LQD,2008-12-01,dividend,0.00500887
LQD,2008-12-29,dividend,0.00418605
LQD,2009-02-02,dividend,0.00491686
LQD,2009-03-02,dividend,0.00512231
LQD,2009-04-01,dividend,0.00551114
LQD,2009-05-01,dividend,0.00485969
LQD,2009-06-01,dividend,0.00498519
LQD,2009-07-01,dividend,0.00443423
LQD,2009-09-01,dividend,0.00469185
LQD,2009-10-01,dividend,0.00442126
LQD,2009-11-02,dividend,0.00457718
LQD,2009-12-01,dividend,0.00425543
LQD,2009-12-29,dividend,0.00417302
LQD,2010-02-01,dividend,0.00428611
LQD,2010-03-01,dividend,0.00421298
LQD,2010-04-01,dividend,0.00443126
LQD,2010-05-03,dividend,0.00420803
LQD,2010-06-01,dividend,0.00420369
LQD,2010-07-01,dividend,0.00405704
LQD,2010-08-02,dividend,0.00396582
LQD,2010-09-01,dividend,0.00375583
LQD,2010-10-01,dividend,0.00383478
LQD,2010-11-01,dividend,0.00384346
LQD,2010-12-01,dividend,0.00387032
LQD,2010-12-28,dividend,0.00393804
LQD,2011-02-01,dividend,0.00393694
LQD,2011-03-01,dividend,0.00395817
LQD,2011-04-01,dividend,0.00396228
LQD,2011-05-02,dividend,0.00386881
LQD,2011-06-01,dividend,0.00381590
LQD,2011-07-01,dividend,0.00387174
LQD,2011-08-01,dividend,0.00374466
LQD,2011-09-01,dividend,0.00367477
LQD,2011-10-03,dividend,0.00372022
LQD,2011-11-01,dividend,0.00350678
LQD,2011-12-01,dividend,0.00348563
LQD,2011-12-27,dividend,0.00342776
LQD,2012-02-01,dividend,0.00336854
LQD,2012-03-01,dividend,0.00342397
LQD,2012-04-02,dividend,0.00343731
LQD,2012-05-01,dividend,0.00334083
LQD,2012-06-01,dividend,0.00338211
LQD,2012-07-02,dividend,0.00333771
LQD,2012-08-01,dividend,0.00317256
LQD,2012-09-04,dividend,0.00318377
LQD,2012-10-01,dividend,0.00315192
LQD,2012-11-01,dividend,0.00307586
LQD,2012-12-03,dividend,0.00299751
LQD,2012-12-26,dividend,0.00298811
LQD,2013-02-01,dividend,0.00310248
LQD,2013-03-01,dividend,0.00311004
LQD,2013-04-01,dividend,0.00307078
LQD,2013-05-01,dividend,0.00296514
LQD,2013-07-01,dividend,0.00319704
LQD,2013-08-01,dividend,0.00305421
LQD,2013-09-03,dividend,0.00323625
LQD,2013-10-01,dividend,0.00322044
LQD,2013-11-01,dividend,0.00329867
LQD,2013-12-02,dividend,0.00320691
LQD,2013-12-26,dividend,0.00303205
LQD,2014-02-03,dividend,0.00299034
LQD,2014-03-03,dividend,0.00294639
LQD,2014-04-01,dividend,0.00290495
LQD,2014-06-02,dividend,0.00282261
LQD,2014-07-01,dividend,0.00276770
LQD,2014-08-01,dividend,0.00286030
LQD,2014-09-02,dividend,0.00280316
LQD,2014-10-01,dividend,0.00283272
LQD,2014-11-03,dividend,0.00280726
LQD,2014-12-01,dividend,0.00279063
LQD,2014-12-24,dividend,0.00271081
LQD,2015-02-02,dividend,0.00270554
LQD,2015-03-02,dividend,0.00268801
LQD,2015-04-01,dividend,0.00270351
LQD,2015-05-01,dividend,0.00275226
LQD,2015-06-01,dividend,0.00277888
LQD,2015-07-01,dividend,0.00285512
LQD,2015-08-03,dividend,0.00283218
LQD,2015-09-01,dividend,0.00291037
LQD,2015-10-01,dividend,0.00287793
LQD,2015-11-02,dividend,0.00284100
LQD,2015-12-01,dividend,0.00283439
LQD,2015-12-24,dividend,0.00281408
LQD,2016-02-01,dividend,0.00295361
LQD,2016-03-01,dividend,0.00291282
LQD,2016-04-01,dividend,0.00279613
LQD,2016-05-02,dividend,0.00269806
LQD,2016-06-01,dividend,0.00279882
LQD,2016-07-01,dividend,0.00270056
LQD,2016-08-01,dividend,0.00260268
LQD,2016-09-01,dividend,0.00258142
LQD,2016-10-03,dividend,0.00261192
LQD,2016-11-01,dividend,0.00263180
LQD,2016-12-01,dividend,0.00271142
LQD,2016-12-22,dividend,0.00272787
LQD,2017-02-01,dividend,0.00269140
LQD,2017-03-01,dividend,0.00270546
LQD,2017-04-03,dividend,0.00269877
LQD,2017-05-01,dividend,0.00270328
LQD,2017-06-01,dividend,0.00263060
LQD,2017-07-03,dividend,0.00265674
LQD,2017-08-01,dividend,0.00262458
LQD,2017-09-01,dividend,0.00263277
LQD,2017-10-02,dividend,0.00266280
LQD,2017-11-01,dividend,0.00265110
LQD,2017-12-01,dividend,0.00267088
LQD,2017-12-21,dividend,0.00210912
LQD,2018-02-01,dividend,0.00267636
LQD,2018-03-01,dividend,0.00282143
LQD,2018-04-02,dividend,0.00286947
LQD,2018-05-01,dividend,0.00285898
LQD,2018-06-01,dividend,0.00310622
LQD,2018-07-02,dividend,0.00301463
LQD,2018-08-01,dividend,0.00295974
LQD,2018-09-04,dividend,0.00301173
LQD,2018-10-01,dividend,0.00306235
LQD,2018-11-01,dividend,0.00329085
LQD,2018-12-03,dividend,0.00316341
LQD,2018-12-18,dividend,0.00311573
LQD,2019-02-01,dividend,0.00302307
LQD,2019-03-01,dividend,0.00308920
LQD,2019-04-01,dividend,0.00300653
LQD,2019-05-01,dividend,0.00294938
LQD,2019-06-03,dividend,0.00306862
LQD,2019-07-01,dividend,0.00285039
LQD,2019-08-01,dividend,0.00279698
LQD,2019-09-03,dividend,0.00271091
LQD,2019-10-01,dividend,0.00263223
LQD,2019-11-01,dividend,0.00270210
LQD,2019-12-02,dividend,0.00270359
LQD,2019-12-19,dividend,0.00262890
LQD,2020-02-03,dividend,0.00256914
LQD,2020-03-02,dividend,0.00264250
LQD,2020-04-01,dividend,0.00251018
LQD,2020-05-01,dividend,0.00247874
LQD,2020-06-01,dividend,0.00243809
LQD,2020-07-01,dividend,0.00230734
LQD,2020-08-03,dividend,0.00213512
LQD,2020-09-01,dividend,0.00217670
LQD,2020-10-01,dividend,0.00218605
LQD,2020-11-02,dividend,0.00211328
LQD,2020-12-01,dividend,0.00199330
LQD,2020-12-17,dividend,0.00203880
LQD,2021-02-01,dividend,0.00197092
LQD,2021-03-01,dividend,0.00203524
LQD,2021-04-01,dividend,0.00195250
LQD,2021-05-03,dividend,0.00194563
LQD,2021-06-01,dividend,0.00194867
LQD,2021-07-01,dividend,0.00188273
LQD,2021-08-02,dividend,0.00178769
LQD,2021-09-01,dividend,0.00172991
LQD,2021-10-01,dividend,0.00192014
LQD,2021-11-01,dividend,0.00196542
LQD,2021-12-01,dividend,0.00179587
LQD,2021-12-16,dividend,0.00192847
LQD,2022-02-01,dividend,0.00189381
LQD,2022-03-01,dividend,0.00204841
LQD,2022-04-01,dividend,0.00210645
LQD,2022-05-02,dividend,0.00225220
LQD,2022-06-01,dividend,0.00239135
LQD,2022-07-01,dividend,0.00269946
LQD,2022-08-01,dividend,0.00240704
LQD,2022-09-01,dividend,0.00278454
LQD,2022-10-03,dividend,0.00331095
LQD,2022-11-01,dividend,0.00302977
LQD,2022-12-01,dividend,0.00319229
LQD,2022-12-15,dividend,0.00302056
LQD,2023-02-01,dividend,0.00308527
LQD,2023-03-01,dividend,0.00351001
LQD,2023-04-03,dividend,0.00310188
LQD,2023-05-01,dividend,0.00337977
LQD,2023-06-01,dividend,0.00324054
LQD,2023-07-03,dividend,0.00322002
LQD,2023-08-01,dividend,0.00342550
LQD,2023-09-01,dividend,0.00355122
LQD,2023-10-02,dividend,0.00391100
LQD,2023-11-01,dividend,0.00367430
LQD,2023-12-01,dividend,0.00371250
LQD,2023-12-14,dividend,0.00357810
LQD,2024-02-01,dividend,0.00352728
LQD,2024-03-01,dividend,0.00365240
LQD,2024-04-01,dividend,0.00377093
LQD,2024-05-01,dividend,0.00395279
LQD,2024-06-03,dividend,0.00378442
LQD,2024-07-01,dividend,0.00350782
LQD,2024-08-01,dividend,0.00358197
LQD,2024-09-03,dividend,0.00364399
LQD,2024-10-01,dividend,0.00364000
LQD,2024-11-01,dividend,0.00353465
LQD,2024-12-02,dividend,0.00346708
LQD,2024-12-18,dividend,0.00354080
LQD,2025-02-03,dividend,0.00361996
LQD,2025-03-03,dividend,0.00378384
LQD,2025-04-01,dividend,0.00383657
LQD,2025-05-01,dividend,0.00400072
LQD,2025-06-02,dividend,0.00367456
LQD,2025-07-01,dividend,0.00366751
LQD,2025-08-01,dividend,0.00406927
LQD,2025-09-02,dividend,0.00349720
LQD,2025-10-01,dividend,0.00364229
LQD,2025-11-03,dividend,0.00361410
LQD,2025-12-01,dividend,0.00369206
LQD,2025-12-19,dividend,0.00393323
LQD,2026-02-02,dividend,0.00368997
LQD,2026-03-02,dividend,0.00342945
LQD,2026-04-01,dividend,0.00409219
LQD,2026-05-01,dividend,0.00390445
LQD,2026-06-01,dividend,0.00377645
LQD,2026-07-01,dividend,0.00350232
LQD,2026-08-03,dividend,0.00431060
LQD,2026-09-01,dividend,0.00418038
MBB,2007-04-02,dividend,0.00233165
MBB,2007-07-02,dividend,0.00399618
MBB,2007-09-04,dividend,0.00394836
MBB,2007-10-01,dividend,0.00391936
MBB,2007-11-01,dividend,0.00405978
MBB,2008-09-02,dividend,0.00456806
MBB,2008-10-01,dividend,0.00479880
MBB,2008-11-03,dividend,0.00320468
MBB,2011-04-01,dividend,0.00283916
MBB,2011-05-02,dividend,0.00286745
MBB,2011-06-01,dividend,0.00268652
MBB,2011-07-01,dividend,0.00301387
MBB,2011-08-01,dividend,0.00313885
MBB,2011-09-01,dividend,0.00260009
MBB,2011-10-03,dividend,0.00267155
MBB,2011-11-01,dividend,0.00251575
MBB,2011-12-01,dividend,0.00254696
MBB,2011-12-27,dividend,0.00247863
MBB,2012-02-01,dividend,0.00264883
MBB,2012-03-01,dividend,0.00280640
MBB,2012-04-02,dividend,0.00193961
MBB,2012-05-01,dividend,0.00160886
MBB,2012-06-01,dividend,0.00166145
MBB,2012-07-02,dividend,0.00174752
MBB,2012-08-01,dividend,0.00141751
MBB,2012-09-04,dividend,0.00110164
MBB,2012-10-01,dividend,0.00117013
MBB,2012-11-01,dividend,0.00117953
MBB,2012-12-03,dividend,0.00303555
MBB,2013-02-01,dividend,0.00084095
MBB,2013-03-01,dividend,0.00098789
MBB,2013-04-01,dividend,0.00239388
MBB,2013-05-01,dividend,0.00073235
MBB,2013-06-03,dividend,0.00053788
MBB,2013-07-01,dividend,0.00063538
MBB,2013-08-01,dividend,0.00081420
MBB,2013-09-03,dividend,0.00073877
MBB,2013-10-01,dividend,0.00104338
MBB,2013-11-01,dividend,0.00114078
MBB,2013-12-02,dividend,0.00132424
MBB,2013-12-26,dividend,0.00129435
MBB,2014-02-03,dividend,0.00141308
MBB,2014-03-03,dividend,0.00145912
MBB,2014-04-01,dividend,0.00138093
MBB,2014-05-01,dividend,0.00140951
MBB,2014-06-02,dividend,0.00124263
MBB,2014-07-01,dividend,0.00116192
MBB,2014-08-01,dividend,0.00126466
MBB,2014-09-02,dividend,0.00103696
MBB,2014-10-01,dividend,0.00110807
MBB,2014-11-03,dividend,0.00104619
MBB,2014-12-01,dividend,0.00103270
MBB,2014-12-24,dividend,0.00385563
MBB,2015-02-02,dividend,0.00080893
MBB,2015-03-02,dividend,0.00088989
MBB,2015-04-01,dividend,0.00151148
MBB,2015-05-01,dividend,0.00162085
MBB,2015-06-01,dividend,0.00158646
MBB,2015-07-01,dividend,0.00162579
MBB,2015-08-03,dividend,0.00175120
MBB,2015-09-01,dividend,0.00193967
MBB,2015-10-01,dividend,0.00211711
MBB,2015-11-02,dividend,0.00193463
MBB,2015-12-01,dividend,0.00684040
MBB,2015-12-24,dividend,0.00357884
MBB,2016-02-01,dividend,0.00175069
MBB,2016-03-01,dividend,0.00175976
MBB,2016-04-01,dividend,0.00181520
MBB,2016-05-02,dividend,0.00164303
MBB,2016-06-01,dividend,0.00171330
MBB,2016-07-01,dividend,0.00171868
MBB,2016-08-01,dividend,0.00157105
MBB,2016-09-01,dividend,0.00159200
MBB,2016-10-03,dividend,0.00143472
MBB,2016-11-01,dividend,0.00155817
MBB,2016-12-01,dividend,0.00388681
MBB,2016-12-22,dividend,0.00482105
MBB,2017-02-01,dividend,0.00181099
MBB,2017-03-01,dividend,0.00198595
MBB,2017-04-03,dividend,0.00211954
MBB,2017-05-01,dividend,0.00215389
MBB,2017-06-01,dividend,0.00215756
MBB,2017-07-03,dividend,0.00195834
MBB,2017-08-01,dividend,0.00196865
MBB,2017-09-01,dividend,0.00192010
MBB,2017-10-02,dividend,0.00191714
MBB,2017-11-01,dividend,0.00200542
MBB,2017-12-01,dividend,0.00219481
MBB,2018-02-01,dividend,0.00233591
MBB,2018-03-01,dividend,0.00239315
MBB,2018-04-02,dividend,0.00243215
MBB,2018-05-01,dividend,0.00243731
MBB,2018-06-01,dividend,0.00238087
MBB,2018-07-02,dividend,0.00222766
MBB,2018-08-01,dividend,0.00202963
MBB,2018-09-04,dividend,0.00220099
MBB,2018-10-01,dividend,0.00217167
MBB,2018-11-01,dividend,0.00248097
MBB,2018-12-03,dividend,0.00263896
MBB,2018-12-18,dividend,0.00080609
MBB,2019-02-01,dividend,0.00274909
MBB,2019-03-01,dividend,0.00271134
MBB,2019-04-01,dividend,0.00254458
MBB,2019-05-01,dividend,0.00247290
MBB,2019-06-03,dividend,0.00244637
MBB,2019-07-01,dividend,0.00245517
MBB,2019-08-01,dividend,0.00243769
MBB,2019-09-03,dividend,0.00244374
MBB,2019-10-01,dividend,0.00241534
MBB,2019-11-01,dividend,0.00238860
MBB,2019-12-02,dividend,0.00231995
MBB,2019-12-19,dividend,0.00051973
MBB,2020-02-03,dividend,0.00235162
MBB,2020-03-02,dividend,0.00215034
MBB,2020-04-01,dividend,0.00209536
MBB,2020-05-01,dividend,0.00196209
MBB,2020-06-01,dividend,0.00180644
MBB,2020-07-01,dividend,0.00179826
MBB,2020-08-03,dividend,0.00180317
MBB,2020-09-01,dividend,0.00173534
MBB,2020-10-01,dividend,0.00173124
MBB,2020-11-02,dividend,0.00173230
MBB,2020-12-01,dividend,0.00181052
MBB,2021-02-01,dividend,0.00173666
MBB,2021-03-01,dividend,0.00180003
MBB,2021-04-01,dividend,0.00172998
MBB,2021-05-03,dividend,0.00147094
MBB,2021-06-01,dividend,0.00118250
MBB,2021-07-01,dividend,0.00089543
MBB,2021-08-02,dividend,0.00073856
MBB,2021-09-01,dividend,0.00067538
MBB,2021-10-01,dividend,0.00017436
MBB,2022-02-01,dividend,0.00156897
MBB,2022-03-01,dividend,0.00130686
MBB,2022-04-01,dividend,0.00133586
MBB,2022-05-02,dividend,0.00151336
MBB,2022-06-01,dividend,0.00163639
MBB,2022-07-01,dividend,0.00153563
MBB,2022-08-01,dividend,0.00183279
MBB,2022-09-01,dividend,0.00203557
MBB,2022-10-03,dividend,0.00216620
MBB,2022-11-01,dividend,0.00217315
MBB,2022-12-01,dividend,0.00241785
MBB,2022-12-15,dividend,0.00252527
MBB,2023-02-01,dividend,0.00253516
MBB,2023-03-01,dividend,0.00269326
MBB,2023-04-03,dividend,0.00265330
MBB,2023-05-01,dividend,0.00273826
MBB,2023-06-01,dividend,0.00286497
MBB,2023-07-03,dividend,0.00283179
MBB,2023-08-01,dividend,0.00296905
MBB,2023-09-01,dividend,0.00287304
MBB,2023-10-02,dividend,0.00326985
MBB,2023-11-01,dividend,0.00315784
MBB,2023-12-01,dividend,0.00308621
MBB,2023-12-14,dividend,0.00295994
MBB,2024-02-01,dividend,0.00316463
MBB,2024-03-01,dividend,0.00317761
MBB,2024-04-01,dividend,0.00305926
MBB,2024-05-01,dividend,0.00315302
MBB,2024-06-03,dividend,0.00329864
MBB,2024-07-01,dividend,0.00332567
MBB,2024-08-01,dividend,0.00328617
MBB,2024-09-03,dividend,0.00333598
MBB,2024-10-01,dividend,0.00324935
MBB,2024-11-01,dividend,0.00333832
MBB,2024-12-02,dividend,0.00327216
MBB,2024-12-18,dividend,0.00317920
MBB,2025-02-03,dividend,0.00370342
MBB,2025-03-03,dividend,0.00340540
MBB,2025-04-01,dividend,0.00352828
MBB,2025-05-01,dividend,0.00347018
MBB,2025-06-02,dividend,0.00350903
MBB,2025-07-01,dividend,0.00353857
MBB,2025-08-01,dividend,0.00356566
MBB,2025-09-02,dividend,0.00358601
MBB,2025-10-01,dividend,0.00353418
MBB,2025-11-03,dividend,0.00357875
MBB,2025-12-01,dividend,0.00362229
MBB,2025-12-19,dividend,0.00349531
MBB,2026-02-02,dividend,0.00349796
MBB,2026-03-02,dividend,0.00338209
MBB,2026-04-01,dividend,0.00350660
MBB,2026-05-01,dividend,0.00353073
MBB,2026-06-01,dividend,0.00351725
MBB,2026-07-01,dividend,0.00356877
MBB,2026-08-03,dividend,0.00367345
MBB,2026-09-01,dividend,0.00363949
MDY,2002-03-15,dividend,0.00177114
MDY,2002-06-21,dividend,0.00196550
MDY,2002-09-20,dividend,0.00231497
MDY,2002-12-20,dividend,0.00242666
MDY,2003-03-21,dividend,0.00292394
MDY,2003-06-20,dividend,0.00223446
MDY,2003-09-19,dividend,0.00207184
MDY,2003-12-19,dividend,0.00226871
MDY,2004-03-19,dividend,0.00226032
MDY,2004-06-18,dividend,0.00247081
MDY,2004-09-17,dividend,0.00216660
MDY,2004-12-17,dividend,0.00257156
MDY,2005-03-18,dividend,0.00190016
MDY,2005-06-17,dividend,0.00385642
MDY,2005-09-16,dividend,0.00243691
MDY,2005-12-16,dividend,0.00267793
MDY,2006-03-17,dividend,0.00266760
MDY,2006-06-16,dividend,0.00299235
MDY,2006-09-15,dividend,0.00247669
MDY,2006-12-15,dividend,0.00402470
MDY,2007-03-16,dividend,0.00407371
MDY,2007-06-15,dividend,0.00257382
MDY,2007-09-21,dividend,0.00219514
MDY,2007-12-21,dividend,0.00286221
MDY,2008-03-20,dividend,0.00287476
MDY,2008-06-20,dividend,0.00275901
MDY,2008-09-19,dividend,0.00311558
MDY,2008-12-19,dividend,0.00584426
MDY,2009-03-20,dividend,0.00388325
MDY,2009-06-19,dividend,0.00376868
MDY,2009-09-18,dividend,0.00305024
MDY,2009-12-18,dividend,0.00377148
MDY,2010-03-19,dividend,0.00275528
MDY,2010-06-18,dividend,0.00262482
MDY,2010-09-17,dividend,0.00200174
MDY,2010-12-17,dividend,0.00279046
MDY,2011-03-18,dividend,0.00261044
MDY,2011-06-17,dividend,0.00277825
MDY,2011-09-16,dividend,0.00172909
MDY,2011-12-16,dividend,0.00344108
MDY,2012-03-16,dividend,0.00210443
MDY,2012-06-15,dividend,0.00308083
MDY,2012-09-21,dividend,0.00224604
MDY,2012-12-21,dividend,0.00435818
MDY,2013-03-15,dividend,0.00238950
MDY,2013-06-21,dividend,0.00355600
MDY,2013-09-20,dividend,0.00290379
MDY,2013-12-20,dividend,0.00299578
MDY,2014-03-21,dividend,0.00272881
MDY,2014-06-20,dividend,0.00301551
MDY,2014-09-19,dividend,0.00215716
MDY,2014-12-19,dividend,0.00409040
MDY,2015-03-20,dividend,0.00221904
MDY,2015-06-19,dividend,0.00329135
MDY,2015-09-18,dividend,0.00345053
MDY,2015-12-18,dividend,0.00396056
MDY,2016-03-18,dividend,0.00315736
MDY,2016-06-17,dividend,0.00315333
MDY,2016-09-16,dividend,0.00400724
MDY,2016-12-16,dividend,0.00383836
MDY,2017-03-17,dividend,0.00262096
MDY,2017-06-16,dividend,0.00164271
MDY,2017-09-15,dividend,0.00455140
MDY,2017-12-15,dividend,0.00383094
MDY,2018-03-16,dividend,0.00246515
MDY,2018-06-15,dividend,0.00278360
MDY,2018-09-21,dividend,0.00283876
MDY,2018-12-21,dividend,0.00424177
MDY,2019-03-15,dividend,0.00256651
MDY,2019-06-21,dividend,0.00378783
MDY,2019-09-20,dividend,0.00387047
MDY,2019-12-20,dividend,0.00387702
MDY,2020-03-20,dividend,0.00465175
MDY,2020-06-19,dividend,0.00343900
MDY,2020-09-18,dividend,0.00300573
MDY,2020-12-18,dividend,0.00346219
MDY,2021-03-19,dividend,0.00181629
MDY,2021-09-17,dividend,0.00266699
MDY,2021-12-17,dividend,0.00299335
MDY,2022-03-18,dividend,0.00235574
MDY,2022-06-17,dividend,0.00349480
MDY,2022-09-16,dividend,0.00415944
MDY,2022-12-16,dividend,0.00374783
MDY,2023-03-17,dividend,0.00269174
MDY,2023-06-16,dividend,0.00320065
MDY,2023-09-15,dividend,0.00328423
MDY,2023-12-15,dividend,0.00374152
MDY,2024-03-15,dividend,0.00189633
MDY,2024-06-21,dividend,0.00374487
MDY,2024-09-20,dividend,0.00289266
MDY,2024-12-20,dividend,0.00367578
MDY,2025-03-21,dividend,0.00241859
MDY,2025-06-20,dividend,0.00326443
MDY,2025-09-19,dividend,0.00268046
MDY,2025-12-19,dividend,0.00360464
MDY,2026-03-20,dividend,0.00246406
MDY,2026-06-18,dividend,0.00248769
MDY,2026-09-18,dividend,0.00240182
PCY,2007-11-15,dividend,0.00524844
PCY,2007-12-14,dividend,0.00670879
PCY,2008-01-15,dividend,0.00489815
PCY,2008-02-15,dividend,0.00487352
PCY,2008-03-14,dividend,0.00472675
PCY,2008-04-15,dividend,0.00451685
PCY,2008-05-15,dividend,0.00439911
PCY,2008-06-13,dividend,0.00391969
PCY,2008-07-15,dividend,0.00485274
PCY,2008-08-15,dividend,0.00503342
PCY,2008-09-15,dividend,0.00493960
PCY,2008-10-15,dividend,0.00608812
PCY,2008-11-14,dividend,0.00620520
PCY,2008-12-15,dividend,0.00735219
PCY,2009-01-15,dividend,0.00547919
PCY,2009-02-13,dividend,0.00605716
PCY,2009-03-13,dividend,0.00648571
PCY,2009-04-15,dividend,0.00588235
PCY,2009-05-15,dividend,0.00551755
PCY,2009-06-15,dividend,0.00561939
PCY,2009-07-15,dividend,0.00603024
PCY,2009-08-14,dividend,0.00577656
PCY,2009-09-15,dividend,0.00542215
PCY,2009-10-15,dividend,0.00515755
PCY,2009-11-13,dividend,0.00517055
PCY,2009-12-15,dividend,0.00568293
PCY,2010-01-15,dividend,0.00549020
PCY,2010-02-12,dividend,0.00549319
PCY,2010-03-15,dividend,0.00538048
PCY,2010-04-15,dividend,0.00514878
PCY,2010-05-14,dividend,0.00520733
PCY,2010-06-15,dividend,0.00519389
PCY,2010-07-15,dividend,0.00498687
PCY,2010-08-13,dividend,0.00468223
PCY,2010-09-15,dividend,0.00451796
PCY,2010-10-15,dividend,0.00434368
PCY,2010-11-15,dividend,0.00428659
PCY,2010-12-15,dividend,0.00476332
PCY,2011-01-14,dividend,0.00499868
PCY,2011-02-15,dividend,0.00504642
PCY,2011-03-15,dividend,0.00493359
PCY,2011-04-15,dividend,0.00480642
PCY,2011-05-13,dividend,0.00466598
PCY,2011-06-15,dividend,0.00465907
PCY,2011-07-15,dividend,0.00450384
PCY,2011-08-15,dividend,0.00450550
PCY,2011-09-15,dividend,0.00431144
PCY,2011-10-14,dividend,0.00406095
PCY,2011-11-15,dividend,0.00398840
PCY,2011-12-15,dividend,0.00512707
PCY,2012-01-13,dividend,0.00454410
PCY,2012-02-15,dividend,0.00437313
PCY,2012-03-15,dividend,0.00437915
PCY,2012-04-13,dividend,0.00444919
PCY,2012-05-15,dividend,0.00437613
PCY,2012-06-15,dividend,0.00434368
PCY,2012-07-13,dividend,0.00416553
PCY,2012-08-15,dividend,0.00396653
PCY,2012-09-14,dividend,0.00382816
PCY,2012-10-15,dividend,0.00381765
PCY,2012-11-15,dividend,0.00382133
PCY,2012-12-14,dividend,0.00371390
PCY,2013-01-15,dividend,0.00375686
PCY,2013-02-15,dividend,0.00379601
PCY,2013-03-15,dividend,0.00364902
PCY,2013-04-15,dividend,0.00331945
PCY,2013-05-15,dividend,0.00338293
PCY,2013-06-14,dividend,0.00359687
PCY,2013-07-15,dividend,0.00386812
PCY,2013-08-15,dividend,0.00384530
PCY,2013-09-13,dividend,0.00396900
PCY,2013-10-15,dividend,0.00344265
PCY,2013-11-15,dividend,0.00385385
PCY,2013-12-13,dividend,0.00395759
PCY,2014-01-15,dividend,0.00389076
PCY,2014-02-14,dividend,0.00388673
PCY,2014-03-14,dividend,0.00389649
PCY,2014-04-15,dividend,0.00390764
PCY,2014-05-15,dividend,0.00381150
PCY,2014-06-13,dividend,0.00373806
PCY,2014-07-15,dividend,0.00374172
PCY,2014-08-15,dividend,0.00367660
PCY,2014-09-15,dividend,0.00365281
PCY,2014-10-15,dividend,0.00361664
PCY,2014-11-14,dividend,0.00387854
PCY,2014-12-15,dividend,0.00394770
PCY,2015-01-15,dividend,0.00396068
PCY,2015-02-13,dividend,0.00390309
PCY,2015-03-13,dividend,0.00427046
PCY,2015-04-15,dividend,0.00416089
PCY,2015-05-15,dividend,0.00433297
PCY,2015-06-15,dividend,0.00471015
PCY,2015-07-15,dividend,0.00469653
PCY,2015-08-14,dividend,0.00472899
PCY,2015-09-15,dividend,0.00469314
PCY,2015-10-15,dividend,0.00464120
PCY,2015-11-13,dividend,0.00467794
PCY,2015-12-15,dividend,0.00455447
PCY,2016-01-15,dividend,0.00470782
PCY,2016-02-12,dividend,0.00467902
PCY,2016-03-15,dividend,0.00434642
PCY,2016-04-15,dividend,0.00433476
PCY,2016-05-13,dividend,0.00432870
PCY,2016-06-15,dividend,0.00431019
PCY,2016-07-15,dividend,0.00411878
PCY,2016-08-15,dividend,0.00403318
PCY,2016-09-15,dividend,0.00387131
PCY,2016-10-14,dividend,0.00382377
PCY,2016-11-15,dividend,0.00446429
PCY,2016-12-15,dividend,0.00442604
PCY,2017-01-13,dividend,0.00435616
PCY,2017-02-15,dividend,0.00429571
PCY,2017-03-15,dividend,0.00447766
PCY,2017-04-13,dividend,0.00421709
PCY,2017-05-15,dividend,0.00418695
PCY,2017-06-15,dividend,0.00409836
PCY,2017-07-14,dividend,0.00411664
PCY,2017-08-15,dividend,0.00407747
PCY,2017-09-18,dividend,0.00393832
PCY,2017-10-23,dividend,0.00398084
PCY,2017-11-20,dividend,0.00375683
PCY,2017-12-18,dividend,0.00295687
PCY,2018-01-22,dividend,0.00331703
PCY,2018-02-20,dividend,0.00345411
PCY,2018-03-19,dividend,0.00370028
PCY,2018-04-23,dividend,0.00386519
PCY,2018-05-21,dividend,0.00402655
PCY,2018-06-18,dividend,0.00411305
PCY,2018-07-23,dividend,0.00401606
PCY,2018-08-20,dividend,0.00410142
PCY,2018-09-24,dividend,0.00409531
PCY,2018-10-22,dividend,0.00429870
PCY,2018-11-19,dividend,0.00438698
PCY,2018-12-24,dividend,0.00473355
PCY,2019-01-22,dividend,0.00430682
PCY,2019-02-19,dividend,0.00408640
PCY,2019-03-18,dividend,0.00419621
PCY,2019-04-22,dividend,0.00434018
PCY,2019-05-20,dividend,0.00440783
PCY,2019-06-24,dividend,0.00419135
PCY,2019-07-22,dividend,0.00414114
PCY,2019-08-19,dividend,0.00405300
PCY,2019-09-23,dividend,0.00400788
PCY,2019-10-21,dividend,0.00391537
PCY,2019-11-18,dividend,0.00408135
PCY,2019-12-23,dividend,0.00401333
PCY,2020-01-21,dividend,0.00404585
PCY,2020-02-24,dividend,0.00400941
PCY,2020-03-23,dividend,0.00558659
PCY,2020-04-20,dividend,0.00497758
PCY,2020-05-18,dividend,0.00468044
PCY,2020-06-22,dividend,0.00405071
PCY,2020-07-20,dividend,0.00373673
PCY,2020-08-24,dividend,0.00354065
PCY,2020-09-21,dividend,0.00245825
PCY,2020-10-19,dividend,0.00354105
PCY,2020-11-23,dividend,0.00373466
PCY,2020-12-21,dividend,0.00367326
PCY,2021-01-19,dividend,0.00370555
PCY,2021-02-22,dividend,0.00372016
PCY,2021-03-22,dividend,0.00391134
PCY,2021-04-19,dividend,0.00385679
PCY,2021-05-24,dividend,0.00391182
PCY,2021-06-21,dividend,0.00387218
PCY,2021-07-19,dividend,0.00384699
PCY,2021-08-23,dividend,0.00386523
PCY,2021-10-18,dividend,0.00394218
PCY,2021-11-22,dividend,0.00396900
PCY,2021-12-20,dividend,0.00401146
PCY,2022-01-24,dividend,0.00421237
PCY,2022-02-22,dividend,0.00438112
PCY,2022-03-21,dividend,0.00480171
PCY,2022-04-18,dividend,0.00521327
PCY,2022-05-23,dividend,0.00568782
PCY,2022-06-21,dividend,0.00603622
PCY,2022-07-18,dividend,0.00650269
PCY,2022-08-22,dividend,0.00609597
PCY,2022-09-19,dividend,0.00505272
PCY,2022-10-24,dividend,0.00555958
PCY,2022-11-21,dividend,0.00553152
PCY,2022-12-19,dividend,0.00508839
PCY,2023-01-23,dividend,0.00510127
PCY,2023-02-21,dividend,0.00535771
PCY,2023-03-20,dividend,0.00559260
PCY,2023-04-24,dividend,0.00567850
PCY,2023-05-22,dividend,0.00590129
PCY,2023-06-20,dividend,0.00572321
PCY,2023-07-24,dividend,0.00576325
PCY,2023-08-21,dividend,0.00596125
PCY,2023-09-18,dividend,0.00587644
PCY,2023-10-23,dividend,0.00713218
PCY,2023-11-20,dividend,0.00674706
PCY,2023-12-18,dividend,0.00566572
PCY,2024-01-22,dividend,0.00552209
PCY,2024-02-20,dividend,0.00544574
PCY,2024-03-18,dividend,0.00566713
PCY,2024-04-22,dividend,0.00543065
PCY,2024-05-20,dividend,0.00540806
PCY,2024-06-24,dividend,0.00531967
PCY,2024-07-22,dividend,0.00543478
PCY,2024-08-19,dividend,0.00543348
PCY,2024-09-23,dividend,0.00502981
PCY,2024-10-21,dividend,0.00508966
PCY,2024-11-18,dividend,0.00553414
PCY,2024-12-23,dividend,0.00559776
PCY,2025-01-21,dividend,0.00556977
PCY,2025-02-24,dividend,0.00522322
PCY,2025-03-24,dividend,0.00547364
PCY,2025-04-21,dividend,0.00557218
PCY,2025-05-19,dividend,0.00560634
PCY,2025-06-23,dividend,0.00529629
PCY,2025-07-21,dividend,0.00533808
PCY,2025-08-18,dividend,0.00509762
PCY,2025-09-22,dividend,0.00468917
PCY,2025-10-20,dividend,0.00479572
PCY,2025-11-24,dividend,0.00489743
PCY,2025-12-22,dividend,0.00493702
PCY,2026-01-20,dividend,0.00501579
PCY,2026-02-23,dividend,0.00473890
PCY,2026-03-23,dividend,0.00489365
PCY,2026-04-20,dividend,0.00480015
PCY,2026-05-18,dividend,0.00511800
PCY,2026-06-22,dividend,0.00478249
PCY,2026-07-20,dividend,0.00494234
PCY,2026-08-24,dividend,0.00491014
PCY,2026-09-21,dividend,0.00522952
PFF,2007-07-02,dividend,0.00393619
PFF,2007-09-04,dividend,0.00459103
PFF,2007-10-01,dividend,0.00419804
PFF,2007-11-01,dividend,0.00434333
PFF,2008-09-02,dividend,0.00525917
PFF,2008-10-01,dividend,0.00774623
PFF,2008-11-03,dividend,0.00595223
PFF,2011-04-01,dividend,0.00542423
PFF,2011-05-02,dividend,0.00516552
PFF,2011-06-01,dividend,0.00526903
PFF,2011-07-01,dividend,0.00543474
PFF,2011-08-01,dividend,0.00548666
PFF,2011-09-01,dividend,0.00548927
PFF,2011-10-03,dividend,0.00564638
PFF,2011-11-01,dividend,0.00550527
PFF,2011-12-01,dividend,0.00499775
PFF,2011-12-27,dividend,0.00507390
PFF,2012-02-01,dividend,0.00460501
PFF,2012-03-01,dividend,0.00380186
PFF,2012-04-02,dividend,0.00479904
PFF,2012-05-01,dividend,0.00453578
PFF,2012-06-01,dividend,0.00528303
PFF,2012-07-02,dividend,0.00526163
PFF,2012-08-01,dividend,0.00531829
PFF,2012-09-04,dividend,0.00527188
PFF,2012-10-01,dividend,0.00509225
PFF,2012-11-01,dividend,0.00527050
PFF,2012-12-03,dividend,0.00485497
PFF,2012-12-26,dividend,0.00654823
PFF,2013-02-01,dividend,0.00477049
PFF,2013-03-01,dividend,0.00249074
PFF,2013-04-01,dividend,0.00430719
PFF,2013-05-01,dividend,0.00424032
PFF,2013-06-03,dividend,0.00407200
PFF,2013-07-01,dividend,0.00403303
PFF,2013-08-01,dividend,0.00415432
PFF,2013-09-03,dividend,0.00413065
PFF,2013-10-01,dividend,0.00393716
PFF,2013-11-01,dividend,0.00399438
PFF,2013-12-02,dividend,0.00618502
PFF,2013-12-26,dividend,0.01638429
PFF,2014-02-03,dividend,0.00527514
PFF,2014-03-03,dividend,0.00569714
PFF,2014-04-01,dividend,0.00496047
PFF,2014-05-01,dividend,0.00483692
PFF,2014-06-02,dividend,0.00458962
PFF,2014-07-01,dividend,0.00458713
PFF,2014-08-01,dividend,0.00487383
PFF,2014-09-02,dividend,0.00476242
PFF,2014-10-01,dividend,0.00481928
PFF,2014-11-03,dividend,0.00474412
PFF,2014-12-01,dividend,0.00450838
PFF,2014-12-24,dividend,0.00955697
PFF,2015-02-02,dividend,0.00469410
PFF,2015-03-02,dividend,0.00422948
PFF,2015-04-01,dividend,0.00438112
PFF,2015-05-01,dividend,0.00460156
PFF,2015-06-01,dividend,0.00456099
PFF,2015-07-02,dividend,0.00464661
PFF,2015-08-04,dividend,0.00469003
PFF,2015-09-01,dividend,0.00443251
PFF,2015-10-01,dividend,0.00441902
PFF,2015-11-02,dividend,0.00383487
PFF,2015-12-01,dividend,0.00408992
PFF,2015-12-24,dividend,0.00817810
PFF,2016-02-01,dividend,0.00453655
PFF,2016-03-01,dividend,0.00514001
PFF,2016-04-01,dividend,0.00492476
PFF,2016-05-02,dividend,0.00464482
PFF,2016-06-01,dividend,0.00446030
PFF,2016-07-06,dividend,0.00437212
PFF,2016-08-02,dividend,0.00445331
PFF,2016-09-01,dividend,0.00425741
PFF,2016-10-03,dividend,0.00425098
PFF,2016-11-01,dividend,0.00459410
PFF,2016-12-01,dividend,0.00486506
PFF,2016-12-22,dividend,0.00542666
PFF,2017-02-01,dividend,0.00502478
PFF,2017-03-01,dividend,0.00493621
PFF,2017-04-03,dividend,0.00492566
PFF,2017-05-02,dividend,0.00474442
PFF,2017-06-01,dividend,0.00463993
PFF,2017-07-06,dividend,0.00454488
PFF,2017-08-01,dividend,0.00450346
PFF,2017-09-01,dividend,0.00454114
PFF,2017-10-02,dividend,0.00451137
PFF,2017-11-01,dividend,0.00495840
PFF,2017-12-01,dividend,0.00499141
PFF,2017-12-21,dividend,0.00259133
PFF,2018-02-01,dividend,0.00503197
PFF,2018-03-01,dividend,0.00459370
PFF,2018-04-02,dividend,0.00441559
PFF,2018-05-01,dividend,0.00485981
PFF,2018-06-01,dividend,0.00520540
PFF,2018-07-03,dividend,0.00511860
PFF,2018-08-01,dividend,0.00468812
PFF,2018-09-04,dividend,0.00423677
PFF,2018-10-01,dividend,0.00428662
PFF,2018-11-01,dividend,0.00432990
PFF,2018-12-03,dividend,0.00443951
PFF,2018-12-18,dividend,0.00749546
PFF,2019-02-01,dividend,0.00468322
PFF,2019-03-01,dividend,0.00492379
PFF,2019-04-01,dividend,0.00493642
PFF,2019-05-02,dividend,0.00468604
PFF,2019-06-03,dividend,0.00456219
PFF,2019-07-02,dividend,0.00437170
PFF,2019-08-01,dividend,0.00442584
PFF,2019-09-03,dividend,0.00428425
PFF,2019-10-01,dividend,0.00424009
PFF,2019-11-01,dividend,0.00442055
PFF,2019-12-02,dividend,0.00441342
PFF,2019-12-19,dividend,0.00412979
PFF,2020-02-03,dividend,0.00429143
PFF,2020-03-02,dividend,0.00441730
PFF,2020-04-01,dividend,0.00544035
PFF,2020-05-01,dividend,0.00489840
PFF,2020-06-01,dividend,0.00481200
PFF,2020-07-01,dividend,0.00483529
PFF,2020-08-03,dividend,0.00451466
PFF,2020-09-01,dividend,0.00436561
PFF,2020-10-01,dividend,0.00431977
PFF,2020-11-02,dividend,0.00418442
PFF,2020-12-01,dividend,0.00392462
PFF,2020-12-17,dividend,0.00160986
PFF,2021-02-01,dividend,0.00395536
PFF,2021-03-01,dividend,0.00402004
PFF,2021-04-01,dividend,0.00394542
PFF,2021-05-03,dividend,0.00403937
PFF,2021-06-01,dividend,0.00402625
PFF,2021-07-01,dividend,0.00391674
PFF,2021-08-02,dividend,0.00381919
PFF,2021-09-01,dividend,0.00385221
PFF,2021-10-01,dividend,0.00383010
PFF,2021-11-01,dividend,0.00347322
PFF,2021-12-01,dividend,0.00321504
PFF,2021-12-16,dividend,0.00325539
PFF,2022-02-01,dividend,0.00298107
PFF,2022-03-01,dividend,0.00334670
PFF,2022-04-01,dividend,0.00374246
PFF,2022-05-02,dividend,0.00360870
PFF,2022-06-01,dividend,0.00420248
PFF,2022-07-01,dividend,0.00403245
PFF,2022-08-01,dividend,0.00472028
PFF,2022-09-01,dividend,0.00453193
PFF,2022-10-03,dividend,0.00534741
PFF,2022-11-01,dividend,0.00557098
PFF,2022-12-01,dividend,0.00540640
PFF,2022-12-15,dividend,0.00747385
PFF,2023-02-01,dividend,0.00554002
PFF,2023-03-01,dividend,0.00580933
PFF,2023-04-03,dividend,0.00593148
PFF,2023-05-01,dividend,0.00543788
PFF,2023-06-01,dividend,0.00541912
PFF,2023-07-03,dividend,0.00511810
PFF,2023-08-01,dividend,0.00503466
PFF,2023-09-01,dividend,0.00500887
PFF,2023-10-02,dividend,0.00533302
PFF,2023-11-01,dividend,0.00605422
PFF,2023-12-01,dividend,0.00571487
PFF,2023-12-14,dividend,0.00622079
PFF,2024-02-01,dividend,0.00550450
PFF,2024-03-01,dividend,0.00529246
PFF,2024-04-01,dividend,0.00484461
PFF,2024-05-01,dividend,0.00515667
PFF,2024-06-03,dividend,0.00514669
PFF,2024-07-01,dividend,0.00519799
PFF,2024-08-01,dividend,0.00506505
PFF,2024-09-03,dividend,0.00504390
PFF,2024-10-01,dividend,0.00497925
PFF,2024-11-01,dividend,0.00503446
PFF,2024-12-02,dividend,0.00500353
PFF,2024-12-18,dividend,0.00550254
PFF,2025-02-03,dividend,0.00551573
PFF,2025-03-03,dividend,0.00543383
PFF,2025-04-01,dividend,0.00561329
PFF,2025-05-01,dividend,0.00576971
PFF,2025-06-02,dividend,0.00577491
PFF,2025-07-01,dividend,0.00566145
PFF,2025-08-01,dividend,0.00518837
PFF,2025-09-02,dividend,0.00510926
PFF,2025-10-01,dividend,0.00539935
PFF,2025-11-03,dividend,0.00546999
PFF,2025-12-01,dividend,0.00567198
PFF,2025-12-19,dividend,0.00211505
PFF,2026-02-02,dividend,0.00559259
PFF,2026-03-02,dividend,0.00099208
PFF,2026-04-01,dividend,0.00468236
PFF,2026-05-01,dividend,0.00446203
PFF,2026-06-01,dividend,0.00438507
PFF,2026-07-01,dividend,0.00464864
PFF,2026-08-03,dividend,0.00467068
PFF,2026-09-01,dividend,0.00483702
QLTA,2012-04-02,dividend,0.00306279
QLTA,2012-05-01,dividend,0.00206776
QLTA,2012-06-01,dividend,0.00214831
QLTA,2012-07-02,dividend,0.00210617
QLTA,2012-08-01,dividend,0.00205560
QLTA,2012-09-04,dividend,0.00195022
QLTA,2012-10-01,dividend,0.00204812
QLTA,2012-12-03,dividend,0.00145110
QLTA,2012-12-26,dividend,0.00159379
QLTA,2013-02-01,dividend,0.00160987
QLTA,2013-03-01,dividend,0.00164331
QLTA,2013-04-01,dividend,0.00166396
QLTA,2013-05-01,dividend,0.00165926
QLTA,2013-06-03,dividend,0.00172983
QLTA,2013-07-01,dividend,0.00183657
QLTA,2013-08-01,dividend,0.00180361
QLTA,2013-09-03,dividend,0.00172326
QLTA,2013-10-01,dividend,0.00183176
QLTA,2013-11-01,dividend,0.00181387
QLTA,2013-12-02,dividend,0.00187977
QLTA,2013-12-26,dividend,0.00192872
QLTA,2014-02-03,dividend,0.00194206
QLTA,2014-03-03,dividend,0.00192792
QLTA,2014-04-01,dividend,0.00179385
QLTA,2014-05-01,dividend,0.00193810
QLTA,2014-06-02,dividend,0.00192566
QLTA,2014-07-01,dividend,0.00190840
QLTA,2014-08-01,dividend,0.00195198
QLTA,2014-09-02,dividend,0.00194796
QLTA,2014-10-01,dividend,0.00197540
QLTA,2014-11-03,dividend,0.00201918
QLTA,2014-12-01,dividend,0.00203193
QLTA,2014-12-24,dividend,0.00204221
QLTA,2015-02-02,dividend,0.00197647
QLTA,2015-03-02,dividend,0.00203876
QLTA,2015-04-01,dividend,0.00213504
QLTA,2015-05-01,dividend,0.00208004
QLTA,2015-06-01,dividend,0.00207997
QLTA,2015-07-01,dividend,0.00214235
QLTA,2015-08-03,dividend,0.00212047
QLTA,2015-09-01,dividend,0.00213135
QLTA,2015-10-01,dividend,0.00219875
QLTA,2015-11-02,dividend,0.00306383
QLTA,2015-12-01,dividend,0.00284453
QLTA,2015-12-24,dividend,0.00459865
QLTA,2016-02-01,dividend,0.00257676
QLTA,2016-03-01,dividend,0.00233964
QLTA,2016-04-01,dividend,0.00216156
QLTA,2016-05-02,dividend,0.00196985
QLTA,2016-06-01,dividend,0.00213586
QLTA,2016-07-01,dividend,0.00208963
QLTA,2016-08-01,dividend,0.00205712
QLTA,2016-09-01,dividend,0.00206132
QLTA,2016-10-03,dividend,0.00208924
QLTA,2016-11-01,dividend,0.00211929
QLTA,2016-12-01,dividend,0.00218120
QLTA,2016-12-22,dividend,0.00153055
QLTA,2017-02-01,dividend,0.00224325
QLTA,2017-03-01,dividend,0.00227878
QLTA,2017-04-03,dividend,0.00225138
QLTA,2017-05-01,dividend,0.00225725
QLTA,2017-06-01,dividend,0.00224039
QLTA,2017-07-03,dividend,0.00225483
QLTA,2017-08-01,dividend,0.00224156
QLTA,2017-09-01,dividend,0.00224863
QLTA,2017-10-02,dividend,0.00224070
QLTA,2017-11-01,dividend,0.00222083
QLTA,2017-12-01,dividend,0.00226749
QLTA,2017-12-21,dividend,0.00223654
QLTA,2018-02-01,dividend,0.00224555
QLTA,2018-03-01,dividend,0.00245026
QLTA,2018-04-02,dividend,0.00237167
QLTA,2018-05-01,dividend,0.00254160
QLTA,2018-06-01,dividend,0.00244885
QLTA,2018-07-02,dividend,0.00258449
QLTA,2018-08-01,dividend,0.00258490
QLTA,2018-09-04,dividend,0.00252904
QLTA,2018-10-01,dividend,0.00260494
QLTA,2018-11-01,dividend,0.00282885
QLTA,2018-12-03,dividend,0.00273917
QLTA,2018-12-18,dividend,0.00276875
QLTA,2019-02-01,dividend,0.00277734
QLTA,2019-03-01,dividend,0.00274510
QLTA,2019-04-01,dividend,0.00272930
QLTA,2019-05-01,dividend,0.00266142
QLTA,2019-06-03,dividend,0.00262497
QLTA,2019-07-01,dividend,0.00248009
QLTA,2019-08-01,dividend,0.00248148
QLTA,2019-09-03,dividend,0.00253394
QLTA,2019-10-01,dividend,0.00237747
QLTA,2019-11-01,dividend,0.00248656
QLTA,2019-12-02,dividend,0.00244767
QLTA,2019-12-19,dividend,0.00234553
QLTA,2020-02-03,dividend,0.00236950
QLTA,2020-03-02,dividend,0.00230865
QLTA,2020-04-01,dividend,0.00232677
QLTA,2020-05-01,dividend,0.00207289
QLTA,2020-06-01,dividend,0.00205001
QLTA,2020-07-01,dividend,0.00181865
QLTA,2020-08-03,dividend,0.00162343
QLTA,2020-09-01,dividend,0.00160270
QLTA,2020-10-01,dividend,0.00169750
QLTA,2020-11-02,dividend,0.00174734
QLTA,2020-12-01,dividend,0.00230238
QLTA,2020-12-17,dividend,0.00171851
QLTA,2021-02-01,dividend,0.00163433
QLTA,2021-03-01,dividend,0.00174216
QLTA,2021-04-01,dividend,0.00168061
QLTA,2021-05-03,dividend,0.00164851
QLTA,2021-06-01,dividend,0.00160973
QLTA,2021-07-01,dividend,0.00160327
QLTA,2021-08-02,dividend,0.00153385
QLTA,2021-09-01,dividend,0.00150602
QLTA,2021-10-01,dividend,0.00167153
QLTA,2021-11-01,dividend,0.00156134
QLTA,2021-12-01,dividend,0.00159830
QLTA,2021-12-16,dividend,0.00165725
QLTA,2022-02-01,dividend,0.00165899
QLTA,2022-03-01,dividend,0.00178421
QLTA,2022-04-01,dividend,0.00170075
QLTA,2022-05-02,dividend,0.00202491
QLTA,2022-06-01,dividend,0.00207506
QLTA,2022-07-01,dividend,0.00292963
QLTA,2022-08-01,dividend,0.00196937
QLTA,2022-09-01,dividend,0.00186267
QLTA,2022-10-03,dividend,0.00269625
QLTA,2022-11-01,dividend,0.00275680
QLTA,2022-12-01,dividend,0.00251000
QLTA,2022-12-15,dividend,0.00270378
QLTA,2023-02-01,dividend,0.00216010
QLTA,2023-03-01,dividend,0.00271704
QLTA,2023-04-03,dividend,0.00278785
QLTA,2023-05-01,dividend,0.00263356
QLTA,2023-06-01,dividend,0.00289399
QLTA,2023-07-03,dividend,0.00276302
QLTA,2023-08-01,dividend,0.00304275
QLTA,2023-09-01,dividend,0.00310305
QLTA,2023-10-02,dividend,0.00313759
QLTA,2023-11-01,dividend,0.00336501
QLTA,2023-12-01,dividend,0.00318677
QLTA,2023-12-14,dividend,0.00325323
QLTA,2024-02-01,dividend,0.00322405
QLTA,2024-03-01,dividend,0.00328316
QLTA,2024-04-01,dividend,0.00331763
QLTA,2024-05-01,dividend,0.00350617
QLTA,2024-06-03,dividend,0.00343348
QLTA,2024-07-01,dividend,0.00342612
QLTA,2024-08-01,dividend,0.00283108
QLTA,2024-09-03,dividend,0.00351894
QLTA,2024-10-01,dividend,0.00347080
QLTA,2024-11-01,dividend,0.00328393
QLTA,2024-12-02,dividend,0.00356555
QLTA,2024-12-18,dividend,0.00371747
QLTA,2025-02-03,dividend,0.00352150
QLTA,2025-03-03,dividend,0.00388207
QLTA,2025-04-01,dividend,0.00350477
QLTA,2025-05-01,dividend,0.00370410
QLTA,2025-06-02,dividend,0.00371984
QLTA,2025-07-01,dividend,0.00367146
QLTA,2025-08-01,dividend,0.00366655
QLTA,2025-09-02,dividend,0.00366300
QLTA,2025-10-01,dividend,0.00351967
QLTA,2025-11-03,dividend,0.00358200
QLTA,2025-12-01,dividend,0.00362932
QLTA,2025-12-19,dividend,0.00365570
QLTA,2026-02-02,dividend,0.00364318
QLTA,2026-03-02,dividend,0.00365302
QLTA,2026-04-01,dividend,0.00381784
QLTA,2026-05-01,dividend,0.00394823
QLTA,2026-06-01,dividend,0.00376993
QLTA,2026-07-01,dividend,0.00388710
QLTA,2026-08-03,dividend,0.00399266
QLTA,2026-09-01,dividend,0.00382100
QQQ,2012-06-15,dividend,0.00229508
QQQ,2013-03-15,dividend,0.00231366
QQQ,2013-06-21,dividend,0.00314811
QQQ,2013-09-20,dividend,0.00299005
QQQ,2013-12-20,dividend,0.00317130
QQQ,2014-02-27,dividend,0.00413536
QQQ,2014-03-21,dividend,0.00228209
QQQ,2014-06-20,dividend,0.00268099
QQQ,2014-09-19,dividend,0.00237144
QQQ,2014-12-19,dividend,0.00371042
QQQ,2015-03-20,dividend,0.00229510
QQQ,2015-06-19,dividend,0.00229612
QQQ,2015-09-18,dividend,0.00242708
QQQ,2015-12-18,dividend,0.00304786
QQQ,2016-03-18,dividend,0.00295584
QQQ,2016-06-17,dividend,0.00265315
QQQ,2016-09-16,dividend,0.00249807
QQQ,2016-12-16,dividend,0.00294800
QQQ,2017-03-17,dividend,0.00207680
QQQ,2017-06-16,dividend,0.00271993
QQQ,2017-09-18,dividend,0.00218666
QQQ,2017-12-18,dividend,0.00208942
QQQ,2018-03-19,dividend,0.00161702
QQQ,2018-06-18,dividend,0.00213798
QQQ,2018-09-24,dividend,0.00179492
QQQ,2018-12-24,dividend,0.00285029
QQQ,2019-03-18,dividend,0.00181782
QQQ,2019-06-24,dividend,0.00220386
QQQ,2019-09-23,dividend,0.00201331
QQQ,2019-12-23,dividend,0.00216171
QQQ,2020-03-23,dividend,0.00212470
QQQ,2020-06-22,dividend,0.00173706
QQQ,2020-09-21,dividend,0.00145480
QQQ,2020-12-21,dividend,0.00181040
QQQ,2021-03-22,dividend,0.00126038
QQQ,2021-06-21,dividend,0.00115805
QQQ,2021-09-20,dividend,0.00110722
QQQ,2021-12-20,dividend,0.00127667
QQQ,2022-03-21,dividend,0.00123385
QQQ,2022-06-21,dividend,0.00191996
QQQ,2022-09-19,dividend,0.00179235
QQQ,2022-12-19,dividend,0.00238982
QQQ,2023-03-20,dividend,0.00154649
QQQ,2023-06-20,dividend,0.00136970
QQQ,2023-09-18,dividend,0.00144427
QQQ,2023-12-18,dividend,0.00199404
QQQ,2023-12-27,dividend,0.00052530
QQQ,2024-03-18,dividend,0.00132154
QQQ,2024-06-24,dividend,0.00158586
QQQ,2024-09-23,dividend,0.00140300
QQQ,2024-12-23,dividend,0.00160925
QQQ,2025-03-24,dividend,0.00148848
QQQ,2025-06-23,dividend,0.00112202
QQQ,2025-09-22,dividend,0.00115785
QQQ,2025-12-22,dividend,0.00128691
QQQ,2026-03-23,dividend,0.00125901
QQQ,2026-06-22,dividend,0.00109839
QQQ,2026-09-21,dividend,0.00104204
REM,2007-06-29,dividend,0.01829031
REM,2007-09-26,dividend,0.03494624
REM,2007-12-27,dividend,0.02313775
REM,2008-03-25,dividend,0.03592033
REM,2008-06-24,dividend,0.03438726
REM,2008-09-25,dividend,0.04638321
REM,2008-12-24,dividend,0.05177879
REM,2009-03-25,dividend,0.01392804
REM,2009-06-23,dividend,0.01731602
REM,2009-09-23,dividend,0.02043399
REM,2009-12-24,dividend,0.03299372
REM,2010-03-25,dividend,0.01962598
REM,2010-06-23,dividend,0.02717991
REM,2010-09-24,dividend,0.02606882
REM,2010-12-23,dividend,0.02269796
REM,2011-03-25,dividend,0.02277949
REM,2011-06-23,dividend,0.02469641
REM,2011-09-26,dividend,0.03122269
REM,2011-12-22,dividend,0.02619581
REM,2011-12-28,dividend,0.00814269
REM,2012-03-26,dividend,0.03072936
REM,2012-06-19,dividend,0.03166056
REM,2012-09-25,dividend,0.02677103
REM,2012-12-19,dividend,0.03365209
REM,2013-03-25,dividend,0.02810411
REM,2013-06-26,dividend,0.04286993
REM,2013-09-24,dividend,0.03488276
REM,2013-12-23,dividend,0.04168487
REM,2014-03-25,dividend,0.04141142
REM,2014-06-24,dividend,0.02330779
REM,2014-09-24,dividend,0.02579084
REM,2014-12-24,dividend,0.05040237
REM,2015-03-25,dividend,0.02564103
REM,2015-06-24,dividend,0.02768229
REM,2015-09-25,dividend,0.02586125
REM,2015-12-24,dividend,0.02750230
REM,2016-03-23,dividend,0.02864311
REM,2016-06-21,dividend,0.02722035
REM,2016-09-26,dividend,0.02780678
REM,2016-12-21,dividend,0.02031603
REM,2017-03-24,dividend,0.02386000
REM,2017-06-27,dividend,0.02012009
REM,2017-09-26,dividend,0.02277130
REM,2017-12-19,dividend,0.03164627
REM,2018-03-22,dividend,0.02133454
REM,2018-06-26,dividend,0.02415017
REM,2018-09-26,dividend,0.02349148
REM,2018-12-17,dividend,0.02441930
REM,2019-03-20,dividend,0.01649120
REM,2019-06-17,dividend,0.02555465
REM,2019-09-24,dividend,0.02206267
REM,2019-12-16,dividend,0.02147818
REM,2020-03-25,dividend,0.05344794
REM,2020-06-15,dividend,0.02290617
REM,2020-09-23,dividend,0.02008375
REM,2020-12-14,dividend,0.01736811
REM,2021-03-25,dividend,0.01703786
REM,2021-06-10,dividend,0.01537819
REM,2021-09-24,dividend,0.00543774
REM,2021-12-13,dividend,0.03270372
REM,2022-03-24,dividend,0.00467727
REM,2022-06-09,dividend,0.02204612
REM,2022-09-26,dividend,0.02796457
REM,2022-12-13,dividend,0.04376680
REM,2023-03-23,dividend,0.00725419
REM,2023-06-07,dividend,0.02464915
REM,2023-09-26,dividend,0.02473654
REM,2023-12-20,dividend,0.04067485
REM,2024-03-21,dividend,0.00519092
REM,2024-06-11,dividend,0.02407143
REM,2024-09-25,dividend,0.02262254
REM,2024-12-17,dividend,0.03911267
REM,2025-03-18,dividend,0.00483217
REM,2025-06-16,dividend,0.02566540
REM,2025-09-16,dividend,0.02039917
REM,2025-12-16,dividend,0.03701006
REM,2026-03-17,dividend,0.00761789
REM,2026-06-15,dividend,0.02325148
REM,2026-09-15,dividend,0.02509423
REMX,2011-12-23,dividend,0.06258619
REMX,2012-12-24,dividend,0.01771638
REMX,2013-12-23,dividend,0.00242782
REMX,2014-12-22,dividend,0.01537604
REMX,2015-12-21,dividend,0.05232987
REMX,2016-12-19,dividend,0.02237927
REMX,2017-12-18,dividend,0.03227003
REMX,2018-12-20,dividend,0.11762653
REMX,2019-12-23,dividend,0.01671201
REMX,2020-12-21,dividend,0.00892336
REMX,2021-12-20,dividend,0.05490225
REMX,2022-12-19,dividend,0.01458715
REMX,2024-12-23,dividend,0.02531549
REMX,2025-12-22,dividend,0.01825222
RSP,2003-09-19,dividend,0.00500678
RSP,2003-12-19,dividend,0.00288097
RSP,2004-03-19,dividend,0.00240867
RSP,2004-06-18,dividend,0.00255195
RSP,2004-09-17,dividend,0.00250303
RSP,2004-12-17,dividend,0.00281320
RSP,2005-03-18,dividend,0.00231212
RSP,2005-06-17,dividend,0.00240359
RSP,2005-09-16,dividend,0.00263933
RSP,2005-12-16,dividend,0.00344605
RSP,2006-03-17,dividend,0.00239298
RSP,2006-06-16,dividend,0.00299578
RSP,2006-09-15,dividend,0.00275256
RSP,2006-12-15,dividend,0.00353253
RSP,2007-03-16,dividend,0.00201199
RSP,2007-06-15,dividend,0.00310757
RSP,2007-09-21,dividend,0.00316811
RSP,2007-12-21,dividend,0.00415836
RSP,2008-03-20,dividend,0.00391877
RSP,2008-06-20,dividend,0.00352750
RSP,2008-09-19,dividend,0.00451860
RSP,2008-12-19,dividend,0.00525793
RSP,2009-03-20,dividend,0.00671691
RSP,2009-06-19,dividend,0.00375143
RSP,2009-09-18,dividend,0.00317965
RSP,2009-12-18,dividend,0.00325380
RSP,2010-03-19,dividend,0.00294985
RSP,2010-06-18,dividend,0.00335903
RSP,2010-09-17,dividend,0.00490255
RSP,2010-12-17,dividend,0.00281001
RSP,2011-03-18,dividend,0.00414766
RSP,2011-06-17,dividend,0.00331400
RSP,2011-09-16,dividend,0.00376606
RSP,2011-12-16,dividend,0.00416443
RSP,2012-03-16,dividend,0.00347883
RSP,2012-06-15,dividend,0.00420676
RSP,2012-09-21,dividend,0.00391847
RSP,2012-12-21,dividend,0.00521733
RSP,2013-03-15,dividend,0.00339621
RSP,2013-06-21,dividend,0.00397417
RSP,2013-09-20,dividend,0.00325567
RSP,2013-12-20,dividend,0.00357959
RSP,2014-03-21,dividend,0.00386577
RSP,2014-06-20,dividend,0.00366013
RSP,2014-09-19,dividend,0.00344819
RSP,2014-12-19,dividend,0.00419458
RSP,2015-03-20,dividend,0.00400718
RSP,2015-06-19,dividend,0.00386946
RSP,2015-09-18,dividend,0.00419719
RSP,2015-12-18,dividend,0.00443579
RSP,2016-03-18,dividend,0.00515662
RSP,2016-06-17,dividend,0.00235063
RSP,2016-09-16,dividend,0.00364387
RSP,2016-12-16,dividend,0.00167688
RSP,2017-03-17,dividend,0.00384235
RSP,2017-06-16,dividend,0.00345685
RSP,2017-09-15,dividend,0.00435106
RSP,2017-12-15,dividend,0.00460524
RSP,2018-03-16,dividend,0.00420502
RSP,2018-06-15,dividend,0.00386955
RSP,2018-09-24,dividend,0.00449609
RSP,2018-12-24,dividend,0.00601279
RSP,2019-03-18,dividend,0.00460883
RSP,2019-06-24,dividend,0.00456069
RSP,2019-09-23,dividend,0.00479882
RSP,2019-12-23,dividend,0.00406198
RSP,2020-03-23,dividend,0.00982503
RSP,2020-06-22,dividend,0.00414129
RSP,2020-09-21,dividend,0.00454658
RSP,2020-12-21,dividend,0.00349137
RSP,2021-03-22,dividend,0.00461712
RSP,2021-06-21,dividend,0.00287219
RSP,2021-09-20,dividend,0.00365287
RSP,2021-12-20,dividend,0.00290085
RSP,2022-03-21,dividend,0.00417849
RSP,2022-06-21,dividend,0.00538958
RSP,2022-09-19,dividend,0.00456125
RSP,2022-12-19,dividend,0.00410564
RSP,2023-03-20,dividend,0.00503135
RSP,2023-06-20,dividend,0.00433233
RSP,2023-09-18,dividend,0.00434185
RSP,2023-12-18,dividend,0.00390883
RSP,2024-03-18,dividend,0.00415293
RSP,2024-06-24,dividend,0.00401996
RSP,2024-09-23,dividend,0.00393222
RSP,2024-12-23,dividend,0.00352193
RSP,2025-03-24,dividend,0.00480322
RSP,2025-06-23,dividend,0.00408076
RSP,2025-09-22,dividend,0.00435267
RSP,2025-12-22,dividend,0.00397676
RSP,2026-03-23,dividend,0.00428117
RSP,2026-06-22,dividend,0.00387282
RSP,2026-09-21,dividend,0.00375895
RWR,2002-03-15,dividend,0.01249839
RWR,2002-06-21,dividend,0.01155208
RWR,2002-09-20,dividend,0.01377762
RWR,2002-12-20,dividend,0.00932153
RWR,2003-03-21,dividend,0.01483552
RWR,2003-06-20,dividend,0.01378210
RWR,2003-09-19,dividend,0.01380554
RWR,2003-12-19,dividend,0.00895712
RWR,2004-03-19,dividend,0.00776099
RWR,2004-06-18,dividend,0.01987430
RWR,2004-09-17,dividend,0.01264600
RWR,2004-12-17,dividend,0.01644874
RWR,2005-03-18,dividend,0.00690390
RWR,2005-06-17,dividend,0.01050777
RWR,2005-09-16,dividend,0.01116360
RWR,2005-12-16,dividend,0.02257499
RWR,2006-03-17,dividend,0.00587559
RWR,2006-06-16,dividend,0.00949796
RWR,2006-09-15,dividend,0.00931620
RWR,2006-12-15,dividend,0.01606752
RWR,2007-03-16,dividend,0.00625048
RWR,2007-06-15,dividend,0.01316978
RWR,2007-09-21,dividend,0.01097061
RWR,2007-12-21,dividend,0.01064291
RWR,2008-03-20,dividend,0.01143617
RWR,2008-06-20,dividend,0.01229735
RWR,2008-09-19,dividend,0.01226685
RWR,2008-12-19,dividend,0.00994706
RWR,2009-03-20,dividend,0.01841175
RWR,2009-06-19,dividend,0.01630143
RWR,2009-09-18,dividend,0.00955757
RWR,2009-12-18,dividend,0.01010524
RWR,2010-03-19,dividend,0.00577629
RWR,2010-06-18,dividend,0.00840486
RWR,2010-09-17,dividend,0.00828182
RWR,2010-12-17,dividend,0.00910929
RWR,2011-03-18,dividend,0.00648094
RWR,2011-06-17,dividend,0.00799702
RWR,2011-09-16,dividend,0.00805483
RWR,2011-12-16,dividend,0.00995454
RWR,2012-03-16,dividend,0.00628387
RWR,2012-06-15,dividend,0.00785714
RWR,2012-09-21,dividend,0.00818966
RWR,2012-12-21,dividend,0.00882430
RWR,2013-03-15,dividend,0.00535566
RWR,2013-06-21,dividend,0.00887227
RWR,2013-09-20,dividend,0.00815214
RWR,2013-12-20,dividend,0.01063002
RWR,2014-03-21,dividend,0.00635926
RWR,2014-06-20,dividend,0.00801390
RWR,2014-09-19,dividend,0.00828900
RWR,2014-12-19,dividend,0.01052840
RWR,2015-03-20,dividend,0.00512658
RWR,2015-06-19,dividend,0.00791182
RWR,2015-09-18,dividend,0.00889794
RWR,2015-12-18,dividend,0.01051750
RWR,2016-03-18,dividend,0.01091559
RWR,2016-06-17,dividend,0.00815038
RWR,2016-09-16,dividend,0.00805649
RWR,2016-12-16,dividend,0.01690415
RWR,2017-03-17,dividend,0.00665048
RWR,2017-06-16,dividend,0.00846838
RWR,2017-09-15,dividend,0.00811260
RWR,2017-12-15,dividend,0.00734668
RWR,2018-03-16,dividend,0.00608406
RWR,2018-06-15,dividend,0.00926597
RWR,2018-09-24,dividend,0.01230076
RWR,2018-12-24,dividend,0.01248508
RWR,2019-03-18,dividend,0.00557686
RWR,2019-06-24,dividend,0.00860179
RWR,2019-09-23,dividend,0.00844482
RWR,2019-12-23,dividend,0.01138907
RWR,2020-03-23,dividend,0.00944328
RWR,2020-06-22,dividend,0.00900096
RWR,2020-12-21,dividend,0.01521946
RWR,2021-03-22,dividend,0.00837998
RWR,2021-06-21,dividend,0.00668502
RWR,2021-12-20,dividend,0.00995063
RWR,2022-03-21,dividend,0.00440922
RWR,2022-06-21,dividend,0.00839326
RWR,2022-09-19,dividend,0.01043542
RWR,2022-12-19,dividend,0.01226083
RWR,2023-03-20,dividend,0.00719848
RWR,2023-06-20,dividend,0.00979762
RWR,2023-09-18,dividend,0.00921866
RWR,2023-12-18,dividend,0.01329447
RWR,2024-03-18,dividend,0.00593195
RWR,2024-06-24,dividend,0.00979539
RWR,2024-09-23,dividend,0.00793733
RWR,2024-12-23,dividend,0.01460360
RWR,2025-03-24,dividend,0.00624466
RWR,2025-06-23,dividend,0.00940595
RWR,2025-09-22,dividend,0.01007541
RWR,2025-12-22,dividend,0.01236389
RWR,2026-03-23,dividend,0.00619335
RWR,2026-06-22,dividend,0.00878995
RWR,2026-09-21,dividend,0.00917431
SCHH,2011-03-21,dividend,0.00536452
SCHH,2011-06-20,dividend,0.00788393
SCHH,2011-09-19,dividend,0.00746983
SCHH,2011-12-19,dividend,0.00231303
SCHH,2012-03-19,dividend,0.00644896
SCHH,2012-06-18,dividend,0.00679348
SCHH,2012-09-17,dividend,0.00371046
SCHH,2012-12-24,dividend,0.00857667
SCHH,2013-03-18,dividend,0.00537269
SCHH,2013-06-24,dividend,0.00534446
SCHH,2013-09-23,dividend,0.00473001
SCHH,2013-12-23,dividend,0.00975690
SCHH,2014-03-24,dividend,0.00648953
SCHH,2014-06-23,dividend,0.00454558
SCHH,2014-09-22,dividend,0.00598906
SCHH,2014-12-22,dividend,0.00691776
SCHH,2015-03-23,dividend,0.00463530
SCHH,2015-06-22,dividend,0.00536370
SCHH,2015-09-21,dividend,0.00602101
SCHH,2015-12-21,dividend,0.00905129
SCHH,2015-12-29,dividend,0.00032748
SCHH,2016-03-21,dividend,0.00476471
SCHH,2016-06-20,dividend,0.00550468
SCHH,2016-09-19,dividend,0.00557323
SCHH,2016-12-19,dividend,0.01228209
SCHH,2017-03-20,dividend,0.00273810
SCHH,2017-06-19,dividend,0.00590154
SCHH,2017-09-18,dividend,0.00569487
SCHH,2017-12-18,dividend,0.00784967
SCHH,2018-03-16,dividend,0.00703375
SCHH,2018-06-26,dividend,0.00739416
SCHH,2018-09-25,dividend,0.00792041
SCHH,2018-12-12,dividend,0.01191471
SCHH,2018-12-28,dividend,0.00026110
SCHH,2019-03-20,dividend,0.00279711
SCHH,2019-06-26,dividend,0.00740408
SCHH,2019-09-25,dividend,0.00662934
SCHH,2019-12-12,dividend,0.01226521
SCHH,2020-03-25,dividend,0.00402159
SCHH,2020-06-24,dividend,0.00655960
SCHH,2020-09-23,dividend,0.00703179
SCHH,2020-12-10,dividend,0.00998207
SCHH,2020-12-30,dividend,0.00318429
SCHH,2021-03-24,dividend,0.00061751
SCHH,2021-06-23,dividend,0.00439422
SCHH,2021-09-22,dividend,0.00479682
SCHH,2021-12-08,dividend,0.00670471
SCHH,2022-03-23,dividend,0.00140519
SCHH,2022-06-22,dividend,0.00694105
SCHH,2022-09-21,dividend,0.00726536
SCHH,2022-12-07,dividend,0.00856182
SCHH,2023-03-22,dividend,0.00637959
SCHH,2023-06-21,dividend,0.00968044
SCHH,2023-09-20,dividend,0.00752441
SCHH,2023-12-06,dividend,0.01155921
SCHH,2024-03-20,dividend,0.00538419
SCHH,2024-06-26,dividend,0.00966921
SCHH,2024-09-25,dividend,0.00600086
SCHH,2024-12-11,dividend,0.01096611
SCHH,2025-03-26,dividend,0.00466519
SCHH,2025-06-25,dividend,0.00739157
SCHH,2025-09-24,dividend,0.00727476
SCHH,2025-12-10,dividend,0.01069983
SCHH,2026-03-25,dividend,0.00540795
SCHH,2026-06-24,dividend,0.00705527
SCHH,2026-09-23,dividend,0.00760874
SCHO,2010-09-01,dividend,0.00013968
SCHO,2010-10-01,dividend,0.00027918
SCHO,2010-11-01,dividend,0.00027868
SCHO,2010-12-01,dividend,0.00025939
SCHO,2010-12-29,dividend,0.00034093
SCHO,2011-02-01,dividend,0.00035934
SCHO,2011-03-01,dividend,0.00029991
SCHO,2011-04-01,dividend,0.00040064
SCHO,2011-05-02,dividend,0.00037878
SCHO,2011-06-01,dividend,0.00045701
SCHO,2011-07-01,dividend,0.00035791
SCHO,2011-08-01,dividend,0.00043679
SCHO,2011-09-01,dividend,0.00039549
SCHO,2011-10-03,dividend,0.00025739
SCHO,2011-11-01,dividend,0.00027747
SCHO,2011-12-01,dividend,0.00023740
SCHO,2011-12-28,dividend,0.00025754
SCHO,2012-02-01,dividend,0.00025719
SCHO,2012-03-01,dividend,0.00023782
SCHO,2012-04-02,dividend,0.00025790
SCHO,2012-05-01,dividend,0.00027714
SCHO,2012-06-01,dividend,0.00025744
SCHO,2012-07-02,dividend,0.00021804
SCHO,2012-08-01,dividend,0.00025708
SCHO,2012-09-04,dividend,0.00021752
SCHO,2012-10-01,dividend,0.00021774
SCHO,2012-12-03,dividend,0.00023749
SCHO,2012-12-27,dividend,0.00023759
SCHO,2013-02-01,dividend,0.00023754
SCHO,2013-03-01,dividend,0.00021761
SCHO,2013-04-01,dividend,0.00023749
SCHO,2013-05-01,dividend,0.00021744
SCHO,2013-06-03,dividend,0.00021778
SCHO,2013-07-01,dividend,0.00017839
SCHO,2013-08-01,dividend,0.00025734
SCHO,2013-09-03,dividend,0.00025775
SCHO,2013-10-01,dividend,0.00019794
SCHO,2013-11-01,dividend,0.00033621
SCHO,2013-12-02,dividend,0.00027670
SCHO,2013-12-27,dividend,0.00029706
SCHO,2014-02-03,dividend,0.00031637
SCHO,2014-03-03,dividend,0.00029635
SCHO,2014-04-01,dividend,0.00033641
SCHO,2014-05-01,dividend,0.00035572
SCHO,2014-06-02,dividend,0.00035551
SCHO,2014-07-01,dividend,0.00037549
SCHO,2014-08-01,dividend,0.00039573
SCHO,2014-09-02,dividend,0.00041511
SCHO,2014-10-01,dividend,0.00041544
SCHO,2014-11-03,dividend,0.00043420
SCHO,2014-12-01,dividend,0.00049324
SCHO,2014-12-29,dividend,0.00049529
SCHO,2015-02-02,dividend,0.00057108
SCHO,2015-03-02,dividend,0.00047397
SCHO,2015-04-01,dividend,0.00053230
SCHO,2015-05-01,dividend,0.00055203
SCHO,2015-06-01,dividend,0.00057176
SCHO,2015-07-01,dividend,0.00051298
SCHO,2015-08-03,dividend,0.00065093
SCHO,2015-09-01,dividend,0.00051339
SCHO,2015-10-01,dividend,0.00053178
SCHO,2015-11-02,dividend,0.00063156
SCHO,2015-12-01,dividend,0.00057413
SCHO,2015-12-29,dividend,0.00061460
SCHO,2016-02-01,dividend,0.00067040
SCHO,2016-05-02,dividend,0.00074874
SCHO,2016-06-01,dividend,0.00065144
SCHO,2016-07-01,dividend,0.00068729
SCHO,2016-08-01,dividend,0.00066842
SCHO,2016-09-01,dividend,0.00066987
SCHO,2016-10-03,dividend,0.00070930
SCHO,2016-11-01,dividend,0.00063144
SCHO,2016-12-01,dividend,0.00067412
SCHO,2016-12-28,dividend,0.00063558
SCHO,2017-02-01,dividend,0.00085255
SCHO,2017-03-01,dividend,0.00071380
SCHO,2017-04-03,dividend,0.00087274
SCHO,2017-05-01,dividend,0.00081286
SCHO,2017-06-01,dividend,0.00093156
SCHO,2017-07-03,dividend,0.00095291
SCHO,2017-08-01,dividend,0.00087222
SCHO,2017-09-01,dividend,0.00097047
SCHO,2017-10-02,dividend,0.00097317
SCHO,2017-11-01,dividend,0.00093564
SCHO,2017-12-01,dividend,0.00107793
SCHO,2017-12-27,dividend,0.00111991
SCHO,2018-02-01,dividend,0.00118424
SCHO,2018-03-01,dividend,0.00110497
SCHO,2018-04-02,dividend,0.00134611
SCHO,2018-05-01,dividend,0.00126947
SCHO,2018-06-01,dividend,0.00142774
SCHO,2018-07-02,dividend,0.00155045
SCHO,2018-08-01,dividend,0.00151286
SCHO,2018-09-04,dividend,0.00173233
SCHO,2018-10-01,dividend,0.00149507
SCHO,2018-11-01,dividend,0.00175853
SCHO,2018-12-03,dividend,0.00169403
SCHO,2018-12-19,dividend,0.00179107
SCHO,2019-02-01,dividend,0.00202328
SCHO,2019-03-01,dividend,0.00180469
SCHO,2019-04-01,dividend,0.00205642
SCHO,2019-05-01,dividend,0.00197719
SCHO,2019-06-03,dividend,0.00214533
SCHO,2019-07-01,dividend,0.00182185
SCHO,2019-08-01,dividend,0.00194591
SCHO,2019-09-03,dividend,0.00195417
SCHO,2019-10-01,dividend,0.00186153
SCHO,2019-11-01,dividend,0.00179917
SCHO,2019-12-02,dividend,0.00176374
SCHO,2019-12-19,dividend,0.00158730
SCHO,2020-02-03,dividend,0.00177550
SCHO,2020-03-02,dividend,0.00146900
SCHO,2020-04-01,dividend,0.00133563
SCHO,2020-05-01,dividend,0.00125859
SCHO,2020-06-01,dividend,0.00118174
SCHO,2020-07-01,dividend,0.00102759
SCHO,2020-08-03,dividend,0.00108582
SCHO,2020-09-01,dividend,0.00087353
SCHO,2020-10-01,dividend,0.00081620
SCHO,2020-11-02,dividend,0.00077791
SCHO,2020-12-01,dividend,0.00064206
SCHO,2020-12-17,dividend,0.00056419
SCHO,2021-02-01,dividend,0.00058388
SCHO,2021-03-01,dividend,0.00044811
SCHO,2021-04-01,dividend,0.00044846
SCHO,2021-05-03,dividend,0.00038994
SCHO,2021-06-01,dividend,0.00033130
SCHO,2021-07-01,dividend,0.00031248
SCHO,2021-08-02,dividend,0.00033156
SCHO,2021-09-01,dividend,0.00027314
SCHO,2021-10-01,dividend,0.00025402
SCHO,2021-11-01,dividend,0.00025482
SCHO,2021-12-01,dividend,0.00025502
SCHO,2021-12-17,dividend,0.00025542
SCHO,2022-02-01,dividend,0.00033688
SCHO,2022-03-01,dividend,0.00029860
SCHO,2022-04-01,dividend,0.00048469
SCHO,2022-05-02,dividend,0.00050756
SCHO,2022-06-01,dividend,0.00066657
SCHO,2022-07-01,dividend,0.00103787
SCHO,2022-08-01,dividend,0.00109498
SCHO,2022-09-01,dividend,0.00143354
SCHO,2022-10-03,dividend,0.00159807
SCHO,2022-11-01,dividend,0.00162257
SCHO,2022-12-01,dividend,0.00176075
SCHO,2022-12-16,dividend,0.00241971
SCHO,2023-02-01,dividend,0.00224784
SCHO,2023-03-01,dividend,0.00277101
SCHO,2023-04-03,dividend,0.00320763
SCHO,2023-05-01,dividend,0.00273511
SCHO,2023-06-01,dividend,0.00300176
SCHO,2023-07-03,dividend,0.00327746
SCHO,2023-08-01,dividend,0.00359171
SCHO,2023-09-01,dividend,0.00317076
SCHO,2023-10-02,dividend,0.00341526
SCHO,2023-11-01,dividend,0.00345731
SCHO,2023-12-01,dividend,0.00376699
SCHO,2023-12-15,dividend,0.00325099
SCHO,2024-02-01,dividend,0.00365302
SCHO,2024-03-01,dividend,0.00380798
SCHO,2024-04-01,dividend,0.00345517
SCHO,2024-05-01,dividend,0.00350230
SCHO,2024-06-03,dividend,0.00386665
SCHO,2024-07-01,dividend,0.00331450
SCHO,2024-08-01,dividend,0.00364058
SCHO,2024-09-03,dividend,0.00384829
SCHO,2024-10-01,dividend,0.00321570
SCHO,2024-11-01,dividend,0.00380669
SCHO,2024-12-02,dividend,0.00335140
SCHO,2024-12-20,dividend,0.00332226
SCHO,2025-02-03,dividend,0.00397614
SCHO,2025-03-03,dividend,0.00321756
SCHO,2025-04-01,dividend,0.00346306
SCHO,2025-05-01,dividend,0.00340485
SCHO,2025-06-02,dividend,0.00359015
SCHO,2025-07-01,dividend,0.00325090
SCHO,2025-08-01,dividend,0.00371901
SCHO,2025-09-02,dividend,0.00328677
SCHO,2025-10-01,dividend,0.00312449
SCHO,2025-11-03,dividend,0.00353415
SCHO,2025-12-01,dividend,0.00295591
SCHO,2025-12-19,dividend,0.00316313
SCHO,2026-02-02,dividend,0.00357539
SCHO,2026-03-02,dividend,0.00291234
SCHO,2026-04-01,dividend,0.00309981
SCHO,2026-05-01,dividend,0.00310238
SCHO,2026-06-01,dividend,0.00306723
SCHO,2026-07-01,dividend,0.00324163
SCHO,2026-08-03,dividend,0.00337233
SCHO,2026-09-01,dividend,0.00258247
SCHP,2010-10-01,dividend,0.00019508
SCHP,2010-11-01,dividend,0.00078350
SCHP,2010-12-01,dividend,0.00110953
SCHP,2010-12-29,dividend,0.00174268
SCHP,2011-02-01,dividend,0.00027730
SCHP,2011-03-01,dividend,0.00088522
SCHP,2011-04-01,dividend,0.00273331
SCHP,2011-05-02,dividend,0.00309527
SCHP,2011-06-01,dividend,0.00563046
SCHP,2011-07-01,dividend,0.00531325
SCHP,2011-08-01,dividend,0.00482627
SCHP,2011-09-01,dividend,0.00198340
SCHP,2011-10-03,dividend,0.00132455
SCHP,2011-11-01,dividend,0.00180963
SCHP,2011-12-01,dividend,0.00158610
SCHP,2012-04-02,dividend,0.00046492
SCHP,2012-05-01,dividend,0.00203816
SCHP,2012-06-01,dividend,0.00381150
SCHP,2012-07-02,dividend,0.00325209
SCHP,2012-12-03,dividend,0.00253268
SCHP,2012-12-27,dividend,0.00218684
SCHP,2013-05-01,dividend,0.00090587
SCHP,2013-06-03,dividend,0.00160829
SCHP,2013-08-01,dividend,0.00090421
SCHP,2013-09-03,dividend,0.00152459
SCHP,2013-10-01,dividend,0.00075899
SCHP,2013-11-01,dividend,0.00071875
SCHP,2014-05-01,dividend,0.00172205
SCHP,2014-06-02,dividend,0.00292008
SCHP,2014-07-01,dividend,0.00275442
SCHP,2014-08-01,dividend,0.00274576
SCHP,2014-09-02,dividend,0.00159983
SCHP,2014-10-01,dividend,0.00101617
SCHP,2015-12-29,dividend,0.00274880
SCHP,2016-10-03,dividend,0.00171984
SCHP,2016-11-01,dividend,0.00210541
SCHP,2016-12-01,dividend,0.00240693
SCHP,2016-12-28,dividend,0.00748734
SCHP,2017-04-03,dividend,0.00106362
SCHP,2017-05-01,dividend,0.00165444
SCHP,2017-06-01,dividend,0.00142135
SCHP,2017-07-03,dividend,0.00178305
SCHP,2017-08-01,dividend,0.00152268
SCHP,2017-09-01,dividend,0.00123942
SCHP,2017-10-02,dividend,0.00159501
SCHP,2017-11-01,dividend,0.00224654
SCHP,2017-12-01,dividend,0.00259448
SCHP,2017-12-27,dividend,0.00396133
SCHP,2018-04-02,dividend,0.00266745
SCHP,2018-05-01,dividend,0.00344688
SCHP,2018-06-01,dividend,0.00216268
SCHP,2018-07-02,dividend,0.00262937
SCHP,2018-08-01,dividend,0.00386954
SCHP,2018-09-04,dividend,0.00286323
SCHP,2018-10-01,dividend,0.00172647
SCHP,2018-11-01,dividend,0.00132075
SCHP,2018-12-03,dividend,0.00150546
SCHP,2018-12-19,dividend,0.00363144
SCHP,2019-05-01,dividend,0.00067135
SCHP,2019-06-03,dividend,0.00318756
SCHP,2019-07-01,dividend,0.00436993
SCHP,2019-08-01,dividend,0.00160199
SCHP,2019-09-03,dividend,0.00120270
SCHP,2019-10-01,dividend,0.00081109
SCHP,2019-11-01,dividend,0.00242293
SCHP,2019-12-02,dividend,0.00180282
SCHP,2019-12-19,dividend,0.00422702
SCHP,2020-09-01,dividend,0.00171454
SCHP,2020-10-01,dividend,0.00289657
SCHP,2020-11-02,dividend,0.00274297
SCHP,2020-12-01,dividend,0.00185559
SCHP,2020-12-17,dividend,0.00204068
SCHP,2021-04-01,dividend,0.00153932
SCHP,2021-05-03,dividend,0.00293217
SCHP,2021-06-01,dividend,0.00428245
SCHP,2021-07-01,dividend,0.00511320
SCHP,2021-08-02,dividend,0.00568244
SCHP,2021-09-01,dividend,0.00645489
SCHP,2021-10-01,dividend,0.00473629
SCHP,2021-11-01,dividend,0.00278640
SCHP,2021-12-01,dividend,0.00220073
SCHP,2021-12-17,dividend,0.00845197
SCHP,2022-02-01,dividend,0.00190204
SCHP,2022-03-01,dividend,0.00201988
SCHP,2022-04-01,dividend,0.00450048
SCHP,2022-05-02,dividend,0.00653773
SCHP,2022-06-01,dividend,0.01050438
SCHP,2022-07-01,dividend,0.00674774
SCHP,2022-08-01,dividend,0.00830967
SCHP,2022-09-01,dividend,0.00543478
SCHP,2022-10-03,dividend,0.00416788
SCHP,2022-11-01,dividend,0.00293458
SCHP,2022-12-01,dividend,0.00512976
SCHP,2022-12-16,dividend,0.00819875
SCHP,2023-04-03,dividend,0.00160676
SCHP,2023-05-01,dividend,0.00320411
SCHP,2023-06-01,dividend,0.00317835
SCHP,2023-07-03,dividend,0.00430993
SCHP,2023-08-01,dividend,0.00313058
SCHP,2023-09-01,dividend,0.00312749
SCHP,2023-10-02,dividend,0.00256151
SCHP,2023-11-01,dividend,0.00365183
SCHP,2023-12-01,dividend,0.00311331
SCHP,2023-12-15,dividend,0.00261835
SCHP,2024-04-01,dividend,0.00145918
SCHP,2024-05-01,dividend,0.00407667
SCHP,2024-06-03,dividend,0.00563637
SCHP,2024-07-01,dividend,0.00482998
SCHP,2024-08-01,dividend,0.00338970
SCHP,2024-09-03,dividend,0.00202563
SCHP,2024-10-01,dividend,0.00037306
SCHP,2024-11-01,dividend,0.00110346
SCHP,2024-12-02,dividend,0.00258143
SCHP,2024-12-20,dividend,0.00427683
SCHP,2025-03-03,dividend,0.00056190
SCHP,2025-04-01,dividend,0.00369527
SCHP,2025-05-01,dividend,0.00460553
SCHP,2025-06-02,dividend,0.00393850
SCHP,2025-07-01,dividend,0.00395108
SCHP,2025-08-01,dividend,0.00331925
SCHP,2025-09-02,dividend,0.00368976
SCHP,2025-10-01,dividend,0.00297730
SCHP,2025-11-03,dividend,0.00342415
SCHP,2025-12-01,dividend,0.00346795
SCHP,2025-12-19,dividend,0.00667094
SCHP,2026-04-01,dividend,0.00101569
SCHP,2026-05-01,dividend,0.00358557
SCHP,2026-06-01,dividend,0.00762384
SCHP,2026-07-01,dividend,0.00840976
SCHP,2026-08-03,dividend,0.00834815
SCHP,2026-09-01,dividend,0.00298068
SHY,2006-11-01,dividend,0.00369754
SHY,2006-12-01,dividend,0.00356380
SHY,2006-12-27,dividend,0.00306046
SHY,2007-04-02,dividend,0.00366482
SHY,2007-07-02,dividend,0.00377304
SHY,2011-04-01,dividend,0.00080327
SHY,2011-05-02,dividend,0.00078646
SHY,2011-06-01,dividend,0.00078288
SHY,2011-07-01,dividend,0.00072834
SHY,2011-08-01,dividend,0.00072107
SHY,2011-09-01,dividend,0.00064287
SHY,2011-10-03,dividend,0.00057688
SHY,2011-11-01,dividend,0.00056855
SHY,2011-12-01,dividend,0.00053025
SHY,2011-12-27,dividend,0.00045732
SHY,2012-02-01,dividend,0.00036968
SHY,2012-03-01,dividend,0.00041751
SHY,2012-04-02,dividend,0.00035916
SHY,2012-05-01,dividend,0.00032729
SHY,2012-06-01,dividend,0.00032973
SHY,2012-07-02,dividend,0.00030969
SHY,2012-08-01,dividend,0.00030686
SHY,2012-09-04,dividend,0.00027858
SHY,2012-10-01,dividend,0.00025791
SHY,2012-11-01,dividend,0.00026377
SHY,2012-12-03,dividend,0.00023803
SHY,2012-12-26,dividend,0.00024691
SHY,2013-02-01,dividend,0.00024476
SHY,2013-03-01,dividend,0.00021778
SHY,2013-04-01,dividend,0.00021270
SHY,2013-05-01,dividend,0.00019732
SHY,2013-06-03,dividend,0.00020224
SHY,2013-07-01,dividend,0.00020454
SHY,2013-08-01,dividend,0.00021847
SHY,2013-09-03,dividend,0.00020816
SHY,2013-10-01,dividend,0.00021857
SHY,2013-11-01,dividend,0.00022551
SHY,2013-12-02,dividend,0.00022530
SHY,2013-12-26,dividend,0.00024623
SHY,2014-02-03,dividend,0.00027051
SHY,2014-03-03,dividend,0.00021703
SHY,2014-04-01,dividend,0.00025114
SHY,2014-05-01,dividend,0.00024877
SHY,2014-06-02,dividend,0.00026689
SHY,2014-07-01,dividend,0.00029367
SHY,2014-08-01,dividend,0.00031807
SHY,2014-09-02,dividend,0.00033222
SHY,2014-10-01,dividend,0.00035849
SHY,2014-11-03,dividend,0.00033657
SHY,2014-12-01,dividend,0.00034263
SHY,2014-12-24,dividend,0.00039174
SHY,2015-02-02,dividend,0.00038835
SHY,2015-03-02,dividend,0.00036646
SHY,2015-04-01,dividend,0.00043208
SHY,2015-05-01,dividend,0.00041554
SHY,2015-06-01,dividend,0.00043377
SHY,2015-07-01,dividend,0.00044378
SHY,2015-08-03,dividend,0.00044837
SHY,2015-09-01,dividend,0.00046923
SHY,2015-10-01,dividend,0.00046883
SHY,2015-11-02,dividend,0.00048500
SHY,2015-12-01,dividend,0.00048639
SHY,2015-12-24,dividend,0.00051070
SHY,2016-02-01,dividend,0.00053168
SHY,2016-03-01,dividend,0.00055070
SHY,2016-04-01,dividend,0.00059528
SHY,2016-05-02,dividend,0.00057684
SHY,2016-06-01,dividend,0.00059576
SHY,2016-07-01,dividend,0.00059052
SHY,2016-08-01,dividend,0.00059938
SHY,2016-09-01,dividend,0.00058916
SHY,2016-10-03,dividend,0.00057273
SHY,2016-11-01,dividend,0.00059573
SHY,2016-12-01,dividend,0.00058649
SHY,2016-12-22,dividend,0.00071747
SHY,2017-02-01,dividend,0.00060306
SHY,2017-03-01,dividend,0.00063316
SHY,2017-04-03,dividend,0.00069203
SHY,2017-05-01,dividend,0.00073119
SHY,2017-06-01,dividend,0.00075135
SHY,2017-07-03,dividend,0.00079244
SHY,2017-08-01,dividend,0.00083804
SHY,2017-09-01,dividend,0.00085070
SHY,2017-10-02,dividend,0.00085924
SHY,2017-11-01,dividend,0.00093038
SHY,2017-12-01,dividend,0.00093444
SHY,2017-12-21,dividend,0.00112116
SHY,2018-02-01,dividend,0.00103074
SHY,2018-03-01,dividend,0.00103480
SHY,2018-04-02,dividend,0.00113009
SHY,2018-05-01,dividend,0.00123823
SHY,2018-06-01,dividend,0.00151411
SHY,2018-07-02,dividend,0.00155784
SHY,2018-08-01,dividend,0.00165994
SHY,2018-09-04,dividend,0.00157449
SHY,2018-10-01,dividend,0.00164789
SHY,2018-11-01,dividend,0.00175178
SHY,2018-12-03,dividend,0.00170929
SHY,2018-12-18,dividend,0.00142397
SHY,2019-02-01,dividend,0.00181577
SHY,2019-03-01,dividend,0.00184281
SHY,2019-04-01,dividend,0.00194701
SHY,2019-05-01,dividend,0.00185903
SHY,2019-06-03,dividend,0.00199489
SHY,2019-07-01,dividend,0.00183939
SHY,2019-08-01,dividend,0.00177403
SHY,2019-09-03,dividend,0.00171865
SHY,2019-10-01,dividend,0.00159164
SHY,2019-11-01,dividend,0.00164279
SHY,2019-12-02,dividend,0.00158243
SHY,2019-12-19,dividend,0.00161299
SHY,2020-02-03,dividend,0.00158445
SHY,2020-03-02,dividend,0.00145764
SHY,2020-04-01,dividend,0.00122315
SHY,2020-05-01,dividend,0.00083368
SHY,2020-06-01,dividend,0.00080842
SHY,2020-07-01,dividend,0.00069996
SHY,2020-08-03,dividend,0.00058233
SHY,2020-09-01,dividend,0.00056770
SHY,2020-10-01,dividend,0.00046275
SHY,2020-11-02,dividend,0.00044665
SHY,2020-12-01,dividend,0.00038042
SHY,2020-12-17,dividend,0.00036995
SHY,2021-02-01,dividend,0.00034836
SHY,2021-03-01,dividend,0.00025529
SHY,2021-04-01,dividend,0.00022389
SHY,2021-05-03,dividend,0.00014191
SHY,2021-06-01,dividend,0.00013986
SHY,2021-07-01,dividend,0.00015303
SHY,2021-08-02,dividend,0.00014417
SHY,2021-09-01,dividend,0.00014858
SHY,2021-10-01,dividend,0.00012396
SHY,2021-11-01,dividend,0.00012803
SHY,2021-12-01,dividend,0.00058179
SHY,2021-12-16,dividend,0.00021101
SHY,2022-02-01,dividend,0.00027417
SHY,2022-03-01,dividend,0.00030052
SHY,2022-04-01,dividend,0.00043557
SHY,2022-05-02,dividend,0.00052612
SHY,2022-06-01,dividend,0.00077669
SHY,2022-07-01,dividend,0.00095413
SHY,2022-08-01,dividend,0.00106257
SHY,2022-09-01,dividend,0.00122105
SHY,2022-10-03,dividend,0.00133027
SHY,2022-11-01,dividend,0.00173691
SHY,2022-12-01,dividend,0.00203195
SHY,2022-12-15,dividend,0.00221636
SHY,2023-02-01,dividend,0.00186362
SHY,2023-03-01,dividend,0.00200389
SHY,2023-04-03,dividend,0.00219285
SHY,2023-05-01,dividend,0.00232625
SHY,2023-06-01,dividend,0.00241253
SHY,2023-07-03,dividend,0.00254091
SHY,2023-08-01,dividend,0.00261124
SHY,2023-09-01,dividend,0.00253333
SHY,2023-10-02,dividend,0.00258201
SHY,2023-11-01,dividend,0.00284290
SHY,2023-12-01,dividend,0.00302489
SHY,2023-12-14,dividend,0.00317074
SHY,2024-02-01,dividend,0.00294176
SHY,2024-03-01,dividend,0.00294179
SHY,2024-04-01,dividend,0.00330722
SHY,2024-05-01,dividend,0.00322391
SHY,2024-06-03,dividend,0.00321740
SHY,2024-07-01,dividend,0.00331155
SHY,2024-08-01,dividend,0.00330904
SHY,2024-09-03,dividend,0.00348128
SHY,2024-10-01,dividend,0.00328363
SHY,2024-11-01,dividend,0.00343790
SHY,2024-12-02,dividend,0.00322280
SHY,2024-12-18,dividend,0.00341487
SHY,2025-02-03,dividend,0.00332364
SHY,2025-03-03,dividend,0.00306388
SHY,2025-04-01,dividend,0.00338193
SHY,2025-05-01,dividend,0.00311828
SHY,2025-06-02,dividend,0.00328854
SHY,2025-07-01,dividend,0.00318716
SHY,2025-08-01,dividend,0.00326999
SHY,2025-09-02,dividend,0.00311352
SHY,2025-10-01,dividend,0.00308884
SHY,2025-11-03,dividend,0.00316624
SHY,2025-12-01,dividend,0.00299495
SHY,2025-12-19,dividend,0.00306936
SHY,2026-02-02,dividend,0.00301187
SHY,2026-03-02,dividend,0.00268072
SHY,2026-04-01,dividend,0.00299019
SHY,2026-05-01,dividend,0.00294356
SHY,2026-06-01,dividend,0.00295137
SHY,2026-07-01,dividend,0.00290239
SHY,2026-08-03,dividend,0.00305810
SHY,2026-09-01,dividend,0.00297942
SHYG,2013-12-02,dividend,0.00499811
SHYG,2013-12-26,dividend,0.00354800
SHYG,2014-02-03,dividend,0.00330936
SHYG,2014-03-03,dividend,0.00313480
SHYG,2014-04-01,dividend,0.00289924
SHYG,2014-05-01,dividend,0.00317686
SHYG,2014-06-02,dividend,0.00334382
SHYG,2014-07-01,dividend,0.00365072
SHYG,2014-08-01,dividend,0.00350385
SHYG,2014-09-02,dividend,0.00377583
SHYG,2014-10-01,dividend,0.00385396
SHYG,2014-11-03,dividend,0.00383451
SHYG,2014-12-01,dividend,0.00376667
SHYG,2014-12-24,dividend,0.00385623
SHYG,2015-02-02,dividend,0.00381483
SHYG,2015-03-02,dividend,0.00345318
SHYG,2015-04-01,dividend,0.00360110
SHYG,2015-05-01,dividend,0.00367047
SHYG,2015-06-01,dividend,0.00348134
SHYG,2015-07-01,dividend,0.00375660
SHYG,2015-08-03,dividend,0.00418673
SHYG,2015-09-01,dividend,0.00454478
SHYG,2015-10-01,dividend,0.00474058
SHYG,2015-11-02,dividend,0.00447774
SHYG,2015-12-01,dividend,0.00444856
SHYG,2015-12-24,dividend,0.00446127
SHYG,2016-02-01,dividend,0.00476831
SHYG,2016-05-02,dividend,0.00496550
SHYG,2016-06-01,dividend,0.00494162
SHYG,2016-07-01,dividend,0.00490090
SHYG,2016-08-01,dividend,0.00488351
SHYG,2016-09-01,dividend,0.00496939
SHYG,2016-10-03,dividend,0.00490978
SHYG,2016-11-01,dividend,0.00483174
SHYG,2016-12-01,dividend,0.00488097
SHYG,2016-12-22,dividend,0.00343745
SHYG,2017-02-01,dividend,0.00484414
SHYG,2017-03-01,dividend,0.00479370
SHYG,2017-04-03,dividend,0.00475249
SHYG,2017-05-01,dividend,0.00469937
SHYG,2017-06-01,dividend,0.00470662
SHYG,2017-07-03,dividend,0.00463906
SHYG,2017-08-01,dividend,0.00452223
SHYG,2017-09-01,dividend,0.00458253
SHYG,2017-10-02,dividend,0.00445210
SHYG,2017-11-01,dividend,0.00450564
SHYG,2017-12-01,dividend,0.00461182
SHYG,2017-12-21,dividend,0.00330385
SHYG,2018-02-01,dividend,0.00448373
SHYG,2018-03-01,dividend,0.00426389
SHYG,2018-04-02,dividend,0.00440056
SHYG,2018-05-01,dividend,0.00446333
SHYG,2018-06-01,dividend,0.00458686
SHYG,2018-07-02,dividend,0.00478469
SHYG,2018-08-01,dividend,0.00490249
SHYG,2018-09-04,dividend,0.00483071
SHYG,2018-10-01,dividend,0.00463052
SHYG,2018-11-01,dividend,0.00498032
SHYG,2018-12-03,dividend,0.00484129
SHYG,2018-12-18,dividend,0.00549499
SHYG,2019-02-01,dividend,0.00461568
SHYG,2019-03-01,dividend,0.00435364
SHYG,2019-04-01,dividend,0.00447293
SHYG,2019-05-01,dividend,0.00430785
SHYG,2019-06-03,dividend,0.00460809
SHYG,2019-07-01,dividend,0.00451710
SHYG,2019-08-01,dividend,0.00439978
SHYG,2019-09-03,dividend,0.00443004
SHYG,2019-10-01,dividend,0.00432059
SHYG,2019-11-01,dividend,0.00449189
SHYG,2019-12-02,dividend,0.00448665
SHYG,2019-12-19,dividend,0.00442526
SHYG,2020-02-03,dividend,0.00411344
SHYG,2020-03-02,dividend,0.00413259
SHYG,2020-04-01,dividend,0.00506591
SHYG,2020-05-01,dividend,0.00487921
SHYG,2020-06-01,dividend,0.00416452
SHYG,2020-07-01,dividend,0.00437908
SHYG,2020-08-03,dividend,0.00429476
SHYG,2020-09-01,dividend,0.00448349
SHYG,2020-10-01,dividend,0.00443368
SHYG,2020-11-02,dividend,0.00434683
SHYG,2020-12-01,dividend,0.00423351
SHYG,2020-12-17,dividend,0.00417110
SHYG,2021-02-01,dividend,0.00424986
SHYG,2021-03-01,dividend,0.00435234
SHYG,2021-04-01,dividend,0.00431894
SHYG,2021-05-03,dividend,0.00402221
SHYG,2021-06-01,dividend,0.00402837
SHYG,2021-07-01,dividend,0.00394516
SHYG,2021-08-02,dividend,0.00391934
SHYG,2021-09-01,dividend,0.00378415
SHYG,2021-10-01,dividend,0.00393225
SHYG,2021-11-01,dividend,0.00379038
SHYG,2021-12-01,dividend,0.00391105
SHYG,2021-12-16,dividend,0.00394924
SHYG,2022-02-01,dividend,0.00393479
SHYG,2022-03-01,dividend,0.00405427
SHYG,2022-04-01,dividend,0.00399680
SHYG,2022-05-02,dividend,0.00425592
SHYG,2022-06-01,dividend,0.00428000
SHYG,2022-07-01,dividend,0.00468274
SHYG,2022-08-01,dividend,0.00463458
SHYG,2022-09-01,dividend,0.00475537
SHYG,2022-10-03,dividend,0.00510859
SHYG,2022-11-01,dividend,0.00373483
SHYG,2022-12-01,dividend,0.00538513
SHYG,2022-12-15,dividend,0.00550698
SHYG,2023-02-01,dividend,0.00584207
SHYG,2023-03-01,dividend,0.00557029
SHYG,2023-04-03,dividend,0.00627716
SHYG,2023-05-01,dividend,0.00522572
SHYG,2023-06-01,dividend,0.00561674
SHYG,2023-07-03,dividend,0.00531154
SHYG,2023-08-01,dividend,0.00506390
SHYG,2023-09-01,dividend,0.00550964
SHYG,2023-10-02,dividend,0.00573586
SHYG,2023-11-01,dividend,0.00573215
SHYG,2023-12-01,dividend,0.00554083
SHYG,2023-12-14,dividend,0.00554274
SHYG,2024-02-01,dividend,0.00545153
SHYG,2024-03-01,dividend,0.00550311
SHYG,2024-04-01,dividend,0.00595773
SHYG,2024-05-01,dividend,0.00568032
SHYG,2024-06-03,dividend,0.00586356
SHYG,2024-07-01,dividend,0.00583959
SHYG,2024-08-01,dividend,0.00576674
SHYG,2024-09-03,dividend,0.00586325
SHYG,2024-10-01,dividend,0.00576776
SHYG,2024-11-01,dividend,0.00596980
SHYG,2024-12-02,dividend,0.00585393
SHYG,2024-12-18,dividend,0.00603763
SHYG,2025-02-03,dividend,0.00589510
SHYG,2025-03-03,dividend,0.00602032
SHYG,2025-04-01,dividend,0.00615239
SHYG,2025-05-01,dividend,0.00618165
SHYG,2025-06-02,dividend,0.00591298
SHYG,2025-07-01,dividend,0.00580541
SHYG,2025-08-01,dividend,0.00581898
SHYG,2025-09-02,dividend,0.00551637
SHYG,2025-10-01,dividend,0.00576048
SHYG,2025-11-03,dividend,0.00562571
SHYG,2025-12-01,dividend,0.00604843
SHYG,2025-12-19,dividend,0.00575385
SHYG,2026-02-02,dividend,0.00581083
SHYG,2026-03-02,dividend,0.00571536
SHYG,2026-04-01,dividend,0.00599173
SHYG,2026-05-01,dividend,0.00579860
SHYG,2026-06-01,dividend,0.00583331
SHYG,2026-07-01,dividend,0.00571510
SHYG,2026-08-03,dividend,0.00584656
SHYG,2026-09-01,dividend,0.00563173
SKYY,2011-12-21,dividend,0.00079654
SKYY,2012-12-21,dividend,0.00014920
SKYY,2014-06-24,dividend,0.00036982
SKYY,2014-09-23,dividend,0.00021863
SKYY,2014-12-23,dividend,0.00107270
SKYY,2015-03-25,dividend,0.00030312
SKYY,2015-06-24,dividend,0.00110619
SKYY,2015-09-23,dividend,0.00063065
SKYY,2015-12-23,dividend,0.00204294
SKYY,2016-03-23,dividend,0.00088998
SKYY,2016-06-22,dividend,0.00136107
SKYY,2016-09-21,dividend,0.00071608
SKYY,2016-12-21,dividend,0.00082058
SKYY,2017-03-23,dividend,0.00088968
SKYY,2017-06-22,dividend,0.00122620
SKYY,2017-09-21,dividend,0.00060089
SKYY,2017-12-21,dividend,0.00030385
SKYY,2018-03-22,dividend,0.00089259
SKYY,2018-06-21,dividend,0.00090728
SKYY,2018-09-14,dividend,0.00074431
SKYY,2018-12-18,dividend,0.00090264
SKYY,2018-12-28,dividend,0.00579746
SKYY,2019-03-21,dividend,0.00202482
SKYY,2019-06-14,dividend,0.00190332
SKYY,2019-09-25,dividend,0.00081526
SKYY,2019-12-13,dividend,0.00087413
SKYY,2020-03-26,dividend,0.00070032
SKYY,2020-06-25,dividend,0.00060576
SKYY,2020-09-24,dividend,0.00054076
SKYY,2020-12-24,dividend,0.00045181
SKYY,2021-03-25,dividend,0.00061978
SKYY,2021-06-24,dividend,0.00035197
SKYY,2021-09-23,dividend,0.00037419
SKYY,2021-12-23,dividend,0.00644559
SKYY,2022-03-25,dividend,0.00091554
SKYY,2022-06-24,dividend,0.00052590
SKYY,2022-09-23,dividend,0.00017803
SLQD,2013-12-02,dividend,0.00133352
SLQD,2013-12-26,dividend,0.00093900
SLQD,2014-02-03,dividend,0.00103528
SLQD,2014-03-03,dividend,0.00113449
SLQD,2014-04-01,dividend,0.00101656
SLQD,2014-05-01,dividend,0.00109377
SLQD,2014-06-02,dividend,0.00106812
SLQD,2014-07-01,dividend,0.00101012
SLQD,2014-08-01,dividend,0.00101474
SLQD,2014-09-02,dividend,0.00098853
SLQD,2014-10-01,dividend,0.00097588
SLQD,2014-11-03,dividend,0.00097220
SLQD,2014-12-01,dividend,0.00107322
SLQD,2014-12-24,dividend,0.00099761
SLQD,2015-02-02,dividend,0.00108385
SLQD,2015-03-02,dividend,0.00108792
SLQD,2015-04-01,dividend,0.00118390
SLQD,2015-05-01,dividend,0.00118530
SLQD,2015-06-01,dividend,0.00112820
SLQD,2015-07-01,dividend,0.00113201
SLQD,2015-08-03,dividend,0.00118977
SLQD,2015-09-01,dividend,0.00111434
SLQD,2015-10-01,dividend,0.00117434
SLQD,2015-11-02,dividend,0.00129186
SLQD,2015-12-01,dividend,0.00133193
SLQD,2015-12-24,dividend,0.00131595
SLQD,2016-02-01,dividend,0.00143346
SLQD,2016-05-02,dividend,0.00148002
SLQD,2016-06-01,dividend,0.00154266
SLQD,2016-07-01,dividend,0.00155295
SLQD,2016-08-01,dividend,0.00156924
SLQD,2016-09-01,dividend,0.00155356
SLQD,2016-10-03,dividend,0.00157511
SLQD,2016-11-01,dividend,0.00156062
SLQD,2016-12-01,dividend,0.00159553
SLQD,2016-12-22,dividend,0.00117998
SLQD,2017-02-01,dividend,0.00161165
SLQD,2017-03-01,dividend,0.00158825
SLQD,2017-04-03,dividend,0.00162931
SLQD,2017-05-01,dividend,0.00168534
SLQD,2017-06-01,dividend,0.00166350
SLQD,2017-07-03,dividend,0.00170520
SLQD,2017-08-01,dividend,0.00169880
SLQD,2017-09-01,dividend,0.00171825
SLQD,2017-10-02,dividend,0.00174147
SLQD,2017-11-01,dividend,0.00172472
SLQD,2017-12-01,dividend,0.00177146
SLQD,2017-12-21,dividend,0.00115602
SLQD,2018-02-01,dividend,0.00180216
SLQD,2018-03-01,dividend,0.00191166
SLQD,2018-04-02,dividend,0.00191359
SLQD,2018-05-01,dividend,0.00195829
SLQD,2018-06-01,dividend,0.00211459
SLQD,2018-07-02,dividend,0.00209991
SLQD,2018-08-01,dividend,0.00227974
SLQD,2018-09-04,dividend,0.00209230
SLQD,2018-10-01,dividend,0.00221998
SLQD,2018-11-01,dividend,0.00228898
SLQD,2018-12-03,dividend,0.00243803
SLQD,2018-12-18,dividend,0.00243112
SLQD,2019-02-01,dividend,0.00244059
SLQD,2019-03-01,dividend,0.00243961
SLQD,2019-04-01,dividend,0.00248385
SLQD,2019-05-01,dividend,0.00240418
SLQD,2019-06-03,dividend,0.00241546
SLQD,2019-07-01,dividend,0.00235988
SLQD,2019-08-01,dividend,0.00238428
SLQD,2019-09-03,dividend,0.00242585
SLQD,2019-10-01,dividend,0.00237167
SLQD,2019-11-01,dividend,0.00242680
SLQD,2019-12-02,dividend,0.00255002
SLQD,2019-12-19,dividend,0.00243634
SLQD,2020-02-03,dividend,0.00229876
SLQD,2020-03-02,dividend,0.00213717
SLQD,2020-04-01,dividend,0.00239904
SLQD,2020-05-01,dividend,0.00218630
SLQD,2020-06-01,dividend,0.00195135
SLQD,2020-07-01,dividend,0.00196086
SLQD,2020-08-03,dividend,0.00197367
SLQD,2020-09-01,dividend,0.00178274
SLQD,2020-10-01,dividend,0.00176828
SLQD,2020-11-02,dividend,0.00169322
SLQD,2020-12-01,dividend,0.00186098
SLQD,2020-12-17,dividend,0.00165181
SLQD,2021-02-01,dividend,0.00155593
SLQD,2021-03-01,dividend,0.00144634
SLQD,2021-04-01,dividend,0.00135370
SLQD,2021-05-03,dividend,0.00135057
SLQD,2021-06-01,dividend,0.00123324
SLQD,2021-07-01,dividend,0.00127502
SLQD,2021-08-02,dividend,0.00121511
SLQD,2021-09-01,dividend,0.00112030
SLQD,2021-10-01,dividend,0.00118174
SLQD,2021-11-01,dividend,0.00109089
SLQD,2021-12-01,dividend,0.00250774
SLQD,2021-12-16,dividend,0.00123634
SLQD,2022-02-01,dividend,0.00110970
SLQD,2022-03-01,dividend,0.00125631
SLQD,2022-04-01,dividend,0.00119673
SLQD,2022-05-02,dividend,0.00127420
SLQD,2022-06-01,dividend,0.00130623
SLQD,2022-07-01,dividend,0.00152937
SLQD,2022-08-01,dividend,0.00138770
SLQD,2022-09-01,dividend,0.00198988
SLQD,2022-10-03,dividend,0.00209298
SLQD,2022-11-01,dividend,0.00209741
SLQD,2022-12-01,dividend,0.00212775
SLQD,2022-12-15,dividend,0.00237371
SLQD,2023-02-01,dividend,0.00210753
SLQD,2023-03-01,dividend,0.00236466
SLQD,2023-04-03,dividend,0.00233630
SLQD,2023-05-01,dividend,0.00241322
SLQD,2023-06-01,dividend,0.00248756
SLQD,2023-07-03,dividend,0.00262041
SLQD,2023-08-01,dividend,0.00255097
SLQD,2023-09-01,dividend,0.00251095
SLQD,2023-10-02,dividend,0.00269474
SLQD,2023-11-01,dividend,0.00282693
SLQD,2023-12-01,dividend,0.00282108
SLQD,2023-12-14,dividend,0.00280261
SLQD,2024-02-01,dividend,0.00280362
SLQD,2024-03-01,dividend,0.00298544
SLQD,2024-04-01,dividend,0.00299554
SLQD,2024-05-01,dividend,0.00301644
SLQD,2024-06-03,dividend,0.00308107
SLQD,2024-07-01,dividend,0.00317758
SLQD,2024-08-01,dividend,0.00312343
SLQD,2024-09-03,dividend,0.00320320
SLQD,2024-10-01,dividend,0.00316286
SLQD,2024-11-01,dividend,0.00319463
SLQD,2024-12-02,dividend,0.00324727
SLQD,2024-12-18,dividend,0.00331692
SLQD,2025-02-03,dividend,0.00328947
SLQD,2025-03-03,dividend,0.00333513
SLQD,2025-04-01,dividend,0.00341256
SLQD,2025-05-01,dividend,0.00344368
SLQD,2025-06-02,dividend,0.00346710
SLQD,2025-07-01,dividend,0.00349109
SLQD,2025-08-01,dividend,0.00349803
SLQD,2025-09-02,dividend,0.00355731
SLQD,2025-10-01,dividend,0.00353399
SLQD,2025-11-03,dividend,0.00357503
SLQD,2025-12-01,dividend,0.00358918
SLQD,2025-12-19,dividend,0.00363450
SLQD,2026-02-02,dividend,0.00350933
SLQD,2026-03-02,dividend,0.00354400
SLQD,2026-04-01,dividend,0.00363766
SLQD,2026-05-01,dividend,0.00369532
SLQD,2026-06-01,dividend,0.00365980
SLQD,2026-07-01,dividend,0.00366636
SLQD,2026-08-03,dividend,0.00374202
SLQD,2026-09-01,dividend,0.00372417
SLX,2006-12-21,dividend,0.00314023
SLX,2007-12-24,dividend,0.00572170
SLX,2008-12-26,dividend,0.04955202
SLX,2009-12-23,dividend,0.01629659
SLX,2010-12-23,dividend,0.01413696
SLX,2011-12-23,dividend,0.02384731
SLX,2012-12-24,dividend,0.02264350
SLX,2013-12-23,dividend,0.02067835
SLX,2014-12-22,dividend,0.03269301
SLX,2015-12-21,dividend,0.05566526
SLX,2016-12-19,dividend,0.01028975
SLX,2017-12-18,dividend,0.02556892
SLX,2017-12-27,dividend,0.00059181
SLX,2018-12-20,dividend,0.06239991
SLX,2019-12-23,dividend,0.02586620
SLX,2019-12-30,dividend,0.00190992
SLX,2020-12-21,dividend,0.01874142
SLX,2021-12-20,dividend,0.07138112
SLX,2022-12-19,dividend,0.05092666
SLX,2023-12-18,dividend,0.02931790
SLX,2024-12-23,dividend,0.03533293
SLX,2025-12-22,dividend,0.01578430
SMH,2012-12-24,dividend,0.02170543
SMH,2013-12-23,dividend,0.01592134
SMH,2014-12-22,dividend,0.01160314
SMH,2015-12-21,dividend,0.02169243
SMH,2016-12-19,dividend,0.00805549
SMH,2017-12-18,dividend,0.01426615
SMH,2018-12-20,dividend,0.01920236
SMH,2019-12-23,dividend,0.01500941
SMH,2020-12-21,dividend,0.00696473
SMH,2021-12-20,dividend,0.00535550
SMH,2022-12-19,dividend,0.01136950
SMH,2023-12-18,dividend,0.00602761
SMH,2024-12-23,dividend,0.00443223
SMH,2025-12-22,dividend,0.00311158
SOXX,2003-09-15,dividend,0.00007179
SOXX,2005-09-26,dividend,0.00049992
SOXX,2006-06-23,dividend,0.00064175
SOXX,2006-09-27,dividend,0.00081091
SOXX,2006-12-21,dividend,0.00016190
SOXX,2007-03-26,dividend,0.00105307
SOXX,2007-06-29,dividend,0.00138853
SOXX,2007-09-26,dividend,0.00119418
SOXX,2007-12-27,dividend,0.00122180
SOXX,2008-06-23,dividend,0.00259165
SOXX,2008-12-22,dividend,0.00863654
SOXX,2009-06-22,dividend,0.00344890
SOXX,2009-12-21,dividend,0.00468770
SOXX,2010-06-21,dividend,0.00444722
SOXX,2011-03-25,dividend,0.00150591
SOXX,2011-06-23,dividend,0.00199469
SOXX,2011-09-26,dividend,0.00258759
SOXX,2011-12-22,dividend,0.00195319
SOXX,2012-03-26,dividend,0.00177710
SOXX,2012-06-19,dividend,0.00228804
SOXX,2012-09-25,dividend,0.00444863
SOXX,2012-12-19,dividend,0.00355645
SOXX,2013-03-25,dividend,0.00341330
SOXX,2013-06-26,dividend,0.00208737
SOXX,2013-09-24,dividend,0.00451483
SOXX,2013-12-23,dividend,0.00323075
SOXX,2014-03-25,dividend,0.00265260
SOXX,2014-06-24,dividend,0.00281174
SOXX,2014-09-24,dividend,0.00275989
SOXX,2014-12-24,dividend,0.00809843
SOXX,2015-03-25,dividend,0.00266786
SOXX,2015-06-24,dividend,0.00260403
SOXX,2015-09-25,dividend,0.00562234
SOXX,2015-12-24,dividend,0.00212444
SOXX,2016-03-23,dividend,0.00301989
SOXX,2016-06-21,dividend,0.00316903
SOXX,2016-09-26,dividend,0.00419754
SOXX,2016-12-21,dividend,0.00233326
SOXX,2017-03-24,dividend,0.00261682
SOXX,2017-06-27,dividend,0.00246558
SOXX,2017-09-26,dividend,0.00326974
SOXX,2017-12-19,dividend,0.00183107
SOXX,2018-03-22,dividend,0.00196618
SOXX,2018-06-26,dividend,0.00344044
SOXX,2018-09-26,dividend,0.00441352
SOXX,2018-12-17,dividend,0.00212126
SOXX,2019-03-20,dividend,0.00272123
SOXX,2019-06-17,dividend,0.00410914
SOXX,2019-09-24,dividend,0.00447928
SOXX,2019-12-16,dividend,0.00353789
SOXX,2020-03-25,dividend,0.00344445
SOXX,2020-06-15,dividend,0.00217874
SOXX,2020-09-23,dividend,0.00361599
SOXX,2020-12-14,dividend,0.00203596
SOXX,2021-03-25,dividend,0.00188489
SOXX,2021-06-10,dividend,0.00119490
SOXX,2021-09-24,dividend,0.00244432
SOXX,2021-12-13,dividend,0.00162202
SOXX,2021-12-30,dividend,0.00028173
SOXX,2022-03-24,dividend,0.00188967
SOXX,2022-06-09,dividend,0.00151168
SOXX,2022-09-26,dividend,0.00542840
SOXX,2022-12-13,dividend,0.00279431
SOXX,2023-03-23,dividend,0.00251975
SOXX,2023-06-07,dividend,0.00135239
SOXX,2023-09-26,dividend,0.00356132
SOXX,2023-12-20,dividend,0.00197136
SOXX,2024-03-21,dividend,0.00102168
SOXX,2024-06-11,dividend,0.00127483
SOXX,2024-09-25,dividend,0.00243485
SOXX,2024-12-17,dividend,0.00157652
SOXX,2025-03-18,dividend,0.00127829
SOXX,2025-06-16,dividend,0.00219070
SOXX,2025-09-16,dividend,0.00210294
SOXX,2025-12-16,dividend,0.00146518
SOXX,2026-03-17,dividend,0.00061607
SOXX,2026-06-15,dividend,0.00047486
SOXX,2026-09-15,dividend,0.00065382
SPIB,2009-03-02,dividend,0.00210541
SPIB,2009-04-01,dividend,0.00439059
SPIB,2009-05-01,dividend,0.00432900
SPIB,2009-06-01,dividend,0.00421280
SPIB,2009-07-01,dividend,0.00421941
SPIB,2009-08-03,dividend,0.00503308
SPIB,2009-09-01,dividend,0.00301849
SPIB,2009-10-01,dividend,0.00380560
SPIB,2009-11-02,dividend,0.00365591
SPIB,2009-12-01,dividend,0.00353642
SPIB,2009-12-29,dividend,0.00503467
SPIB,2010-02-01,dividend,0.00336428
SPIB,2010-03-01,dividend,0.00346129
SPIB,2010-04-01,dividend,0.00329254
SPIB,2010-05-03,dividend,0.00317539
SPIB,2010-06-01,dividend,0.00310655
SPIB,2010-07-01,dividend,0.00309635
SPIB,2010-08-02,dividend,0.00298904
SPIB,2010-09-01,dividend,0.00292142
SPIB,2010-10-01,dividend,0.00292782
SPIB,2010-11-01,dividend,0.00270198
SPIB,2010-12-01,dividend,0.00277962
SPIB,2010-12-29,dividend,0.00771352
SPIB,2011-02-01,dividend,0.00271168
SPIB,2011-03-01,dividend,0.00295524
SPIB,2011-04-01,dividend,0.00288290
SPIB,2011-05-02,dividend,0.00293113
SPIB,2011-06-01,dividend,0.00278886
SPIB,2011-07-01,dividend,0.00286792
SPIB,2011-08-01,dividend,0.00276810
SPIB,2011-09-01,dividend,0.00281134
SPIB,2011-10-03,dividend,0.00284366
SPIB,2011-11-01,dividend,0.00280798
SPIB,2011-12-01,dividend,0.00288359
SPIB,2011-12-28,dividend,0.00581325
SPIB,2012-02-01,dividend,0.00272690
SPIB,2012-03-01,dividend,0.00276666
SPIB,2012-04-02,dividend,0.00269239
SPIB,2012-05-01,dividend,0.00271162
SPIB,2012-06-01,dividend,0.00274280
SPIB,2012-07-02,dividend,0.00267340
SPIB,2012-08-01,dividend,0.00258188
SPIB,2012-09-04,dividend,0.00257144
SPIB,2012-10-01,dividend,0.00252932
SPIB,2012-12-03,dividend,0.00246108
SPIB,2012-12-27,dividend,0.00429012
SPIB,2013-02-01,dividend,0.00237902
SPIB,2013-03-01,dividend,0.00244992
SPIB,2013-04-01,dividend,0.00230947
SPIB,2013-05-01,dividend,0.00229358
SPIB,2013-06-03,dividend,0.00227061
SPIB,2013-07-01,dividend,0.00232752
SPIB,2013-08-01,dividend,0.00226231
SPIB,2013-09-03,dividend,0.00230795
SPIB,2013-10-01,dividend,0.00231715
SPIB,2013-11-01,dividend,0.00223569
SPIB,2013-12-02,dividend,0.00230756
SPIB,2013-12-27,dividend,0.00448351
SPIB,2014-02-03,dividend,0.00224030
SPIB,2014-03-03,dividend,0.00228726
SPIB,2014-04-01,dividend,0.00221076
SPIB,2014-05-01,dividend,0.00226118
SPIB,2014-06-02,dividend,0.00221290
SPIB,2014-07-01,dividend,0.00221033
SPIB,2014-08-01,dividend,0.00219651
SPIB,2014-09-02,dividend,0.00215079
SPIB,2014-10-01,dividend,0.00223175
SPIB,2014-11-03,dividend,0.00216021
SPIB,2014-12-01,dividend,0.00218563
SPIB,2014-12-29,dividend,0.00217034
SPIB,2015-02-02,dividend,0.00210151
SPIB,2015-03-02,dividend,0.00226863
SPIB,2015-04-01,dividend,0.00217612
SPIB,2015-05-01,dividend,0.00217738
SPIB,2015-06-01,dividend,0.00210231
SPIB,2015-07-01,dividend,0.00218315
SPIB,2015-08-03,dividend,0.00215104
SPIB,2015-09-01,dividend,0.00219480
SPIB,2015-10-01,dividend,0.00224361
SPIB,2015-11-02,dividend,0.00221402
SPIB,2015-12-01,dividend,0.00227790
SPIB,2015-12-29,dividend,0.00235955
SPIB,2016-02-01,dividend,0.00229351
SPIB,2016-03-01,dividend,0.00231029
SPIB,2016-04-01,dividend,0.00219330
SPIB,2016-05-02,dividend,0.00223883
SPIB,2016-05-03,dividend,0.00224667
SPIB,2016-06-01,dividend,0.00221937
SPIB,2016-07-01,dividend,0.00224061
SPIB,2016-08-01,dividend,0.00217491
SPIB,2016-09-01,dividend,0.00215363
SPIB,2016-10-03,dividend,0.00218178
SPIB,2016-11-01,dividend,0.00213959
SPIB,2016-12-01,dividend,0.00218637
SPIB,2016-12-28,dividend,0.00222453
SPIB,2017-02-01,dividend,0.00217737
SPIB,2017-03-01,dividend,0.00228324
SPIB,2017-04-03,dividend,0.00223175
SPIB,2017-05-01,dividend,0.00227857
SPIB,2017-06-01,dividend,0.00220776
SPIB,2017-07-03,dividend,0.00224274
SPIB,2017-08-01,dividend,0.00220200
SPIB,2017-09-01,dividend,0.00222653
SPIB,2017-10-02,dividend,0.00223623
SPIB,2017-11-01,dividend,0.00223558
SPIB,2017-12-01,dividend,0.00224798
SPIB,2017-12-19,dividend,0.00324666
SPIB,2018-02-01,dividend,0.00197623
SPIB,2018-03-01,dividend,0.00223847
SPIB,2018-04-02,dividend,0.00230105
SPIB,2018-05-01,dividend,0.00234714
SPIB,2018-06-01,dividend,0.00237373
SPIB,2018-07-02,dividend,0.00259005
SPIB,2018-08-01,dividend,0.00261552
SPIB,2018-09-04,dividend,0.00264090
SPIB,2018-10-01,dividend,0.00271003
SPIB,2018-11-01,dividend,0.00276520
SPIB,2018-12-03,dividend,0.00280762
SPIB,2018-12-19,dividend,0.00285315
SPIB,2019-02-01,dividend,0.00276563
SPIB,2019-03-01,dividend,0.00282864
SPIB,2019-04-01,dividend,0.00275854
SPIB,2019-05-01,dividend,0.00272591
SPIB,2019-06-03,dividend,0.00270530
SPIB,2019-07-01,dividend,0.00264079
SPIB,2019-08-01,dividend,0.00255813
SPIB,2019-09-03,dividend,0.00249137
SPIB,2019-10-01,dividend,0.00247208
SPIB,2019-11-01,dividend,0.00238055
SPIB,2019-12-02,dividend,0.00238325
SPIB,2019-12-20,dividend,0.00229989
SPIB,2020-02-03,dividend,0.00223839
SPIB,2020-03-02,dividend,0.00222779
SPIB,2020-04-01,dividend,0.00229872
SPIB,2020-05-01,dividend,0.00218112
SPIB,2020-06-01,dividend,0.00205979
SPIB,2020-07-01,dividend,0.00183748
SPIB,2020-08-03,dividend,0.00168122
SPIB,2020-09-01,dividend,0.00171070
SPIB,2020-10-01,dividend,0.00168947
SPIB,2020-11-02,dividend,0.00158375
SPIB,2020-12-01,dividend,0.00153875
SPIB,2020-12-18,dividend,0.00145922
SPIB,2021-02-01,dividend,0.00132644
SPIB,2021-03-01,dividend,0.00147799
SPIB,2021-04-01,dividend,0.00132589
SPIB,2021-05-03,dividend,0.00134538
SPIB,2021-06-01,dividend,0.00125945
SPIB,2021-07-01,dividend,0.00128230
SPIB,2021-08-02,dividend,0.00124749
SPIB,2021-09-01,dividend,0.00122366
SPIB,2021-10-01,dividend,0.00126117
SPIB,2021-11-01,dividend,0.00121359
SPIB,2021-12-01,dividend,0.00130003
SPIB,2021-12-17,dividend,0.00138236
SPIB,2022-02-01,dividend,0.00126957
SPIB,2022-03-01,dividend,0.00154215
SPIB,2022-04-01,dividend,0.00158376
SPIB,2022-05-02,dividend,0.00181543
SPIB,2022-06-01,dividend,0.00186309
SPIB,2022-07-01,dividend,0.00218066
SPIB,2022-08-01,dividend,0.00222249
SPIB,2022-09-01,dividend,0.00243820
SPIB,2022-10-03,dividend,0.00262501
SPIB,2022-11-01,dividend,0.00267681
SPIB,2022-12-01,dividend,0.00277943
SPIB,2022-12-19,dividend,0.00278983
SPIB,2023-02-01,dividend,0.00294352
SPIB,2023-03-01,dividend,0.00301470
SPIB,2023-04-03,dividend,0.00290159
SPIB,2023-05-01,dividend,0.00307598
SPIB,2023-06-01,dividend,0.00308114
SPIB,2023-07-03,dividend,0.00315536
SPIB,2023-08-01,dividend,0.00327256
SPIB,2023-09-01,dividend,0.00335287
SPIB,2023-10-02,dividend,0.00347787
SPIB,2023-11-01,dividend,0.00367789
SPIB,2023-12-01,dividend,0.00358758
SPIB,2023-12-18,dividend,0.00377220
SPIB,2024-02-01,dividend,0.00335366
SPIB,2024-03-01,dividend,0.00361301
SPIB,2024-04-01,dividend,0.00365356
SPIB,2024-05-01,dividend,0.00381155
SPIB,2024-06-03,dividend,0.00377032
SPIB,2024-07-01,dividend,0.00379197
SPIB,2024-08-01,dividend,0.00376259
SPIB,2024-09-03,dividend,0.00372305
SPIB,2024-10-01,dividend,0.00366213
SPIB,2024-11-01,dividend,0.00370505
SPIB,2024-12-02,dividend,0.00368157
SPIB,2024-12-19,dividend,0.00360834
SPIB,2025-02-03,dividend,0.00389982
SPIB,2025-03-03,dividend,0.00370739
SPIB,2025-04-01,dividend,0.00374441
SPIB,2025-05-01,dividend,0.00373764
SPIB,2025-06-02,dividend,0.00374215
SPIB,2025-07-01,dividend,0.00373636
SPIB,2025-08-01,dividend,0.00374644
SPIB,2025-09-02,dividend,0.00371637
SPIB,2025-10-01,dividend,0.00367233
SPIB,2025-11-03,dividend,0.00367342
SPIB,2025-12-01,dividend,0.00362864
SPIB,2025-12-18,dividend,0.00367669
SPIB,2026-02-02,dividend,0.00358105
SPIB,2026-03-02,dividend,0.00361903
SPIB,2026-04-01,dividend,0.00368076
SPIB,2026-05-01,dividend,0.00370969
SPIB,2026-06-01,dividend,0.00373972
SPIB,2026-07-01,dividend,0.00377992
SPIB,2026-08-03,dividend,0.00384813
SPIB,2026-09-01,dividend,0.00391490
SPMB,2009-03-02,dividend,0.00084362
SPMB,2009-04-01,dividend,0.00189322
SPMB,2009-05-01,dividend,0.00208373
SPMB,2009-06-01,dividend,0.00208927
SPMB,2009-07-01,dividend,0.00279404
SPMB,2009-08-03,dividend,0.00211289
SPMB,2009-09-01,dividend,0.00185178
SPMB,2009-10-01,dividend,0.00236513
SPMB,2009-11-02,dividend,0.00269885
SPMB,2009-12-01,dividend,0.00279988
SPMB,2009-12-29,dividend,0.01347790
SPMB,2010-02-01,dividend,0.00150038
SPMB,2010-03-01,dividend,0.00218111
SPMB,2010-04-01,dividend,0.00262369
SPMB,2010-05-03,dividend,0.00246600
SPMB,2010-06-01,dividend,0.00207454
SPMB,2010-07-01,dividend,0.00179218
SPMB,2010-08-02,dividend,0.00221665
SPMB,2010-09-01,dividend,0.00174279
SPMB,2010-10-01,dividend,0.00105836
SPMB,2010-11-01,dividend,0.00086875
SPMB,2010-12-01,dividend,0.00072333
SPMB,2010-12-29,dividend,0.02202444
SPMB,2011-02-01,dividend,0.00149365
SPMB,2011-03-01,dividend,0.00176208
SPMB,2011-04-01,dividend,0.00204499
SPMB,2011-05-02,dividend,0.00209844
SPMB,2011-06-01,dividend,0.00187094
SPMB,2011-07-01,dividend,0.00165168
SPMB,2011-08-01,dividend,0.00204424
SPMB,2011-09-01,dividend,0.00187266
SPMB,2011-10-03,dividend,0.00143678
SPMB,2011-11-01,dividend,0.00129805
SPMB,2011-12-01,dividend,0.00136927
SPMB,2011-12-28,dividend,0.02001976
SPMB,2012-02-01,dividend,0.00105681
SPMB,2012-03-01,dividend,0.00127389
SPMB,2012-04-02,dividend,0.00105489
SPMB,2012-05-01,dividend,0.00083373
SPMB,2012-06-01,dividend,0.00086718
SPMB,2012-07-02,dividend,0.00064977
SPMB,2012-08-01,dividend,0.00057339
SPMB,2012-09-04,dividend,0.00039613
SPMB,2012-10-01,dividend,0.00025069
SPMB,2012-12-03,dividend,0.00018080
SPMB,2012-12-27,dividend,0.01644628
SPMB,2013-02-01,dividend,0.00022137
SPMB,2013-03-01,dividend,0.00022064
SPMB,2013-04-01,dividend,0.00025742
SPMB,2013-05-01,dividend,0.00069697
SPMB,2013-06-03,dividend,0.00078215
SPMB,2013-07-01,dividend,0.00052778
SPMB,2013-08-01,dividend,0.00071560
SPMB,2013-09-03,dividend,0.00030232
SPMB,2013-10-01,dividend,0.00040985
SPMB,2013-11-01,dividend,0.00115032
SPMB,2013-12-02,dividend,0.00157021
SPMB,2013-12-27,dividend,0.00282965
SPMB,2014-02-03,dividend,0.00100026
SPMB,2014-03-03,dividend,0.00188199
SPMB,2014-04-01,dividend,0.00197341
SPMB,2014-05-01,dividend,0.00236809
SPMB,2014-06-02,dividend,0.00219459
SPMB,2014-07-01,dividend,0.00219539
SPMB,2014-08-01,dividend,0.00213849
SPMB,2014-09-02,dividend,0.00220103
SPMB,2014-10-01,dividend,0.00235762
SPMB,2014-11-03,dividend,0.00240490
SPMB,2014-12-01,dividend,0.00231666
SPMB,2014-12-29,dividend,0.01239212
SPMB,2015-02-02,dividend,0.00273973
SPMB,2015-03-02,dividend,0.00223451
SPMB,2015-04-01,dividend,0.00211663
SPMB,2015-05-01,dividend,0.00241369
SPMB,2015-06-01,dividend,0.00246750
SPMB,2015-07-01,dividend,0.00253902
SPMB,2015-08-03,dividend,0.00255451
SPMB,2015-09-01,dividend,0.00270902
SPMB,2015-10-01,dividend,0.00262681
SPMB,2015-11-02,dividend,0.00259259
SPMB,2015-12-01,dividend,0.00260902
SPMB,2015-12-29,dividend,0.00261976
SPMB,2016-02-01,dividend,0.00236721
SPMB,2016-03-01,dividend,0.00246932
SPMB,2016-04-01,dividend,0.00254415
SPMB,2016-05-02,dividend,0.00254791
SPMB,2016-05-03,dividend,0.00256210
SPMB,2016-06-01,dividend,0.00247845
SPMB,2016-07-01,dividend,0.00242879
SPMB,2016-08-01,dividend,0.00246659
SPMB,2016-09-01,dividend,0.00254603
SPMB,2016-10-03,dividend,0.00243506
SPMB,2016-11-01,dividend,0.00200773
SPMB,2016-12-01,dividend,0.00238935
SPMB,2016-12-28,dividend,0.00256479
SPMB,2017-02-01,dividend,0.00240210
SPMB,2017-03-01,dividend,0.00257947
SPMB,2017-04-03,dividend,0.00259028
SPMB,2017-05-01,dividend,0.00258831
SPMB,2017-06-01,dividend,0.00257459
SPMB,2017-07-03,dividend,0.00270796
SPMB,2017-08-01,dividend,0.00266565
SPMB,2017-09-01,dividend,0.00257849
SPMB,2017-10-02,dividend,0.00262747
SPMB,2017-11-01,dividend,0.00263852
SPMB,2017-12-01,dividend,0.00253126
SPMB,2017-12-19,dividend,0.00261016
SPMB,2018-02-01,dividend,0.00272692
SPMB,2018-03-01,dividend,0.00267380
SPMB,2018-04-02,dividend,0.00261893
SPMB,2018-05-01,dividend,0.00269286
SPMB,2018-06-01,dividend,0.00279539
SPMB,2018-07-02,dividend,0.00288686
SPMB,2018-08-01,dividend,0.00293000
SPMB,2018-09-04,dividend,0.00284495
SPMB,2018-10-01,dividend,0.00294398
SPMB,2018-11-01,dividend,0.00288832
SPMB,2018-12-03,dividend,0.00291452
SPMB,2018-12-19,dividend,0.00284833
SPMB,2019-02-01,dividend,0.00277897
SPMB,2019-03-01,dividend,0.00290584
SPMB,2019-04-01,dividend,0.00283418
SPMB,2019-05-01,dividend,0.00287983
SPMB,2019-06-03,dividend,0.00277906
SPMB,2019-07-01,dividend,0.00280048
SPMB,2019-08-01,dividend,0.00271625
SPMB,2019-09-03,dividend,0.00270486
SPMB,2019-10-01,dividend,0.00251870
SPMB,2019-11-01,dividend,0.00240027
SPMB,2019-12-02,dividend,0.00263953
SPMB,2019-12-20,dividend,0.00267994
SPMB,2020-02-03,dividend,0.00261850
SPMB,2020-03-02,dividend,0.00245607
SPMB,2020-04-01,dividend,0.00251662
SPMB,2020-05-01,dividend,0.00253051
SPMB,2020-06-01,dividend,0.00238663
SPMB,2020-07-01,dividend,0.00246969
SPMB,2020-08-03,dividend,0.00247061
SPMB,2020-09-01,dividend,0.00236424
SPMB,2020-10-01,dividend,0.00237047
SPMB,2020-11-02,dividend,0.00237942
SPMB,2020-12-01,dividend,0.00234511
SPMB,2020-12-18,dividend,0.00238663
SPMB,2021-02-01,dividend,0.00219680
SPMB,2021-03-01,dividend,0.00226045
SPMB,2021-04-01,dividend,0.00224181
SPMB,2021-05-03,dividend,0.00215600
SPMB,2021-06-01,dividend,0.00212807
SPMB,2021-07-01,dividend,0.00209254
SPMB,2021-08-02,dividend,0.00204736
SPMB,2021-09-01,dividend,0.00205371
SPMB,2021-10-01,dividend,0.00210395
SPMB,2021-11-01,dividend,0.00208031
SPMB,2021-12-01,dividend,0.00208194
SPMB,2021-12-17,dividend,0.00208768
SPMB,2022-02-01,dividend,0.00208517
SPMB,2022-03-01,dividend,0.00219191
SPMB,2022-04-01,dividend,0.00221692
SPMB,2022-05-02,dividend,0.00243436
SPMB,2022-06-01,dividend,0.00237325
SPMB,2022-07-01,dividend,0.00228090
SPMB,2022-08-01,dividend,0.00221578
SPMB,2022-09-01,dividend,0.00234337
SPMB,2022-10-03,dividend,0.00247698
SPMB,2022-11-01,dividend,0.00256216
SPMB,2022-12-01,dividend,0.00251199
SPMB,2022-12-19,dividend,0.00251867
SPMB,2023-02-01,dividend,0.00245591
SPMB,2023-03-01,dividend,0.00267010
SPMB,2023-04-03,dividend,0.00262182
SPMB,2023-05-01,dividend,0.00265993
SPMB,2023-06-01,dividend,0.00259527
SPMB,2023-07-03,dividend,0.00270011
SPMB,2023-08-01,dividend,0.00271502
SPMB,2023-09-01,dividend,0.00279330
SPMB,2023-10-02,dividend,0.00289296
SPMB,2023-11-01,dividend,0.00301547
SPMB,2023-12-01,dividend,0.00287343
SPMB,2023-12-18,dividend,0.00278679
SPMB,2024-02-01,dividend,0.00282357
SPMB,2024-03-01,dividend,0.00302396
SPMB,2024-04-01,dividend,0.00290899
SPMB,2024-05-01,dividend,0.00296112
SPMB,2024-06-03,dividend,0.00300526
SPMB,2024-07-01,dividend,0.00297591
SPMB,2024-08-01,dividend,0.00295522
SPMB,2024-09-03,dividend,0.00295911
SPMB,2024-10-01,dividend,0.00289339
SPMB,2024-11-01,dividend,0.00303114
SPMB,2024-12-02,dividend,0.00299809
SPMB,2024-12-19,dividend,0.00474242
SPMB,2025-02-03,dividend,0.00310717
SPMB,2025-03-03,dividend,0.00303538
SPMB,2025-04-01,dividend,0.00309344
SPMB,2025-05-01,dividend,0.00309485
SPMB,2025-06-02,dividend,0.00308713
SPMB,2025-07-01,dividend,0.00308642
SPMB,2025-08-01,dividend,0.00315631
SPMB,2025-09-02,dividend,0.00315884
SPMB,2025-10-01,dividend,0.00308435
SPMB,2025-11-03,dividend,0.00306926
SPMB,2025-12-01,dividend,0.00306109
SPMB,2025-12-18,dividend,0.00639621
SPMB,2026-02-02,dividend,0.00321027
SPMB,2026-03-02,dividend,0.00303283
SPMB,2026-04-01,dividend,0.00313620
SPMB,2026-05-01,dividend,0.00314465
SPMB,2026-06-01,dividend,0.00314465
SPMB,2026-07-01,dividend,0.00319259
SPMB,2026-08-03,dividend,0.00329550
SPMB,2026-09-01,dividend,0.00324216
SPTL,2007-07-02,dividend,0.00446610
SPTL,2007-08-01,dividend,0.00409390
SPTL,2007-09-04,dividend,0.00399514
SPTL,2007-10-01,dividend,0.00388058
SPTL,2007-11-01,dividend,0.00395439
SPTL,2007-12-03,dividend,0.00339222
SPTL,2007-12-28,dividend,0.00406798
SPTL,2008-02-01,dividend,0.00365230
SPTL,2008-03-03,dividend,0.00361301
SPTL,2008-04-01,dividend,0.00393808
SPTL,2008-05-01,dividend,0.00379281
SPTL,2008-06-02,dividend,0.00398695
SPTL,2008-07-01,dividend,0.00401456
SPTL,2008-08-01,dividend,0.00382247
SPTL,2008-09-02,dividend,0.00373811
SPTL,2008-10-01,dividend,0.00337532
SPTL,2008-11-03,dividend,0.00402839
SPTL,2008-12-01,dividend,0.00348444
SPTL,2008-12-29,dividend,0.00318987
SPTL,2009-02-02,dividend,0.00387630
SPTL,2009-03-02,dividend,0.00293593
SPTL,2009-04-01,dividend,0.00349451
SPTL,2009-05-01,dividend,0.00321907
SPTL,2009-06-01,dividend,0.00359469
SPTL,2009-07-01,dividend,0.00318558
SPTL,2009-08-03,dividend,0.00355807
SPTL,2009-09-01,dividend,0.00342361
SPTL,2009-10-01,dividend,0.00298298
SPTL,2009-11-02,dividend,0.00322581
SPTL,2009-12-01,dividend,0.00330780
SPTL,2009-12-29,dividend,0.00353077
SPTL,2010-02-01,dividend,0.00333087
SPTL,2010-03-01,dividend,0.00310123
SPTL,2010-04-01,dividend,0.00357412
SPTL,2010-05-03,dividend,0.00338758
SPTL,2010-06-01,dividend,0.00334982
SPTL,2010-07-01,dividend,0.00310554
SPTL,2010-08-02,dividend,0.00319174
SPTL,2010-09-01,dividend,0.00286990
SPTL,2010-10-01,dividend,0.00286580
SPTL,2010-11-01,dividend,0.00298669
SPTL,2010-12-01,dividend,0.00303323
SPTL,2010-12-29,dividend,0.00340759
SPTL,2011-02-01,dividend,0.00335429
SPTL,2011-03-01,dividend,0.00303951
SPTL,2011-04-01,dividend,0.00343869
SPTL,2011-05-02,dividend,0.00327645
SPTL,2011-06-01,dividend,0.00327077
SPTL,2011-07-01,dividend,0.00330564
SPTL,2011-08-01,dividend,0.00314611
SPTL,2011-09-01,dividend,0.00284820
SPTL,2011-10-03,dividend,0.00240277
SPTL,2011-11-01,dividend,0.00246729
SPTL,2011-12-01,dividend,0.00239294
SPTL,2011-12-28,dividend,0.00229421
SPTL,2012-02-01,dividend,0.00232065
SPTL,2012-03-01,dividend,0.00220232
SPTL,2012-04-02,dividend,0.00244873
SPTL,2012-05-01,dividend,0.00227723
SPTL,2012-06-01,dividend,0.00215930
SPTL,2012-07-02,dividend,0.00202457
SPTL,2012-08-01,dividend,0.00201748
SPTL,2012-09-04,dividend,0.00210222
SPTL,2012-10-01,dividend,0.00201044
SPTL,2012-12-03,dividend,0.00187331
SPTL,2012-12-27,dividend,0.00212254
SPTL,2013-02-01,dividend,0.00217609
SPTL,2013-03-01,dividend,0.00192117
SPTL,2013-04-01,dividend,0.00226426
SPTL,2013-05-01,dividend,0.00202315
SPTL,2013-06-03,dividend,0.00215080
SPTL,2013-07-01,dividend,0.00228075
SPTL,2013-08-01,dividend,0.00241661
SPTL,2013-09-03,dividend,0.00240435
SPTL,2013-10-01,dividend,0.00237362
SPTL,2013-11-01,dividend,0.00247800
SPTL,2013-12-02,dividend,0.00250258
SPTL,2013-12-27,dividend,0.00261305
SPTL,2014-02-03,dividend,0.00246586
SPTL,2014-03-03,dividend,0.00223911
SPTL,2014-04-01,dividend,0.00252990
SPTL,2014-05-01,dividend,0.00245670
SPTL,2014-06-02,dividend,0.00250060
SPTL,2014-07-01,dividend,0.00237364
SPTL,2014-08-01,dividend,0.00256720
SPTL,2014-09-02,dividend,0.00240880
SPTL,2014-10-01,dividend,0.00235622
SPTL,2014-11-03,dividend,0.00234926
SPTL,2014-12-01,dividend,0.00226372
SPTL,2014-12-29,dividend,0.00226713
SPTL,2015-02-02,dividend,0.00197358
SPTL,2015-03-02,dividend,0.00187869
SPTL,2015-04-01,dividend,0.00210493
SPTL,2015-05-01,dividend,0.00205005
SPTL,2015-06-01,dividend,0.00221554
SPTL,2015-07-01,dividend,0.00225919
SPTL,2015-08-03,dividend,0.00211745
SPTL,2015-09-01,dividend,0.00206391
SPTL,2015-10-01,dividend,0.00205989
SPTL,2015-11-02,dividend,0.00215563
SPTL,2015-12-01,dividend,0.00216500
SPTL,2015-12-29,dividend,0.00216355
SPTL,2016-02-01,dividend,0.00211215
SPTL,2016-03-01,dividend,0.00188709
SPTL,2016-04-01,dividend,0.00203411
SPTL,2016-05-02,dividend,0.00198413
SPTL,2016-05-03,dividend,0.00200836
SPTL,2016-06-01,dividend,0.00205481
SPTL,2016-07-01,dividend,0.00183247
SPTL,2016-08-01,dividend,0.00179949
SPTL,2016-09-01,dividend,0.00180922
SPTL,2016-10-03,dividend,0.00177395
SPTL,2016-11-01,dividend,0.00190865
SPTL,2016-12-01,dividend,0.00203349
SPTL,2016-12-28,dividend,0.00215818
SPTL,2017-02-01,dividend,0.00210788
SPTL,2017-03-01,dividend,0.00193611
SPTL,2017-04-03,dividend,0.00218397
SPTL,2017-05-01,dividend,0.00212615
SPTL,2017-06-01,dividend,0.00214886
SPTL,2017-07-03,dividend,0.00208449
SPTL,2017-08-01,dividend,0.00216980
SPTL,2017-09-01,dividend,0.00209251
SPTL,2017-10-02,dividend,0.00208826
SPTL,2017-11-01,dividend,0.00217683
SPTL,2017-12-01,dividend,0.00211264
SPTL,2017-12-19,dividend,0.00268331
SPTL,2018-02-01,dividend,0.00209774
SPTL,2018-03-01,dividend,0.00204918
SPTL,2018-04-02,dividend,0.00222717
SPTL,2018-05-01,dividend,0.00219074
SPTL,2018-06-01,dividend,0.00223996
SPTL,2018-07-02,dividend,0.00226031
SPTL,2018-08-01,dividend,0.00238525
SPTL,2018-09-04,dividend,0.00235985
SPTL,2018-10-01,dividend,0.00234275
SPTL,2018-11-01,dividend,0.00250933
SPTL,2018-12-03,dividend,0.00241109
SPTL,2018-12-19,dividend,0.00243789
SPTL,2019-02-01,dividend,0.00239617
SPTL,2019-03-01,dividend,0.00220200
SPTL,2019-04-01,dividend,0.00234128
SPTL,2019-05-01,dividend,0.00230674
SPTL,2019-06-03,dividend,0.00222011
SPTL,2019-07-01,dividend,0.00207453
SPTL,2019-08-01,dividend,0.00214952
SPTL,2019-09-03,dividend,0.00191948
SPTL,2019-10-01,dividend,0.00188020
SPTL,2019-11-01,dividend,0.00185345
SPTL,2019-12-02,dividend,0.00181560
SPTL,2019-12-20,dividend,0.00188843
SPTL,2020-02-03,dividend,0.00179662
SPTL,2020-03-02,dividend,0.00155612
SPTL,2020-04-01,dividend,0.00159016
SPTL,2020-05-01,dividend,0.00146966
SPTL,2020-06-01,dividend,0.00147496
SPTL,2020-07-01,dividend,0.00134480
SPTL,2020-08-03,dividend,0.00129106
SPTL,2020-09-01,dividend,0.00131553
SPTL,2020-10-01,dividend,0.00124245
SPTL,2020-11-02,dividend,0.00128683
SPTL,2020-12-01,dividend,0.00120284
SPTL,2020-12-18,dividend,0.00122590
SPTL,2021-02-01,dividend,0.00135691
SPTL,2021-03-01,dividend,0.00126805
SPTL,2021-04-01,dividend,0.00149016
SPTL,2021-05-03,dividend,0.00150905
SPTL,2021-06-01,dividend,0.00156297
SPTL,2021-07-01,dividend,0.00145490
SPTL,2021-08-02,dividend,0.00142927
SPTL,2021-09-01,dividend,0.00143432
SPTL,2021-10-01,dividend,0.00140667
SPTL,2021-11-01,dividend,0.00142925
SPTL,2021-12-01,dividend,0.00137142
SPTL,2021-12-17,dividend,0.00141409
SPTL,2022-02-01,dividend,0.00152981
SPTL,2022-03-01,dividend,0.00142918
SPTL,2022-04-01,dividend,0.00172163
SPTL,2022-05-02,dividend,0.00183850
SPTL,2022-06-01,dividend,0.00196815
SPTL,2022-07-01,dividend,0.00196940
SPTL,2022-08-01,dividend,0.00201172
SPTL,2022-09-01,dividend,0.00217324
SPTL,2022-10-03,dividend,0.00226558
SPTL,2022-11-01,dividend,0.00250716
SPTL,2022-12-01,dividend,0.00235057
SPTL,2022-12-19,dividend,0.00241818
SPTL,2023-02-01,dividend,0.00251434
SPTL,2023-03-01,dividend,0.00234208
SPTL,2023-04-03,dividend,0.00249976
SPTL,2023-05-01,dividend,0.00242994
SPTL,2023-06-01,dividend,0.00260852
SPTL,2023-07-03,dividend,0.00254828
SPTL,2023-08-01,dividend,0.00271562
SPTL,2023-09-01,dividend,0.00287142
SPTL,2023-10-02,dividend,0.00303019
SPTL,2023-11-01,dividend,0.00339861
SPTL,2023-12-01,dividend,0.00305082
SPTL,2023-12-18,dividend,0.00282583
SPTL,2024-02-01,dividend,0.00313369
SPTL,2024-03-01,dividend,0.00296478
SPTL,2024-04-01,dividend,0.00315956
SPTL,2024-05-01,dividend,0.00329325
SPTL,2024-06-03,dividend,0.00332449
SPTL,2024-07-01,dividend,0.00320643
SPTL,2024-08-01,dividend,0.00321199
SPTL,2024-09-03,dividend,0.00315900
SPTL,2024-10-01,dividend,0.00303637
SPTL,2024-11-01,dividend,0.00328707
SPTL,2024-12-02,dividend,0.00313141
SPTL,2024-12-19,dividend,0.00338473
SPTL,2025-02-03,dividend,0.00350636
SPTL,2025-03-03,dividend,0.00301741
SPTL,2025-04-01,dividend,0.00342327
SPTL,2025-05-01,dividend,0.00335696
SPTL,2025-06-02,dividend,0.00358838
SPTL,2025-07-01,dividend,0.00339751
SPTL,2025-08-01,dividend,0.00355545
SPTL,2025-09-02,dividend,0.00352113
SPTL,2025-10-01,dividend,0.00335071
SPTL,2025-11-03,dividend,0.00343085
SPTL,2025-12-01,dividend,0.00331736
SPTL,2025-12-18,dividend,0.00347196
SPTL,2026-02-02,dividend,0.00352981
SPTL,2026-03-02,dividend,0.00306838
SPTL,2026-04-01,dividend,0.00358696
SPTL,2026-05-01,dividend,0.00347222
SPTL,2026-06-01,dividend,0.00358423
SPTL,2026-07-01,dividend,0.00344300
SPTL,2026-08-03,dividend,0.00372194
SPTL,2026-09-01,dividend,0.00374562
SPY,2006-12-15,dividend,0.00553832
SPY,2007-03-16,dividend,0.00395259
SPY,2007-06-15,dividend,0.00428891
SPY,2007-09-21,dividend,0.00471974
SPY,2007-12-21,dividend,0.00528203
SPY,2008-03-20,dividend,0.00492605
SPY,2008-06-20,dividend,0.00497859
SPY,2008-09-19,dividend,0.00575443
SPY,2008-12-19,dividend,0.00805617
SPY,2009-03-20,dividend,0.00711210
SPY,2009-06-19,dividend,0.00561900
SPY,2009-09-18,dividend,0.00474368
SPY,2009-12-18,dividend,0.00535658
SPY,2010-03-19,dividend,0.00410450
SPY,2010-06-18,dividend,0.00473761
SPY,2010-09-17,dividend,0.00532624
SPY,2010-12-17,dividend,0.00522964
SPY,2011-03-18,dividend,0.00432794
SPY,2011-06-17,dividend,0.00493028
SPY,2011-09-16,dividend,0.00514659
SPY,2011-12-16,dividend,0.00630316
SPY,2012-03-16,dividend,0.00436252
SPY,2012-06-15,dividend,0.00515663
SPY,2012-12-21,dividend,0.00704136
SPY,2013-03-15,dividend,0.00442622
SPY,2013-06-21,dividend,0.00526418
SPY,2013-09-20,dividend,0.00485035
SPY,2013-12-20,dividend,0.00540111
SPY,2014-03-21,dividend,0.00439207
SPY,2014-06-20,dividend,0.00476740
SPY,2014-09-19,dividend,0.00465359
SPY,2014-12-19,dividend,0.00548857
SPY,2015-03-20,dividend,0.00444305
SPY,2015-06-19,dividend,0.00484100
SPY,2015-09-18,dividend,0.00517414
SPY,2015-12-18,dividend,0.00591403
SPY,2016-03-18,dividend,0.00512929
SPY,2016-06-17,dividend,0.00517563
SPY,2016-09-16,dividend,0.00502632
SPY,2016-12-16,dividend,0.00585922
SPY,2017-03-17,dividend,0.00433212
SPY,2017-06-16,dividend,0.00485335
SPY,2017-09-15,dividend,0.00493656
SPY,2017-12-15,dividend,0.00508668
SPY,2018-03-16,dividend,0.00398831
SPY,2018-06-15,dividend,0.00446874
SPY,2018-09-21,dividend,0.00450512
SPY,2018-12-21,dividend,0.00580744
SPY,2019-03-15,dividend,0.00438581
SPY,2019-06-21,dividend,0.00483894
SPY,2019-09-20,dividend,0.00459550
SPY,2019-12-20,dividend,0.00489244
SPY,2020-03-20,dividend,0.00584406
SPY,2020-06-19,dividend,0.00438210
SPY,2020-09-18,dividend,0.00398770
SPY,2020-12-18,dividend,0.00424459
SPY,2021-03-19,dividend,0.00326400
SPY,2021-06-18,dividend,0.00326062
SPY,2021-09-17,dividend,0.00319367
SPY,2021-12-17,dividend,0.00350825
SPY,2022-03-18,dividend,0.00309704
SPY,2022-06-17,dividend,0.00430071
SPY,2022-09-16,dividend,0.00409207
SPY,2022-12-16,dividend,0.00457202
SPY,2023-03-17,dividend,0.00380248
SPY,2023-06-16,dividend,0.00370170
SPY,2023-09-15,dividend,0.00351497
SPY,2023-12-15,dividend,0.00403819
SPY,2024-03-15,dividend,0.00309725
SPY,2024-06-21,dividend,0.00321577
SPY,2024-09-20,dividend,0.00305707
SPY,2024-12-20,dividend,0.00335361
SPY,2025-03-21,dividend,0.00299833
SPY,2025-06-20,dividend,0.00294758
SPY,2025-09-19,dividend,0.00276478
SPY,2025-12-19,dividend,0.00294616
SPY,2026-03-20,dividend,0.00272355
SPY,2026-06-18,dividend,0.00256964
SPY,2026-09-18,dividend,0.00248320
SRLN,2013-05-01,dividend,0.00005979
SRLN,2013-06-03,dividend,0.00203967
SRLN,2013-07-01,dividend,0.00179323
SRLN,2013-08-01,dividend,0.00256041
SRLN,2013-09-03,dividend,0.00218871
SRLN,2013-10-01,dividend,0.00247500
SRLN,2013-11-01,dividend,0.00285960
SRLN,2013-12-02,dividend,0.00242344
SRLN,2013-12-27,dividend,0.00270081
SRLN,2014-02-03,dividend,0.00231565
SRLN,2014-03-03,dividend,0.00220308
SRLN,2014-04-01,dividend,0.00254545
SRLN,2014-05-01,dividend,0.00277711
SRLN,2014-06-02,dividend,0.00283936
SRLN,2014-07-01,dividend,0.00296879
SRLN,2014-08-01,dividend,0.00301872
SRLN,2014-09-02,dividend,0.00341891
SRLN,2014-10-01,dividend,0.00347151
SRLN,2014-11-03,dividend,0.00339825
SRLN,2014-12-01,dividend,0.00312462
SRLN,2014-12-29,dividend,0.00396301
SRLN,2015-02-02,dividend,0.00327312
SRLN,2015-03-02,dividend,0.00316533
SRLN,2015-04-01,dividend,0.00350320
SRLN,2015-05-01,dividend,0.00317602
SRLN,2015-06-01,dividend,0.00340757
SRLN,2015-07-01,dividend,0.00403736
SRLN,2015-08-03,dividend,0.00362534
SRLN,2015-09-01,dividend,0.00392352
SRLN,2015-10-01,dividend,0.00371982
SRLN,2015-11-02,dividend,0.00362349
SRLN,2015-12-01,dividend,0.00348760
SRLN,2015-12-29,dividend,0.00337360
SRLN,2016-02-01,dividend,0.00323201
SRLN,2016-03-01,dividend,0.00372562
SRLN,2016-04-01,dividend,0.00295622
SRLN,2016-05-02,dividend,0.00312808
SRLN,2016-05-03,dividend,0.00313547
SRLN,2016-06-01,dividend,0.00345799
SRLN,2016-07-01,dividend,0.00356422
SRLN,2016-08-01,dividend,0.00311075
SRLN,2016-09-01,dividend,0.00367874
SRLN,2016-10-03,dividend,0.00337429
SRLN,2016-11-01,dividend,0.00320193
SRLN,2016-12-01,dividend,0.00318539
SRLN,2016-12-28,dividend,0.00343396
SRLN,2017-02-01,dividend,0.00327315
SRLN,2017-03-01,dividend,0.00326625
SRLN,2017-04-03,dividend,0.00327108
SRLN,2017-05-01,dividend,0.00327177
SRLN,2017-06-01,dividend,0.00326763
SRLN,2017-07-03,dividend,0.00327869
SRLN,2017-08-01,dividend,0.00337339
SRLN,2017-09-01,dividend,0.00338696
SRLN,2017-10-02,dividend,0.00338553
SRLN,2017-11-01,dividend,0.00337767
SRLN,2017-12-01,dividend,0.00338983
SRLN,2017-12-19,dividend,0.00339703
SRLN,2018-02-01,dividend,0.00347478
SRLN,2018-03-01,dividend,0.00348800
SRLN,2018-04-02,dividend,0.00349169
SRLN,2018-05-01,dividend,0.00370253
SRLN,2018-06-01,dividend,0.00392906
SRLN,2018-07-02,dividend,0.00406156
SRLN,2018-08-01,dividend,0.00403740
SRLN,2018-09-04,dividend,0.00403654
SRLN,2018-10-01,dividend,0.00402884
SRLN,2018-11-01,dividend,0.00427168
SRLN,2018-12-03,dividend,0.00432526
SRLN,2018-12-19,dividend,0.00464910
SRLN,2019-02-01,dividend,0.00482562
SRLN,2019-03-01,dividend,0.00474445
SRLN,2019-04-01,dividend,0.00480035
SRLN,2019-05-01,dividend,0.00471799
SRLN,2019-06-03,dividend,0.00478886
SRLN,2019-07-01,dividend,0.00478261
SRLN,2019-08-01,dividend,0.00475676
SRLN,2019-09-03,dividend,0.00480874
SRLN,2019-10-01,dividend,0.00477223
SRLN,2019-11-01,dividend,0.00415937
SRLN,2019-12-02,dividend,0.00369084
SRLN,2019-12-20,dividend,0.00365277
SRLN,2020-02-03,dividend,0.00431965
SRLN,2020-03-02,dividend,0.00419982
SRLN,2020-04-01,dividend,0.00477147
SRLN,2020-05-01,dividend,0.00408654
SRLN,2020-06-01,dividend,0.00442581
SRLN,2020-07-01,dividend,0.00439917
SRLN,2020-08-03,dividend,0.00431916
SRLN,2020-09-01,dividend,0.00448229
SRLN,2020-10-01,dividend,0.00426679
SRLN,2020-11-02,dividend,0.00431132
SRLN,2020-12-01,dividend,0.00400534
SRLN,2020-12-18,dividend,0.00352889
SRLN,2021-02-01,dividend,0.00371747
SRLN,2021-03-01,dividend,0.00349040
SRLN,2021-04-01,dividend,0.00373052
SRLN,2021-05-03,dividend,0.00371666
SRLN,2021-06-01,dividend,0.00369485
SRLN,2021-07-01,dividend,0.00368604
SRLN,2021-08-02,dividend,0.00372399
SRLN,2021-09-01,dividend,0.00371179
SRLN,2021-10-01,dividend,0.00370774
SRLN,2021-11-01,dividend,0.00371747
SRLN,2021-12-01,dividend,0.00376189
SRLN,2021-12-17,dividend,0.00374945
SRLN,2022-02-01,dividend,0.00374284
SRLN,2022-03-01,dividend,0.00378451
SRLN,2022-04-01,dividend,0.00379549
SRLN,2022-05-02,dividend,0.00383747
SRLN,2022-06-01,dividend,0.00396733
SRLN,2022-07-01,dividend,0.00409935
SRLN,2022-08-01,dividend,0.00425130
SRLN,2022-09-01,dividend,0.00469153
SRLN,2022-10-03,dividend,0.00541205
SRLN,2022-11-01,dividend,0.00583942
SRLN,2022-12-01,dividend,0.00581959
SRLN,2022-12-19,dividend,0.00586081
SRLN,2023-02-01,dividend,0.00597514
SRLN,2023-03-01,dividend,0.00601830
SRLN,2023-04-03,dividend,0.00655499
SRLN,2023-05-01,dividend,0.00678952
SRLN,2023-06-01,dividend,0.00710610
SRLN,2023-07-03,dividend,0.00697451
SRLN,2023-08-01,dividend,0.00696279
SRLN,2023-09-01,dividend,0.00789663
SRLN,2023-10-02,dividend,0.00769046
SRLN,2023-11-01,dividend,0.00776134
SRLN,2023-12-01,dividend,0.00770713
SRLN,2023-12-18,dividend,0.00792317
SRLN,2024-02-01,dividend,0.00768492
SRLN,2024-03-01,dividend,0.00704259
SRLN,2024-04-01,dividend,0.00734397
SRLN,2024-05-01,dividend,0.00748776
SRLN,2024-06-03,dividend,0.00729927
SRLN,2024-07-01,dividend,0.00722892
SRLN,2024-08-01,dividend,0.00731054
SRLN,2024-09-03,dividend,0.00753545
SRLN,2024-10-01,dividend,0.00733308
SRLN,2024-11-01,dividend,0.00712498
SRLN,2024-12-02,dividend,0.00621712
SRLN,2024-12-19,dividend,0.00641781
SRLN,2025-02-03,dividend,0.00666955
SRLN,2025-03-03,dividend,0.00627413
SRLN,2025-04-01,dividend,0.00663257
SRLN,2025-05-01,dividend,0.00626758
SRLN,2025-06-02,dividend,0.00629695
SRLN,2025-07-01,dividend,0.00646129
SRLN,2025-08-01,dividend,0.00654922
SRLN,2025-09-02,dividend,0.00638668
SRLN,2025-10-01,dividend,0.00609756
SRLN,2025-11-03,dividend,0.00686443
SRLN,2025-12-01,dividend,0.00603768
SRLN,2025-12-18,dividend,0.00628471
SRLN,2026-02-02,dividend,0.00609157
SRLN,2026-03-02,dividend,0.00574858
SRLN,2026-04-01,dividend,0.00621679
SRLN,2026-05-01,dividend,0.00552295
SRLN,2026-06-01,dividend,0.00577920
SRLN,2026-07-01,dividend,0.00576649
SRLN,2026-08-03,dividend,0.00597610
SRLN,2026-09-01,dividend,0.00628931
STIP,2010-12-28,dividend,0.00073061
STIP,2011-02-01,dividend,0.00011872
STIP,2011-03-01,dividend,0.00049203
STIP,2011-04-01,dividend,0.00326672
STIP,2011-05-02,dividend,0.00346021
STIP,2011-06-01,dividend,0.00782014
STIP,2011-07-01,dividend,0.00469124
STIP,2011-08-01,dividend,0.00346256
STIP,2011-11-01,dividend,0.00093564
STIP,2011-12-01,dividend,0.00032212
STIP,2012-04-02,dividend,0.00153157
STIP,2012-05-01,dividend,0.00133628
STIP,2012-06-01,dividend,0.00301431
STIP,2012-07-02,dividend,0.00156755
STIP,2012-12-03,dividend,0.00118265
STIP,2013-04-01,dividend,0.00058972
STIP,2013-05-01,dividend,0.00106133
STIP,2013-06-03,dividend,0.00078670
STIP,2013-07-01,dividend,0.00039746
STIP,2013-08-01,dividend,0.00009869
STIP,2013-09-03,dividend,0.00009918
STIP,2014-06-02,dividend,0.00176177
STIP,2014-07-01,dividend,0.00230798
STIP,2014-08-01,dividend,0.00232000
STIP,2014-09-02,dividend,0.00084692
STIP,2016-08-01,dividend,0.00370128
STIP,2016-09-01,dividend,0.00338780
STIP,2016-12-01,dividend,0.00181279
STIP,2017-04-03,dividend,0.00095705
STIP,2017-05-01,dividend,0.00179050
STIP,2017-06-01,dividend,0.00165604
STIP,2017-07-03,dividend,0.00188640
STIP,2017-08-01,dividend,0.00120579
STIP,2017-09-01,dividend,0.00132395
STIP,2017-10-02,dividend,0.00037870
STIP,2017-11-01,dividend,0.00132421
STIP,2017-12-01,dividend,0.00422642
STIP,2017-12-21,dividend,0.00109404
STIP,2018-04-02,dividend,0.00250275
STIP,2018-05-01,dividend,0.00405322
STIP,2018-06-01,dividend,0.00269368
STIP,2018-07-02,dividend,0.00369502
STIP,2018-08-01,dividend,0.00406121
STIP,2018-09-04,dividend,0.00269825
STIP,2018-10-01,dividend,0.00083082
STIP,2018-11-01,dividend,0.00075398
STIP,2018-12-03,dividend,0.00138727
STIP,2018-12-18,dividend,0.00140077
STIP,2019-05-01,dividend,0.00102962
STIP,2019-06-03,dividend,0.00587041
STIP,2019-07-01,dividend,0.00558883
STIP,2019-08-01,dividend,0.00256400
STIP,2019-09-03,dividend,0.00061816
STIP,2019-10-01,dividend,0.00190038
STIP,2019-11-01,dividend,0.00034946
STIP,2019-12-02,dividend,0.00101788
STIP,2019-12-19,dividend,0.00175100
STIP,2020-02-03,dividend,0.00066243
STIP,2020-04-01,dividend,0.00167447
STIP,2020-05-01,dividend,0.00282640
STIP,2020-10-01,dividend,0.00467290
STIP,2020-11-02,dividend,0.00275391
STIP,2020-12-01,dividend,0.00132299
STIP,2020-12-17,dividend,0.00036485
STIP,2021-04-01,dividend,0.00238935
STIP,2021-05-03,dividend,0.00369853
STIP,2021-06-01,dividend,0.00519637
STIP,2021-07-01,dividend,0.00567591
STIP,2021-08-02,dividend,0.00617232
STIP,2021-09-01,dividend,0.00750471
STIP,2021-10-01,dividend,0.00335306
STIP,2021-11-01,dividend,0.00066075
STIP,2021-12-01,dividend,0.00106657
STIP,2021-12-16,dividend,0.00585585
STIP,2022-02-01,dividend,0.00309290
STIP,2022-03-01,dividend,0.00152204
STIP,2022-04-01,dividend,0.00574079
STIP,2022-05-02,dividend,0.00663428
STIP,2022-06-01,dividend,0.01077984
STIP,2022-07-01,dividend,0.00418783
STIP,2022-08-01,dividend,0.00879817
STIP,2022-09-01,dividend,0.01262374
STIP,2022-12-01,dividend,0.00103506
STIP,2022-12-15,dividend,0.00316540
STIP,2023-04-03,dividend,0.00206006
STIP,2023-05-01,dividend,0.00523093
STIP,2023-06-01,dividend,0.00298788
STIP,2023-07-03,dividend,0.00474578
STIP,2023-08-01,dividend,0.00233292
STIP,2023-09-01,dividend,0.00332554
STIP,2023-10-02,dividend,0.00162252
STIP,2023-11-01,dividend,0.00407294
STIP,2023-12-01,dividend,0.00229541
STIP,2024-04-01,dividend,0.00085560
STIP,2024-05-01,dividend,0.00620891
STIP,2024-06-03,dividend,0.00666256
STIP,2024-07-01,dividend,0.00401647
STIP,2024-08-01,dividend,0.00187463
STIP,2024-09-03,dividend,0.00057820
STIP,2024-10-01,dividend,0.00138367
STIP,2024-11-01,dividend,0.00111312
STIP,2024-12-02,dividend,0.00197262
STIP,2024-12-18,dividend,0.00179922
STIP,2025-02-03,dividend,0.00033509
STIP,2025-03-03,dividend,0.00107202
STIP,2025-04-01,dividend,0.00728179
STIP,2025-05-01,dividend,0.00508856
STIP,2025-06-02,dividend,0.00294899
STIP,2025-07-01,dividend,0.00392164
STIP,2025-08-01,dividend,0.00301402
STIP,2025-09-02,dividend,0.00425367
STIP,2025-10-01,dividend,0.00231767
STIP,2025-11-03,dividend,0.00376338
STIP,2025-12-01,dividend,0.00354375
STIP,2025-12-19,dividend,0.00343992
STIP,2026-04-01,dividend,0.00212187
STIP,2026-05-01,dividend,0.00546416
STIP,2026-06-01,dividend,0.01107925
STIP,2026-07-01,dividend,0.00953604
STIP,2026-08-03,dividend,0.00734439
TIP,2006-11-01,dividend,0.00559277
TIP,2007-03-01,dividend,0.00275406
TIP,2007-04-02,dividend,0.00365268
TIP,2007-05-01,dividend,0.00380522
TIP,2007-06-01,dividend,0.00448214
TIP,2007-07-02,dividend,0.00441659
TIP,2007-08-01,dividend,0.00441225
TIP,2007-09-04,dividend,0.00434423
TIP,2007-10-01,dividend,0.00407094
TIP,2007-11-01,dividend,0.00311109
TIP,2007-12-03,dividend,0.00398515
TIP,2007-12-27,dividend,0.00509159
TIP,2008-02-01,dividend,0.00511725
TIP,2008-03-03,dividend,0.00466990
TIP,2008-04-01,dividend,0.00574942
TIP,2008-05-01,dividend,0.00414339
TIP,2008-06-02,dividend,0.00773117
TIP,2008-07-01,dividend,0.00673865
TIP,2008-08-01,dividend,0.00877348
TIP,2008-09-02,dividend,0.00766614
TIP,2008-10-01,dividend,0.00789725
TIP,2009-04-01,dividend,0.00461312
TIP,2009-05-01,dividend,0.00619839
TIP,2009-06-01,dividend,0.00364117
TIP,2009-07-01,dividend,0.00382489
TIP,2009-09-01,dividend,0.00904497
TIP,2009-10-01,dividend,0.00046126
TIP,2009-11-02,dividend,0.00328934
TIP,2009-12-01,dividend,0.00195197
TIP,2009-12-29,dividend,0.00230230
TIP,2010-02-01,dividend,0.00197255
TIP,2010-03-01,dividend,0.00004274
TIP,2010-04-01,dividend,0.00424943
TIP,2010-05-03,dividend,0.00153989
TIP,2010-06-01,dividend,0.00510261
TIP,2010-07-01,dividend,0.00262471
TIP,2010-08-02,dividend,0.00180603
TIP,2010-09-01,dividend,0.00027805
TIP,2010-10-01,dividend,0.00124132
TIP,2010-11-01,dividend,0.00228307
TIP,2010-12-01,dividend,0.00163159
TIP,2010-12-28,dividend,0.00244891
TIP,2011-02-01,dividend,0.00152598
TIP,2011-03-01,dividend,0.00253713
TIP,2011-04-01,dividend,0.00533250
TIP,2011-05-02,dividend,0.00534233
TIP,2011-06-01,dividend,0.00946506
TIP,2011-07-01,dividend,0.00682293
TIP,2011-08-01,dividend,0.00509188
TIP,2011-09-01,dividend,0.00008898
TIP,2011-10-03,dividend,0.00151334
TIP,2011-11-01,dividend,0.00309065
TIP,2011-12-01,dividend,0.00206122
TIP,2012-04-02,dividend,0.00275101
TIP,2012-05-01,dividend,0.00356817
TIP,2012-06-01,dividend,0.00663047
TIP,2012-07-02,dividend,0.00295315
TIP,2012-11-01,dividend,0.00238032
TIP,2012-12-03,dividend,0.00394820
TIP,2012-12-26,dividend,0.00007039
TIP,2013-04-01,dividend,0.00066254
TIP,2013-05-01,dividend,0.00254771
TIP,2013-07-01,dividend,0.00132943
TIP,2013-08-01,dividend,0.00062016
TIP,2013-09-03,dividend,0.00093010
TIP,2013-10-01,dividend,0.00042047
TIP,2013-11-01,dividend,0.00104327
TIP,2013-12-02,dividend,0.00080640
TIP,2014-06-02,dividend,0.00566379
TIP,2014-07-01,dividend,0.00297988
TIP,2014-08-01,dividend,0.00309366
TIP,2014-09-02,dividend,0.00168284
TIP,2014-12-01,dividend,0.00053037
TIP,2015-09-01,dividend,0.00275762
TIP,2015-10-01,dividend,0.00055703
TIP,2016-06-01,dividend,0.00031595
TIP,2016-07-01,dividend,0.00438728
TIP,2016-08-01,dividend,0.00394374
TIP,2016-09-01,dividend,0.00360255
TIP,2016-12-01,dividend,0.00214801
TIP,2017-04-03,dividend,0.00135304
TIP,2017-05-01,dividend,0.00246983
TIP,2017-06-01,dividend,0.00225403
TIP,2017-07-03,dividend,0.00257296
TIP,2017-08-01,dividend,0.00191174
TIP,2017-09-01,dividend,0.00206455
TIP,2017-10-02,dividend,0.00042109
TIP,2017-11-01,dividend,0.00191275
TIP,2017-12-01,dividend,0.00440777
TIP,2017-12-21,dividend,0.00137694
TIP,2018-02-01,dividend,0.00018838
TIP,2018-04-02,dividend,0.00258637
TIP,2018-05-01,dividend,0.00443199
TIP,2018-06-01,dividend,0.00298498
TIP,2018-07-02,dividend,0.00381828
TIP,2018-08-01,dividend,0.00418255
TIP,2018-09-04,dividend,0.00344080
TIP,2018-10-01,dividend,0.00091725
TIP,2018-11-01,dividend,0.00083972
TIP,2018-12-03,dividend,0.00142241
TIP,2018-12-18,dividend,0.00168627
TIP,2019-05-01,dividend,0.00030723
TIP,2019-06-03,dividend,0.00554547
TIP,2019-07-01,dividend,0.00529522
TIP,2019-08-01,dividend,0.00234385
TIP,2019-09-03,dividend,0.00050548
TIP,2019-10-01,dividend,0.00168871
TIP,2019-11-01,dividend,0.00017069
TIP,2019-12-02,dividend,0.00089604
TIP,2019-12-19,dividend,0.00093094
TIP,2020-02-03,dividend,0.00106446
TIP,2020-04-01,dividend,0.00149249
TIP,2020-05-01,dividend,0.00245539
TIP,2020-10-01,dividend,0.00329865
TIP,2020-11-02,dividend,0.00253793
TIP,2020-12-01,dividend,0.00105126
TIP,2020-12-17,dividend,0.00018221
TIP,2021-04-01,dividend,0.00239091
TIP,2021-05-03,dividend,0.00405699
TIP,2021-06-01,dividend,0.00532761
TIP,2021-07-01,dividend,0.00651099
TIP,2021-08-02,dividend,0.00595007
TIP,2021-09-01,dividend,0.00691572
TIP,2021-10-01,dividend,0.00338351
TIP,2021-11-01,dividend,0.00094636
TIP,2021-12-01,dividend,0.00143423
TIP,2021-12-16,dividend,0.00612294
TIP,2022-02-01,dividend,0.00346733
TIP,2022-03-01,dividend,0.00180095
TIP,2022-04-01,dividend,0.00640898
TIP,2022-05-02,dividend,0.00774689
TIP,2022-06-01,dividend,0.01149067
TIP,2022-07-01,dividend,0.00496139
TIP,2022-08-01,dividend,0.00975894
TIP,2022-09-01,dividend,0.01262712
TIP,2022-12-01,dividend,0.00120709
TIP,2022-12-15,dividend,0.00321816
TIP,2023-04-03,dividend,0.00115189
TIP,2023-05-01,dividend,0.00516495
TIP,2023-06-01,dividend,0.00288622
TIP,2023-07-03,dividend,0.00468207
TIP,2023-08-01,dividend,0.00205855
TIP,2023-09-01,dividend,0.00304515
TIP,2023-10-02,dividend,0.00164860
TIP,2023-11-01,dividend,0.00439437
TIP,2023-12-01,dividend,0.00243050
TIP,2024-04-01,dividend,0.00060372
TIP,2024-05-01,dividend,0.00656681
TIP,2024-06-03,dividend,0.00681127
TIP,2024-07-01,dividend,0.00409349
TIP,2024-08-01,dividend,0.00160116
TIP,2024-09-03,dividend,0.00027553
TIP,2024-10-01,dividend,0.00110011
TIP,2024-11-01,dividend,0.00082196
TIP,2024-12-02,dividend,0.00174602
TIP,2024-12-18,dividend,0.00148983
TIP,2025-04-01,dividend,0.00638215
TIP,2025-05-01,dividend,0.00484084
TIP,2025-06-02,dividend,0.00249797
TIP,2025-07-01,dividend,0.00345330
TIP,2025-08-01,dividend,0.00240725
TIP,2025-09-02,dividend,0.00375112
TIP,2025-10-01,dividend,0.00178028
TIP,2025-11-03,dividend,0.00324122
TIP,2025-12-01,dividend,0.00289407
TIP,2025-12-19,dividend,0.00309508
TIP,2026-05-01,dividend,0.00502873
TIP,2026-06-01,dividend,0.01149187
TIP,2026-07-01,dividend,0.00966825
TIP,2026-08-03,dividend,0.00728421
TLH,2007-02-01,dividend,0.00256988
TLH,2007-03-01,dividend,0.00357522
TLH,2007-04-02,dividend,0.00400452
TLH,2007-05-01,dividend,0.00383853
TLH,2007-06-01,dividend,0.00416935
TLH,2007-07-02,dividend,0.00424969
TLH,2007-08-01,dividend,0.00425658
TLH,2007-09-04,dividend,0.00412451
TLH,2007-10-01,dividend,0.00396095
TLH,2007-11-01,dividend,0.00386076
TLH,2007-12-03,dividend,0.00355088
TLH,2007-12-27,dividend,0.00364584
TLH,2008-02-01,dividend,0.00312927
TLH,2008-03-03,dividend,0.00330075
TLH,2008-04-01,dividend,0.00373620
TLH,2008-05-01,dividend,0.00381479
TLH,2008-06-02,dividend,0.00355962
TLH,2008-07-01,dividend,0.00339966
TLH,2008-08-01,dividend,0.00355635
TLH,2008-09-02,dividend,0.00224874
TLH,2008-10-01,dividend,0.00309494
TLH,2008-11-03,dividend,0.00357114
TLH,2008-12-01,dividend,0.00329503
TLH,2008-12-29,dividend,0.00343996
TLH,2009-02-02,dividend,0.00341516
TLH,2009-03-02,dividend,0.00280991
TLH,2009-04-01,dividend,0.00314129
TLH,2009-05-01,dividend,0.00291900
TLH,2009-06-01,dividend,0.00333603
TLH,2009-07-01,dividend,0.00278237
TLH,2009-09-01,dividend,0.00317453
TLH,2009-10-01,dividend,0.00305230
TLH,2009-11-02,dividend,0.00327729
TLH,2009-12-01,dividend,0.00281669
TLH,2009-12-29,dividend,0.00324356
TLH,2010-02-01,dividend,0.00322736
TLH,2010-03-01,dividend,0.00288649
TLH,2010-04-01,dividend,0.00338214
TLH,2010-05-03,dividend,0.00320277
TLH,2010-06-01,dividend,0.00318037
TLH,2010-07-01,dividend,0.00270652
TLH,2010-08-02,dividend,0.00284631
TLH,2010-09-01,dividend,0.00270983
TLH,2010-10-01,dividend,0.00272763
TLH,2010-11-01,dividend,0.00267332
TLH,2010-12-01,dividend,0.00269159
TLH,2010-12-28,dividend,0.00328880
TLH,2011-02-01,dividend,0.00300855
TLH,2011-03-01,dividend,0.00258402
TLH,2011-04-01,dividend,0.00302990
TLH,2011-05-02,dividend,0.00282769
TLH,2011-06-01,dividend,0.00287936
TLH,2011-07-01,dividend,0.00278471
TLH,2011-08-01,dividend,0.00286003
TLH,2011-09-01,dividend,0.00255053
TLH,2011-10-03,dividend,0.00212182
TLH,2011-11-01,dividend,0.00225127
TLH,2011-12-01,dividend,0.00201805
TLH,2011-12-27,dividend,0.00198868
TLH,2012-02-01,dividend,0.00214243
TLH,2012-03-01,dividend,0.00199008
TLH,2012-04-02,dividend,0.00217227
TLH,2012-05-01,dividend,0.00197781
TLH,2012-06-01,dividend,0.00193096
TLH,2012-07-02,dividend,0.00178224
TLH,2012-08-01,dividend,0.00173265
TLH,2012-09-04,dividend,0.00163426
TLH,2012-10-01,dividend,0.00168156
TLH,2012-11-01,dividend,0.00176515
TLH,2012-12-03,dividend,0.00159837
TLH,2012-12-26,dividend,0.00174968
TLH,2013-02-01,dividend,0.00171001
TLH,2013-03-01,dividend,0.00185129
TLH,2013-04-01,dividend,0.00184961
TLH,2013-05-01,dividend,0.00161339
TLH,2013-07-01,dividend,0.00191131
TLH,2013-08-01,dividend,0.00199129
TLH,2013-09-03,dividend,0.00202104
TLH,2013-10-01,dividend,0.00188500
TLH,2013-11-01,dividend,0.00196633
TLH,2013-12-02,dividend,0.00218253
TLH,2013-12-26,dividend,0.00193693
TLH,2014-02-03,dividend,0.00190934
TLH,2014-03-03,dividend,0.00171684
TLH,2014-04-01,dividend,0.00185942
TLH,2014-06-02,dividend,0.00192694
TLH,2014-07-01,dividend,0.00187370
TLH,2014-08-01,dividend,0.00197731
TLH,2014-09-02,dividend,0.00182508
TLH,2014-10-01,dividend,0.00184814
TLH,2014-11-03,dividend,0.00177524
TLH,2014-12-01,dividend,0.00179308
TLH,2014-12-24,dividend,0.00177492
TLH,2015-02-02,dividend,0.00169338
TLH,2015-03-02,dividend,0.00160413
TLH,2015-04-01,dividend,0.00173287
TLH,2015-05-01,dividend,0.00174563
TLH,2015-06-01,dividend,0.00180471
TLH,2015-07-01,dividend,0.00183551
TLH,2015-08-03,dividend,0.00178850
TLH,2015-09-01,dividend,0.00170349
TLH,2015-10-01,dividend,0.00171976
TLH,2015-11-02,dividend,0.00177138
TLH,2015-12-01,dividend,0.00172975
TLH,2015-12-24,dividend,0.00184775
TLH,2016-02-01,dividend,0.00158691
TLH,2016-03-01,dividend,0.00143175
TLH,2016-04-01,dividend,0.00153980
TLH,2016-05-02,dividend,0.00162422
TLH,2016-06-01,dividend,0.00168213
TLH,2016-07-01,dividend,0.00151725
TLH,2016-08-01,dividend,0.00144319
TLH,2016-09-01,dividend,0.00138369
TLH,2016-10-03,dividend,0.00133930
TLH,2016-11-01,dividend,0.00139842
TLH,2016-12-01,dividend,0.00144042
TLH,2016-12-22,dividend,0.00157193
TLH,2017-02-01,dividend,0.00149389
TLH,2017-03-01,dividend,0.00134054
TLH,2017-04-03,dividend,0.00147757
TLH,2017-05-01,dividend,0.00151610
TLH,2017-06-01,dividend,0.00150651
TLH,2017-07-03,dividend,0.00150622
TLH,2017-08-01,dividend,0.00154776
TLH,2017-09-01,dividend,0.00152015
TLH,2017-10-02,dividend,0.00152203
TLH,2017-11-01,dividend,0.00160932
TLH,2017-12-01,dividend,0.00156077
TLH,2017-12-21,dividend,0.00176190
TLH,2018-02-01,dividend,0.00158340
TLH,2018-03-01,dividend,0.00153610
TLH,2018-04-02,dividend,0.00158781
TLH,2018-05-01,dividend,0.00177501
TLH,2018-06-01,dividend,0.00194260
TLH,2018-07-02,dividend,0.00189864
TLH,2018-08-01,dividend,0.00197910
TLH,2018-09-04,dividend,0.00196115
TLH,2018-10-01,dividend,0.00194848
TLH,2018-11-01,dividend,0.00212621
TLH,2018-12-03,dividend,0.00201697
TLH,2018-12-18,dividend,0.00185944
TLH,2019-02-01,dividend,0.00207404
TLH,2019-03-01,dividend,0.00194758
TLH,2019-04-01,dividend,0.00205927
TLH,2019-05-01,dividend,0.00205822
TLH,2019-06-03,dividend,0.00201978
TLH,2019-07-01,dividend,0.00200506
TLH,2019-08-01,dividend,0.00195229
TLH,2019-09-03,dividend,0.00180211
TLH,2019-10-01,dividend,0.00173659
TLH,2019-11-01,dividend,0.00174431
TLH,2019-12-02,dividend,0.00169496
TLH,2019-12-19,dividend,0.00222623
TLH,2020-02-03,dividend,0.00163571
TLH,2020-03-02,dividend,0.00142205
TLH,2020-04-01,dividend,0.00132587
TLH,2020-05-01,dividend,0.00116191
TLH,2020-06-01,dividend,0.00113883
TLH,2020-07-01,dividend,0.00107427
TLH,2020-08-03,dividend,0.00101405
TLH,2020-09-01,dividend,0.00102854
TLH,2020-10-01,dividend,0.00095422
TLH,2020-11-02,dividend,0.00092926
TLH,2020-12-01,dividend,0.01322607
TLH,2020-12-17,dividend,0.00087394
TLH,2021-02-01,dividend,0.00100849
TLH,2021-03-01,dividend,0.00098159
TLH,2021-04-01,dividend,0.00112524
TLH,2021-05-03,dividend,0.00120935
TLH,2021-06-01,dividend,0.00129539
TLH,2021-07-01,dividend,0.00128792
TLH,2021-08-02,dividend,0.00129300
TLH,2021-09-01,dividend,0.00133393
TLH,2021-10-01,dividend,0.00135077
TLH,2021-11-01,dividend,0.00140814
TLH,2021-12-01,dividend,0.00134621
TLH,2021-12-16,dividend,0.00142841
TLH,2022-02-01,dividend,0.00128807
TLH,2022-03-01,dividend,0.00141806
TLH,2022-04-01,dividend,0.00139561
TLH,2022-05-02,dividend,0.00187461
TLH,2022-06-01,dividend,0.00182669
TLH,2022-07-01,dividend,0.00203248
TLH,2022-08-01,dividend,0.00183246
TLH,2022-09-01,dividend,0.00244905
TLH,2022-10-03,dividend,0.00273487
TLH,2022-11-01,dividend,0.00248397
TLH,2022-12-01,dividend,0.00294314
TLH,2022-12-15,dividend,0.00291782
TLH,2023-02-01,dividend,0.00282911
TLH,2023-03-01,dividend,0.00271624
TLH,2023-04-03,dividend,0.00324783
TLH,2023-05-01,dividend,0.00292084
TLH,2023-06-01,dividend,0.00305696
TLH,2023-07-03,dividend,0.00300252
TLH,2023-08-01,dividend,0.00370336
TLH,2023-09-01,dividend,0.00314400
TLH,2023-10-02,dividend,0.00361534
TLH,2023-11-01,dividend,0.00354415
TLH,2023-12-01,dividend,0.00359752
TLH,2023-12-14,dividend,0.00334281
TLH,2024-02-01,dividend,0.00332105
TLH,2024-03-01,dividend,0.00321196
TLH,2024-04-01,dividend,0.00341790
TLH,2024-05-01,dividend,0.00352236
TLH,2024-06-03,dividend,0.00352479
TLH,2024-07-01,dividend,0.00339233
TLH,2024-08-01,dividend,0.00331473
TLH,2024-09-03,dividend,0.00340841
TLH,2024-10-01,dividend,0.00327139
TLH,2024-11-01,dividend,0.00358405
TLH,2024-12-02,dividend,0.00331548
TLH,2024-12-18,dividend,0.00358346
TLH,2025-02-03,dividend,0.00348086
TLH,2025-03-03,dividend,0.00235876
TLH,2025-04-01,dividend,0.00356632
TLH,2025-05-01,dividend,0.00346849
TLH,2025-06-02,dividend,0.00347044
TLH,2025-07-01,dividend,0.00354322
TLH,2025-08-01,dividend,0.00375153
TLH,2025-09-02,dividend,0.00369606
TLH,2025-10-01,dividend,0.00335958
TLH,2025-11-03,dividend,0.00355387
TLH,2025-12-01,dividend,0.00351650
TLH,2025-12-19,dividend,0.00369328
TLH,2026-02-02,dividend,0.00374020
TLH,2026-03-02,dividend,0.00322855
TLH,2026-04-01,dividend,0.00388199
TLH,2026-05-01,dividend,0.00359609
TLH,2026-06-01,dividend,0.00411370
TLH,2026-07-01,dividend,0.00361739
TLH,2026-08-03,dividend,0.00392581
TLH,2026-09-01,dividend,0.00383506
TLT,2006-11-01,dividend,0.00384634
TLT,2006-12-01,dividend,0.00373782
TLT,2006-12-27,dividend,0.00337485
TLT,2007-04-02,dividend,0.00369320
TLT,2007-07-02,dividend,0.00382397
TLT,2011-04-01,dividend,0.00418785
TLT,2011-08-01,dividend,0.00332088
TLT,2011-12-27,dividend,0.00321187
TLT,2012-03-01,dividend,0.00227185
TLT,2012-06-01,dividend,0.00205844
TLT,2012-08-01,dividend,0.00210120
TLT,2012-12-26,dividend,0.00219821
TLT,2013-02-01,dividend,0.00221773
TLT,2013-03-01,dividend,0.00214209
TLT,2013-04-01,dividend,0.00216655
TLT,2013-05-01,dividend,0.00211829
TLT,2013-06-03,dividend,0.00240349
TLT,2013-07-01,dividend,0.00227828
TLT,2013-08-01,dividend,0.00250674
TLT,2013-09-03,dividend,0.00263256
TLT,2013-10-01,dividend,0.00261015
TLT,2013-11-01,dividend,0.00267436
TLT,2013-12-02,dividend,0.00296807
TLT,2013-12-26,dividend,0.00325463
TLT,2014-02-03,dividend,0.00254493
TLT,2014-03-03,dividend,0.00242494
TLT,2014-04-01,dividend,0.00256847
TLT,2014-05-01,dividend,0.00242400
TLT,2014-06-02,dividend,0.00257529
TLT,2014-07-01,dividend,0.00257043
TLT,2014-08-01,dividend,0.00263031
TLT,2014-09-02,dividend,0.00227648
TLT,2014-10-01,dividend,0.00248879
TLT,2014-11-03,dividend,0.00243182
TLT,2014-12-01,dividend,0.00225777
TLT,2014-12-24,dividend,0.00211504
TLT,2015-02-02,dividend,0.00201777
TLT,2015-03-02,dividend,0.00194622
TLT,2015-04-01,dividend,0.00208950
TLT,2015-05-01,dividend,0.00204919
TLT,2015-06-01,dividend,0.00215426
TLT,2015-07-01,dividend,0.00219796
TLT,2015-08-03,dividend,0.00218251
TLT,2015-09-01,dividend,0.00216332
TLT,2015-10-01,dividend,0.00207436
TLT,2015-11-02,dividend,0.00217138
TLT,2015-12-01,dividend,0.00211213
TLT,2015-12-24,dividend,0.00209271
TLT,2016-02-01,dividend,0.00189340
TLT,2016-03-01,dividend,0.00189653
TLT,2016-04-01,dividend,0.00207003
TLT,2016-05-02,dividend,0.00201102
TLT,2016-06-01,dividend,0.00205344
TLT,2016-07-01,dividend,0.00183713
TLT,2016-08-01,dividend,0.00182365
TLT,2016-09-01,dividend,0.00181730
TLT,2016-10-03,dividend,0.00179671
TLT,2016-11-01,dividend,0.00190363
TLT,2016-12-01,dividend,0.00201842
TLT,2016-12-22,dividend,0.00260766
TLT,2017-02-01,dividend,0.00215792
TLT,2017-03-01,dividend,0.00192117
TLT,2017-04-03,dividend,0.00210889
TLT,2017-05-01,dividend,0.00208266
TLT,2017-06-01,dividend,0.00211400
TLT,2017-07-03,dividend,0.00205915
TLT,2017-08-01,dividend,0.00216580
TLT,2017-09-01,dividend,0.00205204
TLT,2017-10-02,dividend,0.00202295
TLT,2017-11-01,dividend,0.00211370
TLT,2017-12-01,dividend,0.00203569
TLT,2017-12-21,dividend,0.00210696
TLT,2018-02-01,dividend,0.00207410
TLT,2018-03-01,dividend,0.00201245
TLT,2018-04-02,dividend,0.00213640
TLT,2018-05-01,dividend,0.00220051
TLT,2018-06-01,dividend,0.00231560
TLT,2018-07-02,dividend,0.00225881
TLT,2018-08-01,dividend,0.00222909
TLT,2018-09-04,dividend,0.00225066
TLT,2018-10-01,dividend,0.00222452
TLT,2018-11-01,dividend,0.00241844
TLT,2018-12-03,dividend,0.00231371
TLT,2018-12-18,dividend,0.00236547
TLT,2019-02-01,dividend,0.00225335
TLT,2019-03-01,dividend,0.00211040
TLT,2019-04-01,dividend,0.00220022
TLT,2019-05-01,dividend,0.00209383
TLT,2019-06-03,dividend,0.00204457
TLT,2019-07-01,dividend,0.00195890
TLT,2019-08-01,dividend,0.00198630
TLT,2019-09-03,dividend,0.00176662
TLT,2019-10-01,dividend,0.00174796
TLT,2019-11-01,dividend,0.00173920
TLT,2019-12-02,dividend,0.00171275
TLT,2019-12-19,dividend,0.00159462
TLT,2020-02-03,dividend,0.00165840
TLT,2020-03-02,dividend,0.00147613
TLT,2020-04-01,dividend,0.00144279
TLT,2020-05-01,dividend,0.00129666
TLT,2020-06-01,dividend,0.00128482
TLT,2020-07-01,dividend,0.00116912
TLT,2020-08-03,dividend,0.00111193
TLT,2020-09-01,dividend,0.00112781
TLT,2020-10-01,dividend,0.00103551
TLT,2020-11-02,dividend,0.00107548
TLT,2020-12-01,dividend,0.00101864
TLT,2020-12-17,dividend,0.00104155
TLT,2021-02-01,dividend,0.00115641
TLT,2021-03-01,dividend,0.00119984
TLT,2021-04-01,dividend,0.00136632
TLT,2021-05-03,dividend,0.00146484
TLT,2021-06-01,dividend,0.00143939
TLT,2021-07-01,dividend,0.00129898
TLT,2021-08-02,dividend,0.00121534
TLT,2021-09-01,dividend,0.00127218
TLT,2021-10-01,dividend,0.00126860
TLT,2021-11-01,dividend,0.00127437
TLT,2021-12-01,dividend,0.00121487
TLT,2021-12-16,dividend,0.00112301
TLT,2022-02-01,dividend,0.00139151
TLT,2022-03-01,dividend,0.00132076
TLT,2022-04-01,dividend,0.00152732
TLT,2022-05-02,dividend,0.00170063
TLT,2022-06-01,dividend,0.00177970
TLT,2022-07-01,dividend,0.00197561
TLT,2022-08-01,dividend,0.00181415
TLT,2022-09-01,dividend,0.00211065
TLT,2022-10-03,dividend,0.00238278
TLT,2022-11-01,dividend,0.00245170
TLT,2022-12-01,dividend,0.00237754
TLT,2022-12-15,dividend,0.00241360
TLT,2023-02-01,dividend,0.00257062
TLT,2023-03-01,dividend,0.00245566
TLT,2023-04-03,dividend,0.00252661
TLT,2023-05-01,dividend,0.00251727
TLT,2023-06-01,dividend,0.00265121
TLT,2023-07-03,dividend,0.00269782
TLT,2023-08-01,dividend,0.00275138
TLT,2023-09-01,dividend,0.00298618
TLT,2023-10-02,dividend,0.00315718
TLT,2023-11-01,dividend,0.00342540
TLT,2023-12-01,dividend,0.00315557
TLT,2023-12-14,dividend,0.00320672
TLT,2024-02-01,dividend,0.00320834
TLT,2024-03-01,dividend,0.00313475
TLT,2024-04-01,dividend,0.00330186
TLT,2024-05-01,dividend,0.00348830
TLT,2024-06-03,dividend,0.00340850
TLT,2024-07-01,dividend,0.00317171
TLT,2024-08-01,dividend,0.00332090
TLT,2024-09-03,dividend,0.00324162
TLT,2024-10-01,dividend,0.00321868
TLT,2024-11-01,dividend,0.00335905
TLT,2024-12-02,dividend,0.00345883
TLT,2024-12-18,dividend,0.00387246
TLT,2025-02-03,dividend,0.00355838
TLT,2025-03-03,dividend,0.00313557
TLT,2025-04-01,dividend,0.00357660
TLT,2025-05-01,dividend,0.00366181
TLT,2025-06-02,dividend,0.00370348
TLT,2025-07-01,dividend,0.00372012
TLT,2025-08-01,dividend,0.00380573
TLT,2025-09-02,dividend,0.00378849
TLT,2025-10-01,dividend,0.00347371
TLT,2025-11-03,dividend,0.00360086
TLT,2025-12-01,dividend,0.00355442
TLT,2025-12-19,dividend,0.00388162
TLT,2026-02-02,dividend,0.00380920
TLT,2026-03-02,dividend,0.00331023
TLT,2026-04-01,dividend,0.00397716
TLT,2026-05-01,dividend,0.00368310
TLT,2026-06-01,dividend,0.00391532
TLT,2026-07-01,dividend,0.00368001
TLT,2026-08-03,dividend,0.00401781
TLT,2026-09-01,dividend,0.00381344
USHY,2017-12-01,dividend,0.00446070
USHY,2017-12-21,dividend,0.00164929
USHY,2017-12-28,dividend,0.00116514
USHY,2018-02-01,dividend,0.00454974
USHY,2018-03-01,dividend,0.00466722
USHY,2018-04-02,dividend,0.00481705
USHY,2018-05-01,dividend,0.00480096
USHY,2018-06-01,dividend,0.00519952
USHY,2018-07-02,dividend,0.00499388
USHY,2018-08-01,dividend,0.00493675
USHY,2018-09-04,dividend,0.00496737
USHY,2018-10-01,dividend,0.00501191
USHY,2018-11-01,dividend,0.00529212
USHY,2018-12-03,dividend,0.00517826
USHY,2018-12-18,dividend,0.00531605
USHY,2019-02-01,dividend,0.00548552
USHY,2019-03-01,dividend,0.00542067
USHY,2019-04-01,dividend,0.00541232
USHY,2019-05-01,dividend,0.00506840
USHY,2019-06-03,dividend,0.00522981
USHY,2019-07-01,dividend,0.00471189
USHY,2019-08-01,dividend,0.00477292
USHY,2019-09-03,dividend,0.00466258
USHY,2019-10-01,dividend,0.00466143
USHY,2019-11-01,dividend,0.00486384
USHY,2019-12-02,dividend,0.00492928
USHY,2019-12-19,dividend,0.00487329
USHY,2020-02-03,dividend,0.00462657
USHY,2020-03-02,dividend,0.00447427
USHY,2020-04-01,dividend,0.00549482
USHY,2020-05-01,dividend,0.00523930
USHY,2020-06-01,dividend,0.00439555
USHY,2020-07-01,dividend,0.00473186
USHY,2020-08-03,dividend,0.00444132
USHY,2020-09-01,dividend,0.00446989
USHY,2020-10-01,dividend,0.00486265
USHY,2020-11-02,dividend,0.00477982
USHY,2020-12-01,dividend,0.00444115
USHY,2020-12-17,dividend,0.00421073
USHY,2021-02-01,dividend,0.00439132
USHY,2021-03-01,dividend,0.00435613
USHY,2021-04-01,dividend,0.00438917
USHY,2021-05-03,dividend,0.00441662
USHY,2021-06-01,dividend,0.00428599
USHY,2021-07-01,dividend,0.00411562
USHY,2021-08-02,dividend,0.00414678
USHY,2021-09-01,dividend,0.00406533
USHY,2021-10-01,dividend,0.00418613
USHY,2021-11-01,dividend,0.00413324
USHY,2021-12-01,dividend,0.00400514
USHY,2021-12-16,dividend,0.00424639
USHY,2022-02-01,dividend,0.00424186
USHY,2022-03-01,dividend,0.00436681
USHY,2022-04-01,dividend,0.00483541
USHY,2022-05-02,dividend,0.00455630
USHY,2022-06-01,dividend,0.00431300
USHY,2022-07-01,dividend,0.00510974
USHY,2022-08-01,dividend,0.00404571
USHY,2022-09-01,dividend,0.00551949
USHY,2022-10-03,dividend,0.00556320
USHY,2022-11-01,dividend,0.00568596
USHY,2022-12-01,dividend,0.00510349
USHY,2022-12-15,dividend,0.00462845
USHY,2023-02-01,dividend,0.00655286
USHY,2023-03-01,dividend,0.00595461
USHY,2023-04-03,dividend,0.00560081
USHY,2023-05-01,dividend,0.00547564
USHY,2023-06-01,dividend,0.00579936
USHY,2023-07-03,dividend,0.00552612
USHY,2023-08-01,dividend,0.00560240
USHY,2023-09-01,dividend,0.00570229
USHY,2023-10-02,dividend,0.00573714
USHY,2023-11-01,dividend,0.00558824
USHY,2023-12-01,dividend,0.00548085
USHY,2023-12-14,dividend,0.00557884
USHY,2024-02-01,dividend,0.00601015
USHY,2024-03-01,dividend,0.00603176
USHY,2024-04-01,dividend,0.00624261
USHY,2024-05-01,dividend,0.00587741
USHY,2024-06-03,dividend,0.00559123
USHY,2024-07-01,dividend,0.00576625
USHY,2024-08-01,dividend,0.00514832
USHY,2024-09-03,dividend,0.00558358
USHY,2024-10-01,dividend,0.00542099
USHY,2024-11-01,dividend,0.00571521
USHY,2024-12-02,dividend,0.00584262
USHY,2024-12-18,dividend,0.00605962
USHY,2025-02-03,dividend,0.00577193
USHY,2025-03-03,dividend,0.00563910
USHY,2025-04-01,dividend,0.00573770
USHY,2025-05-01,dividend,0.00554976
USHY,2025-06-02,dividend,0.00573074
USHY,2025-07-01,dividend,0.00565699
USHY,2025-08-01,dividend,0.00567525
USHY,2025-09-02,dividend,0.00574636
USHY,2025-10-01,dividend,0.00572341
USHY,2025-11-03,dividend,0.00567330
USHY,2025-12-01,dividend,0.00574482
USHY,2025-12-19,dividend,0.00568700
USHY,2026-02-02,dividend,0.00574482
USHY,2026-03-02,dividend,0.00543186
USHY,2026-04-01,dividend,0.00628244
USHY,2026-05-01,dividend,0.00545533
USHY,2026-06-01,dividend,0.00565461
USHY,2026-07-01,dividend,0.00559570
USHY,2026-08-03,dividend,0.00582492
USHY,2026-09-01,dividend,0.00580271
USIG,2007-02-01,dividend,0.00299626
USIG,2007-03-01,dividend,0.00409937
USIG,2007-04-02,dividend,0.00451310
USIG,2007-05-01,dividend,0.00441841
USIG,2007-06-01,dividend,0.00464845
USIG,2007-07-02,dividend,0.00445862
USIG,2007-08-01,dividend,0.00478371
USIG,2007-09-04,dividend,0.00469484
USIG,2007-10-01,dividend,0.00457082
USIG,2007-11-01,dividend,0.00441336
USIG,2007-12-03,dividend,0.00430829
USIG,2007-12-27,dividend,0.00449105
USIG,2008-02-01,dividend,0.00392234
USIG,2008-03-03,dividend,0.00390660
USIG,2008-04-01,dividend,0.00443428
USIG,2008-05-01,dividend,0.00408489
USIG,2008-06-02,dividend,0.00440787
USIG,2008-07-01,dividend,0.00426478
USIG,2008-08-01,dividend,0.00442601
USIG,2008-09-02,dividend,0.00424036
USIG,2008-10-01,dividend,0.00427866
USIG,2008-11-03,dividend,0.00466049
USIG,2008-12-01,dividend,0.00430010
USIG,2008-12-29,dividend,0.00384603
USIG,2009-02-02,dividend,0.00452374
USIG,2009-03-02,dividend,0.00446331
USIG,2009-04-01,dividend,0.00468810
USIG,2009-05-01,dividend,0.00452207
USIG,2009-06-01,dividend,0.00457673
USIG,2009-07-01,dividend,0.00424633
USIG,2009-08-03,dividend,0.00413633
USIG,2009-09-01,dividend,0.00416212
USIG,2009-10-01,dividend,0.00390445
USIG,2009-11-02,dividend,0.00415232
USIG,2009-12-01,dividend,0.00384747
USIG,2009-12-29,dividend,0.00395485
USIG,2010-02-01,dividend,0.00406047
USIG,2010-03-01,dividend,0.00397907
USIG,2010-04-01,dividend,0.00403459
USIG,2010-05-03,dividend,0.00397094
USIG,2010-06-01,dividend,0.00373737
USIG,2010-07-01,dividend,0.00384837
USIG,2010-08-02,dividend,0.00377623
USIG,2010-09-01,dividend,0.00358056
USIG,2010-10-01,dividend,0.00359056
USIG,2010-11-01,dividend,0.00347828
USIG,2010-12-01,dividend,0.00389614
USIG,2010-12-28,dividend,0.00357594
USIG,2011-02-01,dividend,0.00372890
USIG,2011-03-01,dividend,0.00377683
USIG,2011-04-01,dividend,0.00367421
USIG,2011-05-02,dividend,0.00366502
USIG,2011-06-01,dividend,0.00358018
USIG,2011-07-01,dividend,0.00365554
USIG,2011-08-01,dividend,0.00357386
USIG,2011-09-01,dividend,0.00351523
USIG,2011-10-03,dividend,0.00357622
USIG,2011-11-01,dividend,0.00338136
USIG,2011-12-01,dividend,0.00296396
USIG,2011-12-27,dividend,0.00307841
USIG,2012-02-01,dividend,0.00301495
USIG,2012-03-01,dividend,0.00315577
USIG,2012-04-02,dividend,0.00310843
USIG,2012-05-01,dividend,0.00297933
USIG,2012-06-01,dividend,0.00294905
USIG,2012-07-02,dividend,0.00297304
USIG,2012-08-01,dividend,0.00282922
USIG,2012-09-04,dividend,0.00286457
USIG,2012-10-01,dividend,0.00284338
USIG,2012-12-03,dividend,0.00282238
USIG,2012-12-26,dividend,0.00318106
USIG,2013-02-01,dividend,0.00276860
USIG,2013-03-01,dividend,0.00271220
USIG,2013-04-01,dividend,0.00271679
USIG,2013-05-01,dividend,0.00272666
USIG,2013-06-03,dividend,0.00275981
USIG,2013-07-01,dividend,0.00288405
USIG,2013-08-01,dividend,0.00284297
USIG,2013-09-03,dividend,0.00305470
USIG,2013-10-01,dividend,0.00280767
USIG,2013-11-01,dividend,0.00296187
USIG,2013-12-02,dividend,0.00297481
USIG,2013-12-26,dividend,0.00334730
USIG,2014-02-03,dividend,0.00273927
USIG,2014-03-03,dividend,0.00265926
USIG,2014-04-01,dividend,0.00279291
USIG,2014-05-01,dividend,0.00278577
USIG,2014-06-02,dividend,0.00275551
USIG,2014-07-01,dividend,0.00270832
USIG,2014-08-01,dividend,0.00274428
USIG,2014-09-02,dividend,0.00270277
USIG,2014-10-01,dividend,0.00274912
USIG,2014-11-03,dividend,0.00274923
USIG,2014-12-01,dividend,0.00276929
USIG,2014-12-24,dividend,0.00344026
USIG,2015-02-02,dividend,0.00235582
USIG,2015-03-02,dividend,0.00216728
USIG,2015-04-01,dividend,0.00237841
USIG,2015-05-01,dividend,0.00258495
USIG,2015-06-01,dividend,0.00261315
USIG,2015-07-01,dividend,0.00267824
USIG,2015-08-03,dividend,0.00263561
USIG,2015-09-01,dividend,0.00272566
USIG,2015-10-01,dividend,0.00274586
USIG,2015-11-02,dividend,0.00267133
USIG,2015-12-01,dividend,0.00267057
USIG,2015-12-24,dividend,0.00327685
USIG,2016-02-01,dividend,0.00254081
USIG,2016-03-01,dividend,0.00274815
USIG,2016-04-01,dividend,0.00268170
USIG,2016-05-02,dividend,0.00260124
USIG,2016-06-01,dividend,0.00261276
USIG,2016-07-01,dividend,0.00254727
USIG,2016-08-01,dividend,0.00253507
USIG,2016-09-01,dividend,0.00252539
USIG,2016-10-03,dividend,0.00256345
USIG,2016-11-01,dividend,0.00248166
USIG,2016-12-01,dividend,0.00260597
USIG,2016-12-22,dividend,0.00247114
USIG,2017-02-01,dividend,0.00259688
USIG,2017-03-01,dividend,0.00262940
USIG,2017-04-03,dividend,0.00256319
USIG,2017-05-01,dividend,0.00257163
USIG,2017-06-01,dividend,0.00250627
USIG,2017-07-03,dividend,0.00255846
USIG,2017-08-01,dividend,0.00253830
USIG,2017-09-01,dividend,0.00253367
USIG,2017-10-02,dividend,0.00256380
USIG,2017-11-01,dividend,0.00255136
USIG,2017-12-01,dividend,0.00256885
USIG,2017-12-21,dividend,0.00234820
USIG,2018-02-01,dividend,0.00246575
USIG,2018-03-01,dividend,0.00268008
USIG,2018-04-02,dividend,0.00266838
USIG,2018-05-01,dividend,0.00268351
USIG,2018-06-01,dividend,0.00278163
USIG,2018-07-02,dividend,0.00285514
USIG,2018-08-01,dividend,0.00284237
USIG,2018-09-04,dividend,0.00295643
USIG,2018-10-01,dividend,0.00280531
USIG,2018-11-01,dividend,0.00302909
USIG,2018-12-03,dividend,0.00306279
USIG,2018-12-18,dividend,0.00319016
USIG,2019-02-01,dividend,0.00309013
USIG,2019-03-01,dividend,0.00315282
USIG,2019-04-01,dividend,0.00308474
USIG,2019-05-01,dividend,0.00299211
USIG,2019-06-03,dividend,0.00305152
USIG,2019-07-01,dividend,0.00297007
USIG,2019-08-01,dividend,0.00286281
USIG,2019-09-03,dividend,0.00272898
USIG,2019-10-01,dividend,0.00271842
USIG,2019-11-01,dividend,0.00273144
USIG,2019-12-02,dividend,0.00276447
USIG,2019-12-19,dividend,0.00258131
USIG,2020-02-03,dividend,0.00262432
USIG,2020-03-02,dividend,0.00262266
USIG,2020-04-01,dividend,0.00288226
USIG,2020-05-01,dividend,0.00272217
USIG,2020-06-01,dividend,0.00241648
USIG,2020-07-01,dividend,0.00245553
USIG,2020-08-03,dividend,0.00216597
USIG,2020-09-01,dividend,0.00216543
USIG,2020-10-01,dividend,0.00234177
USIG,2020-11-02,dividend,0.00232211
USIG,2020-12-01,dividend,0.00224516
USIG,2020-12-17,dividend,0.00222645
USIG,2021-02-01,dividend,0.00207914
USIG,2021-03-01,dividend,0.00203918
USIG,2021-04-01,dividend,0.00203666
USIG,2021-05-03,dividend,0.00193489
USIG,2021-06-01,dividend,0.00196464
USIG,2021-07-01,dividend,0.00196789
USIG,2021-08-02,dividend,0.00186470
USIG,2021-09-01,dividend,0.00180654
USIG,2021-10-01,dividend,0.00181694
USIG,2021-11-01,dividend,0.00174636
USIG,2021-12-01,dividend,0.00185157
USIG,2021-12-16,dividend,0.00208943
USIG,2022-02-01,dividend,0.00193477
USIG,2022-03-01,dividend,0.00208069
USIG,2022-04-01,dividend,0.00198431
USIG,2022-05-02,dividend,0.00227176
USIG,2022-06-01,dividend,0.00239662
USIG,2022-07-01,dividend,0.00253732
USIG,2022-08-01,dividend,0.00247997
USIG,2022-09-01,dividend,0.00265105
USIG,2022-10-03,dividend,0.00296401
USIG,2022-11-01,dividend,0.00295983
USIG,2022-12-01,dividend,0.00269260
USIG,2022-12-15,dividend,0.00301002
USIG,2023-02-01,dividend,0.00301452
USIG,2023-03-01,dividend,0.00312462
USIG,2023-04-03,dividend,0.00312859
USIG,2023-05-01,dividend,0.00329239
USIG,2023-06-01,dividend,0.00335119
USIG,2023-07-03,dividend,0.00336525
USIG,2023-08-01,dividend,0.00338671
USIG,2023-09-01,dividend,0.00356824
USIG,2023-10-02,dividend,0.00350716
USIG,2023-11-01,dividend,0.00379839
USIG,2023-12-01,dividend,0.00360091
USIG,2023-12-14,dividend,0.00359485
USIG,2024-02-01,dividend,0.00346970
USIG,2024-03-01,dividend,0.00366929
USIG,2024-04-01,dividend,0.00365721
USIG,2024-05-01,dividend,0.00376207
USIG,2024-06-03,dividend,0.00376211
USIG,2024-07-01,dividend,0.00373828
USIG,2024-08-01,dividend,0.00376190
USIG,2024-09-03,dividend,0.00369518
USIG,2024-10-01,dividend,0.00368412
USIG,2024-11-01,dividend,0.00375179
USIG,2024-12-02,dividend,0.00377021
USIG,2024-12-18,dividend,0.00391493
USIG,2025-02-03,dividend,0.00387020
USIG,2025-03-03,dividend,0.00382558
USIG,2025-04-01,dividend,0.00383217
USIG,2025-05-01,dividend,0.00381295
USIG,2025-06-02,dividend,0.00389767
USIG,2025-07-01,dividend,0.00388361
USIG,2025-08-01,dividend,0.00391466
USIG,2025-09-02,dividend,0.00390678
USIG,2025-10-01,dividend,0.00394117
USIG,2025-11-03,dividend,0.00388776
USIG,2025-12-01,dividend,0.00387359
USIG,2025-12-19,dividend,0.00397653
USIG,2026-02-02,dividend,0.00374763
USIG,2026-03-02,dividend,0.00389135
USIG,2026-04-01,dividend,0.00389959
USIG,2026-05-01,dividend,0.00399640
USIG,2026-06-01,dividend,0.00404431
USIG,2026-07-01,dividend,0.00395396
USIG,2026-08-03,dividend,0.00411063
USIG,2026-09-01,dividend,0.00407381
VCIT,2009-12-24,dividend,0.00545181
VCIT,2010-01-29,dividend,0.00272256
VCIT,2010-02-26,dividend,0.00295413
VCIT,2010-03-31,dividend,0.00377319
VCIT,2010-04-30,dividend,0.00334014
VCIT,2010-05-28,dividend,0.00405388
VCIT,2010-06-30,dividend,0.00343097
VCIT,2010-07-30,dividend,0.00367860
VCIT,2010-08-31,dividend,0.00338790
VCIT,2010-09-30,dividend,0.00322040
VCIT,2010-10-29,dividend,0.00326234
VCIT,2010-11-30,dividend,0.00340916
VCIT,2010-12-27,dividend,0.00849706
VCIT,2011-01-31,dividend,0.00344493
VCIT,2011-02-28,dividend,0.00300194
VCIT,2011-03-31,dividend,0.00376824
VCIT,2011-04-29,dividend,0.00328516
VCIT,2011-05-31,dividend,0.00315683
VCIT,2011-06-30,dividend,0.00331076
VCIT,2011-07-29,dividend,0.00330503
VCIT,2011-08-31,dividend,0.00316687
VCIT,2011-09-30,dividend,0.00315496
VCIT,2011-10-31,dividend,0.00325836
VCIT,2011-11-30,dividend,0.00323262
VCIT,2011-12-23,dividend,0.00401066
VCIT,2012-01-31,dividend,0.00276592
VCIT,2012-02-29,dividend,0.00270363
VCIT,2012-03-30,dividend,0.00285307
VCIT,2012-04-30,dividend,0.00293941
VCIT,2012-05-31,dividend,0.00286059
VCIT,2012-06-29,dividend,0.00284278
VCIT,2012-07-31,dividend,0.00282535
VCIT,2012-08-31,dividend,0.00273221
VCIT,2012-09-28,dividend,0.00270972
VCIT,2012-11-02,dividend,0.00258491
VCIT,2012-11-30,dividend,0.00260034
VCIT,2012-12-24,dividend,0.00752737
VCIT,2013-01-31,dividend,0.00254523
VCIT,2013-02-28,dividend,0.00305382
VCIT,2013-03-28,dividend,0.00266417
VCIT,2013-04-30,dividend,0.00255766
VCIT,2013-05-31,dividend,0.00245291
VCIT,2013-06-28,dividend,0.00263440
VCIT,2013-07-31,dividend,0.00270096
VCIT,2013-08-30,dividend,0.00269953
VCIT,2013-09-30,dividend,0.00266609
VCIT,2013-10-31,dividend,0.00264415
VCIT,2013-11-29,dividend,0.00266775
VCIT,2013-12-24,dividend,0.00983171
VCIT,2014-02-03,dividend,0.00264981
VCIT,2014-03-03,dividend,0.00263604
VCIT,2014-04-01,dividend,0.00270203
VCIT,2014-05-01,dividend,0.00265674
VCIT,2014-06-02,dividend,0.00270752
VCIT,2014-07-01,dividend,0.00264097
VCIT,2014-08-01,dividend,0.00266617
VCIT,2014-09-02,dividend,0.00261151
VCIT,2014-10-01,dividend,0.00270052
VCIT,2014-11-03,dividend,0.00261895
VCIT,2014-12-01,dividend,0.00269940
VCIT,2014-12-23,dividend,0.00427499
VCIT,2015-02-02,dividend,0.00241846
VCIT,2015-03-02,dividend,0.00262071
VCIT,2015-04-01,dividend,0.00265240
VCIT,2015-05-01,dividend,0.00258955
VCIT,2015-06-01,dividend,0.00273199
VCIT,2015-07-01,dividend,0.00272723
VCIT,2015-08-03,dividend,0.00269377
VCIT,2015-09-01,dividend,0.00285782
VCIT,2015-10-01,dividend,0.00278192
VCIT,2015-12-01,dividend,0.00277797
VCIT,2015-12-23,dividend,0.00321352
VCIT,2016-02-01,dividend,0.00247980
VCIT,2016-03-01,dividend,0.00284880
VCIT,2016-04-01,dividend,0.00257188
VCIT,2016-05-02,dividend,0.00267961
VCIT,2016-06-01,dividend,0.00271998
VCIT,2016-07-01,dividend,0.00268024
VCIT,2016-08-01,dividend,0.00262736
VCIT,2016-09-01,dividend,0.00265062
VCIT,2016-10-03,dividend,0.00260781
VCIT,2016-11-01,dividend,0.00264928
VCIT,2016-12-01,dividend,0.00272652
VCIT,2016-12-22,dividend,0.00306026
VCIT,2017-02-01,dividend,0.00231905
VCIT,2017-03-01,dividend,0.00270877
VCIT,2017-04-03,dividend,0.00266976
VCIT,2017-05-01,dividend,0.00277302
VCIT,2017-06-01,dividend,0.00269456
VCIT,2017-07-03,dividend,0.00268054
VCIT,2017-08-01,dividend,0.00266224
VCIT,2017-09-01,dividend,0.00266033
VCIT,2017-10-02,dividend,0.00270015
VCIT,2017-11-01,dividend,0.00270199
VCIT,2017-12-01,dividend,0.00272773
VCIT,2017-12-26,dividend,0.00292135
VCIT,2018-02-01,dividend,0.00262321
VCIT,2018-03-01,dividend,0.00256431
VCIT,2018-04-02,dividend,0.00319262
VCIT,2018-05-01,dividend,0.00284060
VCIT,2018-06-01,dividend,0.00304787
VCIT,2018-07-02,dividend,0.00288184
VCIT,2018-08-01,dividend,0.00307111
VCIT,2018-09-04,dividend,0.00295513
VCIT,2018-10-01,dividend,0.00297783
VCIT,2018-11-01,dividend,0.00322051
VCIT,2018-12-03,dividend,0.00306625
VCIT,2018-12-24,dividend,0.00333718
VCIT,2019-02-01,dividend,0.00281438
VCIT,2019-03-01,dividend,0.00273559
VCIT,2019-04-01,dividend,0.00327998
VCIT,2019-05-01,dividend,0.00290530
VCIT,2019-06-03,dividend,0.00308660
VCIT,2019-07-01,dividend,0.00291330
VCIT,2019-08-01,dividend,0.00305954
VCIT,2019-09-03,dividend,0.00284844
VCIT,2019-10-01,dividend,0.00270348
VCIT,2019-11-01,dividend,0.00282455
VCIT,2019-12-02,dividend,0.00265531
VCIT,2019-12-23,dividend,0.00280051
VCIT,2020-02-03,dividend,0.00250250
VCIT,2020-03-02,dividend,0.00223523
VCIT,2020-04-01,dividend,0.00293660
VCIT,2020-05-01,dividend,0.00239213
VCIT,2020-06-01,dividend,0.00243189
VCIT,2020-07-01,dividend,0.00203271
VCIT,2020-08-03,dividend,0.00215272
VCIT,2020-09-01,dividend,0.00204797
VCIT,2020-10-01,dividend,0.00203964
VCIT,2020-11-02,dividend,0.00211004
VCIT,2020-12-01,dividend,0.00184553
VCIT,2020-12-23,dividend,0.00401440
VCIT,2021-02-01,dividend,0.00187285
VCIT,2021-03-01,dividend,0.00172638
VCIT,2021-04-01,dividend,0.00190624
VCIT,2021-05-03,dividend,0.00177248
VCIT,2021-06-01,dividend,0.00186141
VCIT,2021-07-01,dividend,0.00179136
VCIT,2021-08-02,dividend,0.00186631
VCIT,2021-09-01,dividend,0.00183429
VCIT,2021-10-01,dividend,0.00183580
VCIT,2021-11-01,dividend,0.00184598
VCIT,2021-12-01,dividend,0.00179121
VCIT,2021-12-23,dividend,0.00828030
VCIT,2022-02-01,dividend,0.00194940
VCIT,2022-03-01,dividend,0.00179032
VCIT,2022-04-01,dividend,0.00210811
VCIT,2022-05-02,dividend,0.00228546
VCIT,2022-06-01,dividend,0.00233412
VCIT,2022-07-01,dividend,0.00235495
VCIT,2022-08-01,dividend,0.00238029
VCIT,2022-09-01,dividend,0.00260630
VCIT,2022-10-03,dividend,0.00279585
VCIT,2022-11-01,dividend,0.00278849
VCIT,2022-12-01,dividend,0.00276916
VCIT,2022-12-23,dividend,0.00293218
VCIT,2023-02-01,dividend,0.00292971
VCIT,2023-03-01,dividend,0.00273966
VCIT,2023-04-03,dividend,0.00312617
VCIT,2023-05-01,dividend,0.00290100
VCIT,2023-06-01,dividend,0.00317645
VCIT,2023-07-03,dividend,0.00314793
VCIT,2023-08-01,dividend,0.00328509
VCIT,2023-09-01,dividend,0.00330634
VCIT,2023-10-02,dividend,0.00348671
VCIT,2023-11-01,dividend,0.00370745
VCIT,2023-12-01,dividend,0.00333210
VCIT,2023-12-22,dividend,0.00339821
VCIT,2024-02-01,dividend,0.00347089
VCIT,2024-03-01,dividend,0.00343323
VCIT,2024-04-01,dividend,0.00366510
VCIT,2024-05-01,dividend,0.00374033
VCIT,2024-06-03,dividend,0.00376807
VCIT,2024-07-01,dividend,0.00362878
VCIT,2024-08-01,dividend,0.00369829
VCIT,2024-09-03,dividend,0.00365118
VCIT,2024-10-01,dividend,0.00355889
VCIT,2024-11-01,dividend,0.00391102
VCIT,2024-12-02,dividend,0.00365209
VCIT,2024-12-24,dividend,0.00389523
VCIT,2025-02-03,dividend,0.00388883
VCIT,2025-03-03,dividend,0.00351057
VCIT,2025-04-01,dividend,0.00391695
VCIT,2025-05-01,dividend,0.00386669
VCIT,2025-06-02,dividend,0.00402988
VCIT,2025-07-01,dividend,0.00388625
VCIT,2025-08-01,dividend,0.00414142
VCIT,2025-09-02,dividend,0.00394743
VCIT,2025-10-01,dividend,0.00389096
VCIT,2025-11-03,dividend,0.00398968
VCIT,2025-12-01,dividend,0.00382296
VCIT,2025-12-18,dividend,0.00402183
VCIT,2026-02-02,dividend,0.00394642
VCIT,2026-03-02,dividend,0.00358932
VCIT,2026-04-01,dividend,0.00417445
VCIT,2026-05-01,dividend,0.00395037
VCIT,2026-06-01,dividend,0.00413288
VCIT,2026-07-01,dividend,0.00403314
VCIT,2026-08-03,dividend,0.00422650
VCIT,2026-09-01,dividend,0.00421053
VCSH,2009-12-24,dividend,0.00223749
VCSH,2010-01-29,dividend,0.00167275
VCSH,2010-02-26,dividend,0.00167077
VCSH,2010-03-31,dividend,0.00224619
VCSH,2010-04-30,dividend,0.00172666
VCSH,2010-05-28,dividend,0.00209483
VCSH,2010-06-30,dividend,0.00185166
VCSH,2010-07-30,dividend,0.00208013
VCSH,2010-08-31,dividend,0.00195102
VCSH,2010-09-30,dividend,0.00196840
VCSH,2010-10-29,dividend,0.00198817
VCSH,2010-11-30,dividend,0.00190055
VCSH,2010-12-27,dividend,0.00292655
VCSH,2011-01-31,dividend,0.00185314
VCSH,2011-02-28,dividend,0.00173868
VCSH,2011-03-31,dividend,0.00215281
VCSH,2011-04-29,dividend,0.00180286
VCSH,2011-05-31,dividend,0.00196138
VCSH,2011-06-30,dividend,0.00190316
VCSH,2011-07-29,dividend,0.00199992
VCSH,2011-08-31,dividend,0.00187684
VCSH,2011-09-30,dividend,0.00192107
VCSH,2011-10-31,dividend,0.00196287
VCSH,2011-11-30,dividend,0.00193203
VCSH,2011-12-23,dividend,0.00319456
VCSH,2012-01-31,dividend,0.00185576
VCSH,2012-02-29,dividend,0.00180562
VCSH,2012-03-30,dividend,0.00193482
VCSH,2012-04-30,dividend,0.00181965
VCSH,2012-05-31,dividend,0.00192776
VCSH,2012-06-29,dividend,0.00187242
VCSH,2012-07-31,dividend,0.00189582
VCSH,2012-08-31,dividend,0.00181329
VCSH,2012-09-28,dividend,0.00173099
VCSH,2012-11-02,dividend,0.00168789
VCSH,2012-11-30,dividend,0.00164163
VCSH,2012-12-24,dividend,0.00310858
VCSH,2013-01-31,dividend,0.00159916
VCSH,2013-02-28,dividend,0.00150518
VCSH,2013-03-28,dividend,0.00169335
VCSH,2013-04-30,dividend,0.00142777
VCSH,2013-05-31,dividend,0.00152390
VCSH,2013-06-28,dividend,0.00150555
VCSH,2013-07-31,dividend,0.00153463
VCSH,2013-08-30,dividend,0.00145101
VCSH,2013-09-30,dividend,0.00150735
VCSH,2013-10-31,dividend,0.00152332
VCSH,2013-11-29,dividend,0.00148470
VCSH,2013-12-24,dividend,0.00374174
VCSH,2014-02-03,dividend,0.00143687
VCSH,2014-03-03,dividend,0.00148340
VCSH,2014-04-01,dividend,0.00160297
VCSH,2014-05-01,dividend,0.00147367
VCSH,2014-06-02,dividend,0.00151802
VCSH,2014-07-01,dividend,0.00148285
VCSH,2014-08-01,dividend,0.00151252
VCSH,2014-09-02,dividend,0.00142276
VCSH,2014-10-01,dividend,0.00152982
VCSH,2014-11-03,dividend,0.00156240
VCSH,2014-12-01,dividend,0.00147386
VCSH,2014-12-23,dividend,0.00348853
VCSH,2015-02-02,dividend,0.00144541
VCSH,2015-03-02,dividend,0.00155066
VCSH,2015-04-01,dividend,0.00167341
VCSH,2015-05-01,dividend,0.00154988
VCSH,2015-06-01,dividend,0.00160096
VCSH,2015-07-01,dividend,0.00161104
VCSH,2015-08-03,dividend,0.00164534
VCSH,2015-09-01,dividend,0.00161551
VCSH,2015-10-01,dividend,0.00165875
VCSH,2015-12-01,dividend,0.00167492
VCSH,2015-12-23,dividend,0.00291767
VCSH,2016-02-01,dividend,0.00140437
VCSH,2016-03-01,dividend,0.00170702
VCSH,2016-04-01,dividend,0.00175241
VCSH,2016-05-02,dividend,0.00171137
VCSH,2016-06-01,dividend,0.00180325
VCSH,2016-07-01,dividend,0.00178448
VCSH,2016-08-01,dividend,0.00177009
VCSH,2016-09-01,dividend,0.00173762
VCSH,2016-10-03,dividend,0.00174108
VCSH,2016-11-01,dividend,0.00170859
VCSH,2016-12-01,dividend,0.00171535
VCSH,2016-12-22,dividend,0.00204939
VCSH,2017-02-01,dividend,0.00149684
VCSH,2017-03-01,dividend,0.00175791
VCSH,2017-04-03,dividend,0.00188466
VCSH,2017-05-01,dividend,0.00184273
VCSH,2017-06-01,dividend,0.00187500
VCSH,2017-07-03,dividend,0.00186504
VCSH,2017-08-01,dividend,0.00188540
VCSH,2017-09-01,dividend,0.00188235
VCSH,2017-10-02,dividend,0.00190052
VCSH,2017-11-01,dividend,0.00191521
VCSH,2017-12-01,dividend,0.00192509
VCSH,2017-12-26,dividend,0.00218525
VCSH,2018-02-01,dividend,0.00181272
VCSH,2018-03-01,dividend,0.00181312
VCSH,2018-04-02,dividend,0.00233875
VCSH,2018-05-01,dividend,0.00202559
VCSH,2018-06-01,dividend,0.00222746
VCSH,2018-07-02,dividend,0.00211715
VCSH,2018-08-01,dividend,0.00230828
VCSH,2018-09-04,dividend,0.00222432
VCSH,2018-10-01,dividend,0.00223117
VCSH,2018-11-01,dividend,0.00244404
VCSH,2018-12-03,dividend,0.00229671
VCSH,2018-12-24,dividend,0.00263954
VCSH,2019-02-01,dividend,0.00214437
VCSH,2019-03-01,dividend,0.00220711
VCSH,2019-04-01,dividend,0.00270287
VCSH,2019-05-01,dividend,0.00240134
VCSH,2019-06-03,dividend,0.00259032
VCSH,2019-07-01,dividend,0.00238545
VCSH,2019-08-01,dividend,0.00257517
VCSH,2019-09-03,dividend,0.00241725
VCSH,2019-10-01,dividend,0.00233734
VCSH,2019-11-01,dividend,0.00246700
VCSH,2019-12-02,dividend,0.00226214
VCSH,2019-12-23,dividend,0.00251185
VCSH,2020-02-03,dividend,0.00227986
VCSH,2020-03-02,dividend,0.00197686
VCSH,2020-04-01,dividend,0.00256027
VCSH,2020-05-01,dividend,0.00208871
VCSH,2020-06-01,dividend,0.00212413
VCSH,2020-07-01,dividend,0.00184225
VCSH,2020-08-03,dividend,0.00190495
VCSH,2020-09-01,dividend,0.00173607
VCSH,2020-10-01,dividend,0.00170477
VCSH,2020-11-02,dividend,0.00169409
VCSH,2020-12-01,dividend,0.00155345
VCSH,2020-12-23,dividend,0.00157757
VCSH,2021-02-01,dividend,0.00150630
VCSH,2021-03-01,dividend,0.00131880
VCSH,2021-04-01,dividend,0.00140804
VCSH,2021-05-03,dividend,0.00129504
VCSH,2021-06-01,dividend,0.00132931
VCSH,2021-07-01,dividend,0.00124687
VCSH,2021-08-02,dividend,0.00130495
VCSH,2021-09-01,dividend,0.00128339
VCSH,2021-10-01,dividend,0.00131224
VCSH,2021-11-01,dividend,0.00123504
VCSH,2021-12-01,dividend,0.00121545
VCSH,2021-12-23,dividend,0.00347128
VCSH,2022-02-01,dividend,0.00123455
VCSH,2022-03-01,dividend,0.00115668
VCSH,2022-04-01,dividend,0.00135925
VCSH,2022-05-02,dividend,0.00140823
VCSH,2022-06-01,dividend,0.00150096
VCSH,2022-07-01,dividend,0.00154974
VCSH,2022-08-01,dividend,0.00164374
VCSH,2022-09-01,dividend,0.00179150
VCSH,2022-10-03,dividend,0.00194238
VCSH,2022-11-01,dividend,0.00200428
VCSH,2022-12-01,dividend,0.00199071
VCSH,2022-12-23,dividend,0.00223957
VCSH,2023-02-01,dividend,0.00225402
VCSH,2023-03-01,dividend,0.00218329
VCSH,2023-04-03,dividend,0.00251187
VCSH,2023-05-01,dividend,0.00239978
VCSH,2023-06-01,dividend,0.00257409
VCSH,2023-07-03,dividend,0.00254412
VCSH,2023-08-01,dividend,0.00261448
VCSH,2023-09-01,dividend,0.00277815
VCSH,2023-10-02,dividend,0.00286915
VCSH,2023-11-01,dividend,0.00304155
VCSH,2023-12-01,dividend,0.00283450
VCSH,2023-12-22,dividend,0.00299498
VCSH,2024-02-01,dividend,0.00302380
VCSH,2024-03-01,dividend,0.00298173
VCSH,2024-04-01,dividend,0.00321819
VCSH,2024-05-01,dividend,0.00326254
VCSH,2024-06-03,dividend,0.00335623
VCSH,2024-07-01,dividend,0.00332364
VCSH,2024-08-01,dividend,0.00342470
VCSH,2024-09-03,dividend,0.00334406
VCSH,2024-10-01,dividend,0.00329716
VCSH,2024-11-01,dividend,0.00350626
VCSH,2024-12-02,dividend,0.00348316
VCSH,2024-12-24,dividend,0.00359990
VCSH,2025-02-03,dividend,0.00359386
VCSH,2025-03-03,dividend,0.00329429
VCSH,2025-04-01,dividend,0.00367446
VCSH,2025-05-01,dividend,0.00357424
VCSH,2025-06-02,dividend,0.00376937
VCSH,2025-07-01,dividend,0.00366115
VCSH,2025-08-01,dividend,0.00376030
VCSH,2025-09-02,dividend,0.00364413
VCSH,2025-10-01,dividend,0.00364139
VCSH,2025-11-03,dividend,0.00373102
VCSH,2025-12-01,dividend,0.00364803
VCSH,2025-12-18,dividend,0.00378478
VCSH,2026-02-02,dividend,0.00372400
VCSH,2026-03-02,dividend,0.00337796
VCSH,2026-04-01,dividend,0.00376078
VCSH,2026-05-01,dividend,0.00368452
VCSH,2026-06-01,dividend,0.00376459
VCSH,2026-07-01,dividend,0.00365751
VCSH,2026-08-03,dividend,0.00381762
VCSH,2026-09-01,dividend,0.00387334
VDC,2004-12-22,dividend,0.02019717
VDC,2005-12-22,dividend,0.01236653
VDC,2006-12-18,dividend,0.01506119
VDC,2007-12-14,dividend,0.01607913
VDC,2008-12-22,dividend,0.02080267
VDC,2009-12-22,dividend,0.02652949
VDC,2010-12-22,dividend,0.02601551
VDC,2011-12-21,dividend,0.02354960
VDC,2012-12-20,dividend,0.02910942
VDC,2013-12-20,dividend,0.02239398
VDC,2014-12-18,dividend,0.01966912
VDC,2015-09-23,dividend,0.01977322
VDC,2015-12-23,dividend,0.00695036
VDC,2016-03-21,dividend,0.00471846
VDC,2016-06-21,dividend,0.00555527
VDC,2016-09-20,dividend,0.00623035
VDC,2016-12-14,dividend,0.00718677
VDC,2017-03-24,dividend,0.00591296
VDC,2017-06-28,dividend,0.00731812
VDC,2017-09-27,dividend,0.00552811
VDC,2017-12-14,dividend,0.00715746
VDC,2018-03-16,dividend,0.00390062
VDC,2018-06-28,dividend,0.00929328
VDC,2018-09-24,dividend,0.00574813
VDC,2018-12-13,dividend,0.00740657
VDC,2019-03-21,dividend,0.00528988
VDC,2019-06-21,dividend,0.00690113
VDC,2019-09-26,dividend,0.00702064
VDC,2019-12-16,dividend,0.00668185
VDC,2020-03-10,dividend,0.00416998
VDC,2020-06-22,dividend,0.00857384
VDC,2020-09-11,dividend,0.00533312
VDC,2020-12-17,dividend,0.00914017
VDC,2021-03-26,dividend,0.00546822
VDC,2021-06-21,dividend,0.00573633
VDC,2021-09-29,dividend,0.00576383
VDC,2021-12-16,dividend,0.00643046
VDC,2022-03-24,dividend,0.00386181
VDC,2022-06-23,dividend,0.00670917
VDC,2022-09-28,dividend,0.00655631
VDC,2022-12-15,dividend,0.00737339
VDC,2023-03-24,dividend,0.00453424
VDC,2023-06-29,dividend,0.00721552
VDC,2023-09-28,dividend,0.00563462
VDC,2023-12-19,dividend,0.00947306
VDC,2024-03-22,dividend,0.00424300
VDC,2024-06-28,dividend,0.00755470
VDC,2024-09-27,dividend,0.00604655
VDC,2024-12-18,dividend,0.00551764
VDC,2025-03-25,dividend,0.00547109
VDC,2025-06-26,dividend,0.00571949
VDC,2025-09-24,dividend,0.00528606
VDC,2025-12-17,dividend,0.00573320
VDC,2026-03-24,dividend,0.00550124
VDC,2026-06-24,dividend,0.00538079
VDC,2026-09-23,dividend,0.00540772
VGIT,2009-12-24,dividend,0.00270270
VGIT,2010-01-29,dividend,0.00129037
VGIT,2010-02-26,dividend,0.00148529
VGIT,2010-03-31,dividend,0.00124525
VGIT,2010-04-30,dividend,0.00175395
VGIT,2010-05-28,dividend,0.00201161
VGIT,2010-06-30,dividend,0.00170791
VGIT,2010-07-30,dividend,0.00187641
VGIT,2010-08-31,dividend,0.00173201
VGIT,2010-09-30,dividend,0.00169486
VGIT,2010-10-29,dividend,0.00174120
VGIT,2010-11-30,dividend,0.00174354
VGIT,2010-12-27,dividend,0.01199894
VGIT,2011-01-31,dividend,0.00179387
VGIT,2011-02-28,dividend,0.00166176
VGIT,2011-03-31,dividend,0.00186109
VGIT,2011-04-29,dividend,0.00177898
VGIT,2011-05-31,dividend,0.00174705
VGIT,2011-06-30,dividend,0.00171521
VGIT,2011-07-29,dividend,0.00171641
VGIT,2011-08-31,dividend,0.00162841
VGIT,2011-09-30,dividend,0.00154697
VGIT,2011-10-31,dividend,0.00153868
VGIT,2011-11-30,dividend,0.00154602
VGIT,2011-12-23,dividend,0.00346127
VGIT,2012-01-31,dividend,0.00141129
VGIT,2012-02-29,dividend,0.00137258
VGIT,2012-03-30,dividend,0.00127856
VGIT,2012-04-30,dividend,0.00137195
VGIT,2012-05-31,dividend,0.00131315
VGIT,2012-06-29,dividend,0.00126724
VGIT,2012-07-31,dividend,0.00120138
VGIT,2012-08-31,dividend,0.00126552
VGIT,2012-09-28,dividend,0.00118920
VGIT,2012-11-02,dividend,0.00116414
VGIT,2012-11-30,dividend,0.00115819
VGIT,2012-12-24,dividend,0.01160001
VGIT,2013-01-31,dividend,0.00109249
VGIT,2013-02-28,dividend,0.00107181
VGIT,2013-03-28,dividend,0.00097776
VGIT,2013-04-30,dividend,0.00104798
VGIT,2013-05-31,dividend,0.00101924
VGIT,2013-06-28,dividend,0.00113140
VGIT,2013-07-31,dividend,0.00106932
VGIT,2013-08-30,dividend,0.00109383
VGIT,2013-09-30,dividend,0.00103588
VGIT,2013-10-31,dividend,0.00110853
VGIT,2013-11-29,dividend,0.00115849
VGIT,2013-12-24,dividend,0.00418277
VGIT,2014-02-03,dividend,0.00124153
VGIT,2014-03-03,dividend,0.00127081
VGIT,2014-04-01,dividend,0.00109124
VGIT,2014-05-01,dividend,0.00127541
VGIT,2014-06-02,dividend,0.00126387
VGIT,2014-07-01,dividend,0.00132989
VGIT,2014-08-01,dividend,0.00129097
VGIT,2014-09-02,dividend,0.00123128
VGIT,2014-10-01,dividend,0.00131939
VGIT,2014-11-03,dividend,0.00132265
VGIT,2014-12-01,dividend,0.00143880
VGIT,2014-12-23,dividend,0.00150755
VGIT,2015-02-02,dividend,0.00128778
VGIT,2015-03-02,dividend,0.00137111
VGIT,2015-04-01,dividend,0.00125501
VGIT,2015-05-01,dividend,0.00131995
VGIT,2015-06-01,dividend,0.00132279
VGIT,2015-07-01,dividend,0.00141328
VGIT,2015-08-03,dividend,0.00132565
VGIT,2015-09-01,dividend,0.00131305
VGIT,2015-10-01,dividend,0.00140613
VGIT,2015-12-01,dividend,0.00136261
VGIT,2015-12-23,dividend,0.00211036
VGIT,2016-02-01,dividend,0.00114077
VGIT,2016-03-01,dividend,0.00133027
VGIT,2016-04-01,dividend,0.00117786
VGIT,2016-05-02,dividend,0.00130256
VGIT,2016-06-01,dividend,0.00127609
VGIT,2016-07-01,dividend,0.00125175
VGIT,2016-08-01,dividend,0.00125268
VGIT,2016-09-01,dividend,0.00123331
VGIT,2016-10-03,dividend,0.00127446
VGIT,2016-11-01,dividend,0.00119695
VGIT,2016-12-01,dividend,0.00124572
VGIT,2016-12-22,dividend,0.00276582
VGIT,2017-02-01,dividend,0.00112363
VGIT,2017-03-01,dividend,0.00135360
VGIT,2017-04-03,dividend,0.00124552
VGIT,2017-05-01,dividend,0.00137662
VGIT,2017-06-01,dividend,0.00132401
VGIT,2017-07-03,dividend,0.00139405
VGIT,2017-08-01,dividend,0.00132831
VGIT,2017-09-01,dividend,0.00137952
VGIT,2017-10-02,dividend,0.00154895
VGIT,2017-11-01,dividend,0.00139860
VGIT,2017-12-01,dividend,0.00148380
VGIT,2017-12-26,dividend,0.00164796
VGIT,2018-02-01,dividend,0.00143039
VGIT,2018-03-01,dividend,0.00145509
VGIT,2018-04-02,dividend,0.00165405
VGIT,2018-05-01,dividend,0.00162330
VGIT,2018-06-01,dividend,0.00166118
VGIT,2018-07-02,dividend,0.00159872
VGIT,2018-08-01,dividend,0.00176735
VGIT,2018-09-04,dividend,0.00187011
VGIT,2018-10-01,dividend,0.00190409
VGIT,2018-11-01,dividend,0.00197322
VGIT,2018-12-03,dividend,0.00189370
VGIT,2018-12-24,dividend,0.00201802
VGIT,2019-02-01,dividend,0.00194889
VGIT,2019-03-01,dividend,0.00187842
VGIT,2019-04-01,dividend,0.00198906
VGIT,2019-05-01,dividend,0.00193309
VGIT,2019-06-03,dividend,0.00200462
VGIT,2019-07-01,dividend,0.00191361
VGIT,2019-08-01,dividend,0.00188863
VGIT,2019-09-03,dividend,0.00181634
VGIT,2019-10-01,dividend,0.00177305
VGIT,2019-11-01,dividend,0.00181630
VGIT,2019-12-02,dividend,0.00175137
VGIT,2019-12-23,dividend,0.00182371
VGIT,2020-02-03,dividend,0.00172506
VGIT,2020-03-02,dividend,0.00157591
VGIT,2020-04-01,dividend,0.00151896
VGIT,2020-05-01,dividend,0.00132221
VGIT,2020-06-01,dividend,0.00134761
VGIT,2020-07-01,dividend,0.00122014
VGIT,2020-08-03,dividend,0.00120167
VGIT,2020-09-01,dividend,0.00116514
VGIT,2020-10-01,dividend,0.00107948
VGIT,2020-11-02,dividend,0.00107319
VGIT,2020-12-01,dividend,0.00100071
VGIT,2020-12-23,dividend,0.00803022
VGIT,2021-02-01,dividend,0.00098491
VGIT,2021-03-01,dividend,0.00088196
VGIT,2021-04-01,dividend,0.00098267
VGIT,2021-05-03,dividend,0.00091787
VGIT,2021-06-01,dividend,0.00094540
VGIT,2021-07-01,dividend,0.00090038
VGIT,2021-08-02,dividend,0.00097834
VGIT,2021-09-01,dividend,0.00095287
VGIT,2021-10-01,dividend,0.00090385
VGIT,2021-11-01,dividend,0.00091128
VGIT,2021-12-01,dividend,0.00090802
VGIT,2021-12-23,dividend,0.00643844
VGIT,2022-02-01,dividend,0.00096394
VGIT,2022-03-01,dividend,0.00090768
VGIT,2022-04-01,dividend,0.00108208
VGIT,2022-05-02,dividend,0.00106166
VGIT,2022-06-01,dividend,0.00118589
VGIT,2022-07-01,dividend,0.00129336
VGIT,2022-08-01,dividend,0.00141566
VGIT,2022-09-01,dividend,0.00150890
VGIT,2022-10-03,dividend,0.00166629
VGIT,2022-11-01,dividend,0.00183760
VGIT,2022-12-01,dividend,0.00186346
VGIT,2022-12-23,dividend,0.00201657
VGIT,2023-02-01,dividend,0.00204191
VGIT,2023-03-01,dividend,0.00197679
VGIT,2023-04-03,dividend,0.00208908
VGIT,2023-05-01,dividend,0.00202833
VGIT,2023-06-01,dividend,0.00217241
VGIT,2023-07-03,dividend,0.00218684
VGIT,2023-08-01,dividend,0.00219358
VGIT,2023-09-01,dividend,0.00232258
VGIT,2023-10-02,dividend,0.00242054
VGIT,2023-11-01,dividend,0.00264320
VGIT,2023-12-01,dividend,0.00272592
VGIT,2023-12-22,dividend,0.00281985
VGIT,2024-02-01,dividend,0.00281557
VGIT,2024-03-01,dividend,0.00257467
VGIT,2024-04-01,dividend,0.00301504
VGIT,2024-05-01,dividend,0.00305178
VGIT,2024-06-03,dividend,0.00310489
VGIT,2024-07-01,dividend,0.00304894
VGIT,2024-08-01,dividend,0.00312315
VGIT,2024-09-03,dividend,0.00309598
VGIT,2024-10-01,dividend,0.00298805
VGIT,2024-11-01,dividend,0.00317330
VGIT,2024-12-02,dividend,0.00309271
VGIT,2024-12-24,dividend,0.00328833
VGIT,2025-02-03,dividend,0.00328523
VGIT,2025-03-03,dividend,0.00292838
VGIT,2025-04-01,dividend,0.00331059
VGIT,2025-05-01,dividend,0.00312798
VGIT,2025-06-02,dividend,0.00328279
VGIT,2025-07-01,dividend,0.00315320
VGIT,2025-08-01,dividend,0.00326195
VGIT,2025-09-02,dividend,0.00322274
VGIT,2025-10-01,dividend,0.00307456
VGIT,2025-11-03,dividend,0.00318392
VGIT,2025-12-01,dividend,0.00308591
VGIT,2025-12-18,dividend,0.00323841
VGIT,2026-02-02,dividend,0.00319885
VGIT,2026-03-02,dividend,0.00288993
VGIT,2026-04-01,dividend,0.00330222
VGIT,2026-05-01,dividend,0.00316397
VGIT,2026-06-01,dividend,0.00329394
VGIT,2026-07-01,dividend,0.00319771
VGIT,2026-08-03,dividend,0.00335311
VGIT,2026-09-01,dividend,0.00355148
VGLT,2010-01-29,dividend,0.00336804
VGLT,2010-02-26,dividend,0.00276827
VGLT,2010-03-31,dividend,0.00358045
VGLT,2010-04-30,dividend,0.00344225
VGLT,2010-05-28,dividend,0.00334448
VGLT,2010-06-30,dividend,0.00306158
VGLT,2010-07-30,dividend,0.00173841
VGLT,2010-08-31,dividend,0.00234318
VGLT,2010-09-30,dividend,0.00276114
VGLT,2010-10-29,dividend,0.00305099
VGLT,2010-11-30,dividend,0.00301527
VGLT,2010-12-27,dividend,0.00427135
VGLT,2011-01-31,dividend,0.00326841
VGLT,2011-02-28,dividend,0.00326621
VGLT,2011-03-31,dividend,0.00335576
VGLT,2011-04-29,dividend,0.00318021
VGLT,2011-05-31,dividend,0.00308268
VGLT,2011-06-30,dividend,0.00326023
VGLT,2011-07-29,dividend,0.00323258
VGLT,2011-08-31,dividend,0.00290529
VGLT,2011-09-30,dividend,0.00261089
VGLT,2011-10-31,dividend,0.00273447
VGLT,2011-11-30,dividend,0.00248305
VGLT,2011-12-23,dividend,0.00257728
VGLT,2012-01-31,dividend,0.00230182
VGLT,2012-02-29,dividend,0.00255775
VGLT,2012-03-30,dividend,0.00255482
VGLT,2012-04-30,dividend,0.00256894
VGLT,2012-05-31,dividend,0.00225716
VGLT,2012-06-29,dividend,0.00232297
VGLT,2012-07-31,dividend,0.00229995
VGLT,2012-08-31,dividend,0.00224835
VGLT,2012-09-28,dividend,0.00233888
VGLT,2012-11-02,dividend,0.00216408
VGLT,2012-11-30,dividend,0.00220762
VGLT,2012-12-24,dividend,0.00414982
VGLT,2013-01-31,dividend,0.00189529
VGLT,2013-02-28,dividend,0.00221296
VGLT,2013-03-28,dividend,0.00215737
VGLT,2013-04-30,dividend,0.00232917
VGLT,2013-05-31,dividend,0.00247300
VGLT,2013-06-28,dividend,0.00271874
VGLT,2013-07-31,dividend,0.00256151
VGLT,2013-08-30,dividend,0.00295430
VGLT,2013-09-30,dividend,0.00243767
VGLT,2013-10-31,dividend,0.00247617
VGLT,2013-11-29,dividend,0.00283952
VGLT,2013-12-24,dividend,0.00241305
VGLT,2014-02-03,dividend,0.00289196
VGLT,2014-03-03,dividend,0.00267931
VGLT,2014-04-01,dividend,0.00247615
VGLT,2014-05-01,dividend,0.00260999
VGLT,2014-06-02,dividend,0.00243535
VGLT,2014-07-01,dividend,0.00251547
VGLT,2014-08-01,dividend,0.00249496
VGLT,2014-09-02,dividend,0.00241153
VGLT,2014-10-01,dividend,0.00241044
VGLT,2014-11-03,dividend,0.00241987
VGLT,2014-12-01,dividend,0.00227459
VGLT,2014-12-23,dividend,0.00233040
VGLT,2015-02-02,dividend,0.00196836
VGLT,2015-03-02,dividend,0.00216276
VGLT,2015-03-25,dividend,0.00387005
VGLT,2015-04-01,dividend,0.00202101
VGLT,2015-05-01,dividend,0.00229169
VGLT,2015-06-01,dividend,0.00221776
VGLT,2015-07-01,dividend,0.00245606
VGLT,2015-08-03,dividend,0.00226014
VGLT,2015-09-01,dividend,0.00219897
VGLT,2015-10-01,dividend,0.00232092
VGLT,2015-12-01,dividend,0.00230707
VGLT,2015-12-23,dividend,0.00266688
VGLT,2016-02-01,dividend,0.00183730
VGLT,2016-03-01,dividend,0.00200226
VGLT,2016-04-01,dividend,0.00201874
VGLT,2016-05-02,dividend,0.00217974
VGLT,2016-06-01,dividend,0.00200776
VGLT,2016-07-01,dividend,0.00201274
VGLT,2016-08-01,dividend,0.00191743
VGLT,2016-09-01,dividend,0.00191777
VGLT,2016-10-03,dividend,0.00196930
VGLT,2016-11-01,dividend,0.00198634
VGLT,2016-12-01,dividend,0.00217101
VGLT,2016-12-22,dividend,0.00258936
VGLT,2017-02-01,dividend,0.00201430
VGLT,2017-03-01,dividend,0.00225270
VGLT,2017-04-03,dividend,0.00208375
VGLT,2017-05-01,dividend,0.00224135
VGLT,2017-06-01,dividend,0.00215475
VGLT,2017-07-03,dividend,0.00208008
VGLT,2017-08-01,dividend,0.00227999
VGLT,2017-09-01,dividend,0.00209777
VGLT,2017-10-02,dividend,0.00228117
VGLT,2017-11-01,dividend,0.00196053
VGLT,2017-12-01,dividend,0.00221181
VGLT,2017-12-26,dividend,0.00242333
VGLT,2018-02-01,dividend,0.00212342
VGLT,2018-03-01,dividend,0.00202929
VGLT,2018-04-02,dividend,0.00233817
VGLT,2018-05-01,dividend,0.00229659
VGLT,2018-06-01,dividend,0.00225922
VGLT,2018-07-02,dividend,0.00230538
VGLT,2018-08-01,dividend,0.00238338
VGLT,2018-09-04,dividend,0.00235801
VGLT,2018-10-01,dividend,0.00236111
VGLT,2018-11-01,dividend,0.00243623
VGLT,2018-12-03,dividend,0.00227052
VGLT,2018-12-24,dividend,0.00250424
VGLT,2019-02-01,dividend,0.00232322
VGLT,2019-03-01,dividend,0.00220936
VGLT,2019-04-01,dividend,0.00228143
VGLT,2019-05-01,dividend,0.00223920
VGLT,2019-06-03,dividend,0.00222662
VGLT,2019-07-01,dividend,0.00206181
VGLT,2019-08-01,dividend,0.00218292
VGLT,2019-09-03,dividend,0.00190988
VGLT,2019-10-01,dividend,0.00192986
VGLT,2019-11-01,dividend,0.00195509
VGLT,2019-12-02,dividend,0.00183824
VGLT,2019-12-23,dividend,0.00207722
VGLT,2020-02-03,dividend,0.00185029
VGLT,2020-03-02,dividend,0.00153823
VGLT,2020-04-01,dividend,0.00172557
VGLT,2020-05-01,dividend,0.00152462
VGLT,2020-06-01,dividend,0.00155381
VGLT,2020-07-01,dividend,0.00146067
VGLT,2020-08-03,dividend,0.00139430
VGLT,2020-09-01,dividend,0.00145666
VGLT,2020-10-01,dividend,0.00135644
VGLT,2020-11-02,dividend,0.00141513
VGLT,2020-12-01,dividend,0.00136526
VGLT,2020-12-23,dividend,0.00444333
VGLT,2021-02-01,dividend,0.00146175
VGLT,2021-03-01,dividend,0.00141254
VGLT,2021-04-01,dividend,0.00164521
VGLT,2021-05-03,dividend,0.00157533
VGLT,2021-06-01,dividend,0.00166291
VGLT,2021-07-01,dividend,0.00150740
VGLT,2021-08-02,dividend,0.00157790
VGLT,2021-09-01,dividend,0.00157362
VGLT,2021-10-01,dividend,0.00154154
VGLT,2021-11-01,dividend,0.00152648
VGLT,2021-12-01,dividend,0.00146775
VGLT,2021-12-23,dividend,0.00151544
VGLT,2022-02-01,dividend,0.00150033
VGLT,2022-03-01,dividend,0.00148078
VGLT,2022-04-01,dividend,0.00184419
VGLT,2022-05-02,dividend,0.00185580
VGLT,2022-06-01,dividend,0.00206684
VGLT,2022-07-01,dividend,0.00205667
VGLT,2022-08-01,dividend,0.00210603
VGLT,2022-09-01,dividend,0.00222391
VGLT,2022-10-03,dividend,0.00243681
VGLT,2022-11-01,dividend,0.00261097
VGLT,2022-12-01,dividend,0.00235718
VGLT,2022-12-23,dividend,0.00247215
VGLT,2023-02-01,dividend,0.00244462
VGLT,2023-03-01,dividend,0.00241256
VGLT,2023-04-03,dividend,0.00255574
VGLT,2023-05-01,dividend,0.00247260
VGLT,2023-06-01,dividend,0.00266054
VGLT,2023-07-03,dividend,0.00260396
VGLT,2023-08-01,dividend,0.00270301
VGLT,2023-09-01,dividend,0.00302226
VGLT,2023-10-02,dividend,0.00319881
VGLT,2023-11-01,dividend,0.00343315
VGLT,2023-12-01,dividend,0.00312105
VGLT,2023-12-22,dividend,0.00309044
VGLT,2024-02-01,dividend,0.00312075
VGLT,2024-03-01,dividend,0.00300014
VGLT,2024-04-01,dividend,0.00338753
VGLT,2024-05-01,dividend,0.00348583
VGLT,2024-06-03,dividend,0.00357791
VGLT,2024-07-01,dividend,0.00342710
VGLT,2024-08-01,dividend,0.00338903
VGLT,2024-09-03,dividend,0.00338331
VGLT,2024-10-01,dividend,0.00321145
VGLT,2024-11-01,dividend,0.00366035
VGLT,2024-12-02,dividend,0.00370736
VGLT,2024-12-24,dividend,0.00375913
VGLT,2025-02-03,dividend,0.00373222
VGLT,2025-03-03,dividend,0.00325128
VGLT,2025-04-01,dividend,0.00365854
VGLT,2025-05-01,dividend,0.00356651
VGLT,2025-06-02,dividend,0.00383492
VGLT,2025-07-01,dividend,0.00364833
VGLT,2025-08-01,dividend,0.00378616
VGLT,2025-09-02,dividend,0.00384211
VGLT,2025-10-01,dividend,0.00365382
VGLT,2025-11-03,dividend,0.00372527
VGLT,2025-12-01,dividend,0.00356668
VGLT,2025-12-18,dividend,0.00383265
VGLT,2026-02-02,dividend,0.00387283
VGLT,2026-03-02,dividend,0.00324354
VGLT,2026-04-01,dividend,0.00409910
VGLT,2026-05-01,dividend,0.00384897
VGLT,2026-06-01,dividend,0.00391755
VGLT,2026-07-01,dividend,0.00378374
VGLT,2026-08-03,dividend,0.00409095
VGLT,2026-09-01,dividend,0.00407467
VHT,2004-12-22,dividend,0.00269958
VHT,2005-12-22,dividend,0.00709662
VHT,2006-12-18,dividend,0.01079989
VHT,2007-12-14,dividend,0.01325574
VHT,2008-12-22,dividend,0.01682435
VHT,2009-12-22,dividend,0.02735316
VHT,2010-12-22,dividend,0.01731487
VHT,2011-12-21,dividend,0.01744815
VHT,2012-12-20,dividend,0.01649638
VHT,2013-12-20,dividend,0.01144077
VHT,2015-09-23,dividend,0.00879657
VHT,2015-12-23,dividend,0.00360349
VHT,2016-03-21,dividend,0.00326695
VHT,2016-06-21,dividend,0.00334188
VHT,2016-09-20,dividend,0.00376070
VHT,2016-12-14,dividend,0.00407863
VHT,2017-03-24,dividend,0.00323223
VHT,2017-06-28,dividend,0.00336823
VHT,2017-09-27,dividend,0.00341206
VHT,2017-12-14,dividend,0.00364623
VHT,2018-03-16,dividend,0.00240976
VHT,2018-06-28,dividend,0.00397552
VHT,2018-09-24,dividend,0.00323697
VHT,2018-12-13,dividend,0.00365988
VHT,2019-03-21,dividend,0.00638738
VHT,2019-06-21,dividend,0.00666224
VHT,2019-09-26,dividend,0.00375429
VHT,2019-12-16,dividend,0.00381580
VHT,2020-03-10,dividend,0.00258173
VHT,2020-06-22,dividend,0.00392291
VHT,2020-09-11,dividend,0.00317822
VHT,2020-12-17,dividend,0.00400749
VHT,2021-03-26,dividend,0.00282593
VHT,2021-06-24,dividend,0.00286216
VHT,2021-09-29,dividend,0.00359606
VHT,2021-12-16,dividend,0.00313985
VHT,2022-03-24,dividend,0.00289974
VHT,2022-06-23,dividend,0.00338387
VHT,2022-09-28,dividend,0.00367619
VHT,2022-12-15,dividend,0.00384570
VHT,2023-03-24,dividend,0.00328499
VHT,2023-06-29,dividend,0.00363654
VHT,2023-09-28,dividend,0.00372173
VHT,2023-12-19,dividend,0.00365016
VHT,2024-03-22,dividend,0.00306982
VHT,2024-06-28,dividend,0.00362526
VHT,2024-09-27,dividend,0.00416068
VHT,2024-12-18,dividend,0.00357586
VHT,2025-03-25,dividend,0.00350184
VHT,2025-06-26,dividend,0.00389871
VHT,2025-09-24,dividend,0.00421736
VHT,2025-12-17,dividend,0.00582056
VHT,2026-03-24,dividend,0.00370266
VHT,2026-06-24,dividend,0.00345464
VHT,2026-09-23,dividend,0.00303542
VMBS,2009-12-24,dividend,0.00196858
VMBS,2010-01-29,dividend,0.00213432
VMBS,2010-02-26,dividend,0.00223919
VMBS,2010-03-31,dividend,0.00149686
VMBS,2010-04-30,dividend,0.00149566
VMBS,2010-05-28,dividend,0.00165726
VMBS,2010-06-30,dividend,0.00183536
VMBS,2010-07-30,dividend,0.00200128
VMBS,2010-08-31,dividend,0.00186901
VMBS,2010-09-30,dividend,0.00131031
VMBS,2010-10-29,dividend,0.00263545
VMBS,2010-11-30,dividend,0.00178787
VMBS,2010-12-27,dividend,0.01811580
VMBS,2011-01-31,dividend,0.00170757
VMBS,2011-02-28,dividend,0.00169003
VMBS,2011-03-31,dividend,0.00208602
VMBS,2011-04-29,dividend,0.00157916
VMBS,2011-05-31,dividend,0.00178540
VMBS,2011-06-30,dividend,0.00188294
VMBS,2011-07-29,dividend,0.00196962
VMBS,2011-08-31,dividend,0.00225551
VMBS,2011-09-30,dividend,0.00204894
VMBS,2011-10-31,dividend,0.00205331
VMBS,2011-11-30,dividend,0.00162112
VMBS,2011-12-23,dividend,0.00614707
VMBS,2012-01-31,dividend,0.00140555
VMBS,2012-02-29,dividend,0.00149994
VMBS,2012-03-30,dividend,0.00132741
VMBS,2012-04-30,dividend,0.00139935
VMBS,2012-05-31,dividend,0.00110979
VMBS,2012-06-29,dividend,0.00122240
VMBS,2012-07-31,dividend,0.00096960
VMBS,2012-08-31,dividend,0.00077889
VMBS,2012-09-28,dividend,0.00058635
VMBS,2012-11-02,dividend,0.00047407
VMBS,2012-11-30,dividend,0.00011423
VMBS,2012-12-24,dividend,0.00528695
VMBS,2013-01-31,dividend,0.00032709
VMBS,2013-02-28,dividend,0.00034528
VMBS,2013-03-28,dividend,0.00042171
VMBS,2013-04-30,dividend,0.00047742
VMBS,2013-05-31,dividend,0.00044550
VMBS,2013-06-28,dividend,0.00045030
VMBS,2013-07-31,dividend,0.00070583
VMBS,2013-08-30,dividend,0.00090491
VMBS,2013-09-30,dividend,0.00122409
VMBS,2013-10-31,dividend,0.00140989
VMBS,2013-11-29,dividend,0.00142170
VMBS,2013-12-24,dividend,0.00168054
VMBS,2014-02-03,dividend,0.00146650
VMBS,2014-03-03,dividend,0.00159901
VMBS,2014-04-01,dividend,0.00160737
VMBS,2014-05-01,dividend,0.00146227
VMBS,2014-06-02,dividend,0.00144834
VMBS,2014-07-01,dividend,0.00135112
VMBS,2014-08-01,dividend,0.00130014
VMBS,2014-09-02,dividend,0.00115928
VMBS,2014-10-01,dividend,0.00114264
VMBS,2014-11-03,dividend,0.00132400
VMBS,2014-12-01,dividend,0.00107157
VMBS,2014-12-23,dividend,0.00426624
VMBS,2015-02-02,dividend,0.00114192
VMBS,2015-03-02,dividend,0.00131653
VMBS,2015-03-25,dividend,0.00123586
VMBS,2015-04-01,dividend,0.00129308
VMBS,2015-05-01,dividend,0.00091776
VMBS,2015-06-01,dividend,0.00108998
VMBS,2015-07-01,dividend,0.00111804
VMBS,2015-08-03,dividend,0.00116699
VMBS,2015-09-01,dividend,0.00120764
VMBS,2015-10-01,dividend,0.00138873
VMBS,2015-11-02,dividend,0.00135318
VMBS,2015-12-01,dividend,0.00135829
VMBS,2015-12-23,dividend,0.00652801
VMBS,2016-02-01,dividend,0.00136968
VMBS,2016-03-01,dividend,0.00170543
VMBS,2016-04-01,dividend,0.00170479
VMBS,2016-05-02,dividend,0.00145980
VMBS,2016-06-01,dividend,0.00151773
VMBS,2016-07-01,dividend,0.00148782
VMBS,2016-08-01,dividend,0.00139366
VMBS,2016-09-01,dividend,0.00146919
VMBS,2016-10-03,dividend,0.00126178
VMBS,2016-11-01,dividend,0.00123056
VMBS,2016-12-01,dividend,0.00133105
VMBS,2016-12-22,dividend,0.00477364
VMBS,2017-02-01,dividend,0.00137646
VMBS,2017-03-01,dividend,0.00173436
VMBS,2017-04-03,dividend,0.00175479
VMBS,2017-05-01,dividend,0.00180523
VMBS,2017-06-01,dividend,0.00179941
VMBS,2017-07-03,dividend,0.00180729
VMBS,2017-08-01,dividend,0.00182149
VMBS,2017-09-01,dividend,0.00185108
VMBS,2017-10-02,dividend,0.00182219
VMBS,2017-11-01,dividend,0.00184295
VMBS,2017-12-01,dividend,0.00183052
VMBS,2017-12-26,dividend,0.00212322
VMBS,2018-02-01,dividend,0.00187429
VMBS,2018-03-01,dividend,0.00187083
VMBS,2018-04-02,dividend,0.00244784
VMBS,2018-05-01,dividend,0.00213261
VMBS,2018-06-01,dividend,0.00235551
VMBS,2018-07-02,dividend,0.00189036
VMBS,2018-08-01,dividend,0.00232554
VMBS,2018-09-04,dividend,0.00233873
VMBS,2018-10-01,dividend,0.00235849
VMBS,2018-11-01,dividend,0.00265578
VMBS,2018-12-03,dividend,0.00242188
VMBS,2018-12-24,dividend,0.00273064
VMBS,2019-02-01,dividend,0.00256821
VMBS,2019-03-01,dividend,0.00224658
VMBS,2019-04-01,dividend,0.00285380
VMBS,2019-05-01,dividend,0.00244076
VMBS,2019-06-03,dividend,0.00259176
VMBS,2019-07-01,dividend,0.00216253
VMBS,2019-08-01,dividend,0.00251813
VMBS,2019-09-03,dividend,0.00223722
VMBS,2019-10-01,dividend,0.00210732
VMBS,2019-11-01,dividend,0.00216104
VMBS,2019-12-02,dividend,0.00191881
VMBS,2019-12-23,dividend,0.00216593
VMBS,2020-02-03,dividend,0.00200326
VMBS,2020-03-02,dividend,0.00185908
VMBS,2020-04-01,dividend,0.00231728
VMBS,2020-05-01,dividend,0.00174168
VMBS,2020-06-01,dividend,0.00174488
VMBS,2020-07-01,dividend,0.00151046
VMBS,2020-08-03,dividend,0.00138033
VMBS,2020-09-01,dividend,0.00127023
VMBS,2020-10-01,dividend,0.00125457
VMBS,2020-11-02,dividend,0.00127634
VMBS,2020-12-01,dividend,0.00123952
VMBS,2020-12-23,dividend,0.00251740
VMBS,2021-02-01,dividend,0.00081382
VMBS,2021-03-01,dividend,0.00093145
VMBS,2021-04-01,dividend,0.00080635
VMBS,2021-05-03,dividend,0.00048486
VMBS,2021-06-01,dividend,0.00071132
VMBS,2021-07-01,dividend,0.00088142
VMBS,2021-08-02,dividend,0.00085895
VMBS,2021-09-01,dividend,0.00099127
VMBS,2021-10-01,dividend,0.00082635
VMBS,2021-11-01,dividend,0.00090460
VMBS,2021-12-01,dividend,0.00094357
VMBS,2021-12-23,dividend,0.00102261
VMBS,2022-02-01,dividend,0.00113459
VMBS,2022-03-01,dividend,0.00134317
VMBS,2022-04-01,dividend,0.00147923
VMBS,2022-05-02,dividend,0.00143269
VMBS,2022-06-01,dividend,0.00166945
VMBS,2022-07-01,dividend,0.00190700
VMBS,2022-08-01,dividend,0.00195344
VMBS,2022-09-01,dividend,0.00206481
VMBS,2022-10-03,dividend,0.00228955
VMBS,2022-11-01,dividend,0.00237315
VMBS,2022-12-01,dividend,0.00237054
VMBS,2022-12-23,dividend,0.00249485
VMBS,2023-02-01,dividend,0.00242677
VMBS,2023-03-01,dividend,0.00258477
VMBS,2023-04-03,dividend,0.00249817
VMBS,2023-05-01,dividend,0.00262095
VMBS,2023-06-01,dividend,0.00271238
VMBS,2023-07-03,dividend,0.00274725
VMBS,2023-08-01,dividend,0.00284651
VMBS,2023-09-01,dividend,0.00287929
VMBS,2023-10-02,dividend,0.00311612
VMBS,2023-11-01,dividend,0.00315027
VMBS,2023-12-01,dividend,0.00315726
VMBS,2023-12-22,dividend,0.00307240
VMBS,2024-02-01,dividend,0.00310552
VMBS,2024-03-01,dividend,0.00320832
VMBS,2024-04-01,dividend,0.00321133
VMBS,2024-05-01,dividend,0.00335814
VMBS,2024-06-03,dividend,0.00334672
VMBS,2024-07-01,dividend,0.00333709
VMBS,2024-08-01,dividend,0.00326705
VMBS,2024-09-03,dividend,0.00330005
VMBS,2024-10-01,dividend,0.00308085
VMBS,2024-11-01,dividend,0.00335107
VMBS,2024-12-02,dividend,0.00324605
VMBS,2024-12-24,dividend,0.00336521
VMBS,2025-02-03,dividend,0.00352113
VMBS,2025-03-03,dividend,0.00343183
VMBS,2025-04-01,dividend,0.00355394
VMBS,2025-05-01,dividend,0.00429296
VMBS,2025-06-02,dividend,0.00353233
VMBS,2025-07-01,dividend,0.00352990
VMBS,2025-08-01,dividend,0.00357563
VMBS,2025-09-02,dividend,0.00355182
VMBS,2025-10-01,dividend,0.00326874
VMBS,2025-11-03,dividend,0.00366051
VMBS,2025-12-01,dividend,0.00343599
VMBS,2025-12-18,dividend,0.00340643
VMBS,2026-02-02,dividend,0.00350505
VMBS,2026-03-02,dividend,0.00337533
VMBS,2026-04-01,dividend,0.00346243
VMBS,2026-05-01,dividend,0.00344392
VMBS,2026-06-01,dividend,0.00348685
VMBS,2026-07-01,dividend,0.00353736
VMBS,2026-08-03,dividend,0.00366077
VMBS,2026-09-01,dividend,0.00363336
VNQ,2004-12-22,dividend,0.02254571
VNQ,2005-03-24,dividend,0.01194646
VNQ,2005-06-27,dividend,0.01104897
VNQ,2005-09-26,dividend,0.01152325
VNQ,2005-12-27,dividend,0.02694467
VNQ,2006-03-20,dividend,0.00583175
VNQ,2006-06-26,dividend,0.01066507
VNQ,2006-09-25,dividend,0.00946240
VNQ,2006-12-22,dividend,0.01969002
VNQ,2007-03-26,dividend,0.00578378
VNQ,2007-06-25,dividend,0.01252141
VNQ,2007-09-24,dividend,0.01037946
VNQ,2007-12-20,dividend,0.01651036
VNQ,2008-03-25,dividend,0.00767620
VNQ,2008-06-24,dividend,0.01334180
VNQ,2008-09-24,dividend,0.01305421
VNQ,2008-12-24,dividend,0.02718418
VNQ,2009-03-25,dividend,0.01976677
VNQ,2009-06-24,dividend,0.01641564
VNQ,2009-09-24,dividend,0.00986679
VNQ,2009-12-24,dividend,0.01290152
VNQ,2010-03-25,dividend,0.00750572
VNQ,2010-06-24,dividend,0.00945149
VNQ,2010-09-24,dividend,0.00900094
VNQ,2010-12-27,dividend,0.01095260
VNQ,2011-03-25,dividend,0.00728327
VNQ,2011-06-24,dividend,0.00851957
VNQ,2011-09-23,dividend,0.00971026
VNQ,2011-12-23,dividend,0.01108272
VNQ,2012-03-26,dividend,0.00803740
VNQ,2012-06-25,dividend,0.00824189
VNQ,2012-09-24,dividend,0.00795274
VNQ,2012-12-24,dividend,0.01216367
VNQ,2013-03-22,dividend,0.00771832
VNQ,2013-06-24,dividend,0.00956365
VNQ,2013-09-23,dividend,0.00915936
VNQ,2013-12-24,dividend,0.01559358
VNQ,2014-03-25,dividend,0.00653425
VNQ,2014-06-24,dividend,0.00931448
VNQ,2014-09-24,dividend,0.00929559
VNQ,2014-12-22,dividend,0.01362957
VNQ,2015-03-25,dividend,0.00597656
VNQ,2015-06-26,dividend,0.01011173
VNQ,2015-09-23,dividend,0.00999628
VNQ,2015-12-23,dividend,0.01396733
VNQ,2016-03-21,dividend,0.01119353
VNQ,2016-06-21,dividend,0.00898866
VNQ,2016-09-13,dividend,0.00691234
VNQ,2016-12-22,dividend,0.02099201
VNQ,2017-03-22,dividend,0.00730824
VNQ,2017-06-23,dividend,0.00955175
VNQ,2017-09-22,dividend,0.01027974
VNQ,2017-12-21,dividend,0.01549285
VNQ,2018-03-26,dividend,0.00972398
VNQ,2018-06-18,dividend,0.00927075
VNQ,2018-09-24,dividend,0.01401343
VNQ,2018-12-13,dividend,0.01194898
VNQ,2019-03-28,dividend,0.00714999
VNQ,2019-06-27,dividend,0.00961706
VNQ,2019-09-24,dividend,0.00801241
VNQ,2019-12-18,dividend,0.01073074
VNQ,2020-03-10,dividend,0.00780422
VNQ,2020-06-25,dividend,0.00990202
VNQ,2020-09-25,dividend,0.00774990
VNQ,2020-12-24,dividend,0.01609101
VNQ,2021-03-25,dividend,0.00584678
VNQ,2021-06-24,dividend,0.00711629
VNQ,2021-09-24,dividend,0.00620028
VNQ,2021-12-27,dividend,0.00939365
VNQ,2022-03-23,dividend,0.00547215
VNQ,2022-06-23,dividend,0.00637014
VNQ,2022-09-23,dividend,0.01083203
VNQ,2022-12-22,dividend,0.01413376
VNQ,2023-03-24,dividend,0.01002343
VNQ,2023-06-29,dividend,0.01129201
VNQ,2023-09-28,dividend,0.00972927
VNQ,2023-12-21,dividend,0.01233228
VNQ,2024-03-22,dividend,0.00854661
VNQ,2024-06-28,dividend,0.01243126
VNQ,2024-09-27,dividend,0.00842164
VNQ,2024-12-23,dividend,0.00967516
VNQ,2025-03-25,dividend,0.01027246
VNQ,2025-06-26,dividend,0.00982434
VNQ,2025-09-24,dividend,0.00955114
VNQ,2025-12-22,dividend,0.00912415
VNQ,2026-03-24,dividend,0.01068999
VNQ,2026-06-24,dividend,0.00881398
VNQ,2026-09-23,dividend,0.00867317
VNQI,2010-12-22,dividend,0.00909035
VNQI,2011-12-21,dividend,0.03270730
VNQI,2012-09-24,dividend,0.01430126
VNQI,2012-12-20,dividend,0.04361138
VNQI,2013-06-24,dividend,0.00228279
VNQI,2013-09-23,dividend,0.00155701
VNQI,2013-12-20,dividend,0.02968880
VNQI,2014-06-24,dividend,0.00611663
VNQI,2014-09-24,dividend,0.00883293
VNQI,2014-12-22,dividend,0.02536286
VNQI,2015-03-25,dividend,0.00035143
VNQI,2015-06-26,dividend,0.00695120
VNQI,2015-09-25,dividend,0.00489611
VNQI,2015-12-21,dividend,0.01576767
VNQI,2016-03-15,dividend,0.00149134
VNQI,2016-06-14,dividend,0.00904833
VNQI,2016-09-13,dividend,0.00678470
VNQI,2016-12-20,dividend,0.03340912
VNQI,2017-06-28,dividend,0.00494029
VNQI,2017-09-27,dividend,0.00297931
VNQI,2017-12-19,dividend,0.03160616
VNQI,2018-03-26,dividend,0.00128045
VNQI,2018-06-28,dividend,0.01266484
VNQI,2018-09-26,dividend,0.00435143
VNQI,2018-12-24,dividend,0.02656374
VNQI,2019-06-17,dividend,0.00699590
VNQI,2019-09-24,dividend,0.00725968
VNQI,2019-12-18,dividend,0.06329070
VNQI,2020-12-21,dividend,0.00939972
VNQI,2021-09-24,dividend,0.01041613
VNQI,2021-12-21,dividend,0.05539080
VNQI,2022-12-19,dividend,0.00569076
VNQI,2023-12-18,dividend,0.03853326
VNQI,2024-12-20,dividend,0.05269956
VNQI,2025-12-19,dividend,0.04753715
VPU,2004-12-22,dividend,0.02641651
VPU,2005-03-24,dividend,0.00699654
VPU,2005-06-27,dividend,0.00818912
VPU,2005-09-26,dividend,0.00585121
VPU,2005-12-22,dividend,0.00848156
VPU,2006-03-20,dividend,0.00723628
VPU,2006-06-26,dividend,0.00909780
VPU,2006-09-25,dividend,0.00777413
VPU,2006-12-18,dividend,0.00727498
VPU,2007-03-26,dividend,0.00579714
VPU,2007-06-25,dividend,0.00620981
VPU,2007-09-24,dividend,0.00703496
VPU,2007-12-14,dividend,0.00677962
VPU,2008-03-25,dividend,0.00730285
VPU,2008-06-24,dividend,0.00618285
VPU,2008-09-24,dividend,0.00880795
VPU,2008-12-22,dividend,0.01095710
VPU,2009-03-25,dividend,0.01167461
VPU,2009-06-24,dividend,0.01090871
VPU,2009-09-24,dividend,0.00985222
VPU,2009-12-22,dividend,0.00939573
VPU,2010-03-25,dividend,0.00910846
VPU,2010-06-24,dividend,0.01008447
VPU,2010-09-24,dividend,0.00973162
VPU,2010-12-22,dividend,0.01072342
VPU,2011-03-25,dividend,0.00915002
VPU,2011-06-24,dividend,0.00943638
VPU,2011-09-23,dividend,0.00971592
VPU,2011-12-21,dividend,0.00921228
VPU,2012-03-26,dividend,0.00955883
VPU,2012-06-25,dividend,0.00920763
VPU,2012-09-24,dividend,0.01012455
VPU,2012-12-20,dividend,0.01047904
VPU,2013-03-22,dividend,0.00875496
VPU,2013-06-24,dividend,0.00983368
VPU,2013-09-23,dividend,0.00977637
VPU,2013-12-20,dividend,0.01002604
VPU,2014-03-24,dividend,0.00825159
VPU,2014-06-23,dividend,0.00783449
VPU,2014-09-22,dividend,0.00854590
VPU,2015-03-23,dividend,0.00841453
VPU,2015-06-26,dividend,0.00928203
VPU,2015-09-25,dividend,0.00961274
VPU,2015-12-17,dividend,0.00944980
VPU,2016-03-21,dividend,0.00680763
VPU,2016-06-21,dividend,0.00759798
VPU,2016-09-20,dividend,0.00847700
VPU,2016-12-14,dividend,0.00881993
VPU,2017-03-24,dividend,0.00823863
VPU,2017-06-28,dividend,0.00753134
VPU,2017-09-27,dividend,0.00816538
VPU,2017-12-14,dividend,0.00772632
VPU,2018-03-16,dividend,0.00762443
VPU,2018-06-28,dividend,0.00876436
VPU,2018-09-24,dividend,0.00787348
VPU,2018-12-13,dividend,0.00815365
VPU,2019-03-21,dividend,0.00738599
VPU,2019-06-21,dividend,0.00725597
VPU,2019-09-26,dividend,0.00759144
VPU,2019-12-16,dividend,0.00733995
VPU,2020-03-10,dividend,0.00634771
VPU,2020-06-22,dividend,0.01009291
VPU,2020-09-11,dividend,0.00699510
VPU,2020-12-17,dividend,0.00981985
VPU,2021-03-26,dividend,0.00690043
VPU,2021-06-21,dividend,0.00727372
VPU,2021-09-29,dividend,0.00857378
VPU,2021-12-16,dividend,0.00694218
VPU,2022-03-24,dividend,0.00655619
VPU,2022-06-23,dividend,0.00753015
VPU,2022-09-28,dividend,0.00860456
VPU,2022-12-15,dividend,0.00762044
VPU,2023-03-24,dividend,0.00824528
VPU,2023-06-29,dividend,0.00790964
VPU,2023-09-28,dividend,0.00933516
VPU,2023-12-19,dividend,0.00958724
VPU,2024-03-22,dividend,0.00791427
VPU,2024-06-28,dividend,0.00834031
VPU,2024-09-27,dividend,0.00764578
VPU,2024-12-18,dividend,0.00774629
VPU,2025-03-25,dividend,0.00725331
VPU,2025-06-26,dividend,0.00704339
VPU,2025-09-24,dividend,0.00658675
VPU,2025-12-17,dividend,0.00734624
VPU,2026-03-24,dividend,0.00659938
VPU,2026-06-24,dividend,0.00667217
VPU,2026-09-23,dividend,0.00716393
VTIP,2012-12-20,dividend,0.00103879
VTIP,2013-12-20,dividend,0.00046665
VTIP,2014-12-18,dividend,0.00817213
VTIP,2016-12-14,dividend,0.00762083
VTIP,2017-12-26,dividend,0.01524616
VTIP,2018-06-18,dividend,0.00602174
VTIP,2018-09-24,dividend,0.01084751
VTIP,2018-12-13,dividend,0.00743845
VTIP,2019-06-17,dividend,0.00346514
VTIP,2019-09-24,dividend,0.00893711
VTIP,2019-12-23,dividend,0.00714010
VTIP,2020-10-01,dividend,0.00551833
VTIP,2020-12-23,dividend,0.00653108
VTIP,2021-03-25,dividend,0.00182185
VTIP,2021-07-01,dividend,0.00926265
VTIP,2021-10-01,dividend,0.01690326
VTIP,2021-12-23,dividend,0.01871021
VTIP,2022-04-01,dividend,0.00960117
VTIP,2022-07-01,dividend,0.01385658
VTIP,2022-10-03,dividend,0.01915011
VTIP,2022-12-23,dividend,0.02387619
VTIP,2023-04-03,dividend,0.00060681
VTIP,2023-07-03,dividend,0.00741433
VTIP,2023-10-02,dividend,0.00728621
VTIP,2023-12-22,dividend,0.01343667
VTIP,2024-04-01,dividend,0.00056411
VTIP,2024-07-01,dividend,0.00923154
VTIP,2024-10-01,dividend,0.00628546
VTIP,2024-12-24,dividend,0.01095215
VTIP,2025-04-01,dividend,0.00196779
VTIP,2025-07-01,dividend,0.00854667
VTIP,2025-10-01,dividend,0.01296467
VTIP,2025-12-18,dividend,0.01439009
VTIP,2026-04-01,dividend,0.00046067
VTIP,2026-07-01,dividend,0.01372351
VWOB,2013-07-01,dividend,0.00249206
VWOB,2013-08-01,dividend,0.00341538
VWOB,2013-09-03,dividend,0.00348572
VWOB,2013-10-01,dividend,0.00301334
VWOB,2013-11-01,dividend,0.00356165
VWOB,2013-12-02,dividend,0.00361474
VWOB,2013-12-24,dividend,0.00435311
VWOB,2014-02-03,dividend,0.00311864
VWOB,2014-03-03,dividend,0.00370165
VWOB,2014-04-01,dividend,0.00379809
VWOB,2014-05-01,dividend,0.00355172
VWOB,2014-06-02,dividend,0.00363447
VWOB,2014-07-01,dividend,0.00374290
VWOB,2014-08-01,dividend,0.00355284
VWOB,2014-09-02,dividend,0.00353883
VWOB,2014-10-01,dividend,0.00373405
VWOB,2014-11-03,dividend,0.00368799
VWOB,2014-12-01,dividend,0.00333854
VWOB,2014-12-23,dividend,0.00413429
VWOB,2015-02-02,dividend,0.00403916
VWOB,2015-03-02,dividend,0.00369729
VWOB,2015-04-01,dividend,0.00404147
VWOB,2015-05-01,dividend,0.00378233
VWOB,2015-06-01,dividend,0.00376267
VWOB,2015-07-01,dividend,0.00384891
VWOB,2015-08-03,dividend,0.00384083
VWOB,2015-09-01,dividend,0.00402674
VWOB,2015-10-01,dividend,0.00388347
VWOB,2015-11-02,dividend,0.00377987
VWOB,2015-12-01,dividend,0.00419962
VWOB,2015-12-23,dividend,0.00493543
VWOB,2016-02-01,dividend,0.00353886
VWOB,2016-05-02,dividend,0.00384957
VWOB,2016-06-01,dividend,0.00433507
VWOB,2016-07-01,dividend,0.00378812
VWOB,2016-08-01,dividend,0.00386580
VWOB,2016-09-01,dividend,0.00362341
VWOB,2016-10-03,dividend,0.00372570
VWOB,2016-11-01,dividend,0.00369142
VWOB,2016-12-01,dividend,0.00413282
VWOB,2016-12-22,dividend,0.00425004
VWOB,2017-02-01,dividend,0.00348361
VWOB,2017-03-01,dividend,0.00382832
VWOB,2017-04-03,dividend,0.00400847
VWOB,2017-05-01,dividend,0.00378150
VWOB,2017-06-01,dividend,0.00371701
VWOB,2017-07-03,dividend,0.00379714
VWOB,2017-08-01,dividend,0.00379450
VWOB,2017-09-01,dividend,0.00412333
VWOB,2017-10-02,dividend,0.00374782
VWOB,2017-11-01,dividend,0.00415504
VWOB,2017-12-01,dividend,0.00366493
VWOB,2017-12-26,dividend,0.00417208
VWOB,2018-02-01,dividend,0.00311354
VWOB,2018-03-01,dividend,0.00300954
VWOB,2018-04-02,dividend,0.00382593
VWOB,2018-05-01,dividend,0.00342863
VWOB,2018-06-01,dividend,0.00376445
VWOB,2018-07-02,dividend,0.00350494
VWOB,2018-08-01,dividend,0.00385645
VWOB,2018-09-04,dividend,0.00395363
VWOB,2018-10-01,dividend,0.00373273
VWOB,2018-11-01,dividend,0.00411079
VWOB,2018-12-03,dividend,0.00390392
VWOB,2018-12-24,dividend,0.00425589
VWOB,2019-02-01,dividend,0.00378222
VWOB,2019-03-01,dividend,0.00348893
VWOB,2019-04-01,dividend,0.00411913
VWOB,2019-05-01,dividend,0.00379007
VWOB,2019-06-03,dividend,0.00425237
VWOB,2019-07-01,dividend,0.00381956
VWOB,2019-08-01,dividend,0.00406182
VWOB,2019-09-03,dividend,0.00390201
VWOB,2019-10-01,dividend,0.00382350
VWOB,2019-11-01,dividend,0.00405604
VWOB,2019-12-02,dividend,0.00381833
VWOB,2019-12-23,dividend,0.00411482
VWOB,2020-02-03,dividend,0.00373284
VWOB,2020-03-02,dividend,0.00356515
VWOB,2020-04-01,dividend,0.00512557
VWOB,2020-05-01,dividend,0.00353829
VWOB,2020-06-01,dividend,0.00397850
VWOB,2020-07-01,dividend,0.00318656
VWOB,2020-08-03,dividend,0.00346841
VWOB,2020-09-01,dividend,0.00336358
VWOB,2020-10-01,dividend,0.00421286
VWOB,2020-11-02,dividend,0.00343449
VWOB,2020-12-01,dividend,0.00335068
VWOB,2020-12-23,dividend,0.00320419
VWOB,2021-02-01,dividend,0.00308738
VWOB,2021-03-01,dividend,0.00303057
VWOB,2021-04-01,dividend,0.00350904
VWOB,2021-05-03,dividend,0.00339811
VWOB,2021-06-01,dividend,0.00306714
VWOB,2021-07-01,dividend,0.00343150
VWOB,2021-08-02,dividend,0.00332059
VWOB,2021-09-01,dividend,0.00330527
VWOB,2021-10-01,dividend,0.00351165
VWOB,2021-11-01,dividend,0.00338320
VWOB,2021-12-01,dividend,0.00361948
VWOB,2021-12-23,dividend,0.00327775
VWOB,2022-02-01,dividend,0.00351524
VWOB,2022-03-01,dividend,0.00380925
VWOB,2022-04-01,dividend,0.00383659
VWOB,2022-05-02,dividend,0.00407433
VWOB,2022-06-01,dividend,0.00393852
VWOB,2022-07-01,dividend,0.00437468
VWOB,2022-08-01,dividend,0.00426002
VWOB,2022-09-01,dividend,0.00438461
VWOB,2022-10-03,dividend,0.00468351
VWOB,2022-11-01,dividend,0.00514604
VWOB,2022-12-01,dividend,0.00430139
VWOB,2022-12-23,dividend,0.00453662
VWOB,2023-02-01,dividend,0.00438548
VWOB,2023-03-01,dividend,0.00462743
VWOB,2023-04-03,dividend,0.00464351
VWOB,2023-05-01,dividend,0.00468649
VWOB,2023-06-01,dividend,0.00481694
VWOB,2023-07-03,dividend,0.00471135
VWOB,2023-08-01,dividend,0.00482521
VWOB,2023-09-01,dividend,0.00486594
VWOB,2023-10-02,dividend,0.00504561
VWOB,2023-11-01,dividend,0.00521492
VWOB,2023-12-01,dividend,0.00460211
VWOB,2023-12-22,dividend,0.00476967
VWOB,2024-02-01,dividend,0.00440234
VWOB,2024-03-01,dividend,0.00504599
VWOB,2024-04-01,dividend,0.00497371
VWOB,2024-05-01,dividend,0.00496097
VWOB,2024-06-03,dividend,0.00502672
VWOB,2024-07-01,dividend,0.00506446
VWOB,2024-08-01,dividend,0.00528023
VWOB,2024-09-03,dividend,0.00496717
VWOB,2024-10-01,dividend,0.00486003
VWOB,2024-11-01,dividend,0.00549073
VWOB,2024-12-02,dividend,0.00514511
VWOB,2024-12-24,dividend,0.00514200
VWOB,2025-02-03,dividend,0.00598765
VWOB,2025-03-03,dividend,0.00534000
VWOB,2025-04-01,dividend,0.00540287
VWOB,2025-05-01,dividend,0.00510912
VWOB,2025-06-02,dividend,0.00495577
VWOB,2025-07-01,dividend,0.00487445
VWOB,2025-08-01,dividend,0.00592715
VWOB,2025-09-02,dividend,0.00476292
VWOB,2025-10-01,dividend,0.00471571
VWOB,2025-11-03,dividend,0.00468360
VWOB,2025-12-01,dividend,0.00471817
VWOB,2025-12-18,dividend,0.00468855
VWOB,2026-02-02,dividend,0.00505050
VWOB,2026-03-02,dividend,0.00470381
VWOB,2026-04-01,dividend,0.00503358
VWOB,2026-05-01,dividend,0.00477391
VWOB,2026-06-01,dividend,0.00476610
VWOB,2026-07-01,dividend,0.00469175
VWOB,2026-08-03,dividend,0.00529828
VWOB,2026-09-01,dividend,0.00489188
XBI,2007-06-15,dividend,0.00260890
XBI,2007-12-21,dividend,0.00033016
XBI,2008-06-20,dividend,0.01151162
XBI,2008-12-19,dividend,0.00013225
XBI,2009-03-20,dividend,0.00311915
XBI,2009-12-18,dividend,0.00003958
XBI,2012-12-21,dividend,0.00221243
XBI,2013-03-15,dividend,0.00043788
XBI,2013-06-21,dividend,0.00051363
XBI,2013-09-20,dividend,0.00066345
XBI,2013-12-20,dividend,0.00030466
XBI,2014-03-21,dividend,0.00208337
XBI,2014-06-20,dividend,0.00403394
XBI,2014-09-19,dividend,0.00353251
XBI,2014-12-19,dividend,0.00260355
XBI,2015-03-20,dividend,0.00103056
XBI,2015-06-19,dividend,0.00174598
XBI,2015-09-18,dividend,0.00062727
XBI,2015-12-18,dividend,0.00216504
XBI,2016-03-18,dividend,0.00119830
XBI,2016-06-17,dividend,0.00083920
XBI,2016-09-16,dividend,0.00047767
XBI,2016-12-16,dividend,0.00029069
XBI,2017-03-17,dividend,0.00027996
XBI,2017-06-16,dividend,0.00153975
XBI,2017-09-15,dividend,0.00044496
XBI,2017-12-15,dividend,0.00043058
XBI,2018-03-16,dividend,0.00062785
XBI,2018-06-15,dividend,0.00059468
XBI,2018-09-21,dividend,0.00075190
XBI,2018-12-21,dividend,0.00017480
XBI,2019-09-20,dividend,0.00003630
XBI,2019-12-20,dividend,0.00001037
XBI,2020-06-22,dividend,0.00015620
XBI,2020-09-21,dividend,0.00076624
XBI,2020-12-21,dividend,0.00119424
XBI,2021-03-22,dividend,0.00027580
XBI,2023-06-20,dividend,0.00003422
XBI,2023-12-18,dividend,0.00016335
XBI,2024-06-24,dividend,0.00124641
XBI,2024-09-23,dividend,0.00014765
XBI,2024-12-23,dividend,0.00003287
XBI,2025-03-24,dividend,0.00005740
XBI,2025-06-23,dividend,0.00008498
XBI,2025-09-22,dividend,0.00028251
XBI,2025-12-22,dividend,0.00330832
XBI,2026-06-22,dividend,0.00098163
XLB,2006-12-15,dividend,0.01092820
XLB,2007-03-16,dividend,0.00127329
XLB,2007-06-15,dividend,0.00451368
XLB,2007-09-21,dividend,0.00458762
XLB,2007-12-21,dividend,0.00952044
XLB,2008-03-20,dividend,0.00312308
XLB,2008-06-20,dividend,0.00458340
XLB,2008-09-19,dividend,0.00590747
XLB,2008-12-19,dividend,0.01215320
XLB,2009-03-20,dividend,0.00606174
XLB,2009-06-19,dividend,0.00532005
XLB,2009-09-18,dividend,0.00414333
XLB,2009-12-18,dividend,0.00552883
XLB,2010-03-19,dividend,0.00216741
XLB,2010-06-18,dividend,0.00442567
XLB,2010-09-17,dividend,0.02035973
XLB,2010-12-17,dividend,0.00813115
XLB,2011-03-18,dividend,0.00329195
XLB,2011-06-17,dividend,0.00560195
XLB,2011-09-16,dividend,0.00532798
XLB,2011-12-16,dividend,0.00696357
XLB,2012-03-16,dividend,0.00381515
XLB,2012-06-15,dividend,0.00542667
XLB,2012-12-21,dividend,0.00882713
XLB,2013-03-15,dividend,0.00412188
XLB,2013-06-21,dividend,0.00764911
XLB,2013-09-20,dividend,0.00501951
XLB,2013-12-20,dividend,0.00629520
XLB,2014-03-21,dividend,0.00398515
XLB,2014-06-20,dividend,0.00469030
XLB,2014-09-19,dividend,0.00463545
XLB,2014-12-19,dividend,0.00629298
XLB,2015-03-20,dividend,0.00377841
XLB,2015-06-19,dividend,0.00456301
XLB,2015-09-18,dividend,0.00555927
XLB,2015-12-18,dividend,0.00749181
XLB,2016-03-18,dividend,0.00347843
XLB,2016-06-17,dividend,0.00500774
XLB,2016-09-16,dividend,0.00515928
XLB,2016-12-16,dividend,0.00660586
XLB,2017-03-17,dividend,0.00314736
XLB,2017-06-16,dividend,0.00469259
XLB,2017-09-15,dividend,0.00538444
XLB,2017-12-15,dividend,0.00490158
XLB,2018-03-16,dividend,0.00382023
XLB,2018-06-15,dividend,0.00465227
XLB,2018-09-21,dividend,0.00475878
XLB,2018-12-21,dividend,0.00649664
XLB,2019-03-15,dividend,0.00432146
XLB,2019-06-21,dividend,0.00598243
XLB,2019-09-20,dividend,0.00503336
XLB,2019-12-20,dividend,0.00551003
XLB,2020-03-23,dividend,0.00668010
XLB,2020-06-22,dividend,0.00549364
XLB,2020-09-21,dividend,0.00470220
XLB,2020-12-21,dividend,0.00500126
XLB,2021-03-22,dividend,0.00421624
XLB,2021-06-21,dividend,0.00433646
XLB,2021-09-20,dividend,0.00436739
XLB,2021-12-20,dividend,0.00506441
XLB,2022-03-21,dividend,0.00375979
XLB,2022-06-21,dividend,0.00691613
XLB,2022-09-19,dividend,0.00565388
XLB,2022-12-19,dividend,0.00647818
XLB,2023-03-20,dividend,0.00435345
XLB,2023-06-20,dividend,0.00490142
XLB,2023-09-18,dividend,0.00482052
XLB,2023-12-18,dividend,0.00698761
XLB,2024-03-18,dividend,0.00359110
XLB,2024-06-24,dividend,0.00476935
XLB,2024-09-23,dividend,0.00446805
XLB,2024-12-23,dividend,0.00521881
XLB,2025-03-24,dividend,0.00476409
XLB,2025-06-23,dividend,0.00509416
XLB,2025-09-22,dividend,0.00474555
XLB,2025-12-05,split,1.00000000
XLB,2025-12-22,dividend,0.00513554
XLB,2026-03-23,dividend,0.00442743
XLB,2026-06-22,dividend,0.00372508
XLB,2026-09-21,dividend,0.00460200
XLC,2018-09-21,dividend,0.00269295
XLC,2018-12-21,dividend,0.00325136
XLC,2019-03-15,dividend,0.00176909
XLC,2019-06-21,dividend,0.00238290
XLC,2019-09-20,dividend,0.00233346
XLC,2019-12-20,dividend,0.00217224
XLC,2020-03-23,dividend,0.00280979
XLC,2020-06-22,dividend,0.00200962
XLC,2020-09-21,dividend,0.00210984
XLC,2020-12-21,dividend,0.00159428
XLC,2021-03-22,dividend,0.00176223
XLC,2021-06-21,dividend,0.00178788
XLC,2021-09-20,dividend,0.00170450
XLC,2021-12-20,dividend,0.00204865
XLC,2022-03-21,dividend,0.00253141
XLC,2022-06-21,dividend,0.00241212
XLC,2022-09-19,dividend,0.00210023
XLC,2022-12-19,dividend,0.00244890
XLC,2023-03-20,dividend,0.00272700
XLC,2023-06-20,dividend,0.00161936
XLC,2023-09-18,dividend,0.00248851
XLC,2023-12-18,dividend,0.00245000
XLC,2024-03-18,dividend,0.00269885
XLC,2024-06-24,dividend,0.00264124
XLC,2024-09-23,dividend,0.00302796
XLC,2024-12-23,dividend,0.00259705
XLC,2025-03-24,dividend,0.00295002
XLC,2025-06-23,dividend,0.00242131
XLC,2025-09-22,dividend,0.00347534
XLC,2025-12-22,dividend,0.00322700
XLC,2026-03-23,dividend,0.00318093
XLC,2026-06-22,dividend,0.00259484
XLC,2026-09-21,dividend,0.00329573
XLE,2006-12-15,dividend,0.00298394
XLE,2007-03-16,dividend,0.00327906
XLE,2007-06-15,dividend,0.00290678
XLE,2007-09-21,dividend,0.00262677
XLE,2007-12-21,dividend,0.00257161
XLE,2008-03-20,dividend,0.00287659
XLE,2008-06-20,dividend,0.00264566
XLE,2008-09-19,dividend,0.00322604
XLE,2008-12-19,dividend,0.00518306
XLE,2009-03-20,dividend,0.00513510
XLE,2009-06-19,dividend,0.00510144
XLE,2009-09-18,dividend,0.00444706
XLE,2009-12-18,dividend,0.00545114
XLE,2010-03-19,dividend,0.00350610
XLE,2010-06-18,dividend,0.00455172
XLE,2010-09-17,dividend,0.00460069
XLE,2010-12-17,dividend,0.00444690
XLE,2011-03-18,dividend,0.00336524
XLE,2011-06-17,dividend,0.00368148
XLE,2011-09-16,dividend,0.00393283
XLE,2011-12-16,dividend,0.00423845
XLE,2012-03-16,dividend,0.00385730
XLE,2012-06-15,dividend,0.00483156
XLE,2012-12-21,dividend,0.00509485
XLE,2013-03-15,dividend,0.00448254
XLE,2013-06-21,dividend,0.00479763
XLE,2013-09-20,dividend,0.00463458
XLE,2013-12-20,dividend,0.00465420
XLE,2014-03-21,dividend,0.00491905
XLE,2014-06-20,dividend,0.00463806
XLE,2014-09-19,dividend,0.00514834
XLE,2014-12-19,dividend,0.00621753
XLE,2015-03-20,dividend,0.00679392
XLE,2015-06-19,dividend,0.00664074
XLE,2015-09-18,dividend,0.00737789
XLE,2015-12-18,dividend,0.00906178
XLE,2016-03-18,dividend,0.00714613
XLE,2016-06-17,dividend,0.00659149
XLE,2016-09-16,dividend,0.00603717
XLE,2016-12-16,dividend,0.00529159
XLE,2017-03-17,dividend,0.00599871
XLE,2017-06-16,dividend,0.00688643
XLE,2017-09-15,dividend,0.01317481
XLE,2017-12-15,dividend,0.00666351
XLE,2018-03-16,dividend,0.00711661
XLE,2018-06-15,dividend,0.00675968
XLE,2018-09-21,dividend,0.00687811
XLE,2018-12-21,dividend,0.00935464
XLE,2019-03-15,dividend,0.00783696
XLE,2019-06-21,dividend,0.00913513
XLE,2019-09-20,dividend,0.00915333
XLE,2019-12-20,dividend,0.00976279
XLE,2019-12-30,dividend,0.02990889
XLE,2020-03-23,dividend,0.02236732
XLE,2020-06-22,dividend,0.01282444
XLE,2020-09-21,dividend,0.01643879
XLE,2020-12-21,dividend,0.01337721
XLE,2021-03-22,dividend,0.01060884
XLE,2021-06-21,dividend,0.01022550
XLE,2021-09-20,dividend,0.01214709
XLE,2021-12-20,dividend,0.01294865
XLE,2022-03-21,dividend,0.00956504
XLE,2022-06-21,dividend,0.01121525
XLE,2022-09-19,dividend,0.01090616
XLE,2022-12-19,dividend,0.01029493
XLE,2023-03-20,dividend,0.01044104
XLE,2023-06-20,dividend,0.00880614
XLE,2023-09-18,dividend,0.00737936
XLE,2023-12-18,dividend,0.00960493
XLE,2024-03-18,dividend,0.00808060
XLE,2024-06-24,dividend,0.00802872
XLE,2024-09-23,dividend,0.00826394
XLE,2024-12-23,dividend,0.00838919
XLE,2025-03-24,dividend,0.00780283
XLE,2025-06-23,dividend,0.00813486
XLE,2025-09-22,dividend,0.00853357
XLE,2025-12-05,split,1.00000000
XLE,2025-12-22,dividend,0.00845242
XLE,2026-03-23,dividend,0.00649127
XLE,2026-06-22,dividend,0.00716007
XLE,2026-09-21,dividend,0.00594400
XLF,2006-12-15,dividend,0.00763841
XLF,2007-03-16,dividend,0.00419390
XLF,2007-06-15,dividend,0.00543371
XLF,2007-09-21,dividend,0.00735561
XLF,2007-12-21,dividend,0.00901105
XLF,2008-03-20,dividend,0.00800229
XLF,2008-06-20,dividend,0.00876760
XLF,2008-09-19,dividend,0.00947523
XLF,2008-12-19,dividend,0.01467848
XLF,2009-03-20,dividend,0.00995714
XLF,2009-06-19,dividend,0.00509769
XLF,2009-09-18,dividend,0.00309011
XLF,2009-12-18,dividend,0.00372341
XLF,2010-03-19,dividend,0.00229660
XLF,2010-06-18,dividend,0.00206816
XLF,2010-09-17,dividend,0.00226488
XLF,2010-12-17,dividend,0.00362519
XLF,2011-03-18,dividend,0.00260208
XLF,2011-06-17,dividend,0.00357027
XLF,2011-09-16,dividend,0.00389418
XLF,2011-12-16,dividend,0.00639932
XLF,2012-03-16,dividend,0.00316865
XLF,2012-06-15,dividend,0.00477222
XLF,2012-12-21,dividend,0.00623683
XLF,2013-03-15,dividend,0.00336004
XLF,2013-06-21,dividend,0.00402198
XLF,2013-09-20,dividend,0.00390729
XLF,2013-12-20,dividend,0.00468659
XLF,2014-03-21,dividend,0.00368504
XLF,2014-06-20,dividend,0.00392483
XLF,2014-09-19,dividend,0.00413107
XLF,2014-12-19,dividend,0.00508715
XLF,2015-03-20,dividend,0.00370751
XLF,2015-06-19,dividend,0.00435856
XLF,2015-09-18,dividend,0.00488611
XLF,2015-12-18,dividend,0.00622071
XLF,2016-03-18,dividend,0.00543500
XLF,2016-06-17,dividend,0.00532271
XLF,2016-09-16,dividend,0.00477371
XLF,2016-09-19,dividend,0.18798221
XLF,2016-12-16,dividend,0.00451001
XLF,2017-03-17,dividend,0.00354754
XLF,2017-06-16,dividend,0.00381246
XLF,2017-09-15,dividend,0.00416223
XLF,2017-12-15,dividend,0.00463294
XLF,2018-03-16,dividend,0.00361187
XLF,2018-06-15,dividend,0.00431186
XLF,2018-09-21,dividend,0.00439955
XLF,2018-12-21,dividend,0.00619240
XLF,2019-03-15,dividend,0.00506598
XLF,2019-06-21,dividend,0.00508638
XLF,2019-09-20,dividend,0.00508201
XLF,2019-12-20,dividend,0.00507459
XLF,2020-03-23,dividend,0.00842423
XLF,2020-06-22,dividend,0.00632159
XLF,2020-09-21,dividend,0.00548155
XLF,2020-12-21,dividend,0.00533520
XLF,2021-03-22,dividend,0.00441938
XLF,2021-06-21,dividend,0.00395382
XLF,2021-09-20,dividend,0.00431164
XLF,2021-12-20,dividend,0.00477884
XLF,2022-03-21,dividend,0.00389564
XLF,2022-06-21,dividend,0.00529887
XLF,2022-09-19,dividend,0.00521907
XLF,2022-12-19,dividend,0.00622018
XLF,2023-03-20,dividend,0.00492615
XLF,2023-06-20,dividend,0.00447650
XLF,2023-09-18,dividend,0.00445010
XLF,2023-12-18,dividend,0.00492658
XLF,2024-03-18,dividend,0.00373926
XLF,2024-06-24,dividend,0.00393884
XLF,2024-09-23,dividend,0.00362012
XLF,2024-12-23,dividend,0.00425157
XLF,2025-03-24,dividend,0.00361460
XLF,2025-06-23,dividend,0.00341544
XLF,2025-09-22,dividend,0.00328095
XLF,2025-12-22,dividend,0.00348293
XLF,2026-03-23,dividend,0.00511405
XLF,2026-06-22,dividend,0.00349077
XLF,2026-09-21,dividend,0.00353916
XLI,2006-12-15,dividend,0.00802418
XLI,2007-03-16,dividend,0.00214458
XLI,2007-06-15,dividend,0.00257402
XLI,2007-09-21,dividend,0.00503345
XLI,2007-12-21,dividend,0.00477000
XLI,2008-03-20,dividend,0.00440794
XLI,2008-06-20,dividend,0.00467035
XLI,2008-09-19,dividend,0.00544758
XLI,2008-12-19,dividend,0.00964403
XLI,2009-03-20,dividend,0.00952796
XLI,2009-06-19,dividend,0.00665612
XLI,2009-09-18,dividend,0.00526880
XLI,2009-12-18,dividend,0.00643945
XLI,2010-03-19,dividend,0.00342700
XLI,2010-06-18,dividend,0.00489720
XLI,2010-09-17,dividend,0.00507351
XLI,2010-12-17,dividend,0.00509508
XLI,2011-03-18,dividend,0.00437721
XLI,2011-06-17,dividend,0.00493475
XLI,2011-09-16,dividend,0.00556518
XLI,2011-12-16,dividend,0.00664187
XLI,2012-03-16,dividend,0.00463607
XLI,2012-06-15,dividend,0.00470156
XLI,2012-12-21,dividend,0.00728302
XLI,2013-03-15,dividend,0.00431663
XLI,2013-06-21,dividend,0.00508167
XLI,2013-09-20,dividend,0.00458484
XLI,2013-12-20,dividend,0.00506055
XLI,2014-03-21,dividend,0.00432808
XLI,2014-06-20,dividend,0.00453585
XLI,2014-09-19,dividend,0.00470066
XLI,2014-12-19,dividend,0.00557663
XLI,2015-03-20,dividend,0.00456905
XLI,2015-06-19,dividend,0.00493623
XLI,2015-09-18,dividend,0.00537231
XLI,2015-12-18,dividend,0.00602992
XLI,2016-03-18,dividend,0.00510123
XLI,2016-06-17,dividend,0.00548608
XLI,2016-09-16,dividend,0.00542749
XLI,2016-12-16,dividend,0.00609003
XLI,2017-03-17,dividend,0.00452127
XLI,2017-06-16,dividend,0.00470483
XLI,2017-09-15,dividend,0.00455021
XLI,2017-12-15,dividend,0.00539933
XLI,2018-03-16,dividend,0.00401769
XLI,2018-06-15,dividend,0.00398958
XLI,2018-09-21,dividend,0.00480573
XLI,2018-12-21,dividend,0.00614624
XLI,2019-03-15,dividend,0.00572752
XLI,2019-06-21,dividend,0.00433537
XLI,2019-09-20,dividend,0.00526612
XLI,2019-12-20,dividend,0.00495089
XLI,2020-03-23,dividend,0.00769981
XLI,2020-06-22,dividend,0.00442491
XLI,2020-09-21,dividend,0.00387515
XLI,2020-12-21,dividend,0.00411859
XLI,2021-03-22,dividend,0.00306466
XLI,2021-06-21,dividend,0.00315570
XLI,2021-09-20,dividend,0.00322035
XLI,2021-12-20,dividend,0.00375822
XLI,2022-03-21,dividend,0.00331155
XLI,2022-06-21,dividend,0.00437317
XLI,2022-09-19,dividend,0.00476405
XLI,2022-12-19,dividend,0.00474578
XLI,2023-03-20,dividend,0.00408458
XLI,2023-06-20,dividend,0.00398114
XLI,2023-09-18,dividend,0.00405717
XLI,2023-12-18,dividend,0.00544152
XLI,2024-03-18,dividend,0.00308323
XLI,2024-06-24,dividend,0.00342574
XLI,2024-09-23,dividend,0.00323631
XLI,2024-12-23,dividend,0.00500769
XLI,2025-03-24,dividend,0.00306050
XLI,2025-06-23,dividend,0.00303437
XLI,2025-09-22,dividend,0.00411445
XLI,2025-12-22,dividend,0.00341327
XLI,2026-03-23,dividend,0.00280205
XLI,2026-06-22,dividend,0.00245424
XLI,2026-09-21,dividend,0.00268762
XLK,2006-12-15,dividend,0.00572790
XLK,2007-06-15,dividend,0.00069108
XLK,2007-09-21,dividend,0.00198215
XLK,2007-12-21,dividend,0.00459640
XLK,2008-03-20,dividend,0.00024892
XLK,2008-06-20,dividend,0.00283637
XLK,2008-09-19,dividend,0.00341608
XLK,2008-12-19,dividend,0.00531848
XLK,2009-03-20,dividend,0.00505230
XLK,2009-06-19,dividend,0.00450411
XLK,2009-09-18,dividend,0.00369456
XLK,2009-12-18,dividend,0.00361194
XLK,2010-03-19,dividend,0.00318834
XLK,2010-06-18,dividend,0.00353454
XLK,2010-09-17,dividend,0.00360487
XLK,2010-12-17,dividend,0.00359533
XLK,2011-03-18,dividend,0.00336326
XLK,2011-06-17,dividend,0.00401431
XLK,2011-09-16,dividend,0.00378471
XLK,2011-12-16,dividend,0.00438475
XLK,2012-03-16,dividend,0.00322467
XLK,2012-06-15,dividend,0.00386748
XLK,2012-12-21,dividend,0.00574026
XLK,2013-03-15,dividend,0.00410026
XLK,2013-06-21,dividend,0.00503814
XLK,2013-09-20,dividend,0.00485053
XLK,2013-12-20,dividend,0.00493859
XLK,2014-03-21,dividend,0.00431100
XLK,2014-06-20,dividend,0.00461084
XLK,2014-09-19,dividend,0.00429803
XLK,2014-12-19,dividend,0.00521373
XLK,2015-03-20,dividend,0.00410331
XLK,2015-06-19,dividend,0.00449665
XLK,2015-09-18,dividend,0.00451959
XLK,2015-12-18,dividend,0.00502067
XLK,2016-03-18,dividend,0.00506038
XLK,2016-06-17,dividend,0.00487575
XLK,2016-09-16,dividend,0.00412734
XLK,2016-12-16,dividend,0.00441812
XLK,2017-03-17,dividend,0.00385596
XLK,2017-06-16,dividend,0.00403598
XLK,2017-09-15,dividend,0.00357652
XLK,2017-12-15,dividend,0.00373244
XLK,2018-03-16,dividend,0.00312495
XLK,2018-06-15,dividend,0.00354573
XLK,2018-09-21,dividend,0.00339578
XLK,2018-12-21,dividend,0.00434196
XLK,2019-03-15,dividend,0.00323605
XLK,2019-06-21,dividend,0.00353702
XLK,2019-09-20,dividend,0.00311190
XLK,2019-12-20,dividend,0.00325870
XLK,2020-03-23,dividend,0.00522863
XLK,2020-06-22,dividend,0.00275127
XLK,2020-09-21,dividend,0.00221078
XLK,2020-12-21,dividend,0.00232618
XLK,2021-03-22,dividend,0.00211201
XLK,2021-06-21,dividend,0.00182963
XLK,2021-09-20,dividend,0.00175805
XLK,2021-12-20,dividend,0.00188912
XLK,2022-03-21,dividend,0.00184522
XLK,2022-06-21,dividend,0.00259991
XLK,2022-09-19,dividend,0.00246632
XLK,2022-12-19,dividend,0.00287423
XLK,2023-03-20,dividend,0.00220369
XLK,2023-06-20,dividend,0.00209217
XLK,2023-09-18,dividend,0.00213604
XLK,2023-12-18,dividend,0.00220622
XLK,2024-03-18,dividend,0.00165226
XLK,2024-06-24,dividend,0.00175430
XLK,2024-09-23,dividend,0.00179407
XLK,2024-12-23,dividend,0.00163833
XLK,2025-03-24,dividend,0.00175520
XLK,2025-06-23,dividend,0.00165738
XLK,2025-09-22,dividend,0.00128519
XLK,2025-12-05,split,1.00000000
XLK,2025-12-22,dividend,0.00151459
XLK,2026-03-23,dividend,0.00124172
XLK,2026-06-22,dividend,0.00119098
XLK,2026-09-21,dividend,0.00116697
XLP,2006-12-15,dividend,0.00503996
XLP,2007-03-16,dividend,0.00493752
XLP,2007-06-15,dividend,0.00612980
XLP,2007-09-21,dividend,0.00553308
XLP,2007-12-21,dividend,0.00511172
XLP,2008-03-20,dividend,0.00533216
XLP,2008-06-20,dividend,0.00432689
XLP,2008-09-19,dividend,0.00676258
XLP,2008-12-19,dividend,0.00846753
XLP,2009-03-20,dividend,0.00587915
XLP,2009-06-19,dividend,0.00759740
XLP,2009-09-18,dividend,0.00707439
XLP,2009-12-18,dividend,0.00936887
XLP,2010-03-19,dividend,0.00422761
XLP,2010-06-18,dividend,0.00712914
XLP,2010-09-17,dividend,0.00709790
XLP,2010-12-17,dividend,0.00864194
XLP,2011-03-18,dividend,0.00566147
XLP,2011-06-17,dividend,0.00696189
XLP,2011-09-16,dividend,0.00710654
XLP,2011-12-16,dividend,0.00897273
XLP,2012-03-16,dividend,0.00527207
XLP,2012-06-15,dividend,0.00682476
XLP,2012-12-21,dividend,0.01108853
XLP,2013-03-15,dividend,0.00491404
XLP,2013-06-21,dividend,0.00648231
XLP,2013-09-20,dividend,0.00627726
XLP,2013-12-20,dividend,0.00754760
XLP,2014-03-21,dividend,0.00506263
XLP,2014-06-20,dividend,0.00681320
XLP,2014-09-19,dividend,0.00628217
XLP,2014-12-19,dividend,0.00714678
XLP,2015-03-20,dividend,0.00607822
XLP,2015-06-19,dividend,0.00615307
XLP,2015-09-18,dividend,0.00640288
XLP,2015-12-18,dividend,0.00730987
XLP,2016-03-18,dividend,0.00511276
XLP,2016-06-17,dividend,0.00598858
XLP,2016-09-16,dividend,0.00615778
XLP,2016-12-16,dividend,0.00740008
XLP,2017-03-17,dividend,0.00523001
XLP,2017-06-16,dividend,0.00764811
XLP,2017-09-15,dividend,0.00623819
XLP,2017-12-15,dividend,0.00737198
XLP,2018-03-16,dividend,0.00557740
XLP,2018-06-15,dividend,0.00767959
XLP,2018-09-21,dividend,0.00702257
XLP,2018-12-21,dividend,0.00906746
XLP,2019-03-15,dividend,0.00544266
XLP,2019-06-21,dividend,0.00755583
XLP,2019-09-20,dividend,0.00587780
XLP,2019-12-20,dividend,0.00812162
XLP,2020-03-23,dividend,0.00570181
XLP,2020-06-22,dividend,0.00772855
XLP,2020-09-21,dividend,0.00591358
XLP,2020-12-21,dividend,0.00830862
XLP,2021-03-22,dividend,0.00537731
XLP,2021-06-21,dividend,0.00644817
XLP,2021-09-20,dividend,0.00619400
XLP,2021-12-20,dividend,0.00680500
XLP,2022-03-21,dividend,0.00451435
XLP,2022-06-21,dividend,0.00745105
XLP,2022-09-19,dividend,0.00645631
XLP,2022-12-19,dividend,0.00712013
XLP,2023-03-20,dividend,0.00477968
XLP,2023-06-20,dividend,0.00704473
XLP,2023-09-18,dividend,0.00673136
XLP,2023-12-18,dividend,0.00752393
XLP,2024-03-18,dividend,0.00731146
XLP,2024-06-24,dividend,0.00749251
XLP,2024-09-23,dividend,0.00528553
XLP,2024-12-23,dividend,0.00753515
XLP,2025-03-24,dividend,0.00527205
XLP,2025-06-23,dividend,0.00681316
XLP,2025-09-22,dividend,0.00681530
XLP,2025-12-22,dividend,0.00795890
XLP,2026-03-23,dividend,0.00559732
XLP,2026-06-22,dividend,0.00689073
XLP,2026-09-21,dividend,0.00657679
XLRE,2015-12-18,dividend,0.01093751
XLRE,2016-03-18,dividend,0.00947103
XLRE,2016-06-17,dividend,0.00818626
XLRE,2016-09-07,dividend,0.00524146
XLRE,2016-12-16,dividend,0.01803471
XLRE,2017-03-17,dividend,0.00632880
XLRE,2017-06-16,dividend,0.00830489
XLRE,2017-09-15,dividend,0.00710204
XLRE,2017-12-15,dividend,0.01091169
XLRE,2018-03-16,dividend,0.00585861
XLRE,2018-06-15,dividend,0.00844443
XLRE,2018-09-21,dividend,0.01045193
XLRE,2018-12-21,dividend,0.01159164
XLRE,2019-03-15,dividend,0.00568313
XLRE,2019-06-21,dividend,0.00786473
XLRE,2019-09-20,dividend,0.00665544
XLRE,2019-12-20,dividend,0.01077240
XLRE,2020-03-23,dividend,0.00743155
XLRE,2020-06-22,dividend,0.00765055
XLRE,2020-09-21,dividend,0.00598250
XLRE,2020-12-21,dividend,0.01279575
XLRE,2021-03-22,dividend,0.00989447
XLRE,2021-06-21,dividend,0.00643749
XLRE,2021-09-20,dividend,0.00556791
XLRE,2021-12-20,dividend,0.00849970
XLRE,2022-03-21,dividend,0.00568594
XLRE,2022-06-21,dividend,0.00799500
XLRE,2022-09-19,dividend,0.00901570
XLRE,2022-12-19,dividend,0.01121835
XLRE,2023-03-20,dividend,0.00706289
XLRE,2023-06-20,dividend,0.00952113
XLRE,2023-09-18,dividend,0.00790974
XLRE,2023-12-18,dividend,0.01052504
XLRE,2024-03-18,dividend,0.00675172
XLRE,2024-06-24,dividend,0.01006005
XLRE,2024-09-23,dividend,0.00697137
XLRE,2024-12-23,dividend,0.01063053
XLRE,2025-03-24,dividend,0.00635049
XLRE,2025-06-23,dividend,0.00896475
XLRE,2025-09-22,dividend,0.00757456
XLRE,2025-12-22,dividend,0.01081075
XLRE,2026-03-23,dividend,0.00667637
XLRE,2026-06-22,dividend,0.00868676
XLRE,2026-09-21,dividend,0.00841731
XLU,2006-12-15,dividend,0.00909494
XLU,2007-03-16,dividend,0.00540994
XLU,2007-06-15,dividend,0.00690647
XLU,2007-09-21,dividend,0.00706660
XLU,2007-12-21,dividend,0.00762429
XLU,2008-03-20,dividend,0.00721497
XLU,2008-06-20,dividend,0.00741605
XLU,2008-09-19,dividend,0.00885669
XLU,2008-12-19,dividend,0.01263951
XLU,2009-03-20,dividend,0.01103596
XLU,2009-06-19,dividend,0.01139816
XLU,2009-09-18,dividend,0.01033594
XLU,2009-12-18,dividend,0.01187593
XLU,2010-03-19,dividend,0.00888698
XLU,2010-06-18,dividend,0.01053571
XLU,2010-09-17,dividend,0.01026216
XLU,2010-12-17,dividend,0.01195467
XLU,2011-03-18,dividend,0.00984542
XLU,2011-06-17,dividend,0.01020613
XLU,2011-09-16,dividend,0.01021677
XLU,2011-12-16,dividend,0.01120280
XLU,2012-03-16,dividend,0.00924846
XLU,2012-06-15,dividend,0.00931921
XLU,2012-12-21,dividend,0.01129154
XLU,2013-03-15,dividend,0.00868423
XLU,2013-06-21,dividend,0.01027162
XLU,2013-09-20,dividend,0.00958985
XLU,2013-12-20,dividend,0.01069355
XLU,2014-03-21,dividend,0.00833094
XLU,2014-06-20,dividend,0.00854743
XLU,2014-09-19,dividend,0.00902355
XLU,2014-12-19,dividend,0.00891057
XLU,2015-03-20,dividend,0.00787152
XLU,2015-06-19,dividend,0.00908756
XLU,2015-09-18,dividend,0.00943977
XLU,2015-12-18,dividend,0.01034425
XLU,2016-03-18,dividend,0.00750882
XLU,2016-06-17,dividend,0.00817214
XLU,2016-09-16,dividend,0.00852973
XLU,2016-12-16,dividend,0.00968357
XLU,2017-03-17,dividend,0.00760344
XLU,2017-06-16,dividend,0.00811031
XLU,2017-09-15,dividend,0.00763173
XLU,2017-12-15,dividend,0.00932555
XLU,2018-03-16,dividend,0.00776222
XLU,2018-06-15,dividend,0.00895484
XLU,2018-09-21,dividend,0.00898872
XLU,2018-12-21,dividend,0.00849354
XLU,2019-03-15,dividend,0.00742008
XLU,2019-06-21,dividend,0.00799060
XLU,2019-09-20,dividend,0.00773601
XLU,2019-12-20,dividend,0.00781272
XLU,2020-03-23,dividend,0.01001059
XLU,2020-06-22,dividend,0.00834477
XLU,2020-09-21,dividend,0.00859317
XLU,2020-12-21,dividend,0.00844720
XLU,2021-03-22,dividend,0.00746323
XLU,2021-06-21,dividend,0.00777165
XLU,2021-09-20,dividend,0.00757466
XLU,2021-12-20,dividend,0.00785380
XLU,2022-03-21,dividend,0.00667446
XLU,2022-06-21,dividend,0.00800874
XLU,2022-09-19,dividend,0.00677877
XLU,2022-12-19,dividend,0.00818556
XLU,2023-03-20,dividend,0.00736689
XLU,2023-06-20,dividend,0.00803736
XLU,2023-09-18,dividend,0.00810321
XLU,2023-12-18,dividend,0.00942035
XLU,2024-03-18,dividend,0.00825469
XLU,2024-06-24,dividend,0.00806378
XLU,2024-09-23,dividend,0.00678248
XLU,2024-12-23,dividend,0.00828467
XLU,2025-03-24,dividend,0.00709800
XLU,2025-06-23,dividend,0.00694306
XLU,2025-09-22,dividend,0.00673129
XLU,2025-12-05,split,1.00000000
XLU,2025-12-22,dividend,0.00743619
XLU,2026-03-23,dividend,0.00694276
XLU,2026-06-22,dividend,0.00634496
XLU,2026-09-21,dividend,0.00735294
XLV,2006-12-15,dividend,0.00350501
XLV,2007-03-16,dividend,0.00373599
XLV,2007-06-15,dividend,0.00537111
XLV,2007-09-21,dividend,0.00346763
XLV,2007-12-21,dividend,0.00364281
XLV,2008-03-20,dividend,0.00446418
XLV,2008-06-20,dividend,0.00465800
XLV,2008-09-19,dividend,0.00454263
XLV,2008-12-19,dividend,0.00605071
XLV,2009-03-20,dividend,0.00617300
XLV,2009-06-19,dividend,0.00498431
XLV,2009-09-18,dividend,0.00438364
XLV,2009-12-18,dividend,0.00550658
XLV,2010-03-19,dividend,0.00333746
XLV,2010-06-18,dividend,0.00506546
XLV,2010-09-17,dividend,0.00511529
XLV,2010-12-17,dividend,0.00517054
XLV,2011-03-18,dividend,0.00453969
XLV,2011-06-17,dividend,0.00487403
XLV,2011-09-16,dividend,0.00537007
XLV,2011-12-16,dividend,0.00558783
XLV,2012-03-16,dividend,0.00503485
XLV,2012-06-15,dividend,0.00535189
XLV,2012-12-21,dividend,0.00536896
XLV,2013-03-15,dividend,0.00431257
XLV,2013-06-21,dividend,0.00451097
XLV,2013-09-20,dividend,0.00410661
XLV,2013-12-20,dividend,0.00410126
XLV,2014-03-21,dividend,0.00344175
XLV,2014-06-20,dividend,0.00374452
XLV,2014-09-19,dividend,0.00354894
XLV,2014-12-19,dividend,0.00368404
XLV,2015-03-20,dividend,0.00279542
XLV,2015-06-19,dividend,0.00343817
XLV,2015-09-18,dividend,0.00360772
XLV,2015-12-18,dividend,0.00421568
XLV,2016-03-18,dividend,0.00356996
XLV,2016-06-17,dividend,0.00401251
XLV,2016-09-16,dividend,0.00384996
XLV,2016-12-16,dividend,0.00437370
XLV,2017-03-17,dividend,0.00361034
XLV,2017-06-16,dividend,0.00395309
XLV,2017-09-15,dividend,0.00366466
XLV,2017-12-15,dividend,0.00397631
XLV,2018-03-16,dividend,0.00349707
XLV,2018-06-15,dividend,0.00369125
XLV,2018-09-21,dividend,0.00388396
XLV,2018-12-21,dividend,0.00451290
XLV,2019-03-15,dividend,0.00370889
XLV,2019-06-21,dividend,0.00425245
XLV,2019-09-20,dividend,0.00413080
XLV,2019-12-20,dividend,0.00411993
XLV,2019-12-30,dividend,0.00646536
XLV,2020-03-23,dividend,0.00482974
XLV,2020-06-22,dividend,0.00421643
XLV,2020-09-21,dividend,0.00396399
XLV,2020-12-21,dividend,0.00410924
XLV,2021-03-22,dividend,0.00345418
XLV,2021-06-21,dividend,0.00388576
XLV,2021-09-20,dividend,0.00350790
XLV,2021-12-20,dividend,0.00382479
XLV,2022-03-21,dividend,0.00311235
XLV,2022-06-21,dividend,0.00420572
XLV,2022-09-19,dividend,0.00396886
XLV,2022-12-19,dividend,0.00410335
XLV,2023-03-20,dividend,0.00388629
XLV,2023-06-20,dividend,0.00410292
XLV,2023-09-18,dividend,0.00408498
XLV,2023-12-18,dividend,0.00445737
XLV,2024-03-18,dividend,0.00359755
XLV,2024-06-24,dividend,0.00389985
XLV,2024-09-23,dividend,0.00371743
XLV,2024-12-23,dividend,0.00450475
XLV,2025-03-24,dividend,0.00385095
XLV,2025-06-23,dividend,0.00475125
XLV,2025-09-22,dividend,0.00455245
XLV,2025-12-22,dividend,0.00424039
XLV,2026-03-23,dividend,0.00409412
XLV,2026-06-22,dividend,0.00439088
XLV,2026-09-21,dividend,0.00382717
XLY,2006-12-15,dividend,0.00356962
XLY,2007-03-16,dividend,0.00182470
XLY,2007-06-15,dividend,0.00177147
XLY,2007-09-21,dividend,0.00197774
XLY,2007-12-21,dividend,0.00714242
XLY,2008-03-20,dividend,0.00130486
XLY,2008-06-20,dividend,0.00362028
XLY,2008-09-19,dividend,0.00350926
XLY,2008-12-19,dividend,0.00761341
XLY,2009-03-20,dividend,0.00541290
XLY,2009-06-19,dividend,0.00425139
XLY,2009-09-18,dividend,0.00325828
XLY,2009-12-18,dividend,0.00545636
XLY,2010-03-19,dividend,0.00191522
XLY,2010-06-18,dividend,0.00323336
XLY,2010-09-17,dividend,0.00321053
XLY,2010-12-17,dividend,0.00588858
XLY,2011-03-18,dividend,0.00334860
XLY,2011-06-17,dividend,0.00354036
XLY,2011-09-16,dividend,0.00341886
XLY,2011-12-16,dividend,0.00579387
XLY,2012-03-16,dividend,0.00307884
XLY,2012-06-15,dividend,0.00352972
XLY,2012-12-21,dividend,0.00640406
XLY,2013-03-15,dividend,0.00299002
XLY,2013-06-21,dividend,0.00320931
XLY,2013-09-20,dividend,0.00294102
XLY,2013-12-20,dividend,0.00399958
XLY,2014-03-21,dividend,0.00313940
XLY,2014-06-20,dividend,0.00320232
XLY,2014-09-19,dividend,0.00333924
XLY,2014-12-19,dividend,0.00414749
XLY,2015-03-20,dividend,0.00336217
XLY,2015-06-19,dividend,0.00317782
XLY,2015-09-18,dividend,0.00376846
XLY,2015-12-18,dividend,0.00413900
XLY,2016-03-18,dividend,0.00411665
XLY,2016-06-17,dividend,0.00354497
XLY,2016-09-16,dividend,0.00381227
XLY,2016-12-16,dividend,0.00592152
XLY,2017-03-17,dividend,0.00298619
XLY,2017-06-16,dividend,0.00304553
XLY,2017-09-15,dividend,0.00353735
XLY,2017-12-15,dividend,0.00340214
XLY,2018-03-16,dividend,0.00294246
XLY,2018-06-15,dividend,0.00262342
XLY,2018-09-21,dividend,0.00299056
XLY,2018-12-21,dividend,0.00391729
XLY,2019-03-15,dividend,0.00341570
XLY,2019-06-21,dividend,0.00344672
XLY,2019-09-20,dividend,0.00332036
XLY,2019-12-20,dividend,0.00329548
XLY,2020-03-23,dividend,0.00484812
XLY,2020-06-22,dividend,0.00232945
XLY,2020-09-21,dividend,0.00212832
XLY,2020-12-21,dividend,0.00185427
XLY,2021-03-22,dividend,0.00158893
XLY,2021-06-21,dividend,0.00148539
XLY,2021-09-20,dividend,0.00149530
XLY,2021-12-20,dividend,0.00149862
XLY,2022-03-21,dividend,0.00153496
XLY,2022-06-21,dividend,0.00231427
XLY,2022-09-19,dividend,0.00209402
XLY,2022-12-19,dividend,0.00273926
XLY,2023-03-20,dividend,0.00305285
XLY,2023-06-20,dividend,0.00201371
XLY,2023-09-18,dividend,0.00177863
XLY,2023-12-18,dividend,0.00178875
XLY,2024-03-18,dividend,0.00217971
XLY,2024-06-24,dividend,0.00215028
XLY,2024-09-23,dividend,0.00206160
XLY,2024-12-23,dividend,0.00189571
XLY,2025-03-24,dividend,0.00275233
XLY,2025-06-23,dividend,0.00212621
XLY,2025-09-22,dividend,0.00176377
XLY,2025-12-05,split,1.00000000
XLY,2025-12-22,dividend,0.00197780
XLY,2026-03-23,dividend,0.00200486
XLY,2026-06-22,dividend,0.00198867
XLY,2026-09-21,dividend,0.00220244
XME,2006-09-15,dividend,0.00218394
XME,2006-12-15,dividend,0.00212058
XME,2007-03-16,dividend,0.00181039
XME,2007-06-15,dividend,0.00095628
XME,2007-09-21,dividend,0.00122801
XME,2007-12-21,dividend,0.00252887
XME,2008-03-20,dividend,0.00060241
XME,2008-06-20,dividend,0.00124512
XME,2008-09-19,dividend,0.00257207
XME,2008-12-19,dividend,0.00719935
XME,2009-03-20,dividend,0.00441074
XME,2009-06-19,dividend,0.00280468
XME,2009-09-18,dividend,0.00200733
XME,2009-12-18,dividend,0.00285836
XME,2010-03-19,dividend,0.00039057
XME,2010-06-18,dividend,0.00165773
XME,2010-09-17,dividend,0.00184822
XME,2010-12-17,dividend,0.00258319
XME,2011-03-18,dividend,0.00085173
XME,2011-06-17,dividend,0.00154083
XME,2011-09-16,dividend,0.00170886
XME,2011-12-16,dividend,0.00433062
XME,2012-03-16,dividend,0.00224576
XME,2012-06-15,dividend,0.00384429
XME,2012-09-21,dividend,0.00309285
XME,2012-12-21,dividend,0.00463334
XME,2013-03-15,dividend,0.00250012
XME,2013-06-21,dividend,0.00481843
XME,2013-09-20,dividend,0.00369648
XME,2013-12-20,dividend,0.00367259
XME,2014-03-21,dividend,0.00208518
XME,2014-06-20,dividend,0.00357313
XME,2014-09-19,dividend,0.00424225
XME,2014-12-19,dividend,0.00889621
XME,2015-03-20,dividend,0.00236479
XME,2015-06-19,dividend,0.00303375
XME,2015-09-18,dividend,0.00523228
XME,2015-12-18,dividend,0.01041885
XME,2016-03-18,dividend,0.00431181
XME,2016-06-17,dividend,0.00333876
XME,2016-09-16,dividend,0.00301844
XME,2016-12-16,dividend,0.00219436
XME,2017-03-17,dividend,0.00128659
XME,2017-06-16,dividend,0.00187167
XME,2017-09-15,dividend,0.00188383
XME,2017-12-15,dividend,0.00808543
XME,2018-03-16,dividend,0.00135505
XME,2018-06-15,dividend,0.00987693
XME,2018-09-21,dividend,0.00207995
XME,2018-12-21,dividend,0.00339552
XME,2019-03-15,dividend,0.00516690
XME,2019-06-21,dividend,0.01231091
XME,2019-09-20,dividend,0.00354676
XME,2019-12-20,dividend,0.00430018
XME,2020-03-23,dividend,0.00560205
XME,2020-06-22,dividend,0.00450710
XME,2020-09-21,dividend,0.00289674
XME,2020-12-21,dividend,0.00253572
XME,2021-03-22,dividend,0.00193842
XME,2021-06-21,dividend,0.00208616
XME,2021-09-20,dividend,0.00158494
XME,2021-12-20,dividend,0.00193261
XME,2022-03-21,dividend,0.00094009
XME,2022-06-21,dividend,0.00455438
XME,2022-09-19,dividend,0.00442870
XME,2022-12-19,dividend,0.00709420
XME,2023-03-20,dividend,0.00342653
XME,2023-06-20,dividend,0.00328981
XME,2023-09-18,dividend,0.00316015
XME,2023-12-18,dividend,0.00167908
XME,2024-03-18,dividend,0.00182569
XME,2024-06-24,dividend,0.00162811
XME,2024-09-23,dividend,0.00175864
XME,2024-12-23,dividend,0.00114527
XME,2025-03-24,dividend,0.00120354
XME,2025-06-23,dividend,0.00137531
XME,2025-09-22,dividend,0.00111863
XME,2025-12-22,dividend,0.00122809
XME,2026-03-23,dividend,0.00061967
XME,2026-06-22,dividend,0.00068411
XME,2026-09-21,dividend,0.00067215
XPH,2006-09-15,dividend,0.00241688
XPH,2006-12-15,dividend,0.00517625
XPH,2007-03-16,dividend,0.00452408
XPH,2007-06-15,dividend,0.00212572
XPH,2007-09-21,dividend,0.00226366
XPH,2007-12-21,dividend,0.00198913
XPH,2008-03-20,dividend,0.00280020
XPH,2008-06-20,dividend,0.00319139
XPH,2008-09-19,dividend,0.00330727
XPH,2008-12-19,dividend,0.00617220
XPH,2009-03-20,dividend,0.00433665
XPH,2009-06-19,dividend,0.00319245
XPH,2009-09-18,dividend,0.00274052
XPH,2009-12-18,dividend,0.00208938
XPH,2010-03-19,dividend,0.00132132
XPH,2010-06-18,dividend,0.00236897
XPH,2010-09-17,dividend,0.00232116
XPH,2010-12-17,dividend,0.00569220
XPH,2011-03-18,dividend,0.00221422
XPH,2011-06-17,dividend,0.00291438
XPH,2011-09-16,dividend,0.00315259
XPH,2011-12-16,dividend,0.00390508
XPH,2012-03-16,dividend,0.00181267
XPH,2012-06-15,dividend,0.00195035
XPH,2012-09-21,dividend,0.01009100
XPH,2012-12-21,dividend,0.00429276
XPH,2013-03-15,dividend,0.00106921
XPH,2013-06-21,dividend,0.00286369
XPH,2013-09-20,dividend,0.00153139
XPH,2013-12-20,dividend,0.01665965
XPH,2014-03-21,dividend,0.00137340
XPH,2014-06-20,dividend,0.00132763
XPH,2014-09-19,dividend,0.00220600
XPH,2014-12-19,dividend,0.05019531
XPH,2015-03-20,dividend,0.00158558
XPH,2015-06-19,dividend,0.00139529
XPH,2015-09-18,dividend,0.00126743
XPH,2015-12-18,dividend,0.06719993
XPH,2016-03-18,dividend,0.00071442
XPH,2016-06-17,dividend,0.00159131
XPH,2016-09-16,dividend,0.00130947
XPH,2016-12-16,dividend,0.00231617
XPH,2017-03-17,dividend,0.00064666
XPH,2017-06-16,dividend,0.00206536
XPH,2017-09-15,dividend,0.00167177
XPH,2017-12-15,dividend,0.00249526
XPH,2018-03-16,dividend,0.00044031
XPH,2018-06-15,dividend,0.00133090
XPH,2018-09-24,dividend,0.00113087
XPH,2018-12-24,dividend,0.00302218
XPH,2019-03-18,dividend,0.00163140
XPH,2019-06-24,dividend,0.00176890
XPH,2019-09-23,dividend,0.00223904
XPH,2019-12-23,dividend,0.00156840
XPH,2020-03-23,dividend,0.00225437
XPH,2020-06-22,dividend,0.00156421
XPH,2020-09-21,dividend,0.00114821
XPH,2020-12-21,dividend,0.00106728
XPH,2021-03-22,dividend,0.00136661
XPH,2021-06-21,dividend,0.00161987
XPH,2021-09-20,dividend,0.00188475
XPH,2021-12-20,dividend,0.00431054
XPH,2022-03-21,dividend,0.00398599
XPH,2022-06-21,dividend,0.00422589
XPH,2022-09-19,dividend,0.00313331
XPH,2022-12-19,dividend,0.00471606
XPH,2023-03-20,dividend,0.00283916
XPH,2023-06-20,dividend,0.00297248
XPH,2023-09-18,dividend,0.00283554
XPH,2023-12-18,dividend,0.00438663
XPH,2024-03-18,dividend,0.00407567
XPH,2024-06-24,dividend,0.00388408
XPH,2024-09-23,dividend,0.00436486
XPH,2024-12-23,dividend,0.00358257
XPH,2025-03-24,dividend,0.00348702
XPH,2025-06-23,dividend,0.00236897
XPH,2025-09-22,dividend,0.00221710
XPH,2025-12-22,dividend,0.00201437
XPH,2026-03-23,dividend,0.00115840
XPH,2026-06-22,dividend,0.00096751
XPH,2026-09-21,dividend,0.00062782
XRT,2006-09-15,dividend,0.00038926
XRT,2006-12-15,dividend,0.00158220
XRT,2007-03-16,dividend,0.00045716
XRT,2007-06-15,dividend,0.00065953
XRT,2007-09-21,dividend,0.00070190
XRT,2007-12-21,dividend,0.00214662
XRT,2008-03-20,dividend,0.00177072
XRT,2008-06-20,dividend,0.00497793
XRT,2008-09-19,dividend,0.00200460
XRT,2008-12-19,dividend,0.01255650
XRT,2009-03-20,dividend,0.00141688
XRT,2009-06-19,dividend,0.00300791
XRT,2009-09-18,dividend,0.00197739
XRT,2009-12-18,dividend,0.00856409
XRT,2010-03-19,dividend,0.00110335
XRT,2010-06-18,dividend,0.00352467
XRT,2010-09-17,dividend,0.00181515
XRT,2010-12-17,dividend,0.00455667
XRT,2011-03-18,dividend,0.00152347
XRT,2011-06-17,dividend,0.00197680
XRT,2011-09-16,dividend,0.00198991
XRT,2011-12-16,dividend,0.00444201
XRT,2012-03-16,dividend,0.00162285
XRT,2012-06-15,dividend,0.00263530
XRT,2012-09-21,dividend,0.00318942
XRT,2012-12-21,dividend,0.00919621
XRT,2013-03-15,dividend,0.00085010
XRT,2013-06-21,dividend,0.00292061
XRT,2013-09-20,dividend,0.00123311
XRT,2013-12-20,dividend,0.00169169
XRT,2014-03-21,dividend,0.00158279
XRT,2014-06-20,dividend,0.00273737
XRT,2014-09-19,dividend,0.00178249
XRT,2014-12-19,dividend,0.00190890
XRT,2015-03-20,dividend,0.00344848
XRT,2015-06-19,dividend,0.00291522
XRT,2015-09-18,dividend,0.00193662
XRT,2015-12-18,dividend,0.00344023
XRT,2016-03-18,dividend,0.00333202
XRT,2016-06-17,dividend,0.00368860
XRT,2016-09-16,dividend,0.00334448
XRT,2016-12-16,dividend,0.00321114
XRT,2017-03-17,dividend,0.00255186
XRT,2017-06-16,dividend,0.00494315
XRT,2017-09-15,dividend,0.00445118
XRT,2017-12-15,dividend,0.00449294
XRT,2018-03-16,dividend,0.00282993
XRT,2018-06-15,dividend,0.00340518
XRT,2018-09-21,dividend,0.00309092
XRT,2018-12-21,dividend,0.00419566
XRT,2019-03-15,dividend,0.00305522
XRT,2019-06-21,dividend,0.00460394
XRT,2019-09-20,dividend,0.00422203
XRT,2019-12-20,dividend,0.00467034
XRT,2020-03-23,dividend,0.00629836
XRT,2020-06-22,dividend,0.00220866
XRT,2020-09-21,dividend,0.00258552
XRT,2020-12-21,dividend,0.00397788
XRT,2021-03-22,dividend,0.00172902
XRT,2021-06-21,dividend,0.00131982
XRT,2021-09-20,dividend,0.00199592
XRT,2021-12-20,dividend,0.01071712
XRT,2022-03-21,dividend,0.00118230
XRT,2022-06-21,dividend,0.00528485
XRT,2022-09-19,dividend,0.00551917
XRT,2022-12-19,dividend,0.00891716
XRT,2023-03-20,dividend,0.00339432
XRT,2023-06-20,dividend,0.00497193
XRT,2023-09-18,dividend,0.00275544
XRT,2023-12-18,dividend,0.00462254
XRT,2024-03-18,dividend,0.00198781
XRT,2024-06-24,dividend,0.00496113
XRT,2024-09-23,dividend,0.00162206
XRT,2024-12-23,dividend,0.00699439
XRT,2025-03-24,dividend,0.00262856
XRT,2025-06-23,dividend,0.00266910
XRT,2025-09-22,dividend,0.00116989
XRT,2025-12-22,dividend,0.00198083
XRT,2026-03-23,dividend,0.00270277
XRT,2026-06-22,dividend,0.00215767
XRT,2026-09-21,dividend,0.00211344
