ticker,day,open,prev_close
ANGL,2026-05-01,29.11000061035156,29.26000022888184
BKLN,2026-05-01,20.59000015258789,20.579999923706055
BNO,2026-05-01,57.720001220703125,58.529998779296875
BWX,2026-05-01,22.209999084472656,22.270000457763672
CANE,2026-05-01,10.020000457763672,9.8100004196167
CEMB,2026-05-01,45.630001068115234,45.81999969482422
CIBR,2026-05-01,68.33499908447266,67.44999694824219
CORN,2026-05-01,18.81999969482422,18.690000534057617
CPER,2026-05-01,36.22999954223633,36.529998779296875
DBA,2026-05-01,28.100000381469727,28.030000686645508
DBB,2026-05-01,24.770000457763672,24.860000610351562
DBC,2026-05-01,30.8799991607666,31.100000381469727
DBE,2026-05-01,32.790000915527344,33.16999816894531
DBO,2026-05-01,22.1200008392334,22.3700008392334
DIA,2026-05-01,498.8399963378906,496.6499938964844
EBND,2026-05-01,20.96999931335449,21.040000915527344
EEM,2026-05-01,63.84000015258789,63.9900016784668
EFA,2026-05-01,102.29000091552734,102.31999969482422
EMB,2026-05-01,95.62999725341797,95.80000305175781
EMHY,2026-05-01,40.27000045776367,40.38999938964844
EMLC,2026-05-01,25.440000534057617,25.559999465942383
EPI,2026-05-01,43.33000183105469,43.52000045776367
EWA,2026-05-01,29.31999969482422,29.489999771118164
EWC,2026-05-01,58.77000045776367,58.59999847412109
EWG,2026-05-01,42.619998931884766,42.2599983215332
EWJ,2026-05-01,88.20999908447266,89.0999984741211
EWL,2026-05-01,61.619998931884766,61.369998931884766
EWN,2026-05-01,62.959999084472656,62.709999084472656
EWQ,2026-05-01,45.5,45.33000183105469
EWT,2026-05-01,89.66000366210938,89.87999725341797
EWU,2026-05-01,47.09999847412109,47.150001525878906
EWW,2026-05-01,76.75,76.44000244140625
EWY,2026-05-01,159.91000366210938,160.75999450683594
EWZ,2026-05-01,39.7400016784668,39.70000076293945
EZA,2026-05-01,67.94999694824219,68.22000122070312
EZU,2026-05-01,67.0,66.62000274658203
FALN,2026-05-01,27.01000022888184,27.145000457763672
FDN,2026-05-01,265.0,263.42999267578125
FXI,2026-05-01,36.66999816894531,36.790000915527344
GIGB,2026-05-01,45.70000076293945,45.83000183105469
GLD,2026-05-01,421.4100036621094,423.6600036621094
GLTR,2026-05-01,215.72999572753903,215.5500030517578
GOVT,2026-05-01,22.770000457763672,22.81999969482422
HYG,2026-05-01,80.05999755859375,80.37999725341797
IAU,2026-05-01,86.33999633789062,86.8499984741211
IEF,2026-05-01,94.69000244140625,94.9800033569336
IEI,2026-05-01,117.87999725341797,118.2300033569336
IGIB,2026-05-01,53.09999847412109,53.290000915527344
IGV,2026-05-01,86.12000274658203,83.91000366210938
IHI,2026-05-01,51.04999923706055,51.060001373291016
INDA,2026-05-01,49.16999816894531,49.41999816894531
ITB,2026-05-01,96.58000183105467,96.36000061035156
IWM,2026-05-01,278.6600036621094,277.9700012207031
IYR,2026-05-01,102.8000030517578,102.62999725341795
IYT,2026-05-01,81.5199966430664,81.2699966430664
JMBS,2026-05-01,45.18999862670898,45.16999816894531
JNK,2026-05-01,96.38999938964844,96.83000183105469
KRE,2026-05-01,69.8499984741211,69.8499984741211
LEMB,2026-05-01,41.84999847412109,41.77000045776367
LIT,2026-05-01,88.05999755859375,88.23999786376953
LMBS,2026-05-01,49.93999862670898,49.84999847412109
LQD,2026-05-01,108.55000305175781,108.8499984741211
MBB,2026-05-01,94.41000366210938,94.77999877929688
MDY,2026-05-01,667.0499877929688,664.1699829101562
PALL,2026-05-01,27.628000259399414,27.70800018310547
PCY,2026-05-01,21.46999931335449,21.46999931335449
PFF,2026-05-01,31.3700008392334,31.450000762939453
PPLT,2026-05-01,18.069000244140625,17.979999542236328
QLTA,2026-05-01,47.380001068115234,47.54999923706055
QQQ,2026-05-01,669.1599731445312,667.739990234375
REM,2026-05-01,23.11000061035156,23.020000457763672
REMX,2026-05-01,105.5,105.43000030517578
RSP,2026-05-01,204.00999450683597,203.44000244140625
RWR,2026-05-01,109.6500015258789,109.58999633789062
RWX,2026-05-01,28.209999084472656,28.239999771118164
SCHH,2026-05-01,23.46999931335449,23.420000076293945
SCHO,2026-05-01,24.18000030517578,24.25
SCHP,2026-05-01,26.84000015258789,26.8700008392334
SGOL,2026-05-01,43.70000076293945,43.959999084472656
SHY,2026-05-01,82.23999786376953,82.4800033569336
SHYG,2026-05-01,42.45000076293945,42.66999816894531
SIVR,2026-05-01,71.0,70.02999877929688
SKYY,2026-05-01,121.72000122070312,118.7699966430664
SLQD,2026-05-01,50.33000183105469,50.52000045776367
SLV,2026-05-01,67.58000183105469,66.66000366210938
SLX,2026-05-01,103.23999786376952,103.41999816894533
SMH,2026-05-01,504.2099914550781,506.7200012207031
SOXX,2026-05-01,458.4700012207031,461.4400024414063
SOYB,2026-05-01,24.850000381469727,24.75
SPIB,2026-05-01,33.45000076293945,33.54999923706055
SPMB,2026-05-01,22.25,22.32999992370605
SPTL,2026-05-01,25.979999542236328,26.01000022888184
SPY,2026-05-01,721.25,718.6599731445312
SRLN,2026-05-01,40.41999816894531,40.59999847412109
STIP,2026-05-01,103.66999816894533,104.1500015258789
TIP,2026-05-01,111.2699966430664,111.55999755859375
TLH,2026-05-01,99.62999725341797,99.83000183105469
TLT,2026-05-01,85.5,85.62000274658203
TUR,2026-05-01,42.54999923706055,42.4900016784668
UGA,2026-05-01,119.66999816894531,120.06999969482422
UNG,2026-05-01,10.6899995803833,10.600000381469727
UNL,2026-05-01,6.5,6.5
USHY,2026-05-01,37.040000915527344,37.22999954223633
USIG,2026-05-01,51.08000183105469,51.25
USO,2026-05-01,143.52999877929688,147.08999633789062
VCIT,2026-05-01,82.55999755859375,82.8499984741211
VCSH,2026-05-01,79.01000213623047,79.2699966430664
VDC,2026-05-01,232.9900054931641,232.13999938964844
VGIT,2026-05-01,59.150001525878906,59.290000915527344
VGLT,2026-05-01,54.66999816894531,54.77000045776367
VHT,2026-05-01,273.3900146484375,272.4599914550781
VMBS,2026-05-01,46.790000915527344,46.90999984741211
VNQ,2026-05-01,96.5999984741211,96.33000183105467
VNQI,2026-05-01,47.060001373291016,47.22999954223633
VPU,2026-05-01,202.5,202.4900054931641
VTIP,2026-05-01,50.43999862670898,50.36000061035156
VWOB,2026-05-01,66.7699966430664,66.93000030517578
WEAT,2026-05-01,24.1299991607666,24.110000610351562
XBI,2026-05-01,130.6199951171875,131.3300018310547
XLB,2026-05-01,51.63999938964844,51.470001220703125
XLC,2026-05-01,116.83499908447266,116.51000213623047
XLE,2026-05-01,59.060001373291016,59.650001525878906
XLF,2026-05-01,52.400001525878906,52.130001068115234
XLI,2026-05-01,175.22999572753906,174.5800018310547
XLK,2026-05-01,160.38999938964844,159.5
XLP,2026-05-01,84.72000122070312,84.30999755859375
XLRE,2026-05-01,44.4900016784668,44.400001525878906
XLU,2026-05-01,46.84000015258789,46.849998474121094
XLV,2026-05-01,146.2899932861328,145.99000549316406
XLY,2026-05-01,118.61000061035156,118.3499984741211
XME,2026-05-01,117.72000122070312,118.7300033569336
XPH,2026-05-01,58.34999847412109,57.61000061035156
XRT,2026-05-01,85.91000366210938,85.77999877929688
ANGL,2026-05-04,29.100000381469727,29.13999938964844
BKLN,2026-05-04,20.600000381469727,20.579999923706055
BNO,2026-05-04,58.41999816894531,57.27000045776367
BWX,2026-05-04,22.18000030517578,22.229999542236328
CANE,2026-05-04,10.100000381469728,10.050000190734863
CEMB,2026-05-04,45.68000030517578,45.68999862670898
CIBR,2026-05-04,68.80500030517578,68.76000213623047
CORN,2026-05-04,18.850000381469727,18.889999389648438
CPER,2026-05-04,35.790000915527344,36.22999954223633
DBA,2026-05-04,28.15999984741211,28.110000610351562
DBB,2026-05-04,24.540000915527344,24.760000228881836
DBC,2026-05-04,30.88999938964844,30.809999465942383
DBE,2026-05-04,33.040000915527344,32.540000915527344
DBO,2026-05-04,22.43000030517578,22.059999465942383
DIA,2026-05-04,493.5,495.0199890136719
EBND,2026-05-04,20.8700008392334,20.959999084472656
EEM,2026-05-04,64.47000122070312,64.12999725341797
EFA,2026-05-04,101.44000244140625,102.0999984741211
EMB,2026-05-04,95.56999969482422,95.56999969482422
EMHY,2026-05-04,40.22999954223633,40.27999877929688
EMLC,2026-05-04,25.32999992370605,25.420000076293945
EPI,2026-05-04,42.97999954223633,43.29999923706055
EWA,2026-05-04,29.100000381469727,29.270000457763672
EWC,2026-05-04,58.15999984741211,58.400001525878906
EWG,2026-05-04,42.040000915527344,42.33000183105469
EWJ,2026-05-04,88.55999755859375,88.30000305175781
EWL,2026-05-04,60.84000015258789,61.27999877929688
EWN,2026-05-04,62.61000061035156,62.880001068115234
EWQ,2026-05-04,44.66999816894531,45.369998931884766
EWT,2026-05-04,90.81999969482422,89.97000122070312
EWU,2026-05-04,46.66999816894531,47.02000045776367
EWW,2026-05-04,76.47000122070312,76.66000366210938
EWY,2026-05-04,165.22999572753906,162.0
EWZ,2026-05-04,39.540000915527344,39.43000030517578
EZA,2026-05-04,67.61000061035156,68.19999694824219
EZU,2026-05-04,65.94999694824219,66.69000244140625
FALN,2026-05-04,27.020000457763672,27.03499984741211
FDN,2026-05-04,266.8099975585937,266.1099853515625
FXI,2026-05-04,36.540000915527344,36.810001373291016
GIGB,2026-05-04,45.650001525878906,45.720001220703125
GLD,2026-05-04,418.8399963378906,423.17999267578125
GLTR,2026-05-04,213.33999633789065,217.0500030517578
GOVT,2026-05-04,22.739999771118164,22.780000686645508
HYG,2026-05-04,80.0199966430664,80.05999755859375
IAU,2026-05-04,85.80999755859375,86.72000122070312
IEF,2026-05-04,94.58999633789062,94.73999786376953
IEI,2026-05-04,117.7699966430664,117.91000366210938
IGIB,2026-05-04,53.060001373291016,53.11000061035156
IGV,2026-05-04,87.2300033569336,86.62999725341797
IHI,2026-05-04,50.43999862670898,50.5
INDA,2026-05-04,48.77999877929688,49.119998931884766
ITB,2026-05-04,94.5,94.83999633789062
IWM,2026-05-04,278.70001220703125,279.2799987792969
IYR,2026-05-04,101.88999938964844,102.36000061035156
IYT,2026-05-04,79.75,80.80000305175781
JMBS,2026-05-04,45.13999938964844,45.18999862670898
JNK,2026-05-04,96.33999633789062,96.4000015258789
KRE,2026-05-04,69.41999816894531,69.81999969482422
LEMB,2026-05-04,41.70000076293945,41.790000915527344
LIT,2026-05-04,88.08999633789062,88.72000122070312
LMBS,2026-05-04,49.90999984741211,49.880001068115234
LQD,2026-05-04,108.45999908447266,108.5999984741211
MBB,2026-05-04,94.44000244140625,94.5
MDY,2026-05-04,662.530029296875,664.3499755859375
PALL,2026-05-04,26.99799919128418,27.65999984741211
PCY,2026-05-04,21.5,21.540000915527344
PFF,2026-05-04,31.3700008392334,31.40999984741211
PPLT,2026-05-04,17.854999542236328,18.000999450683594
QLTA,2026-05-04,47.34000015258789,47.40999984741211
QQQ,2026-05-04,674.6599731445312,674.1500244140625
REM,2026-05-04,22.989999771118164,23.11000061035156
REMX,2026-05-04,104.87000274658205,106.5199966430664
RSP,2026-05-04,202.3699951171875,202.82000732421875
RWR,2026-05-04,108.9800033569336,109.37999725341795
RWX,2026-05-04,28.059999465942383,28.200000762939453
SCHH,2026-05-04,23.270000457763672,23.38999938964844
SCHO,2026-05-04,24.170000076293945,24.18000030517578
SCHP,2026-05-04,26.82999992370605,26.86000061035156
SGOL,2026-05-04,43.43000030517578,43.900001525878906
SHY,2026-05-04,82.20999908447266,82.25
SHYG,2026-05-04,42.41999816894531,42.459999084472656
SIVR,2026-05-04,69.76000213623047,71.72000122070312
SKYY,2026-05-04,124.55999755859376,124.38999938964844
SLQD,2026-05-04,50.290000915527344,50.33000183105469
SLV,2026-05-04,66.38999938964844,68.29000091552734
SLX,2026-05-04,103.1999969482422,103.4499969482422
SMH,2026-05-04,512.469970703125,509.8200073242188
SOXX,2026-05-04,467.9299926757813,465.75
SOYB,2026-05-04,25.0,24.950000762939453
SPIB,2026-05-04,33.43000030517578,33.439998626708984
SPMB,2026-05-04,22.239999771118164,22.280000686645508
SPTL,2026-05-04,25.93000030517578,26.0
SPY,2026-05-04,720.0700073242188,720.6500244140625
SRLN,2026-05-04,40.459999084472656,40.47999954223633
STIP,2026-05-04,103.66000366210938,103.66000366210938
TIP,2026-05-04,111.2699966430664,111.3499984741211
TLH,2026-05-04,99.48999786376953,99.75
TLT,2026-05-04,85.3499984741211,85.61000061035156
TUR,2026-05-04,42.09999847412109,42.59000015258789
UGA,2026-05-04,120.1500015258789,119.22000122070312
UNG,2026-05-04,10.859999656677246,10.710000038146973
UNL,2026-05-04,6.639999866485596,6.579999923706055
USHY,2026-05-04,37.02000045776367,37.040000915527344
USIG,2026-05-04,51.02000045776367,51.09999847412109
USO,2026-05-04,143.85000610351562,142.8000030517578
VCIT,2026-05-04,82.45999908447266,82.58000183105469
VCSH,2026-05-04,78.9800033569336,78.9800033569336
VDC,2026-05-04,230.3800048828125,231.6000061035156
VGIT,2026-05-04,59.09000015258789,59.15999984741211
VGLT,2026-05-04,54.58000183105469,54.72999954223633
VHT,2026-05-04,270.2699890136719,271.3099975585937
VMBS,2026-05-04,46.75,46.790000915527344
VNQ,2026-05-04,95.73999786376952,96.05999755859376
VNQI,2026-05-04,46.720001220703125,47.130001068115234
VPU,2026-05-04,200.30999755859372,201.1199951171875
VTIP,2026-05-04,50.43999862670898,50.43000030517578
VWOB,2026-05-04,66.69000244140625,66.70999908447266
WEAT,2026-05-04,23.90999984741211,24.010000228881836
XBI,2026-05-04,129.99000549316406,130.4199981689453
XLB,2026-05-04,51.15999984741211,51.349998474121094
XLC,2026-05-04,116.625,116.72000122070312
XLE,2026-05-04,58.72999954223633,58.849998474121094
XLF,2026-05-04,51.779998779296875,51.91999816894531
XLI,2026-05-04,172.5,172.9600067138672
XLK,2026-05-04,162.7100067138672,161.8699951171875
XLP,2026-05-04,83.54000091552734,84.16999816894531
XLRE,2026-05-04,44.15999984741211,44.31999969482422
XLU,2026-05-04,46.2599983215332,46.54999923706055
XLV,2026-05-04,144.55999755859375,145.16000366210938
XLY,2026-05-04,118.3499984741211,118.62999725341797
XME,2026-05-04,118.37000274658205,118.55999755859376
XPH,2026-05-04,58.36000061035156,58.4900016784668
XRT,2026-05-04,85.0999984741211,85.58000183105469
ANGL,2026-05-05,29.06999969482422,29.040000915527344
BKLN,2026-05-05,20.6200008392334,20.600000381469727
BNO,2026-05-05,58.709999084472656,60.130001068115234
BWX,2026-05-05,22.09000015258789,22.1299991607666
CANE,2026-05-05,10.289999961853027,10.25
CEMB,2026-05-05,45.59999847412109,45.560001373291016
CIBR,2026-05-05,70.41000366210938,69.75
CORN,2026-05-05,19.0,19.1200008392334
CPER,2026-05-05,36.43000030517578,35.58000183105469
DBA,2026-05-05,28.280000686645508,28.290000915527344
DBB,2026-05-05,25.049999237060547,24.489999771118164
DBC,2026-05-05,31.190000534057617,31.32999992370605
DBE,2026-05-05,33.2400016784668,33.93000030517578
DBO,2026-05-05,22.65999984741211,23.07999992370605
DIA,2026-05-05,491.8900146484375,489.55999755859375
EBND,2026-05-05,20.86000061035156,20.799999237060547
EEM,2026-05-05,64.9800033569336,64.0999984741211
EFA,2026-05-05,101.66999816894531,100.69999694824219
EMB,2026-05-05,95.41000366210938,95.08000183105469
EMHY,2026-05-05,40.18999862670898,40.060001373291016
EMLC,2026-05-05,25.32999992370605,25.270000457763672
EPI,2026-05-05,43.04999923706055,42.810001373291016
EWA,2026-05-05,29.149999618530277,28.8799991607666
EWC,2026-05-05,58.060001373291016,57.88999938964844
EWG,2026-05-05,42.31999969482422,41.47999954223633
EWJ,2026-05-05,88.5999984741211,88.12000274658203
EWL,2026-05-05,60.900001525878906,60.31999969482422
EWN,2026-05-05,62.970001220703125,62.04999923706055
EWQ,2026-05-05,44.810001373291016,44.27000045776367
EWT,2026-05-05,92.20999908447266,90.41000366210938
EWU,2026-05-05,46.25,46.41999816894531
EWW,2026-05-05,76.62999725341797,75.6500015258789
EWY,2026-05-05,168.33999633789062,163.58999633789062
EWZ,2026-05-05,39.56999969482422,39.040000915527344
EZA,2026-05-05,68.58999633789062,67.12000274658203
EZU,2026-05-05,66.29000091552734,65.12000274658203
FALN,2026-05-05,26.979999542236328,26.94499969482422
FDN,2026-05-05,268.8999938964844,267.7200012207031
FXI,2026-05-05,36.650001525878906,36.54999923706055
GIGB,2026-05-05,45.650001525878906,45.59999847412109
GLD,2026-05-05,420.1499938964844,414.7099914550781
GLTR,2026-05-05,214.4600067138672,211.69000244140625
GOVT,2026-05-05,22.71999931335449,22.709999084472656
HYG,2026-05-05,79.88999938964844,79.80000305175781
IAU,2026-05-05,86.08999633789062,84.97000122070312
IEF,2026-05-05,94.5,94.38999938964844
IEI,2026-05-05,117.72000122070312,117.63999938964844
IGIB,2026-05-05,53.04999923706055,52.970001220703125
IGV,2026-05-05,88.58999633789062,88.44000244140625
IHI,2026-05-05,50.02000045776367,49.93000030517578
INDA,2026-05-05,49.04999923706055,48.630001068115234
ITB,2026-05-05,91.95999908447266,91.27999877929688
IWM,2026-05-05,280.1300048828125,277.8800048828125
IYR,2026-05-05,101.8499984741211,101.62999725341795
IYT,2026-05-05,78.01000213623047,77.61000061035156
JMBS,2026-05-05,45.119998931884766,45.0
JNK,2026-05-05,96.11000061035156,96.0999984741211
KRE,2026-05-05,69.12000274658203,68.98999786376953
LEMB,2026-05-05,41.70000076293945,41.59999847412109
LIT,2026-05-05,87.98999786376953,87.12000274658203
LMBS,2026-05-05,49.86000061035156,49.869998931884766
LQD,2026-05-05,108.47000122070312,108.25
MBB,2026-05-05,94.26000213623047,94.1500015258789
MDY,2026-05-05,664.6199951171875,660.3200073242188
PALL,2026-05-05,27.3439998626709,26.88599967956543
PCY,2026-05-05,21.459999084472656,21.350000381469727
PFF,2026-05-05,31.309999465942383,31.260000228881836
PPLT,2026-05-05,17.909000396728516,17.624000549316406
QLTA,2026-05-05,47.36000061035156,47.27999877929688
QQQ,2026-05-05,677.9600219726562,672.8800048828125
REM,2026-05-05,22.729999542236328,22.649999618530277
REMX,2026-05-05,103.5500030517578,102.12000274658205
RSP,2026-05-05,202.27999877929688,201.63999938964844
RWR,2026-05-05,108.8000030517578,108.58000183105467
RWX,2026-05-05,27.959999084472656,27.850000381469727
SCHH,2026-05-05,23.270000457763672,23.239999771118164
SCHO,2026-05-05,24.15999984741211,24.149999618530277
SCHP,2026-05-05,26.799999237060547,26.799999237060547
SGOL,2026-05-05,43.58000183105469,43.02000045776367
SHY,2026-05-05,82.19000244140625,82.1500015258789
SHYG,2026-05-05,42.380001068115234,42.34000015258789
SIVR,2026-05-05,70.13999938964844,69.27999877929688
SKYY,2026-05-05,128.44000244140625,126.63999938964844
SLQD,2026-05-05,50.290000915527344,50.27999877929688
SLV,2026-05-05,66.7699966430664,65.94000244140625
SLX,2026-05-05,103.44000244140624,102.3499984741211
SMH,2026-05-05,515.3800048828125,506.7900085449219
SOXX,2026-05-05,471.1400146484375,462.05999755859375
SOYB,2026-05-05,25.100000381469727,25.219999313354492
SPIB,2026-05-05,33.43000030517578,33.38999938964844
SPMB,2026-05-05,22.209999084472656,22.190000534057617
SPTL,2026-05-05,25.8700008392334,25.82999992370605
SPY,2026-05-05,721.77001953125,718.010009765625
SRLN,2026-05-05,40.47999954223633,40.47999954223633
STIP,2026-05-05,103.6500015258789,103.6500015258789
TIP,2026-05-05,111.11000061035156,111.1500015258789
TLH,2026-05-05,99.29000091552734,99.08999633789062
TLT,2026-05-05,85.1500015258789,84.95999908447266
TUR,2026-05-05,42.25,41.97999954223633
UGA,2026-05-05,120.68000030517578,123.5999984741211
UNG,2026-05-05,10.890000343322754,10.949999809265137
UNL,2026-05-05,6.659999847412109,6.699999809265137
USHY,2026-05-05,36.959999084472656,36.91999816894531
USIG,2026-05-05,51.060001373291016,50.970001220703125
USO,2026-05-05,143.91000366210938,147.61000061035156
VCIT,2026-05-05,82.51000213623047,82.37000274658203
VCSH,2026-05-05,78.98999786376953,78.93000030517578
VDC,2026-05-05,229.63999938964844,229.7899932861328
VGIT,2026-05-05,59.04999923706055,59.0099983215332
VGLT,2026-05-05,54.470001220703125,54.36000061035156
VHT,2026-05-05,272.0400085449219,271.3399963378906
VMBS,2026-05-05,46.66999816894531,46.59000015258789
VNQ,2026-05-05,95.6500015258789,95.45999908447266
VNQI,2026-05-05,46.869998931884766,46.56999969482422
VPU,2026-05-05,201.1999969482422,200.50999450683597
VTIP,2026-05-05,50.41999816894531,50.43000030517578
VWOB,2026-05-05,66.62000274658203,66.4000015258789
WEAT,2026-05-05,23.959999084472656,24.200000762939453
XBI,2026-05-05,135.14999389648438,133.5
XLB,2026-05-05,51.040000915527344,50.650001525878906
XLC,2026-05-05,116.30999755859375,116.0999984741211
XLE,2026-05-05,59.22999954223633,59.38999938964844
XLF,2026-05-05,51.56999969482422,51.58000183105469
XLI,2026-05-05,172.14999389648438,170.97999572753906
XLK,2026-05-05,163.8699951171875,162.0500030517578
XLP,2026-05-05,83.4800033569336,83.54000091552734
XLRE,2026-05-05,44.119998931884766,44.08000183105469
XLU,2026-05-05,46.529998779296875,46.369998931884766
XLV,2026-05-05,145.27999877929688,144.72999572753906
XLY,2026-05-05,118.58999633789062,117.72000122070312
XME,2026-05-05,118.1999969482422,116.95999908447266
XPH,2026-05-05,59.63999938964844,59.119998931884766
XRT,2026-05-05,83.97000122070312,83.61000061035156
ANGL,2026-05-06,29.170000076293945,29.11000061035156
BKLN,2026-05-06,20.649999618530273,20.6299991607666
BNO,2026-05-06,54.5,58.18000030517578
BWX,2026-05-06,22.36000061035156,22.1299991607666
CANE,2026-05-06,9.970000267028809,10.279999732971191
CEMB,2026-05-06,45.7599983215332,45.65999984741211
CIBR,2026-05-06,70.33499908447266,70.87000274658203
CORN,2026-05-06,18.649999618530273,18.920000076293945
CPER,2026-05-06,37.459999084472656,36.33000183105469
DBA,2026-05-06,28.1299991607666,28.3700008392334
DBB,2026-05-06,25.25,25.049999237060547
DBC,2026-05-06,30.3700008392334,31.200000762939453
DBE,2026-05-06,31.350000381469727,33.27000045776367
DBO,2026-05-06,21.40999984741211,22.709999084472656
DIA,2026-05-06,496.9800109863281,492.9599914550781
EBND,2026-05-06,21.059999465942383,20.899999618530277
EEM,2026-05-06,66.8499984741211,65.4000015258789
EFA,2026-05-06,104.5,102.04000091552734
EMB,2026-05-06,96.0999984741211,95.5199966430664
EMHY,2026-05-06,40.459999084472656,40.27999877929688
EMLC,2026-05-06,25.540000915527344,25.36000061035156
EPI,2026-05-06,43.650001525878906,43.2400016784668
EWA,2026-05-06,30.01000022888184,29.190000534057617
EWC,2026-05-06,58.34999847412109,57.70000076293945
EWG,2026-05-06,43.27999877929688,42.38999938964844
EWJ,2026-05-06,91.41000366210938,89.26000213623047
EWL,2026-05-06,62.27000045776367,61.11000061035156
EWN,2026-05-06,65.0,63.43999862670898
EWQ,2026-05-06,46.470001220703125,45.119998931884766
EWT,2026-05-06,93.91999816894533,92.7699966430664
EWU,2026-05-06,47.4900016784668,46.45000076293945
EWW,2026-05-06,78.79000091552734,77.55999755859375
EWY,2026-05-06,180.5200042724609,173.47000122070312
EWZ,2026-05-06,40.02000045776367,39.709999084472656
EZA,2026-05-06,71.08999633789062,67.76000213623047
EZU,2026-05-06,68.33000183105469,66.58999633789062
FALN,2026-05-06,27.1200008392334,27.024999618530277
FDN,2026-05-06,266.9800109863281,267.760009765625
FXI,2026-05-06,37.0099983215332,36.4900016784668
GIGB,2026-05-06,45.88999938964844,45.7400016784668
GLD,2026-05-06,430.1499938964844,418.2699890136719
GLTR,2026-05-06,220.72999572753903,212.75999450683597
GOVT,2026-05-06,22.81999969482422,22.729999542236328
HYG,2026-05-06,80.08999633789062,79.91999816894531
IAU,2026-05-06,88.12999725341797,85.69000244140625
IEF,2026-05-06,94.93000030517578,94.52999877929688
IEI,2026-05-06,118.04000091552734,117.69999694824219
IGIB,2026-05-06,53.290000915527344,53.060001373291016
IGV,2026-05-06,88.2699966430664,88.2699966430664
IHI,2026-05-06,49.90999984741211,49.790000915527344
INDA,2026-05-06,49.77000045776367,49.15999984741211
ITB,2026-05-06,94.6999969482422,92.80999755859376
IWM,2026-05-06,285.3599853515625,282.55999755859375
IYR,2026-05-06,102.51000213623048,101.94000244140624
IYT,2026-05-06,80.41000366210938,78.80999755859375
JMBS,2026-05-06,45.29999923706055,45.130001068115234
JNK,2026-05-06,96.44999694824219,96.22000122070312
KRE,2026-05-06,70.33999633789062,69.91999816894531
LEMB,2026-05-06,42.0,41.70000076293945
LIT,2026-05-06,90.04000091552734,88.44999694824219
LMBS,2026-05-06,49.959999084472656,49.84999847412109
LQD,2026-05-06,109.18000030517578,108.6500015258789
MBB,2026-05-06,94.69999694824219,94.30999755859375
MDY,2026-05-06,677.5800170898438,668.8300170898438
PALL,2026-05-06,27.775999069213867,27.054000854492188
PCY,2026-05-06,21.61000061035156,21.489999771118164
PFF,2026-05-06,31.530000686645508,31.450000762939453
PPLT,2026-05-06,18.2450008392334,17.665000915527344
QLTA,2026-05-06,47.59999847412109,47.400001525878906
QQQ,2026-05-06,687.780029296875,681.6099853515625
REM,2026-05-06,22.979999542236328,22.780000686645508
REMX,2026-05-06,107.13999938964844,103.83000183105467
RSP,2026-05-06,204.5800018310547,203.2400054931641
RWR,2026-05-06,109.77999877929688,109.12999725341795
RWX,2026-05-06,28.51000022888184,28.040000915527344
SCHH,2026-05-06,23.43000030517578,23.309999465942383
SCHO,2026-05-06,24.190000534057617,24.15999984741211
SCHP,2026-05-06,26.809999465942383,26.780000686645508
SGOL,2026-05-06,44.61000061035156,43.380001068115234
SHY,2026-05-06,82.29000091552734,82.19000244140625
SHYG,2026-05-06,42.470001220703125,42.40999984741211
SIVR,2026-05-06,73.0999984741211,69.2699966430664
SKYY,2026-05-06,129.24000549316406,130.27999877929688
SLQD,2026-05-06,50.400001525878906,50.310001373291016
SLV,2026-05-06,69.55999755859375,65.91000366210938
SLX,2026-05-06,107.8499984741211,104.72000122070312
SMH,2026-05-06,537.77001953125,522.6900024414062
SOXX,2026-05-06,497.9599914550781,482.7300109863281
SOYB,2026-05-06,24.93000030517578,25.049999237060547
SPIB,2026-05-06,33.52000045776367,33.40999984741211
SPMB,2026-05-06,22.34000015258789,22.229999542236328
SPTL,2026-05-06,26.13999938964844,25.950000762939453
SPY,2026-05-06,728.1599731445312,723.77001953125
SRLN,2026-05-06,40.540000915527344,40.470001220703125
STIP,2026-05-06,103.51000213623048,103.52999877929688
TIP,2026-05-06,111.20999908447266,111.06999969482422
TLH,2026-05-06,100.19999694824219,99.5
TLT,2026-05-06,86.05000305175781,85.43000030517578
TUR,2026-05-06,43.43999862670898,42.43999862670898
UGA,2026-05-06,114.68000030517578,120.08000183105469
UNG,2026-05-06,10.460000038146973,10.640000343322754
UNL,2026-05-06,6.409999847412109,6.53000020980835
USHY,2026-05-06,37.060001373291016,36.97999954223633
USIG,2026-05-06,51.31999969482422,51.11000061035156
USO,2026-05-06,135.3300018310547,144.1699981689453
VCIT,2026-05-06,82.8499984741211,82.51000213623047
VCSH,2026-05-06,79.0999984741211,78.95999908447266
VDC,2026-05-06,231.32000732421875,230.80999755859372
VGIT,2026-05-06,59.2400016784668,59.040000915527344
VGLT,2026-05-06,55.0099983215332,54.61000061035156
VHT,2026-05-06,272.6099853515625,272.1700134277344
VMBS,2026-05-06,46.86000061035156,46.68000030517578
VNQ,2026-05-06,96.4000015258789,95.76000213623048
VNQI,2026-05-06,48.02999877929688,47.0099983215332
VPU,2026-05-06,200.4900054931641,200.5399932861328
VTIP,2026-05-06,50.36000061035156,50.36000061035156
VWOB,2026-05-06,67.05000305175781,66.68000030517578
WEAT,2026-05-06,23.219999313354492,23.75
XBI,2026-05-06,134.91000366210938,133.7899932861328
XLB,2026-05-06,52.31999969482422,51.529998779296875
XLC,2026-05-06,116.22000122070312,115.62999725341797
XLE,2026-05-06,57.290000915527344,59.45000076293945
XLF,2026-05-06,51.91999816894531,51.59000015258789
XLI,2026-05-06,175.27999877929688,172.41000366210938
XLK,2026-05-06,167.8800048828125,165.6300048828125
XLP,2026-05-06,84.33999633789062,84.05999755859375
XLRE,2026-05-06,44.439998626708984,44.16999816894531
XLU,2026-05-06,46.279998779296875,46.369998931884766
XLV,2026-05-06,145.36000061035156,145.3000030517578
XLY,2026-05-06,118.97000122070312,118.06999969482422
XME,2026-05-06,121.51000213623048,118.87999725341795
XPH,2026-05-06,60.27000045776367,59.77000045776367
XRT,2026-05-06,85.33000183105469,84.38999938964844
ANGL,2026-05-07,29.190000534057617,29.209999084472656
BKLN,2026-05-07,20.649999618530273,20.639999389648438
BNO,2026-05-07,51.400001525878906,53.529998779296875
BWX,2026-05-07,22.440000534057617,22.34000015258789
CANE,2026-05-07,9.789999961853027,9.970000267028809
CEMB,2026-05-07,45.81999969482422,45.79999923706055
CIBR,2026-05-07,72.33000183105469,70.16999816894531
CORN,2026-05-07,18.309999465942383,18.440000534057617
CPER,2026-05-07,37.81999969482422,37.540000915527344
DBA,2026-05-07,27.8799991607666,28.059999465942383
DBB,2026-05-07,25.280000686645508,25.260000228881836
DBC,2026-05-07,29.739999771118164,30.209999084472656
DBE,2026-05-07,29.979999542236328,30.96999931335449
DBO,2026-05-07,20.6200008392334,21.229999542236328
DIA,2026-05-07,500.510009765625,499.0499877929688
EBND,2026-05-07,21.21999931335449,21.100000381469727
EEM,2026-05-07,67.66999816894531,67.48999786376953
EFA,2026-05-07,104.81999969482422,104.80999755859375
EMB,2026-05-07,96.41000366210938,96.2699966430664
EMHY,2026-05-07,40.56999969482422,40.52000045776367
EMLC,2026-05-07,25.770000457763672,25.6299991607666
EPI,2026-05-07,44.130001068115234,43.880001068115234
EWA,2026-05-07,30.09000015258789,30.1200008392334
EWC,2026-05-07,58.45000076293945,58.209999084472656
EWG,2026-05-07,43.36000061035156,43.470001220703125
EWJ,2026-05-07,91.77999877929688,91.68000030517578
EWL,2026-05-07,62.34999847412109,62.5
EWN,2026-05-07,65.63999938964844,65.86000061035156
EWQ,2026-05-07,46.54999923706055,46.720001220703125
EWT,2026-05-07,95.37000274658205,94.8499984741211
EWU,2026-05-07,47.20000076293945,47.43999862670898
EWW,2026-05-07,79.56999969482422,79.5199966430664
EWY,2026-05-07,181.3000030517578,181.97999572753903
EWZ,2026-05-07,39.47999954223633,39.900001525878906
EZA,2026-05-07,73.08000183105469,71.94999694824219
EZU,2026-05-07,68.7300033569336,68.72000122070312
FALN,2026-05-07,27.1299991607666,27.1200008392334
FDN,2026-05-07,270.7099914550781,266.8599853515625
FXI,2026-05-07,37.560001373291016,37.4900016784668
GIGB,2026-05-07,45.97999954223633,45.90999984741211
GLD,2026-05-07,435.6099853515625,430.9599914550781
GLTR,2026-05-07,226.75,221.77999877929688
GOVT,2026-05-07,22.850000381469727,22.82999992370605
HYG,2026-05-07,80.22000122070312,80.16000366210938
IAU,2026-05-07,89.2300033569336,88.30000305175781
IEF,2026-05-07,95.18000030517578,95.0
IEI,2026-05-07,118.2699966430664,118.05999755859375
IGIB,2026-05-07,53.380001068115234,53.29999923706055
IGV,2026-05-07,90.01000213623047,87.81999969482422
IHI,2026-05-07,49.93999862670898,49.709999084472656
INDA,2026-05-07,50.27999877929688,50.02999877929688
ITB,2026-05-07,95.2300033569336,95.31999969482422
IWM,2026-05-07,287.5299987792969,286.79998779296875
IYR,2026-05-07,103.0,103.27999877929688
IYT,2026-05-07,81.87999725341797,81.61000061035156
JMBS,2026-05-07,45.459999084472656,45.369998931884766
JNK,2026-05-07,96.52999877929688,96.54000091552734
KRE,2026-05-07,70.80000305175781,70.70999908447266
LEMB,2026-05-07,42.29999923706055,42.11000061035156
LIT,2026-05-07,90.51000213623048,91.5199966430664
LMBS,2026-05-07,50.06999969482422,49.9900016784668
LQD,2026-05-07,109.37000274658203,109.19000244140625
MBB,2026-05-07,94.9800033569336,94.80000305175781
MDY,2026-05-07,684.969970703125,680.9000244140625
PALL,2026-05-07,27.770000457763672,27.961999893188477
PCY,2026-05-07,21.729999542236328,21.690000534057617
PFF,2026-05-07,31.540000915527344,31.610000610351562
PPLT,2026-05-07,18.854999542236328,18.670000076293945
QLTA,2026-05-07,47.66999816894531,47.59000015258789
QQQ,2026-05-07,696.5800170898438,695.77001953125
REM,2026-05-07,22.93000030517578,22.8799991607666
REMX,2026-05-07,109.77999877929688,109.04000091552734
RSP,2026-05-07,204.9600067138672,204.8500061035156
RWR,2026-05-07,110.45999908447266,110.7300033569336
RWX,2026-05-07,28.540000915527344,28.56999969482422
SCHH,2026-05-07,23.559999465942383,23.6200008392334
SCHO,2026-05-07,24.209999084472656,24.190000534057617
SCHP,2026-05-07,26.81999969482422,26.809999465942383
SGOL,2026-05-07,45.18000030517578,44.68000030517578
SHY,2026-05-07,82.36000061035156,82.30000305175781
SHYG,2026-05-07,42.5099983215332,42.5099983215332
SIVR,2026-05-07,77.0,73.69000244140625
SKYY,2026-05-07,130.19000244140625,129.6199951171875
SLQD,2026-05-07,50.40999984741211,50.380001068115234
SLV,2026-05-07,73.27999877929688,70.12999725341797
SLX,2026-05-07,109.12999725341795,108.5500030517578
SMH,2026-05-07,545.77001953125,549.760009765625
SOXX,2026-05-07,502.9299926757813,506.8699951171875
SOYB,2026-05-07,24.610000610351562,24.770000457763672
SPIB,2026-05-07,33.58000183105469,33.529998779296875
SPMB,2026-05-07,22.38999938964844,22.350000381469727
SPTL,2026-05-07,26.209999084472656,26.149999618530277
SPY,2026-05-07,735.0499877929688,733.8300170898438
SRLN,2026-05-07,40.58000183105469,40.52999877929688
STIP,2026-05-07,103.48999786376952,103.45999908447266
TIP,2026-05-07,111.23999786376953,111.1500015258789
TLH,2026-05-07,100.56999969482422,100.27999877929688
TLT,2026-05-07,86.27999877929688,86.08000183105469
TUR,2026-05-07,43.63999938964844,43.56999969482422
UGA,2026-05-07,111.11000061035156,114.56999969482422
UNG,2026-05-07,10.359999656677246,10.449999809265137
UNL,2026-05-07,6.369999885559082,6.409999847412109
USHY,2026-05-07,37.08000183105469,37.09999847412109
USIG,2026-05-07,51.38999938964844,51.310001373291016
USO,2026-05-07,128.77000427246094,133.9499969482422
VCIT,2026-05-07,83.0,82.87000274658203
VCSH,2026-05-07,79.19000244140625,79.11000061035156
VDC,2026-05-07,230.25,230.58999633789065
VGIT,2026-05-07,59.36000061035156,59.2599983215332
VGLT,2026-05-07,55.18000030517578,55.02999877929688
VHT,2026-05-07,272.3699951171875,273.1000061035156
VMBS,2026-05-07,46.959999084472656,46.91999816894531
VNQ,2026-05-07,96.80999755859376,97.08999633789062
VNQI,2026-05-07,48.13999938964844,48.18000030517578
VPU,2026-05-07,197.8999938964844,198.0500030517578
VTIP,2026-05-07,50.33000183105469,50.33000183105469
VWOB,2026-05-07,67.19999694824219,67.16000366210938
WEAT,2026-05-07,23.079999923706055,23.31999969482422
XBI,2026-05-07,136.8000030517578,137.67999267578125
XLB,2026-05-07,52.599998474121094,52.40999984741211
XLC,2026-05-07,117.62999725341797,117.3499984741211
XLE,2026-05-07,55.869998931884766,57.0
XLF,2026-05-07,51.779998779296875,51.84000015258789
XLI,2026-05-07,177.44000244140625,176.8699951171875
XLK,2026-05-07,170.25999450683594,170.02999877929688
XLP,2026-05-07,83.93000030517578,84.23999786376953
XLRE,2026-05-07,44.564998626708984,44.7400016784668
XLU,2026-05-07,45.619998931884766,45.709999084472656
XLV,2026-05-07,145.17999267578125,145.39999389648438
XLY,2026-05-07,120.58999633789062,119.87000274658203
XME,2026-05-07,125.37000274658205,124.13999938964844
XPH,2026-05-07,60.400001525878906,60.70000076293945
XRT,2026-05-07,85.2699966430664,85.13999938964844
ANGL,2026-05-08,29.13999938964844,29.07999992370605
BKLN,2026-05-08,20.649999618530273,20.65999984741211
BNO,2026-05-08,52.70000076293945,53.66999816894531
BWX,2026-05-08,22.40999984741211,22.309999465942383
CANE,2026-05-08,9.789999961853027,9.800000190734863
CEMB,2026-05-08,45.81999969482422,45.72999954223633
CIBR,2026-05-08,73.16999816894531,73.13999938964844
CORN,2026-05-08,18.40999984741211,18.440000534057617
CPER,2026-05-08,38.15999984741211,37.349998474121094
DBA,2026-05-08,27.889999389648438,27.799999237060547
DBB,2026-05-08,25.329999923706055,25.079999923706055
DBC,2026-05-08,30.1299991607666,30.25
DBE,2026-05-08,30.84000015258789,31.229999542236328
DBO,2026-05-08,21.049999237060547,21.36000061035156
DIA,2026-05-08,498.4800109863281,495.9100036621094
EBND,2026-05-08,21.170000076293945,21.09000015258789
EEM,2026-05-08,67.33000183105469,66.58999633789062
EFA,2026-05-08,103.7699966430664,102.88999938964844
EMB,2026-05-08,96.18000030517578,95.9000015258789
EMHY,2026-05-08,40.52999877929688,40.41999816894531
EMLC,2026-05-08,25.770000457763672,25.6299991607666
EPI,2026-05-08,43.59999847412109,43.709999084472656
EWA,2026-05-08,29.6200008392334,29.479999542236328
EWC,2026-05-08,57.9900016784668,57.81999969482422
EWG,2026-05-08,42.77000045776367,42.5
EWJ,2026-05-08,92.1999969482422,90.98999786376952
EWL,2026-05-08,61.75,61.09999847412109
EWN,2026-05-08,65.08999633789062,64.41000366210938
EWQ,2026-05-08,45.59999847412109,45.540000915527344
EWT,2026-05-08,94.80999755859376,94.30999755859376
EWU,2026-05-08,46.68000030517578,46.27000045776367
EWW,2026-05-08,79.9800033569336,79.54000091552734
EWY,2026-05-08,183.72999572753903,176.75
EWZ,2026-05-08,39.470001220703125,38.79999923706055
EZA,2026-05-08,71.41000366210938,71.0
EZU,2026-05-08,67.81999969482422,67.19999694824219
FALN,2026-05-08,27.07999992370605,27.040000915527344
FDN,2026-05-08,267.2799987792969,269.9100036621094
FXI,2026-05-08,37.5,37.18999862670898
GIGB,2026-05-08,45.900001525878906,45.7599983215332
GLD,2026-05-08,434.04998779296875,431.67999267578125
GLTR,2026-05-08,225.6999969482422,223.2899932861328
GOVT,2026-05-08,22.82999992370605,22.780000686645508
HYG,2026-05-08,80.01000213623047,79.86000061035156
IAU,2026-05-08,88.94000244140625,88.45999908447266
IEF,2026-05-08,95.04000091552734,94.70999908447266
IEI,2026-05-08,118.12999725341797,117.87000274658203
IGIB,2026-05-08,53.31999969482422,53.13999938964844
IGV,2026-05-08,89.83000183105469,90.8499984741211
IHI,2026-05-08,50.150001525878906,50.0
INDA,2026-05-08,49.77999877929688,49.81999969482422
ITB,2026-05-08,93.61000061035156,92.93000030517578
IWM,2026-05-08,284.0400085449219,282.260009765625
IYR,2026-05-08,102.87000274658205,102.55999755859376
IYT,2026-05-08,80.94999694824219,80.7699966430664
JMBS,2026-05-08,45.380001068115234,45.27000045776367
JNK,2026-05-08,96.31999969482422,96.19999694824219
KRE,2026-05-08,70.12999725341797,69.94999694824219
LEMB,2026-05-08,42.310001373291016,42.119998931884766
LIT,2026-05-08,89.02999877929688,89.3499984741211
LMBS,2026-05-08,50.02000045776367,49.970001220703125
LQD,2026-05-08,109.1500015258789,108.73999786376953
MBB,2026-05-08,94.94000244140625,94.58000183105469
MDY,2026-05-08,676.7999877929688,672.3699951171875
PALL,2026-05-08,26.8700008392334,26.996000289916992
PCY,2026-05-08,21.670000076293945,21.61000061035156
PFF,2026-05-08,31.549999237060547,31.520000457763672
PPLT,2026-05-08,18.42300033569336,18.42300033569336
QLTA,2026-05-08,47.58000183105469,47.45000076293945
QQQ,2026-05-08,699.9199829101562,694.9400024414062
REM,2026-05-08,22.71999931335449,22.809999465942383
REMX,2026-05-08,107.18000030517578,106.55999755859376
RSP,2026-05-08,204.4499969482422,203.5399932861328
RWR,2026-05-08,110.25,109.91000366210938
RWX,2026-05-08,28.299999237060547,28.13999938964844
SCHH,2026-05-08,23.5,23.440000534057617
SCHO,2026-05-08,24.200000762939453,24.170000076293945
SCHP,2026-05-08,26.850000381469727,26.780000686645508
SGOL,2026-05-08,45.0099983215332,44.77000045776367
SHY,2026-05-08,82.33000183105469,82.2300033569336
SHYG,2026-05-08,42.43000030517578,42.400001525878906
SIVR,2026-05-08,77.01000213623047,75.25
SKYY,2026-05-08,128.14999389648438,129.49000549316406
SLQD,2026-05-08,50.38999938964844,50.34000015258789
SLV,2026-05-08,73.29000091552734,71.5999984741211
SLX,2026-05-08,107.1999969482422,106.4800033569336
SMH,2026-05-08,551.5800170898438,540.0999755859375
SOXX,2026-05-08,504.239990234375,492.3599853515625
SOYB,2026-05-08,24.850000381469727,24.700000762939453
SPIB,2026-05-08,33.529998779296875,33.45000076293945
SPMB,2026-05-08,22.3700008392334,22.299999237060547
SPTL,2026-05-08,26.13999938964844,26.030000686645508
SPY,2026-05-08,734.9299926757812,731.5800170898438
SRLN,2026-05-08,40.59999847412109,40.540000915527344
STIP,2026-05-08,103.56999969482422,103.41000366210938
TIP,2026-05-08,111.4000015258789,111.02999877929688
TLH,2026-05-08,100.30000305175781,99.83999633789062
TLT,2026-05-08,86.05999755859375,85.6500015258789
TUR,2026-05-08,43.83000183105469,43.2599983215332
UGA,2026-05-08,113.80999755859375,115.69000244140625
UNG,2026-05-08,10.869999885559082,10.680000305175781
UNL,2026-05-08,6.519999980926514,6.449999809265137
USHY,2026-05-08,37.02000045776367,36.97999954223633
USIG,2026-05-08,51.31999969482422,51.15999984741211
USO,2026-05-08,132.3699951171875,134.97000122070312
VCIT,2026-05-08,82.87999725341797,82.5999984741211
VCSH,2026-05-08,79.1500015258789,79.02999877929688
VDC,2026-05-08,230.8699951171875,229.94000244140625
VGIT,2026-05-08,59.27999877929688,59.150001525878906
VGLT,2026-05-08,55.040000915527344,54.790000915527344
VHT,2026-05-08,271.1400146484375,271.0899963378906
VMBS,2026-05-08,46.95000076293945,46.7599983215332
VNQ,2026-05-08,96.66999816894533,96.38999938964844
VNQI,2026-05-08,47.810001373291016,47.540000915527344
VPU,2026-05-08,196.3600006103516,195.44000244140625
VTIP,2026-05-08,50.369998931884766,50.290000915527344
VWOB,2026-05-08,67.12000274658203,66.94000244140625
WEAT,2026-05-08,23.149999618530273,23.1299991607666
XBI,2026-05-08,133.8699951171875,133.66000366210938
XLB,2026-05-08,51.810001373291016,51.400001525878906
XLC,2026-05-08,117.01499938964844,117.37999725341797
XLE,2026-05-08,55.849998474121094,55.95000076293945
XLF,2026-05-08,51.68000030517578,51.54999923706055
XLI,2026-05-08,175.14999389648438,174.0
XLK,2026-05-08,171.58999633789062,169.69000244140625
XLP,2026-05-08,84.52999877929688,83.9800033569336
XLRE,2026-05-08,44.52000045776367,44.400001525878906
XLU,2026-05-08,45.36000061035156,45.119998931884766
XLV,2026-05-08,144.58999633789062,144.72000122070312
XLY,2026-05-08,120.25,119.87999725341797
XME,2026-05-08,121.83999633789062,120.51000213623048
XPH,2026-05-08,59.75,59.7400016784668
XRT,2026-05-08,84.56999969482422,84.3499984741211
ANGL,2026-05-11,29.1299991607666,29.170000076293945
BKLN,2026-05-11,20.65999984741211,20.649999618530273
BNO,2026-05-11,54.47999954223633,53.11000061035156
BWX,2026-05-11,22.32999992370605,22.38999938964844
CANE,2026-05-11,10.0,9.859999656677246
CEMB,2026-05-11,45.75,45.81999969482422
CIBR,2026-05-11,74.86000061035156,75.31999969482422
CORN,2026-05-11,18.719999313354492,18.610000610351562
CPER,2026-05-11,39.2400016784668,38.27000045776367
DBA,2026-05-11,28.209999084472656,27.969999313354492
DBB,2026-05-11,25.760000228881836,25.31999969482422
DBC,2026-05-11,30.739999771118164,30.299999237060547
DBE,2026-05-11,31.690000534057617,31.11000061035156
DBO,2026-05-11,21.770000457763672,21.32999992370605
DIA,2026-05-11,495.7999877929688,496.1300048828125
EBND,2026-05-11,21.100000381469727,21.18000030517578
EEM,2026-05-11,67.83000183105469,67.94000244140625
EFA,2026-05-11,103.80999755859375,103.95999908447266
EMB,2026-05-11,96.12999725341797,96.1500015258789
EMHY,2026-05-11,40.52000045776367,40.540000915527344
EMLC,2026-05-11,25.649999618530277,25.709999084472656
EPI,2026-05-11,42.7400016784668,43.70000076293945
EWA,2026-05-11,29.63999938964844,29.540000915527344
EWC,2026-05-11,58.18999862670898,58.09000015258789
EWG,2026-05-11,42.5,42.650001525878906
EWJ,2026-05-11,92.08000183105467,92.22000122070312
EWL,2026-05-11,61.59999847412109,61.79999923706055
EWN,2026-05-11,65.55999755859375,65.68000030517578
EWQ,2026-05-11,45.5,45.7599983215332
EWT,2026-05-11,96.38999938964844,96.11000061035156
EWU,2026-05-11,46.79999923706055,46.70000076293945
EWW,2026-05-11,79.76000213623047,79.87000274658203
EWY,2026-05-11,190.8699951171875,190.1999969482422
EWZ,2026-05-11,39.150001525878906,39.119998931884766
EZA,2026-05-11,72.08999633789062,71.69999694824219
EZU,2026-05-11,67.5999984741211,67.86000061035156
FALN,2026-05-11,27.09000015258789,27.1299991607666
FDN,2026-05-11,265.4700012207031,267.6000061035156
FXI,2026-05-11,37.5099983215332,37.2400016784668
GIGB,2026-05-11,45.869998931884766,45.91999816894531
GLD,2026-05-11,434.17999267578125,433.7699890136719
GLTR,2026-05-11,230.3600006103516,225.7700042724609
GOVT,2026-05-11,22.809999465942383,22.81999969482422
HYG,2026-05-11,80.08000183105469,80.13999938964844
IAU,2026-05-11,88.97000122070312,88.87000274658203
IEF,2026-05-11,94.86000061035156,94.95999908447266
IEI,2026-05-11,117.97000122070312,118.05000305175781
IGIB,2026-05-11,53.2599983215332,53.310001373291016
IGV,2026-05-11,90.0999984741211,91.1500015258789
IHI,2026-05-11,48.880001068115234,49.0099983215332
INDA,2026-05-11,48.7400016784668,49.84000015258789
ITB,2026-05-11,92.9000015258789,93.0
IWM,2026-05-11,284.9200134277344,284.1700134277344
IYR,2026-05-11,102.8000030517578,102.7699966430664
IYT,2026-05-11,80.61000061035156,80.77999877929688
JMBS,2026-05-11,45.31999969482422,45.38999938964844
JNK,2026-05-11,96.5,96.5199966430664
KRE,2026-05-11,70.05999755859375,69.8499984741211
LEMB,2026-05-11,42.22999954223633,42.31999969482422
LIT,2026-05-11,90.41999816894533,90.16999816894533
LMBS,2026-05-11,50.040000915527344,50.0
LQD,2026-05-11,109.04000091552734,109.19999694824219
MBB,2026-05-11,94.7699966430664,94.91000366210938
MDY,2026-05-11,676.2000122070312,675.239990234375
PALL,2026-05-11,27.6299991607666,26.941999435424805
PCY,2026-05-11,21.61000061035156,21.670000076293945
PFF,2026-05-11,31.65999984741211,31.719999313354492
PPLT,2026-05-11,19.134000778198242,18.60099983215332
QLTA,2026-05-11,47.540000915527344,47.61000061035156
QQQ,2026-05-11,710.3599853515625,711.22998046875
REM,2026-05-11,22.809999465942383,22.780000686645508
REMX,2026-05-11,108.45999908447266,106.37999725341795
RSP,2026-05-11,204.4600067138672,204.1000061035156
RWR,2026-05-11,110.55999755859376,110.41000366210938
RWX,2026-05-11,28.280000686645508,28.25
SCHH,2026-05-11,23.56999969482422,23.530000686645508
SCHO,2026-05-11,24.190000534057617,24.200000762939453
SCHP,2026-05-11,26.86000061035156,26.86000061035156
SGOL,2026-05-11,45.02999877929688,44.9900016784668
SHY,2026-05-11,82.27999877929688,82.30000305175781
SHYG,2026-05-11,42.47999954223633,42.5
SIVR,2026-05-11,80.95999908447266,76.73999786376953
SKYY,2026-05-11,129.0,129.88999938964844
SLQD,2026-05-11,50.38999938964844,50.400001525878906
SLV,2026-05-11,77.05000305175781,73.01000213623047
SLX,2026-05-11,108.7300033569336,108.1500015258789
SMH,2026-05-11,570.260009765625,566.5399780273438
SOXX,2026-05-11,524.0800170898438,520.2999877929688
SOYB,2026-05-11,25.209999084472656,25.0
SPIB,2026-05-11,33.5099983215332,33.529998779296875
SPMB,2026-05-11,22.34000015258789,22.3799991607666
SPTL,2026-05-11,26.09000015258789,26.13999938964844
SPY,2026-05-11,736.4500122070312,737.6199951171875
SRLN,2026-05-11,40.59999847412109,40.58000183105469
STIP,2026-05-11,103.62999725341795,103.5999984741211
TIP,2026-05-11,111.3499984741211,111.4000015258789
TLH,2026-05-11,100.08999633789062,100.26000213623047
TLT,2026-05-11,85.87999725341797,86.08000183105469
TUR,2026-05-11,43.93000030517578,43.560001373291016
UGA,2026-05-11,118.4800033569336,116.73999786376953
UNG,2026-05-11,10.949999809265137,10.569999694824219
UNL,2026-05-11,6.489999771118164,6.409999847412109
USHY,2026-05-11,37.06999969482422,37.06999969482422
USIG,2026-05-11,51.27000045776367,51.31999969482422
USO,2026-05-11,136.69000244140625,133.58999633789062
VCIT,2026-05-11,82.81999969482422,82.88999938964844
VCSH,2026-05-11,79.0999984741211,79.12999725341797
VDC,2026-05-11,229.92999267578125,230.2400054931641
VGIT,2026-05-11,59.209999084472656,59.2400016784668
VGLT,2026-05-11,54.90999984741211,55.02000045776367
VHT,2026-05-11,269.19000244140625,268.9800109863281
VMBS,2026-05-11,46.86000061035156,46.95000076293945
VNQ,2026-05-11,96.9000015258789,96.62000274658205
VNQI,2026-05-11,47.810001373291016,47.720001220703125
VPU,2026-05-11,195.1300048828125,193.8999938964844
VTIP,2026-05-11,50.40999984741211,50.400001525878906
VWOB,2026-05-11,67.02999877929688,67.08000183105469
WEAT,2026-05-11,23.639999389648438,23.40999984741211
XBI,2026-05-11,135.24000549316406,134.7100067138672
XLB,2026-05-11,51.86000061035156,51.59000015258789
XLC,2026-05-11,116.5199966430664,116.94000244140625
XLE,2026-05-11,56.2599983215332,55.70000076293945
XLF,2026-05-11,51.2599983215332,51.2400016784668
XLI,2026-05-11,173.24000549316406,173.1999969482422
XLK,2026-05-11,176.14999389648438,175.52000427246094
XLP,2026-05-11,84.08000183105469,84.18000030517578
XLRE,2026-05-11,44.38999938964844,44.40999984741211
XLU,2026-05-11,45.099998474121094,44.720001220703125
XLV,2026-05-11,143.75,143.49000549316406
XLY,2026-05-11,119.37999725341797,120.19999694824219
XME,2026-05-11,121.62999725341795,120.9499969482422
XPH,2026-05-11,58.970001220703125,58.880001068115234
XRT,2026-05-11,84.51000213623047,84.72000122070312
ANGL,2026-05-12,29.020000457763672,29.09000015258789
BKLN,2026-05-12,20.65999984741211,20.649999618530273
BNO,2026-05-12,57.0099983215332,55.02000045776367
BWX,2026-05-12,22.18000030517578,22.290000915527344
CANE,2026-05-12,10.020000457763672,10.050000190734863
CEMB,2026-05-12,45.65999984741211,45.70000076293945
CIBR,2026-05-12,75.61000061035156,75.43000030517578
CORN,2026-05-12,18.90999984741211,18.760000228881836
CPER,2026-05-12,39.400001525878906,39.38999938964844
DBA,2026-05-12,28.40999984741211,28.329999923706055
DBB,2026-05-12,25.81999969482422,25.920000076293945
DBC,2026-05-12,31.479999542236328,31.059999465942383
DBE,2026-05-12,33.09000015258789,32.150001525878906
DBO,2026-05-12,22.81999969482422,22.170000076293945
DIA,2026-05-12,496.510009765625,497.1099853515625
EBND,2026-05-12,20.959999084472656,21.11000061035156
EEM,2026-05-12,66.22000122070312,67.88999938964844
EFA,2026-05-12,103.0,103.73999786376953
EMB,2026-05-12,95.7699966430664,95.97000122070312
EMHY,2026-05-12,40.41999816894531,40.470001220703125
EMLC,2026-05-12,25.520000457763672,25.6200008392334
EPI,2026-05-12,41.86000061035156,42.54999923706055
EWA,2026-05-12,29.209999084472656,29.59000015258789
EWC,2026-05-12,57.95000076293945,58.13999938964844
EWG,2026-05-12,42.0,42.52999877929688
EWJ,2026-05-12,92.0199966430664,92.26000213623048
EWL,2026-05-12,61.22999954223633,61.52000045776367
EWN,2026-05-12,64.29000091552734,65.47000122070312
EWQ,2026-05-12,45.02000045776367,45.4900016784668
EWT,2026-05-12,94.3499984741211,97.1500015258789
EWU,2026-05-12,46.29999923706055,46.650001525878906
EWW,2026-05-12,79.77999877929688,80.22000122070312
EWY,2026-05-12,181.9900054931641,192.8500061035156
EWZ,2026-05-12,38.33000183105469,38.65999984741211
EZA,2026-05-12,70.04000091552734,71.73999786376953
EZU,2026-05-12,66.75,67.61000061035156
FALN,2026-05-12,26.979999542236328,27.041000366210938
FDN,2026-05-12,262.9700012207031,263.760009765625
FXI,2026-05-12,37.43999862670898,37.470001220703125
GIGB,2026-05-12,45.68000030517578,45.83000183105469
GLD,2026-05-12,430.70001220703125,434.6499938964844
GLTR,2026-05-12,228.6199951171875,231.6199951171875
GOVT,2026-05-12,22.71999931335449,22.770000457763672
HYG,2026-05-12,79.81999969482422,79.9800033569336
IAU,2026-05-12,88.23999786376953,89.05999755859375
IEF,2026-05-12,94.41999816894531,94.63999938964844
IEI,2026-05-12,117.5999984741211,117.80000305175781
IGIB,2026-05-12,53.09000015258789,53.20000076293945
IGV,2026-05-12,90.6999969482422,90.69000244140624
IHI,2026-05-12,47.97999954223633,47.54999923706055
INDA,2026-05-12,47.59000015258789,48.41999816894531
ITB,2026-05-12,91.5999984741211,91.48999786376952
IWM,2026-05-12,284.0400085449219,285.3299865722656
IYR,2026-05-12,103.0500030517578,102.83999633789062
IYT,2026-05-12,79.7699966430664,80.05999755859375
JMBS,2026-05-12,45.15999984741211,45.29999923706055
JNK,2026-05-12,96.13999938964844,96.31999969482422
KRE,2026-05-12,68.63999938964844,68.55000305175781
LEMB,2026-05-12,42.0099983215332,42.13999938964844
LIT,2026-05-12,88.86000061035156,91.62000274658205
LMBS,2026-05-12,50.0099983215332,49.97999954223633
LQD,2026-05-12,108.61000061035156,108.93000030517578
MBB,2026-05-12,94.4000015258789,94.66999816894531
MDY,2026-05-12,672.3300170898438,673.6300048828125
PALL,2026-05-12,26.79800033569336,27.483999252319336
PCY,2026-05-12,21.51000022888184,21.57999992370605
PFF,2026-05-12,31.549999237060547,31.68000030517578
PPLT,2026-05-12,19.07200050354004,19.29599952697754
QLTA,2026-05-12,47.380001068115234,47.5
QQQ,2026-05-12,708.219970703125,713.2899780273438
REM,2026-05-12,22.420000076293945,22.459999084472656
REMX,2026-05-12,107.5,109.52999877929688
RSP,2026-05-12,203.72999572753903,203.9900054931641
RWR,2026-05-12,110.6500015258789,110.5
RWX,2026-05-12,27.920000076293945,28.18000030517578
SCHH,2026-05-12,23.51000022888184,23.549999237060547
SCHO,2026-05-12,24.15999984741211,24.18000030517578
SCHP,2026-05-12,26.82999992370605,26.850000381469727
SGOL,2026-05-12,44.66999816894531,45.09000015258789
SHY,2026-05-12,82.18000030517578,82.22000122070312
SHYG,2026-05-12,42.369998931884766,42.43000030517578
SIVR,2026-05-12,80.30999755859375,81.91000366210938
SKYY,2026-05-12,127.47000122070312,128.16000366210938
SLQD,2026-05-12,50.34000015258789,50.34999847412109
SLV,2026-05-12,76.5,78.0
SLX,2026-05-12,108.22000122070312,108.66000366210938
SMH,2026-05-12,565.010009765625,576.3099975585938
SOXX,2026-05-12,520.8499755859375,532.760009765625
SOYB,2026-05-12,25.190000534057617,25.079999923706055
SPIB,2026-05-12,33.43000030517578,33.47999954223633
SPMB,2026-05-12,22.239999771118164,22.309999465942383
SPTL,2026-05-12,25.88999938964844,25.989999771118164
SPY,2026-05-12,736.8900146484375,739.2999877929688
SRLN,2026-05-12,40.619998931884766,40.61000061035156
STIP,2026-05-12,103.76000213623048,103.69000244140624
TIP,2026-05-12,111.27999877929688,111.30999755859375
TLH,2026-05-12,99.33999633789062,99.7699966430664
TLT,2026-05-12,85.19000244140625,85.55999755859375
TUR,2026-05-12,43.209999084472656,43.7400016784668
UGA,2026-05-12,122.66000366210938,119.56999969482422
UNG,2026-05-12,10.989999771118164,11.220000267028809
UNL,2026-05-12,6.5,6.590000152587891
USHY,2026-05-12,36.93000030517578,36.9900016784668
USIG,2026-05-12,51.09999847412109,51.209999084472656
USO,2026-05-12,143.8300018310547,138.66000366210938
VCIT,2026-05-12,82.52999877929688,82.70999908447266
VCSH,2026-05-12,78.9800033569336,79.08000183105469
VDC,2026-05-12,228.50999450683597,227.5800018310547
VGIT,2026-05-12,59.0,59.11000061035156
VGLT,2026-05-12,54.4900016784668,54.720001220703125
VHT,2026-05-12,268.739990234375,267.95001220703125
VMBS,2026-05-12,46.68000030517578,46.81999969482422
VNQ,2026-05-12,96.62000274658205,96.69000244140624
VNQI,2026-05-12,47.34999847412109,47.77999877929688
VPU,2026-05-12,195.33999633789065,195.6199951171875
VTIP,2026-05-12,50.47999954223633,50.43999862670898
VWOB,2026-05-12,66.77999877929688,66.95999908447266
WEAT,2026-05-12,24.360000610351562,23.989999771118164
XBI,2026-05-12,134.4199981689453,134.75
XLB,2026-05-12,52.0,52.2599983215332
XLC,2026-05-12,115.68000030517578,115.58000183105469
XLE,2026-05-12,57.72999954223633,57.16999816894531
XLF,2026-05-12,51.18000030517578,51.18000030517578
XLI,2026-05-12,174.42999267578125,175.0399932861328
XLK,2026-05-12,176.14999389648438,177.8800048828125
XLP,2026-05-12,83.70999908447266,83.37000274658203
XLRE,2026-05-12,44.52000045776367,44.56999969482422
XLU,2026-05-12,45.060001373291016,45.13999938964844
XLV,2026-05-12,143.80999755859375,143.0399932861328
XLY,2026-05-12,119.02999877929688,119.37000274658203
XME,2026-05-12,122.94000244140624,124.54000091552734
XPH,2026-05-12,58.2599983215332,58.380001068115234
XRT,2026-05-12,81.37999725341797,81.66000366210938
ANGL,2026-05-13,28.96999931335449,29.020000457763672
BKLN,2026-05-13,20.6299991607666,20.639999389648438
BNO,2026-05-13,56.72999954223633,56.88999938964844
BWX,2026-05-13,22.11000061035156,22.13999938964844
CANE,2026-05-13,10.15999984741211,10.06999969482422
CEMB,2026-05-13,45.68000030517578,45.68000030517578
CIBR,2026-05-13,74.2300033569336,74.83999633789062
CORN,2026-05-13,18.969999313354492,18.93000030517578
CPER,2026-05-13,40.459999084472656,40.439998626708984
DBA,2026-05-13,28.540000915527344,28.56999969482422
DBB,2026-05-13,26.34000015258789,26.229999542236328
DBC,2026-05-13,31.600000381469727,31.690000534057617
DBE,2026-05-13,33.08000183105469,33.25
DBO,2026-05-13,22.65999984741211,22.86000061035156
DIA,2026-05-13,496.1600036621094,497.8900146484375
EBND,2026-05-13,20.940000534057617,20.950000762939453
EEM,2026-05-13,66.56999969482422,65.81999969482422
EFA,2026-05-13,103.01000213623047,103.13999938964844
EMB,2026-05-13,95.52999877929688,95.72000122070312
EMHY,2026-05-13,40.31999969482422,40.400001525878906
EMLC,2026-05-13,25.5,25.520000457763672
EPI,2026-05-13,41.95000076293945,41.81999969482422
EWA,2026-05-13,29.01000022888184,29.31999969482422
EWC,2026-05-13,58.09000015258789,58.27000045776367
EWG,2026-05-13,41.880001068115234,41.93999862670898
EWJ,2026-05-13,92.69000244140624,92.05999755859376
EWL,2026-05-13,61.2599983215332,61.47999954223633
EWN,2026-05-13,64.55999755859375,64.02999877929688
EWQ,2026-05-13,44.75,45.11000061035156
EWT,2026-05-13,93.98999786376952,93.7699966430664
EWU,2026-05-13,46.36000061035156,46.59999847412109
EWW,2026-05-13,80.01000213623047,79.98999786376953
EWY,2026-05-13,187.50999450683597,178.5
EWZ,2026-05-13,37.81999969482422,38.2400016784668
EZA,2026-05-13,70.0199966430664,70.70999908447266
EZU,2026-05-13,66.58999633789062,66.77999877929688
FALN,2026-05-13,26.93000030517578,26.981000900268555
FDN,2026-05-13,262.010009765625,262.8999938964844
FXI,2026-05-13,37.119998931884766,37.33000183105469
GIGB,2026-05-13,45.68999862670898,45.68999862670898
GLD,2026-05-13,430.5199890136719,432.92999267578125
GLTR,2026-05-13,230.97999572753903,231.6999969482422
GOVT,2026-05-13,22.700000762939453,22.700000762939453
HYG,2026-05-13,79.83999633789062,79.87000274658203
IAU,2026-05-13,88.22000122070312,88.70999908447266
IEF,2026-05-13,94.30000305175781,94.31999969482422
IEI,2026-05-13,117.51000213623047,117.52999877929688
IGIB,2026-05-13,53.04999923706055,53.060001373291016
IGV,2026-05-13,88.81999969482422,89.44000244140625
IHI,2026-05-13,48.290000915527344,48.70000076293945
INDA,2026-05-13,47.70000076293945,47.52000045776367
ITB,2026-05-13,90.0,90.3499984741211
IWM,2026-05-13,282.9200134277344,282.57000732421875
IYR,2026-05-13,102.41999816894533,102.8499984741211
IYT,2026-05-13,79.1500015258789,79.5
JMBS,2026-05-13,45.06999969482422,45.11000061035156
JNK,2026-05-13,96.11000061035156,96.18000030517578
KRE,2026-05-13,68.01000213623047,68.2300033569336
LEMB,2026-05-13,41.970001220703125,41.97999954223633
LIT,2026-05-13,88.81999969482422,89.47000122070312
LMBS,2026-05-13,47.869998931884766,49.89500045776367
LQD,2026-05-13,108.52999877929688,108.55999755859375
MBB,2026-05-13,94.12999725341797,94.22000122070312
MDY,2026-05-13,670.6799926757812,669.0499877929688
PALL,2026-05-13,26.917999267578125,27.20800018310547
PCY,2026-05-13,21.450000762939453,21.489999771118164
PFF,2026-05-13,31.5,31.56999969482422
PPLT,2026-05-13,19.329999923706055,19.312999725341797
QLTA,2026-05-13,47.36000061035156,47.34999847412109
QQQ,2026-05-13,709.9600219726562,707.239990234375
REM,2026-05-13,22.239999771118164,22.270000457763672
REMX,2026-05-13,107.91999816894533,108.02999877929688
RSP,2026-05-13,203.67999267578125,203.80999755859372
RWR,2026-05-13,110.27999877929688,110.73999786376952
RWX,2026-05-13,27.75,27.81999969482422
SCHH,2026-05-13,23.5,23.57999992370605
SCHO,2026-05-13,24.15999984741211,24.149999618530277
SCHP,2026-05-13,26.81999969482422,26.780000686645508
SGOL,2026-05-13,44.650001525878906,44.90999984741211
SHY,2026-05-13,82.18000030517578,82.16000366210938
SHYG,2026-05-13,42.369998931884766,42.38999938964844
SIVR,2026-05-13,82.63999938964844,82.54000091552734
SKYY,2026-05-13,125.3000030517578,125.58999633789062
SLQD,2026-05-13,50.310001373291016,50.310001373291016
SLV,2026-05-13,78.66000366210938,78.55000305175781
SLX,2026-05-13,107.9499969482422,107.72000122070312
SMH,2026-05-13,571.7999877929688,561.25
SOXX,2026-05-13,527.6199951171875,515.989990234375
SOYB,2026-05-13,25.350000381469727,25.309999465942383
SPIB,2026-05-13,33.43000030517578,33.40999984741211
SPMB,2026-05-13,22.18000030517578,22.21999931335449
SPTL,2026-05-13,25.82999992370605,25.84000015258789
SPY,2026-05-13,738.469970703125,738.1799926757812
SRLN,2026-05-13,40.54999923706055,40.58000183105469
STIP,2026-05-13,103.75,103.70999908447266
TIP,2026-05-13,111.16999816894531,111.12000274658203
TLH,2026-05-13,99.12000274658203,99.16000366210938
TLT,2026-05-13,84.94000244140625,84.98999786376953
TUR,2026-05-13,42.27999877929688,42.88999938964844
UGA,2026-05-13,121.37000274658203,122.68000030517578
UNG,2026-05-13,11.199999809265137,10.90999984741211
UNL,2026-05-13,6.510000228881836,6.46999979019165
USHY,2026-05-13,36.93999862670898,36.959999084472656
USIG,2026-05-13,51.04999923706055,51.06999969482422
USO,2026-05-13,143.9199981689453,144.3000030517578
VCIT,2026-05-13,82.47000122070312,82.48999786376953
VCSH,2026-05-13,79.01000213623047,78.97000122070312
VDC,2026-05-13,229.8800048828125,230.58999633789065
VGIT,2026-05-13,58.95000076293945,58.970001220703125
VGLT,2026-05-13,54.34999847412109,54.380001068115234
VHT,2026-05-13,271.989990234375,272.92999267578125
VMBS,2026-05-13,46.59999847412109,46.63999938964844
VNQ,2026-05-13,96.2300033569336,96.69000244140624
VNQI,2026-05-13,46.970001220703125,47.36000061035156
VPU,2026-05-13,194.6100006103516,195.91000366210935
VTIP,2026-05-13,50.47999954223633,50.459999084472656
VWOB,2026-05-13,66.66999816894531,66.76000213623047
WEAT,2026-05-13,25.299999237060547,25.489999771118164
XBI,2026-05-13,134.6199951171875,134.91000366210938
XLB,2026-05-13,52.130001068115234,52.13999938964844
XLC,2026-05-13,115.52200317382812,115.86000061035156
XLE,2026-05-13,57.470001220703125,57.56999969482422
XLF,2026-05-13,51.13999938964844,51.58000183105469
XLI,2026-05-13,174.24000549316406,174.35000610351562
XLK,2026-05-13,177.27000427246094,175.1999969482422
XLP,2026-05-13,84.19999694824219,84.44000244140625
XLRE,2026-05-13,44.22999954223633,44.58000183105469
XLU,2026-05-13,44.79999923706055,45.189998626708984
XLV,2026-05-13,145.32000732421875,145.85000610351562
XLY,2026-05-13,118.05999755859375,118.29000091552734
XME,2026-05-13,123.69000244140624,123.5999984741211
XPH,2026-05-13,58.16999816894531,58.22999954223633
XRT,2026-05-13,80.01000213623047,80.69999694824219
ANGL,2026-05-14,29.059999465942383,29.01000022888184
BKLN,2026-05-14,20.65999984741211,20.649999618530273
BNO,2026-05-14,55.369998931884766,55.849998474121094
BWX,2026-05-14,22.13999938964844,22.11000061035156
CANE,2026-05-14,10.050000190734863,10.279999732971191
CEMB,2026-05-14,45.650001525878906,45.630001068115234
CIBR,2026-05-14,76.74500274658203,75.8499984741211
CORN,2026-05-14,18.690000534057617,18.979999542236328
CPER,2026-05-14,40.15999984741211,40.27000045776367
DBA,2026-05-14,28.329999923706055,28.729999542236328
DBB,2026-05-14,26.200000762939453,26.260000228881836
DBC,2026-05-14,31.049999237060547,31.3700008392334
DBE,2026-05-14,32.130001068115234,32.470001220703125
DBO,2026-05-14,22.15999984741211,22.3700008392334
DIA,2026-05-14,501.3900146484375,497.1400146484375
EBND,2026-05-14,20.940000534057617,20.93000030517578
EEM,2026-05-14,66.94999694824219,67.20999908447266
EFA,2026-05-14,103.79000091552734,103.83000183105469
EMB,2026-05-14,95.77999877929688,95.54000091552734
EMHY,2026-05-14,40.34999847412109,40.290000915527344
EMLC,2026-05-14,25.5,25.51000022888184
EPI,2026-05-14,42.290000915527344,42.209999084472656
EWA,2026-05-14,29.3700008392334,29.1200008392334
EWC,2026-05-14,57.869998931884766,57.7400016784668
EWG,2026-05-14,42.400001525878906,42.15999984741211
EWJ,2026-05-14,92.37000274658205,93.08999633789062
EWL,2026-05-14,61.84000015258789,61.7599983215332
EWN,2026-05-14,65.51000213623047,65.33999633789062
EWQ,2026-05-14,45.16999816894531,45.13999938964844
EWT,2026-05-14,94.5199966430664,94.86000061035156
EWU,2026-05-14,46.91999816894531,46.900001525878906
EWW,2026-05-14,80.1500015258789,80.2699966430664
EWY,2026-05-14,189.0,188.6300048828125
EWZ,2026-05-14,37.18999862670898,36.77999877929688
EZA,2026-05-14,70.62000274658203,70.7699966430664
EZU,2026-05-14,67.54000091552734,67.26000213623047
FALN,2026-05-14,27.020000457763672,26.95499992370605
FDN,2026-05-14,267.010009765625,264.6499938964844
FXI,2026-05-14,37.36000061035156,38.2599983215332
GIGB,2026-05-14,45.810001373291016,45.70800018310547
GLD,2026-05-14,430.29998779296875,430.5
GLTR,2026-05-14,229.2400054931641,232.05999755859372
GOVT,2026-05-14,22.739999771118164,22.700000762939453
HYG,2026-05-14,79.97000122070312,79.91000366210938
IAU,2026-05-14,88.19000244140625,88.19000244140625
IEF,2026-05-14,94.54000091552734,94.31999969482422
IEI,2026-05-14,117.72000122070312,117.58000183105469
IGIB,2026-05-14,53.150001525878906,53.08000183105469
IGV,2026-05-14,88.69999694824219,88.5999984741211
IHI,2026-05-14,48.61000061035156,48.5099983215332
INDA,2026-05-14,48.18000030517578,47.97999954223633
ITB,2026-05-14,89.52999877929688,88.97000122070312
IWM,2026-05-14,283.8399963378906,282.6700134277344
IYR,2026-05-14,102.38999938964844,102.01000213623048
IYT,2026-05-14,79.16999816894531,78.98999786376953
JMBS,2026-05-14,45.2400016784668,45.130001068115234
JNK,2026-05-14,96.22000122070312,96.18000030517578
KRE,2026-05-14,67.69999694824219,67.13999938964844
LEMB,2026-05-14,41.9900016784668,41.91999816894531
LIT,2026-05-14,88.19999694824219,89.58000183105469
LMBS,2026-05-14,49.95000076293945,49.88999938964844
LQD,2026-05-14,108.88999938964844,108.62000274658203
MBB,2026-05-14,94.55999755859375,94.3499984741211
MDY,2026-05-14,670.530029296875,667.4199829101562
PALL,2026-05-14,26.464000701904297,27.354000091552734
PCY,2026-05-14,21.479999542236328,21.420000076293945
PFF,2026-05-14,31.600000381469727,31.579999923706055
PPLT,2026-05-14,18.899999618530273,19.548999786376953
QLTA,2026-05-14,47.4900016784668,47.36000061035156
QQQ,2026-05-14,714.6199951171875,714.7100219726562
REM,2026-05-14,22.200000762939453,22.1200008392334
REMX,2026-05-14,103.25,106.26000213623048
RSP,2026-05-14,203.4600067138672,202.9199981689453
RWR,2026-05-14,110.5,110.20999908447266
RWX,2026-05-14,27.700000762939453,27.739999771118164
SCHH,2026-05-14,23.51000022888184,23.420000076293945
SCHO,2026-05-14,24.170000076293945,24.149999618530277
SCHP,2026-05-14,26.82999992370605,26.790000915527344
SGOL,2026-05-14,44.650001525878906,44.65999984741211
SHY,2026-05-14,82.22000122070312,82.19000244140625
SHYG,2026-05-14,42.43999862670898,42.41999816894531
SIVR,2026-05-14,81.22000122070312,83.38999938964844
SKYY,2026-05-14,125.94000244140624,125.62000274658205
SLQD,2026-05-14,50.369998931884766,50.34999847412109
SLV,2026-05-14,77.29000091552734,79.3499984741211
SLX,2026-05-14,109.18000030517578,109.7699966430664
SMH,2026-05-14,570.8400268554688,572.4600219726562
SOXX,2026-05-14,526.5,528.2899780273438
SOYB,2026-05-14,24.959999084472656,25.360000610351562
SPIB,2026-05-14,33.47999954223633,33.43000030517578
SPMB,2026-05-14,22.280000686645508,22.21999931335449
SPTL,2026-05-14,25.920000076293945,25.780000686645508
SPY,2026-05-14,743.6500244140625,742.3099975585938
SRLN,2026-05-14,40.59000015258789,40.59000015258789
STIP,2026-05-14,103.7300033569336,103.72000122070312
TIP,2026-05-14,111.23999786376953,111.12000274658203
TLH,2026-05-14,99.52999877929688,99.05999755859375
TLT,2026-05-14,85.26000213623047,84.80000305175781
TUR,2026-05-14,42.27999877929688,42.369998931884766
UGA,2026-05-14,117.83999633789062,119.98999786376953
UNG,2026-05-14,10.819999694824219,10.979999542236328
UNL,2026-05-14,6.389999866485596,6.420000076293945
USHY,2026-05-14,36.97999954223633,36.970001220703125
USIG,2026-05-14,51.16999816894531,51.09000015258789
USO,2026-05-14,140.94000244140625,142.0399932861328
VCIT,2026-05-14,82.69000244140625,82.55999755859375
VCSH,2026-05-14,79.05999755859375,79.0199966430664
VDC,2026-05-14,231.6999969482422,231.22999572753903
VGIT,2026-05-14,59.04999923706055,58.97999954223633
VGLT,2026-05-14,54.560001373291016,54.27999877929688
VHT,2026-05-14,274.7300109863281,274.4100036621094
VMBS,2026-05-14,46.88999938964844,46.68999862670898
VNQ,2026-05-14,96.16000366210938,95.88999938964844
VNQI,2026-05-14,46.810001373291016,47.15999984741211
VPU,2026-05-14,193.5500030517578,193.5200042724609
VTIP,2026-05-14,50.470001220703125,50.459999084472656
VWOB,2026-05-14,66.69000244140625,66.5999984741211
WEAT,2026-05-14,25.020000457763672,25.3700008392334
XBI,2026-05-14,136.25999450683594,135.85000610351562
XLB,2026-05-14,52.119998931884766,52.060001373291016
XLC,2026-05-14,117.0999984741211,116.76000213623047
XLE,2026-05-14,57.650001525878906,57.630001068115234
XLF,2026-05-14,51.27000045776367,50.9900016784668
XLI,2026-05-14,174.1699981689453,173.6199951171875
XLK,2026-05-14,177.36000061035156,176.85000610351562
XLP,2026-05-14,84.94999694824219,84.72000122070312
XLRE,2026-05-14,44.33000183105469,44.209999084472656
XLU,2026-05-14,44.630001068115234,44.66999816894531
XLV,2026-05-14,146.85000610351562,146.7100067138672
XLY,2026-05-14,119.01000213623047,118.72000122070312
XME,2026-05-14,123.66999816894533,123.33999633789062
XPH,2026-05-14,59.20000076293945,59.09999847412109
XRT,2026-05-14,80.76000213623047,79.75
ANGL,2026-05-15,28.8799991607666,29.01000022888184
BKLN,2026-05-15,20.649999618530273,20.65999984741211
BNO,2026-05-15,57.060001373291016,56.209999084472656
BWX,2026-05-15,21.850000381469727,22.049999237060547
CANE,2026-05-15,9.9399995803833,10.100000381469728
CEMB,2026-05-15,45.47999954223633,45.650001525878906
CIBR,2026-05-15,77.75,78.36000061035156
CORN,2026-05-15,18.3700008392334,18.530000686645508
CPER,2026-05-15,38.25,40.02000045776367
DBA,2026-05-15,27.920000076293945,28.25
DBB,2026-05-15,25.34000015258789,26.18000030517578
DBC,2026-05-15,31.030000686645508,31.149999618530277
DBE,2026-05-15,32.959999084472656,32.459999084472656
DBO,2026-05-15,22.84000015258789,22.440000534057617
DIA,2026-05-15,497.3200073242188,500.7999877929688
EBND,2026-05-15,20.76000022888184,20.93000030517578
EEM,2026-05-15,65.2300033569336,67.37999725341797
EFA,2026-05-15,102.01000213623047,103.45999908447266
EMB,2026-05-15,95.05999755859375,95.54000091552734
EMHY,2026-05-15,40.13999938964844,40.310001373291016
EMLC,2026-05-15,25.270000457763672,25.46999931335449
EPI,2026-05-15,42.130001068115234,42.4900016784668
EWA,2026-05-15,28.809999465942383,29.280000686645508
EWC,2026-05-15,57.4900016784668,58.16999816894531
EWG,2026-05-15,41.59000015258789,42.25
EWJ,2026-05-15,91.08999633789062,92.05999755859376
EWL,2026-05-15,61.25,61.77999877929688
EWN,2026-05-15,64.41999816894531,65.66999816894531
EWQ,2026-05-15,44.40999984741211,45.02999877929688
EWT,2026-05-15,91.55999755859376,95.4800033569336
EWU,2026-05-15,45.77000045776367,46.630001068115234
EWW,2026-05-15,77.7300033569336,79.0
EWY,2026-05-15,178.9600067138672,190.5200042724609
EWZ,2026-05-15,36.040000915527344,37.130001068115234
EZA,2026-05-15,68.0,70.4800033569336
EZU,2026-05-15,66.12999725341797,67.29000091552734
FALN,2026-05-15,26.850000381469727,26.959999084472656
FDN,2026-05-15,265.79998779296875,268.2799987792969
FXI,2026-05-15,36.59999847412109,37.2400016784668
GIGB,2026-05-15,45.45000076293945,45.709999084472656
GLD,2026-05-15,417.6400146484375,427.2099914550781
GLTR,2026-05-15,216.3999938964844,226.1999969482422
GOVT,2026-05-15,22.600000381469727,22.700000762939453
HYG,2026-05-15,79.63999938964844,79.8499984741211
IAU,2026-05-15,85.58999633789062,87.54000091552734
IEF,2026-05-15,93.72000122070312,94.26000213623047
IEI,2026-05-15,117.08000183105469,117.45999908447266
IGIB,2026-05-15,52.790000915527344,53.02999877929688
IGV,2026-05-15,90.36000061035156,90.63999938964844
IHI,2026-05-15,49.0099983215332,48.7599983215332
INDA,2026-05-15,48.060001373291016,48.36000061035156
ITB,2026-05-15,88.80999755859375,89.44000244140625
IWM,2026-05-15,280.29998779296875,284.45001220703125
IYR,2026-05-15,101.12000274658205,101.33000183105467
IYT,2026-05-15,79.70999908447266,80.19000244140625
JMBS,2026-05-15,44.81999969482422,45.11000061035156
JNK,2026-05-15,95.91000366210938,96.12000274658203
KRE,2026-05-15,67.66000366210938,67.73999786376953
LEMB,2026-05-15,41.630001068115234,41.88999938964844
LIT,2026-05-15,84.43000030517578,86.94999694824219
LMBS,2026-05-15,49.790000915527344,49.89500045776367
LQD,2026-05-15,107.87000274658203,108.55000305175781
MBB,2026-05-15,93.72000122070312,94.2699966430664
MDY,2026-05-15,663.6199951171875,670.1900024414062
PALL,2026-05-15,25.724000930786133,26.224000930786133
PCY,2026-05-15,21.270000457763672,21.440000534057617
PFF,2026-05-15,31.360000610351562,31.600000381469727
PPLT,2026-05-15,18.0,18.68000030517578
QLTA,2026-05-15,47.09000015258789,47.36000061035156
QQQ,2026-05-15,710.1400146484375,719.7899780273438
REM,2026-05-15,21.979999542236328,22.07999992370605
REMX,2026-05-15,97.4800033569336,99.8499984741211
RSP,2026-05-15,202.6000061035156,203.66000366210935
RWR,2026-05-15,109.83000183105467,109.9499969482422
RWX,2026-05-15,27.280000686645508,27.549999237060547
SCHH,2026-05-15,23.280000686645508,23.32999992370605
SCHO,2026-05-15,24.1299991607666,24.149999618530277
SCHP,2026-05-15,26.68000030517578,26.770000457763672
SGOL,2026-05-15,43.31999969482422,44.29999923706055
SHY,2026-05-15,82.08999633789062,82.16000366210938
SHYG,2026-05-15,42.29999923706055,42.400001525878906
SIVR,2026-05-15,73.25,79.36000061035156
SKYY,2026-05-15,126.5,128.10000610351562
SLQD,2026-05-15,50.25,50.31999969482422
SLV,2026-05-15,69.73999786376953,75.51000213623047
SLX,2026-05-15,106.37999725341795,109.31999969482422
SMH,2026-05-15,560.3099975585938,578.3400268554688
SOXX,2026-05-15,511.6700134277344,530.030029296875
SOYB,2026-05-15,24.709999084472656,24.959999084472656
SPIB,2026-05-15,33.29999923706055,33.400001525878906
SPMB,2026-05-15,22.100000381469727,22.21999931335449
SPTL,2026-05-15,25.51000022888184,25.82999992370605
SPY,2026-05-15,741.7899780273438,748.1699829101562
SRLN,2026-05-15,40.59000015258789,40.58000183105469
STIP,2026-05-15,103.5500030517578,103.61000061035156
TIP,2026-05-15,110.5999984741211,111.01000213623047
TLH,2026-05-15,98.08000183105469,99.12999725341797
TLT,2026-05-15,83.87000274658203,84.91999816894531
TUR,2026-05-15,41.27999877929688,42.18999862670898
UGA,2026-05-15,120.91000366210938,119.88999938964844
UNG,2026-05-15,11.300000190734863,11.15999984741211
UNL,2026-05-15,6.449999809265137,6.420000076293945
USHY,2026-05-15,36.84999847412109,36.93999862670898
USIG,2026-05-15,50.810001373291016,51.06999969482422
USO,2026-05-15,145.5500030517578,143.0
VCIT,2026-05-15,82.08000183105469,82.45999908447266
VCSH,2026-05-15,78.8499984741211,78.97000122070312
VDC,2026-05-15,233.25999450683597,231.9600067138672
VGIT,2026-05-15,58.70000076293945,58.91999816894531
VGLT,2026-05-15,53.709999084472656,54.34000015258789
VHT,2026-05-15,274.0,274.1000061035156
VMBS,2026-05-15,46.380001068115234,46.68000030517578
VNQ,2026-05-15,95.0999984741211,95.31999969482422
VNQI,2026-05-15,46.09999847412109,46.77999877929688
VPU,2026-05-15,193.75,194.55999755859372
VTIP,2026-05-15,50.38999938964844,50.40999984741211
VWOB,2026-05-15,66.2300033569336,66.61000061035156
WEAT,2026-05-15,24.5,24.81999969482422
XBI,2026-05-15,133.2100067138672,134.85000610351562
XLB,2026-05-15,51.0099983215332,51.66999816894531
XLC,2026-05-15,116.91000366210938,117.11000061035156
XLE,2026-05-15,58.70000076293945,58.06999969482422
XLF,2026-05-15,51.31999969482422,51.290000915527344
XLI,2026-05-15,172.8000030517578,174.50999450683594
XLK,2026-05-15,176.2100067138672,179.5
XLP,2026-05-15,85.52999877929688,84.9800033569336
XLRE,2026-05-15,43.810001373291016,43.90999984741211
XLU,2026-05-15,44.709999084472656,44.900001525878906
XLV,2026-05-15,146.75999450683594,146.6300048828125
XLY,2026-05-15,117.30999755859375,118.66999816894531
XME,2026-05-15,117.31999969482422,120.97000122070312
XPH,2026-05-15,58.16999816894531,58.86000061035156
XRT,2026-05-15,79.98999786376953,80.37999725341797
ANGL,2026-05-18,28.8799991607666,28.81999969482422
BKLN,2026-05-18,20.510000228881836,20.610000610351562
BNO,2026-05-18,56.91999816894531,57.689998626708984
BWX,2026-05-18,21.8799991607666,21.809999465942383
CANE,2026-05-18,9.880000114440918,9.979999542236328
CEMB,2026-05-18,45.45000076293945,45.5
CIBR,2026-05-18,78.73500061035156,79.05000305175781
CORN,2026-05-18,18.540000915527344,18.139999389648438
CPER,2026-05-18,38.209999084472656,38.13999938964844
DBA,2026-05-18,28.1299991607666,27.829999923706055
DBB,2026-05-18,25.450000762939453,25.43000030517578
DBC,2026-05-18,31.239999771118164,31.190000534057617
DBE,2026-05-18,33.209999084472656,33.400001525878906
DBO,2026-05-18,22.989999771118164,23.1299991607666
DIA,2026-05-18,495.6499938964844,495.3699951171875
EBND,2026-05-18,20.75,20.700000762939453
EEM,2026-05-18,65.66000366210938,65.06999969482422
EFA,2026-05-18,102.4800033569336,101.72000122070312
EMB,2026-05-18,94.66000366210938,94.70999908447266
EMHY,2026-05-18,40.09999847412109,40.02999877929688
EMLC,2026-05-18,25.229999542236328,25.209999084472656
EPI,2026-05-18,41.93999862670898,42.09000015258789
EWA,2026-05-18,28.8700008392334,28.71999931335449
EWC,2026-05-18,57.43000030517578,57.43999862670898
EWG,2026-05-18,42.18000030517578,41.369998931884766
EWJ,2026-05-18,91.02999877929688,91.06999969482422
EWL,2026-05-18,61.43999862670898,61.130001068115234
EWN,2026-05-18,64.45999908447266,64.44999694824219
EWQ,2026-05-18,44.65999984741211,44.15999984741211
EWT,2026-05-18,92.79000091552734,91.27999877929688
EWU,2026-05-18,46.15999984741211,45.56999969482422
EWW,2026-05-18,77.62999725341797,77.20999908447266
EWY,2026-05-18,182.4499969482422,178.86000061035156
EWZ,2026-05-18,36.47999954223633,36.22999954223633
EZA,2026-05-18,68.06999969482422,67.36000061035156
EZU,2026-05-18,66.83000183105469,65.94000244140625
FALN,2026-05-18,26.850000381469727,26.80500030517578
FDN,2026-05-18,267.6700134277344,268.1700134277344
FXI,2026-05-18,36.34000015258789,36.20000076293945
GIGB,2026-05-18,45.45000076293945,45.43000030517578
GLD,2026-05-18,419.82000732421875,417.2900085449219
GLTR,2026-05-18,217.63999938964844,215.6000061035156
GOVT,2026-05-18,22.59000015258789,22.56999969482422
HYG,2026-05-18,79.62999725341797,79.45999908447266
IAU,2026-05-18,86.01000213623047,85.51000213623047
IEF,2026-05-18,93.62000274658203,93.51000213623047
IEI,2026-05-18,117.05000305175781,116.94999694824219
IGIB,2026-05-18,52.79999923706055,52.75
IGV,2026-05-18,91.05999755859376,91.77999877929688
IHI,2026-05-18,48.59000015258789,48.459999084472656
INDA,2026-05-18,47.90999984741211,47.9900016784668
ITB,2026-05-18,86.87000274658203,86.44999694824219
IWM,2026-05-18,278.739990234375,277.6000061035156
IYR,2026-05-18,100.0199966430664,99.8000030517578
IYT,2026-05-18,80.16000366210938,80.06999969482422
JMBS,2026-05-18,44.79999923706055,44.75
JNK,2026-05-18,95.83999633789062,95.72000122070312
KRE,2026-05-18,67.25,66.97000122070312
LEMB,2026-05-18,41.58000183105469,41.5099983215332
LIT,2026-05-18,84.3499984741211,84.08000183105469
LMBS,2026-05-18,49.75,49.75
LQD,2026-05-18,107.95999908447266,107.86000061035156
MBB,2026-05-18,93.66999816894531,93.56999969482422
MDY,2026-05-18,661.72998046875,659.2899780273438
PALL,2026-05-18,25.59000015258789,25.753999710083008
PCY,2026-05-18,21.11000061035156,21.209999084472656
PFF,2026-05-18,31.25,31.229999542236328
PPLT,2026-05-18,17.979999542236328,17.902999877929688
QLTA,2026-05-18,47.130001068115234,47.08000183105469
QQQ,2026-05-18,711.5399780273438,708.9299926757812
REM,2026-05-18,21.850000381469727,21.75
REMX,2026-05-18,97.58000183105467,96.56999969482422
RSP,2026-05-18,201.8800048828125,201.55999755859372
RWR,2026-05-18,108.25,108.05999755859376
RWX,2026-05-18,27.26000022888184,27.15999984741211
SCHH,2026-05-18,23.040000915527344,22.96999931335449
SCHO,2026-05-18,24.1299991607666,24.1299991607666
SCHP,2026-05-18,26.670000076293945,26.65999984741211
SGOL,2026-05-18,43.52999877929688,43.27999877929688
SHY,2026-05-18,82.11000061035156,82.05999755859375
SHYG,2026-05-18,42.27999877929688,42.25
SIVR,2026-05-18,73.75,72.54000091552734
SKYY,2026-05-18,128.02000427246094,128.5
SLQD,2026-05-18,50.27999877929688,50.22999954223633
SLV,2026-05-18,70.2300033569336,69.04000091552734
SLX,2026-05-18,105.80999755859376,105.88999938964844
SMH,2026-05-18,565.47998046875,556.3400268554688
SOXX,2026-05-18,518.02001953125,508.5199890136719
SOYB,2026-05-18,25.1299991607666,24.700000762939453
SPIB,2026-05-18,33.33000183105469,33.29999923706055
SPMB,2026-05-18,22.059999465942383,22.059999465942383
SPTL,2026-05-18,25.46999931335449,25.450000762939453
SPY,2026-05-18,739.8300170898438,739.1699829101562
SRLN,2026-05-18,40.52000045776367,40.5099983215332
STIP,2026-05-18,103.56999969482422,103.55999755859376
TIP,2026-05-18,110.58000183105469,110.61000061035156
TLH,2026-05-18,97.91999816894531,97.81999969482422
TLT,2026-05-18,83.69999694824219,83.66000366210938
TUR,2026-05-18,40.75,41.27000045776367
UGA,2026-05-18,121.94999694824219,122.73999786376953
UNG,2026-05-18,11.449999809265137,11.329999923706055
UNL,2026-05-18,6.480000019073486,6.480000019073486
USHY,2026-05-18,36.84000015258789,36.790000915527344
USIG,2026-05-18,50.84999847412109,50.81999969482422
USO,2026-05-18,145.91000366210938,148.22999572753906
VCIT,2026-05-18,82.05000305175781,82.0
VCSH,2026-05-18,78.83999633789062,78.79000091552734
VDC,2026-05-18,231.32000732421875,231.25
VGIT,2026-05-18,58.65999984741211,58.619998931884766
VGLT,2026-05-18,53.619998931884766,53.58000183105469
VHT,2026-05-18,270.010009765625,270.6199951171875
VMBS,2026-05-18,46.34000015258789,46.34000015258789
VNQ,2026-05-18,94.04000091552734,93.91000366210938
VNQI,2026-05-18,45.70000076293945,45.959999084472656
VPU,2026-05-18,190.9499969482422,190.1999969482422
VTIP,2026-05-18,50.400001525878906,50.380001068115234
VWOB,2026-05-18,66.19000244140625,66.13999938964844
WEAT,2026-05-18,24.780000686645508,24.110000610351562
XBI,2026-05-18,130.89999389648438,130.69000244140625
XLB,2026-05-18,50.33000183105469,50.29999923706055
XLC,2026-05-18,116.04000091552734,116.08000183105469
XLE,2026-05-18,59.130001068115234,59.439998626708984
XLF,2026-05-18,51.0099983215332,51.099998474121094
XLI,2026-05-18,171.55999755859375,171.39999389648438
XLK,2026-05-18,177.6199951171875,176.25999450683594
XLP,2026-05-18,84.75,84.63999938964844
XLRE,2026-05-18,43.290000915527344,43.22999954223633
XLU,2026-05-18,44.06999969482422,43.869998931884766
XLV,2026-05-18,144.5,145.10000610351562
XLY,2026-05-18,116.5,116.52999877929688
XME,2026-05-18,116.02999877929688,115.58999633789062
XPH,2026-05-18,56.869998931884766,56.83000183105469
XRT,2026-05-18,79.30000305175781,79.08999633789062
ANGL,2026-05-19,28.780000686645508,28.82999992370605
BKLN,2026-05-19,20.510000228881836,20.520000457763672
BNO,2026-05-19,58.810001373291016,57.650001525878906
BWX,2026-05-19,21.709999084472656,21.899999618530277
CANE,2026-05-19,10.0,9.93000030517578
CEMB,2026-05-19,45.310001373291016,45.40999984741211
CIBR,2026-05-19,80.93000030517578,80.91999816894531
CORN,2026-05-19,18.709999084472656,18.739999771118164
CPER,2026-05-19,37.650001525878906,38.400001525878906
DBA,2026-05-19,28.270000457763672,28.200000762939453
DBB,2026-05-19,25.399999618530273,25.469999313354492
DBC,2026-05-19,31.6200008392334,31.3799991607666
DBE,2026-05-19,34.130001068115234,33.47999954223633
DBO,2026-05-19,23.8700008392334,23.309999465942383
DIA,2026-05-19,494.8299865722656,497.010009765625
EBND,2026-05-19,20.61000061035156,20.729999542236328
EEM,2026-05-19,63.619998931884766,64.97000122070312
EFA,2026-05-19,102.08000183105469,102.66000366210938
EMB,2026-05-19,94.37000274658203,94.62000274658203
EMHY,2026-05-19,39.91999816894531,40.04999923706055
EMLC,2026-05-19,25.100000381469727,25.26000022888184
EPI,2026-05-19,41.33000183105469,41.81999969482422
EWA,2026-05-19,28.559999465942383,28.809999465942383
EWC,2026-05-19,57.459999084472656,57.560001373291016
EWG,2026-05-19,42.33000183105469,42.34000015258789
EWJ,2026-05-19,89.98999786376953,90.91999816894533
EWL,2026-05-19,61.70000076293945,61.880001068115234
EWN,2026-05-19,63.9900016784668,64.2699966430664
EWQ,2026-05-19,44.68999862670898,44.83000183105469
EWT,2026-05-19,89.05000305175781,91.76000213623048
EWU,2026-05-19,46.45000076293945,46.630001068115234
EWW,2026-05-19,76.98999786376953,77.9000015258789
EWY,2026-05-19,168.27000427246094,176.10000610351562
EWZ,2026-05-19,35.720001220703125,36.7400016784668
EZA,2026-05-19,66.94999694824219,67.81999969482422
EZU,2026-05-19,66.52999877929688,66.7699966430664
FALN,2026-05-19,26.76000022888184,26.815000534057617
FDN,2026-05-19,269.760009765625,270.3999938964844
FXI,2026-05-19,36.18000030517578,36.15999984741211
GIGB,2026-05-19,45.209999084472656,45.39500045776367
GLD,2026-05-19,412.45001220703125,418.42999267578125
GLTR,2026-05-19,211.0,216.9900054931641
GOVT,2026-05-19,22.5,22.56999969482422
HYG,2026-05-19,79.41000366210938,79.54000091552734
IAU,2026-05-19,84.5,85.76000213623047
IEF,2026-05-19,93.12999725341797,93.47000122070312
IEI,2026-05-19,116.70999908447266,116.94000244140625
IGIB,2026-05-19,52.5,52.65999984741211
IGV,2026-05-19,93.80999755859376,92.87000274658205
IHI,2026-05-19,49.79999923706055,49.77999877929688
INDA,2026-05-19,47.16999816894531,47.84000015258789
ITB,2026-05-19,86.80000305175781,87.51000213623047
IWM,2026-05-19,273.80999755859375,275.9700012207031
IYR,2026-05-19,100.8000030517578,100.91000366210938
IYT,2026-05-19,80.0999984741211,80.33999633789062
JMBS,2026-05-19,44.58000183105469,44.709999084472656
JNK,2026-05-19,95.62000274658203,95.7699966430664
KRE,2026-05-19,67.72000122070312,67.91999816894531
LEMB,2026-05-19,41.380001068115234,41.59000015258789
LIT,2026-05-19,81.66999816894531,83.02999877929688
LMBS,2026-05-19,49.59999847412109,49.7140007019043
LQD,2026-05-19,107.22000122070312,107.66000366210938
MBB,2026-05-19,93.02999877929688,93.48999786376953
MDY,2026-05-19,655.510009765625,658.3800048828125
PALL,2026-05-19,25.010000228881836,25.56999969482422
PCY,2026-05-19,20.989999771118164,21.06999969482422
PFF,2026-05-19,31.09000015258789,31.15999984741211
PPLT,2026-05-19,17.469999313354492,17.84000015258789
QLTA,2026-05-19,46.84999847412109,47.02999877929688
QQQ,2026-05-19,699.8099975585938,705.8800048828125
REM,2026-05-19,21.690000534057617,21.76000022888184
REMX,2026-05-19,92.81999969482422,94.69000244140624
RSP,2026-05-19,201.97999572753903,202.8000030517578
RWR,2026-05-19,109.1999969482422,109.29000091552734
RWX,2026-05-19,27.34000015258789,27.229999542236328
SCHH,2026-05-19,23.239999771118164,23.25
SCHO,2026-05-19,24.1200008392334,24.13999938964844
SCHP,2026-05-19,26.56999969482422,26.63999938964844
SGOL,2026-05-19,42.77000045776367,43.400001525878906
SHY,2026-05-19,82.04000091552734,82.0999984741211
SHYG,2026-05-19,42.18999862670898,42.2599983215332
SIVR,2026-05-19,70.01000213623047,73.51000213623047
SKYY,2026-05-19,129.1699981689453,129.2899932861328
SLQD,2026-05-19,50.20000076293945,50.2400016784668
SLV,2026-05-19,66.68000030517578,69.94000244140625
SLX,2026-05-19,103.83999633789062,105.7300033569336
SMH,2026-05-19,534.9400024414062,546.1599731445312
SOXX,2026-05-19,484.3999938964844,495.8699951171875
SOYB,2026-05-19,25.3799991607666,25.170000076293945
SPIB,2026-05-19,33.20000076293945,33.2599983215332
SPMB,2026-05-19,21.940000534057617,22.040000915527344
SPTL,2026-05-19,25.25,25.440000534057617
SPY,2026-05-19,734.780029296875,738.6500244140625
SRLN,2026-05-19,40.52000045776367,40.5099983215332
STIP,2026-05-19,103.41999816894533,103.5500030517578
TIP,2026-05-19,110.1500015258789,110.4800033569336
TLH,2026-05-19,97.12999725341797,97.72000122070312
TLT,2026-05-19,82.95999908447266,83.55999755859375
TUR,2026-05-19,40.41999816894531,40.52000045776367
UGA,2026-05-19,123.80000305175781,122.81999969482422
UNG,2026-05-19,11.720000267028809,11.539999961853027
UNL,2026-05-19,6.599999904632568,6.53000020980835
USHY,2026-05-19,36.75,36.790000915527344
USIG,2026-05-19,50.59000015258789,50.7400016784668
USO,2026-05-19,152.8800048828125,149.2899932861328
VCIT,2026-05-19,81.62000274658203,81.9000015258789
VCSH,2026-05-19,78.70999908447266,78.7699966430664
VDC,2026-05-19,234.02999877929688,234.25
VGIT,2026-05-19,58.470001220703125,58.619998931884766
VGLT,2026-05-19,53.16999816894531,53.52000045776367
VHT,2026-05-19,271.3500061035156,271.4200134277344
VMBS,2026-05-19,46.04999923706055,46.31999969482422
VNQ,2026-05-19,94.9800033569336,95.01000213623048
VNQI,2026-05-19,45.56999969482422,45.84999847412109
VPU,2026-05-19,189.9499969482422,190.32000732421875
VTIP,2026-05-19,50.310001373291016,50.369998931884766
VWOB,2026-05-19,65.83000183105469,66.04000091552734
WEAT,2026-05-19,25.049999237060547,25.0
XBI,2026-05-19,127.27999877929688,127.66999816894533
XLB,2026-05-19,49.779998779296875,50.220001220703125
XLC,2026-05-19,116.94999694824219,116.9800033569336
XLE,2026-05-19,60.810001373291016,60.58000183105469
XLF,2026-05-19,51.630001068115234,51.7400016784668
XLI,2026-05-19,169.6300048828125,170.75
XLK,2026-05-19,172.67999267578125,174.36000061035156
XLP,2026-05-19,85.81999969482422,85.9000015258789
XLRE,2026-05-19,43.71500015258789,43.75
XLU,2026-05-19,43.81999969482422,43.939998626708984
XLV,2026-05-19,145.6199951171875,145.72000122070312
XLY,2026-05-19,115.12999725341797,116.31999969482422
XME,2026-05-19,111.72000122070312,113.20999908447266
XPH,2026-05-19,55.61000061035156,55.77000045776367
XRT,2026-05-19,79.31999969482422,79.58999633789062
ANGL,2026-05-20,28.780000686645508,28.75
BKLN,2026-05-20,20.520000457763672,20.5
BNO,2026-05-20,57.619998931884766,58.810001373291016
BWX,2026-05-20,21.780000686645508,21.739999771118164
CANE,2026-05-20,10.119999885559082,10.100000381469728
CEMB,2026-05-20,45.31999969482422,45.2599983215332
CIBR,2026-05-20,79.68000030517578,80.4000015258789
CORN,2026-05-20,18.540000915527344,18.739999771118164
CPER,2026-05-20,38.08000183105469,37.630001068115234
DBA,2026-05-20,28.15999984741211,28.280000686645508
DBB,2026-05-20,25.59000015258789,25.399999618530273
DBC,2026-05-20,31.36000061035156,31.61000061035156
DBE,2026-05-20,33.66999816894531,34.15999984741211
DBO,2026-05-20,23.46999931335449,23.799999237060547
DIA,2026-05-20,495.8699951171875,493.9800109863281
EBND,2026-05-20,20.61000061035156,20.59000015258789
EEM,2026-05-20,64.48999786376953,64.26000213623047
EFA,2026-05-20,102.16000366210938,101.91999816894531
EMB,2026-05-20,94.29000091552734,94.25
EMHY,2026-05-20,39.900001525878906,39.869998931884766
EMLC,2026-05-20,25.059999465942383,25.07999992370605
EPI,2026-05-20,41.560001373291016,41.400001525878906
EWA,2026-05-20,28.46999931335449,28.530000686645508
EWC,2026-05-20,57.4900016784668,57.4900016784668
EWG,2026-05-20,42.2599983215332,42.040000915527344
EWJ,2026-05-20,89.66999816894531,90.29000091552734
EWL,2026-05-20,61.70000076293945,61.61000061035156
EWN,2026-05-20,64.36000061035156,63.77000045776367
EWQ,2026-05-20,44.869998931884766,44.41999816894531
EWT,2026-05-20,90.5500030517578,89.83000183105469
EWU,2026-05-20,46.5099983215332,46.290000915527344
EWW,2026-05-20,77.80000305175781,77.5199966430664
EWY,2026-05-20,173.99000549316406,174.02000427246094
EWZ,2026-05-20,36.22999954223633,35.88999938964844
EZA,2026-05-20,67.4800033569336,66.62999725341797
EZU,2026-05-20,66.73999786376953,66.20999908447266
FALN,2026-05-20,26.790000915527344,26.729999542236328
FDN,2026-05-20,266.5299987792969,267.3999938964844
FXI,2026-05-20,36.220001220703125,36.27999877929688
GIGB,2026-05-20,45.27000045776367,45.220001220703125
GLD,2026-05-20,412.1400146484375,411.5
GLTR,2026-05-20,212.02999877929688,210.88999938964844
GOVT,2026-05-20,22.51000022888184,22.51000022888184
HYG,2026-05-20,79.5,79.3499984741211
IAU,2026-05-20,84.44999694824219,84.31999969482422
IEF,2026-05-20,93.16999816894531,93.11000061035156
IEI,2026-05-20,116.70999908447266,116.66999816894531
IGIB,2026-05-20,52.4900016784668,52.459999084472656
IGV,2026-05-20,90.93000030517578,91.9499969482422
IHI,2026-05-20,50.20000076293945,50.27999877929688
INDA,2026-05-20,47.5,47.27000045776367
ITB,2026-05-20,86.87999725341797,86.2300033569336
IWM,2026-05-20,274.9100036621094,273.0
IYR,2026-05-20,101.31999969482422,101.26000213623048
IYT,2026-05-20,79.97000122070312,79.66999816894531
JMBS,2026-05-20,44.5,44.4900016784668
JNK,2026-05-20,95.69999694824219,95.54000091552734
KRE,2026-05-20,67.73999786376953,67.55999755859375
LEMB,2026-05-20,41.36000061035156,41.34000015258789
LIT,2026-05-20,82.5,81.77999877929688
LMBS,2026-05-20,49.63999938964844,49.625
LQD,2026-05-20,107.16999816894531,107.12000274658203
MBB,2026-05-20,93.08000183105469,93.08000183105469
MDY,2026-05-20,655.8499755859375,652.1199951171875
PALL,2026-05-20,24.520000457763672,24.549999237060547
PCY,2026-05-20,20.959999084472656,20.959999084472656
PFF,2026-05-20,31.0,30.969999313354492
PPLT,2026-05-20,17.479999542236328,17.420000076293945
QLTA,2026-05-20,46.86000061035156,46.84999847412109
QQQ,2026-05-20,705.2899780273438,701.530029296875
REM,2026-05-20,21.520000457763672,21.46999931335449
REMX,2026-05-20,94.06999969482422,92.12999725341795
RSP,2026-05-20,201.97999572753903,201.6199951171875
RWR,2026-05-20,109.4800033569336,109.41000366210938
RWX,2026-05-20,27.25,27.309999465942383
SCHH,2026-05-20,23.350000381469727,23.34000015258789
SCHO,2026-05-20,24.11000061035156,24.11000061035156
SCHP,2026-05-20,26.549999237060547,26.549999237060547
SGOL,2026-05-20,42.75,42.68999862670898
SHY,2026-05-20,82.04000091552734,82.04000091552734
SHYG,2026-05-20,42.25,42.18000030517578
SIVR,2026-05-20,71.22000122070312,70.27999877929688
SKYY,2026-05-20,127.43000030517578,128.11000061035156
SLQD,2026-05-20,50.20000076293945,50.18999862670898
SLV,2026-05-20,67.81999969482422,66.9000015258789
SLX,2026-05-20,103.6500015258789,103.3499984741211
SMH,2026-05-20,552.75,543.9600219726562
SOXX,2026-05-20,507.7300109863281,496.739990234375
SOYB,2026-05-20,25.139999389648438,25.270000457763672
SPIB,2026-05-20,33.189998626708984,33.18000030517578
SPMB,2026-05-20,21.950000762939453,21.959999084472656
SPTL,2026-05-20,25.280000686645508,25.270000457763672
SPY,2026-05-20,735.7100219726562,733.72998046875
SRLN,2026-05-20,40.5,40.4900016784668
STIP,2026-05-20,103.37000274658205,103.38999938964844
TIP,2026-05-20,110.11000061035156,110.11000061035156
TLH,2026-05-20,97.22000122070312,97.12999725341797
TLT,2026-05-20,83.05999755859375,83.0199966430664
TUR,2026-05-20,40.04999923706055,40.09999847412109
UGA,2026-05-20,121.18000030517578,122.95999908447266
UNG,2026-05-20,11.6899995803833,11.899999618530273
UNL,2026-05-20,6.579999923706055,6.690000057220459
USHY,2026-05-20,36.77999877929688,36.70000076293945
USIG,2026-05-20,50.59000015258789,50.560001373291016
USO,2026-05-20,149.4499969482422,152.9600067138672
VCIT,2026-05-20,81.62000274658203,81.54000091552734
VCSH,2026-05-20,78.69999694824219,78.66000366210938
VDC,2026-05-20,233.7100067138672,234.75999450683597
VGIT,2026-05-20,58.470001220703125,58.459999084472656
VGLT,2026-05-20,53.220001220703125,53.18999862670898
VHT,2026-05-20,274.54998779296875,274.0400085449219
VMBS,2026-05-20,46.13999938964844,46.09999847412109
VNQ,2026-05-20,95.2699966430664,95.27999877929688
VNQI,2026-05-20,45.5099983215332,45.59000015258789
VPU,2026-05-20,193.27999877929688,192.05999755859372
VTIP,2026-05-20,50.290000915527344,50.29999923706055
VWOB,2026-05-20,65.7300033569336,65.75
WEAT,2026-05-20,25.059999465942383,25.200000762939453
XBI,2026-05-20,127.80999755859376,126.79000091552734
XLB,2026-05-20,48.9900016784668,49.040000915527344
XLC,2026-05-20,115.6500015258789,115.8499984741211
XLE,2026-05-20,60.810001373291016,61.290000915527344
XLF,2026-05-20,51.22999954223633,51.099998474121094
XLI,2026-05-20,169.22999572753906,168.74000549316406
XLK,2026-05-20,174.66000366210938,173.24000549316406
XLP,2026-05-20,85.58000183105469,86.08999633789062
XLRE,2026-05-20,43.86000061035156,43.939998626708984
XLU,2026-05-20,44.65999984741211,44.34000015258789
XLV,2026-05-20,147.5399932861328,147.32000732421875
XLY,2026-05-20,115.2699966430664,115.02999877929688
XME,2026-05-20,112.2699966430664,110.12000274658205
XPH,2026-05-20,56.06999969482422,55.810001373291016
XRT,2026-05-20,79.12999725341797,79.12999725341797
ANGL,2026-05-21,28.899999618530277,28.920000076293945
BKLN,2026-05-21,20.520000457763672,20.5
BNO,2026-05-21,57.540000915527344,55.63999938964844
BWX,2026-05-21,21.84000015258789,21.950000762939453
CANE,2026-05-21,10.09000015258789,9.979999542236328
CEMB,2026-05-21,45.43000030517578,45.54999923706055
CIBR,2026-05-21,81.0,81.66000366210938
CORN,2026-05-21,18.420000076293945,18.420000076293945
CPER,2026-05-21,38.08000183105469,38.56999969482422
DBA,2026-05-21,27.969999313354492,27.969999313354492
DBB,2026-05-21,25.6200008392334,25.809999465942383
DBC,2026-05-21,31.290000915527344,30.8799991607666
DBE,2026-05-21,33.47999954223633,32.5099983215332
DBO,2026-05-21,23.549999237060547,22.729999542236328
DIA,2026-05-21,498.7799987792969,500.239990234375
EBND,2026-05-21,20.670000076293945,20.770000457763672
EEM,2026-05-21,65.2300033569336,65.45999908447266
EFA,2026-05-21,102.81999969482422,103.62000274658203
EMB,2026-05-21,94.73999786376953,94.91999816894531
EMHY,2026-05-21,40.0099983215332,40.119998931884766
EMLC,2026-05-21,25.21999931335449,25.280000686645508
EPI,2026-05-21,41.70000076293945,42.04999923706055
EWA,2026-05-21,28.75,28.899999618530277
EWC,2026-05-21,57.869998931884766,58.27999877929688
EWG,2026-05-21,42.52999877929688,42.880001068115234
EWJ,2026-05-21,90.18000030517578,91.20999908447266
EWL,2026-05-21,61.93000030517578,62.29999923706055
EWN,2026-05-21,65.66999816894531,65.33999633789062
EWQ,2026-05-21,45.0099983215332,45.4900016784668
EWT,2026-05-21,93.3499984741211,91.91999816894533
EWU,2026-05-21,46.77999877929688,47.060001373291016
EWW,2026-05-21,77.54000091552734,78.44999694824219
EWY,2026-05-21,183.0500030517578,180.11000061035156
EWZ,2026-05-21,36.45000076293945,36.75
EZA,2026-05-21,67.69000244140625,68.5199966430664
EZU,2026-05-21,67.58000183105469,67.83000183105469
FALN,2026-05-21,26.899999618530277,26.93000030517578
FDN,2026-05-21,267.010009765625,269.0
FXI,2026-05-21,35.61000061035156,36.2400016784668
GIGB,2026-05-21,45.380001068115234,45.505001068115234
GLD,2026-05-21,413.1400146484375,417.3999938964844
GLTR,2026-05-21,212.19000244140625,214.9600067138672
GOVT,2026-05-21,22.549999237060547,22.61000061035156
HYG,2026-05-21,79.75,79.86000061035156
IAU,2026-05-21,84.66999816894531,85.52999877929688
IEF,2026-05-21,93.47000122070312,93.73999786376953
IEI,2026-05-21,116.91000366210938,117.13999938964844
IGIB,2026-05-21,52.65999984741211,52.790000915527344
IGV,2026-05-21,92.12000274658205,93.31999969482422
IHI,2026-05-21,50.560001373291016,50.900001525878906
INDA,2026-05-21,47.54999923706055,48.02000045776367
ITB,2026-05-21,88.95999908447266,90.13999938964844
IWM,2026-05-21,278.6600036621094,279.8699951171875
IYR,2026-05-21,102.12000274658205,102.41000366210938
IYT,2026-05-21,80.93000030517578,81.45999908447266
JMBS,2026-05-21,44.68000030517578,44.81999969482422
JNK,2026-05-21,96.02999877929688,96.12000274658203
KRE,2026-05-21,68.66999816894531,69.16999816894531
LEMB,2026-05-21,41.540000915527344,41.63999938964844
LIT,2026-05-21,83.25,83.48999786376953
LMBS,2026-05-21,49.54999923706055,49.720001220703125
LQD,2026-05-21,107.6500015258789,107.94999694824219
MBB,2026-05-21,93.41000366210938,93.76000213623047
MDY,2026-05-21,660.6300048828125,664.4299926757812
PALL,2026-05-21,24.6200008392334,25.010000228881836
PCY,2026-05-21,21.06999969482422,21.11000061035156
PFF,2026-05-21,31.110000610351562,31.110000610351562
PPLT,2026-05-21,17.469999313354492,17.709999084472656
QLTA,2026-05-21,47.040000915527344,47.150001525878906
QQQ,2026-05-21,708.989990234375,713.1500244140625
REM,2026-05-21,21.65999984741211,21.729999542236328
REMX,2026-05-21,94.0,95.18000030517578
RSP,2026-05-21,202.94000244140625,203.8300018310547
RWR,2026-05-21,110.4000015258789,110.86000061035156
RWX,2026-05-21,27.479999542236328,27.59000015258789
SCHH,2026-05-21,23.520000457763672,23.6200008392334
SCHO,2026-05-21,24.1299991607666,24.149999618530277
SCHP,2026-05-21,26.600000381469727,26.61000061035156
SGOL,2026-05-21,42.84999847412109,43.29999923706055
SHY,2026-05-21,82.06999969482422,82.1500015258789
SHYG,2026-05-21,42.36000061035156,42.40999984741211
SIVR,2026-05-21,71.02999877929688,72.23999786376953
SKYY,2026-05-21,128.19000244140625,129.2899932861328
SLQD,2026-05-21,50.25,50.290000915527344
SLV,2026-05-21,67.68000030517578,68.7300033569336
SLX,2026-05-21,104.9000015258789,105.18000030517578
SMH,2026-05-21,561.02001953125,564.6599731445312
SOXX,2026-05-21,518.1699829101562,520.3099975585938
SOYB,2026-05-21,25.030000686645508,25.09000015258789
SPIB,2026-05-21,33.27000045776367,33.33000183105469
SPMB,2026-05-21,22.040000915527344,22.1200008392334
SPTL,2026-05-21,25.440000534057617,25.520000457763672
SPY,2026-05-21,738.6400146484375,741.25
SRLN,2026-05-21,40.4900016784668,40.5
STIP,2026-05-21,103.37000274658205,103.4000015258789
TIP,2026-05-21,110.30000305175781,110.37000274658203
TLH,2026-05-21,97.75,98.08999633789062
TLT,2026-05-21,83.62000274658203,83.91000366210938
TUR,2026-05-21,39.540000915527344,40.43000030517578
UGA,2026-05-21,118.9800033569336,116.6500015258789
UNG,2026-05-21,11.529999732971191,11.489999771118164
UNL,2026-05-21,6.510000228881836,6.5
USHY,2026-05-21,36.900001525878906,36.93999862670898
USIG,2026-05-21,50.75,50.86000061035156
USO,2026-05-21,149.27000427246094,144.27000427246094
VCIT,2026-05-21,81.8499984741211,82.08999633789062
VCSH,2026-05-21,78.80000305175781,78.87999725341797
VDC,2026-05-21,230.1999969482422,233.13999938964844
VGIT,2026-05-21,58.59000015258789,58.720001220703125
VGLT,2026-05-21,53.560001373291016,53.72999954223633
VHT,2026-05-21,274.239990234375,274.7699890136719
VMBS,2026-05-21,46.2400016784668,46.470001220703125
VNQ,2026-05-21,96.04000091552734,96.48999786376952
VNQI,2026-05-21,45.77999877929688,46.0099983215332
VPU,2026-05-21,193.0,192.9199981689453
VTIP,2026-05-21,50.29999923706055,50.290000915527344
VWOB,2026-05-21,66.05000305175781,66.18000030517578
WEAT,2026-05-21,24.860000610351562,24.899999618530273
XBI,2026-05-21,130.63999938964844,131.7100067138672
XLB,2026-05-21,49.540000915527344,49.720001220703125
XLC,2026-05-21,115.47000122070312,116.0999984741211
XLE,2026-05-21,60.47999954223633,59.79999923706055
XLF,2026-05-21,51.459999084472656,51.65999984741211
XLI,2026-05-21,169.80999755859375,170.72999572753906
XLK,2026-05-21,175.8300018310547,177.13999938964844
XLP,2026-05-21,84.55999755859375,85.5199966430664
XLRE,2026-05-21,44.27000045776367,44.43000030517578
XLU,2026-05-21,44.54999923706055,44.5099983215332
XLV,2026-05-21,146.89999389648438,147.1300048828125
XLY,2026-05-21,117.58999633789062,117.94000244140625
XME,2026-05-21,112.5199966430664,113.19000244140624
XPH,2026-05-21,56.900001525878906,57.25
XRT,2026-05-21,80.22000122070312,80.95999908447266
ANGL,2026-05-22,29.040000915527344,29.0
BKLN,2026-05-22,20.479999542236328,20.489999771118164
BNO,2026-05-22,55.15999984741211,55.560001373291016
BWX,2026-05-22,21.96999931335449,21.940000534057617
CANE,2026-05-22,9.869999885559082,10.050000190734863
CEMB,2026-05-22,45.54999923706055,45.52000045776367
CIBR,2026-05-22,82.54000091552734,82.1500015258789
CORN,2026-05-22,18.3700008392334,18.309999465942383
CPER,2026-05-22,38.650001525878906,38.58000183105469
DBA,2026-05-22,27.639999389648438,27.610000610351562
DBB,2026-05-22,25.760000228881836,25.780000686645508
DBC,2026-05-22,30.600000381469727,30.700000762939453
DBE,2026-05-22,32.220001220703125,32.380001068115234
DBO,2026-05-22,22.6299991607666,22.809999465942383
DIA,2026-05-22,507.010009765625,503.1099853515625
EBND,2026-05-22,20.809999465942383,20.790000915527344
EEM,2026-05-22,66.0,66.02999877929688
EFA,2026-05-22,104.22000122070312,104.19000244140625
EMB,2026-05-22,95.23999786376953,94.98999786376953
EMHY,2026-05-22,40.16999816894531,40.06999969482422
EMLC,2026-05-22,25.350000381469727,25.32999992370605
EPI,2026-05-22,42.40999984741211,42.09000015258789
EWA,2026-05-22,28.93000030517578,28.989999771118164
EWC,2026-05-22,58.72999954223633,58.58000183105469
EWG,2026-05-22,43.11000061035156,43.04999923706055
EWJ,2026-05-22,91.41999816894533,91.37000274658205
EWL,2026-05-22,62.59999847412109,62.84999847412109
EWN,2026-05-22,67.01000213623047,66.81999969482422
EWQ,2026-05-22,45.43000030517578,45.5
EWT,2026-05-22,96.86000061035156,94.47000122070312
EWU,2026-05-22,47.27999877929688,47.34000015258789
EWW,2026-05-22,77.55000305175781,77.80000305175781
EWY,2026-05-22,185.82000732421875,186.4199981689453
EWZ,2026-05-22,36.68999862670898,37.0099983215332
EZA,2026-05-22,67.86000061035156,68.26000213623047
EZU,2026-05-22,68.4000015258789,68.2699966430664
FALN,2026-05-22,27.020000457763672,26.97800064086914
FDN,2026-05-22,273.239990234375,271.6600036621094
FXI,2026-05-22,35.189998626708984,35.88999938964844
GIGB,2026-05-22,45.68000030517578,45.59000015258789
GLD,2026-05-22,415.1700134277344,416.989990234375
GLTR,2026-05-22,214.3600006103516,215.63999938964844
GOVT,2026-05-22,22.649999618530277,22.6299991607666
HYG,2026-05-22,80.01000213623047,79.9000015258789
IAU,2026-05-22,85.06999969482422,85.43000030517578
IEF,2026-05-22,93.95999908447266,93.80000305175781
IEI,2026-05-22,117.26000213623047,117.16000366210938
IGIB,2026-05-22,52.959999084472656,52.83000183105469
IGV,2026-05-22,93.1999969482422,92.4800033569336
IHI,2026-05-22,50.59999847412109,50.540000915527344
INDA,2026-05-22,48.52999877929688,48.02999877929688
ITB,2026-05-22,91.4000015258789,90.81999969482422
IWM,2026-05-22,284.1000061035156,282.489990234375
IYR,2026-05-22,102.88999938964844,102.55999755859376
IYT,2026-05-22,81.6500015258789,81.37000274658203
JMBS,2026-05-22,45.02000045776367,44.900001525878906
JNK,2026-05-22,96.33999633789062,96.19999694824219
KRE,2026-05-22,69.25,69.20999908447266
LEMB,2026-05-22,41.7400016784668,41.72999954223633
LIT,2026-05-22,85.06999969482422,84.37999725341797
LMBS,2026-05-22,49.68000030517578,49.619998931884766
LQD,2026-05-22,108.52999877929688,108.16999816894531
MBB,2026-05-22,94.04000091552734,93.9000015258789
MDY,2026-05-22,668.6500244140625,665.25
PALL,2026-05-22,24.75,25.219999313354492
PCY,2026-05-22,21.200000762939453,21.149999618530277
PFF,2026-05-22,31.149999618530273,31.1299991607666
PPLT,2026-05-22,17.56999969482422,17.850000381469727
QLTA,2026-05-22,47.34999847412109,47.220001220703125
QQQ,2026-05-22,718.0700073242188,714.510009765625
REM,2026-05-22,21.920000076293945,21.81999969482422
REMX,2026-05-22,96.81999969482422,95.6999969482422
RSP,2026-05-22,205.72999572753903,204.7100067138672
RWR,2026-05-22,111.3499984741211,110.9800033569336
RWX,2026-05-22,27.459999084472656,27.56999969482422
SCHH,2026-05-22,23.739999771118164,23.649999618530277
SCHO,2026-05-22,24.15999984741211,24.149999618530277
SCHP,2026-05-22,26.63999938964844,26.6200008392334
SGOL,2026-05-22,43.060001373291016,43.2400016784668
SHY,2026-05-22,82.16999816894531,82.13999938964844
SHYG,2026-05-22,42.470001220703125,42.43000030517578
SIVR,2026-05-22,72.36000061035156,72.95999908447266
SKYY,2026-05-22,131.0500030517578,129.77000427246094
SLQD,2026-05-22,50.33000183105469,50.27999877929688
SLV,2026-05-22,68.86000061035156,69.44999694824219
SLX,2026-05-22,106.62999725341795,106.04000091552734
SMH,2026-05-22,574.27001953125,567.8800048828125
SOXX,2026-05-22,531.8800048828125,524.7100219726562
SOYB,2026-05-22,25.079999923706055,25.010000228881836
SPIB,2026-05-22,33.400001525878906,33.349998474121094
SPMB,2026-05-22,22.18000030517578,22.11000061035156
SPTL,2026-05-22,25.709999084472656,25.61000061035156
SPY,2026-05-22,746.239990234375,742.719970703125
SRLN,2026-05-22,40.54999923706055,40.5
STIP,2026-05-22,103.37000274658205,103.31999969482422
TIP,2026-05-22,110.51000213623047,110.37000274658203
TLH,2026-05-22,98.7300033569336,98.33999633789062
TLT,2026-05-22,84.61000061035156,84.22000122070312
TUR,2026-05-22,39.33000183105469,36.709999084472656
UGA,2026-05-22,115.30000305175781,114.9800033569336
UNG,2026-05-22,11.130000114440918,11.329999923706055
UNL,2026-05-22,6.380000114440918,6.409999847412109
USHY,2026-05-22,37.0099983215332,36.97999954223633
USIG,2026-05-22,51.04999923706055,50.93999862670898
USO,2026-05-22,141.42999267578125,142.5399932861328
VCIT,2026-05-22,82.36000061035156,82.13999938964844
VCSH,2026-05-22,79.0,78.9000015258789
VDC,2026-05-22,229.72999572753903,229.77999877929688
VGIT,2026-05-22,58.81999969482422,58.75
VGLT,2026-05-22,54.130001068115234,53.90999984741211
VHT,2026-05-22,278.0,276.5400085449219
VMBS,2026-05-22,46.560001373291016,46.5
VNQ,2026-05-22,96.9499969482422,96.66999816894533
VNQI,2026-05-22,45.63999938964844,46.09999847412109
VPU,2026-05-22,195.0800018310547,194.92999267578125
VTIP,2026-05-22,50.27999877929688,50.27000045776367
VWOB,2026-05-22,66.36000061035156,66.22000122070312
WEAT,2026-05-22,24.559999465942383,24.5
XBI,2026-05-22,132.49000549316406,132.77999877929688
XLB,2026-05-22,50.33000183105469,50.02000045776367
XLC,2026-05-22,116.41000366210938,116.0999984741211
XLE,2026-05-22,58.9900016784668,59.130001068115234
XLF,2026-05-22,51.900001525878906,51.72999954223633
XLI,2026-05-22,171.75,170.52999877929688
XLK,2026-05-22,180.02999877929688,178.60000610351562
XLP,2026-05-22,84.72000122070312,84.66000366210938
XLRE,2026-05-22,44.630001068115234,44.5
XLU,2026-05-22,45.060001373291016,45.0
XLV,2026-05-22,149.08999633789062,148.14999389648438
XLY,2026-05-22,119.16000366210938,118.69999694824219
XME,2026-05-22,115.87999725341795,115.37999725341795
XPH,2026-05-22,58.20000076293945,57.869998931884766
XRT,2026-05-22,81.83000183105469,81.79000091552734
ANGL,2026-05-26,29.059999465942383,29.030000686645508
BKLN,2026-05-26,20.479999542236328,20.469999313354492
BNO,2026-05-26,53.099998474121094,55.0
BWX,2026-05-26,22.040000915527344,21.93000030517578
CANE,2026-05-26,9.859999656677246,9.899999618530272
CEMB,2026-05-26,45.619998931884766,45.54999923706055
CIBR,2026-05-26,84.3010025024414,84.27999877929688
CORN,2026-05-26,18.25,18.360000610351562
CPER,2026-05-26,38.91999816894531,38.91999816894531
DBA,2026-05-26,27.600000381469727,27.559999465942383
DBB,2026-05-26,25.969999313354492,25.899999618530273
DBC,2026-05-26,30.1299991607666,30.540000915527344
DBE,2026-05-26,31.229999542236328,32.099998474121094
DBO,2026-05-26,21.88999938964844,22.5
DIA,2026-05-26,507.5700073242188,506.1199951171875
EBND,2026-05-26,20.88999938964844,20.780000686645508
EEM,2026-05-26,67.72000122070312,65.87999725341797
EFA,2026-05-26,105.3499984741211,103.9800033569336
EMB,2026-05-26,95.66999816894531,95.16999816894531
EMHY,2026-05-26,40.33000183105469,40.13999938964844
EMLC,2026-05-26,25.489999771118164,25.34000015258789
EPI,2026-05-26,42.630001068115234,42.369998931884766
EWA,2026-05-26,29.040000915527344,28.780000686645508
EWC,2026-05-26,58.869998931884766,58.5099983215332
EWG,2026-05-26,43.7400016784668,42.90999984741211
EWJ,2026-05-26,92.9800033569336,91.61000061035156
EWL,2026-05-26,62.970001220703125,62.63999938964844
EWN,2026-05-26,67.5199966430664,66.83999633789062
EWQ,2026-05-26,45.88999938964844,45.16999816894531
EWT,2026-05-26,101.1999969482422,96.83999633789062
EWU,2026-05-26,47.58000183105469,47.09000015258789
EWW,2026-05-26,77.44999694824219,77.76000213623047
EWY,2026-05-26,194.3800048828125,182.02999877929688
EWZ,2026-05-26,36.70000076293945,36.369998931884766
EZA,2026-05-26,69.37999725341797,67.30999755859375
EZU,2026-05-26,69.3499984741211,68.01000213623047
FALN,2026-05-26,27.07999992370605,27.020000457763672
FDN,2026-05-26,274.6600036621094,273.8699951171875
FXI,2026-05-26,35.619998931884766,35.52000045776367
GIGB,2026-05-26,45.81999969482422,45.650001525878906
GLD,2026-05-26,415.1600036621094,413.82000732421875
GLTR,2026-05-26,214.6000061035156,212.91000366210935
GOVT,2026-05-26,22.709999084472656,22.649999618530277
HYG,2026-05-26,80.13999938964844,79.91000366210938
IAU,2026-05-26,85.05999755859375,84.80999755859375
IEF,2026-05-26,94.33999633789062,93.87999725341797
IEI,2026-05-26,117.45999908447266,117.13999938964844
IGIB,2026-05-26,53.119998931884766,52.869998931884766
IGV,2026-05-26,93.97000122070312,94.01000213623048
IHI,2026-05-26,50.630001068115234,50.56999969482422
INDA,2026-05-26,48.709999084472656,48.38999938964844
ITB,2026-05-26,91.75,90.97000122070312
IWM,2026-05-26,288.3900146484375,285.1199951171875
IYR,2026-05-26,103.2300033569336,102.72000122070312
IYT,2026-05-26,81.98999786376953,81.44999694824219
JMBS,2026-05-26,45.13999938964844,44.9900016784668
JNK,2026-05-26,96.54000091552734,96.25
KRE,2026-05-26,69.69999694824219,69.37000274658203
LEMB,2026-05-26,41.93000030517578,41.70000076293945
LIT,2026-05-26,85.80000305175781,85.27999877929688
LMBS,2026-05-26,49.709999084472656,49.65499877929688
LQD,2026-05-26,108.97000122070312,108.37000274658203
MBB,2026-05-26,94.41999816894531,94.08000183105469
MDY,2026-05-26,676.0999755859375,670.6500244140625
PALL,2026-05-26,25.209999084472656,24.520000457763672
PCY,2026-05-26,21.31999969482422,21.200000762939453
PFF,2026-05-26,31.299999237060547,31.239999771118164
PPLT,2026-05-26,17.649999618530273,17.469999313354492
QLTA,2026-05-26,47.5,47.27999877929688
QQQ,2026-05-26,725.9600219726562,717.5399780273438
REM,2026-05-26,21.809999465942383,21.71999931335449
REMX,2026-05-26,98.0,96.81999969482422
RSP,2026-05-26,207.8300018310547,206.5800018310547
RWR,2026-05-26,111.52999877929688,111.1999969482422
RWX,2026-05-26,27.68000030517578,27.399999618530277
SCHH,2026-05-26,23.780000686645508,23.690000534057617
SCHO,2026-05-26,24.15999984741211,24.1299991607666
SCHP,2026-05-26,26.700000762939453,26.6299991607666
SGOL,2026-05-26,43.060001373291016,42.93999862670898
SHY,2026-05-26,82.19999694824219,82.12000274658203
SHYG,2026-05-26,42.52999877929688,42.43999862670898
SIVR,2026-05-26,72.52999877929688,71.81999969482422
SKYY,2026-05-26,133.5399932861328,133.02999877929688
SLQD,2026-05-26,50.380001068115234,50.290000915527344
SLV,2026-05-26,69.0199966430664,68.36000061035156
SLX,2026-05-26,108.12999725341795,106.66999816894533
SMH,2026-05-26,591.5800170898438,576.3200073242188
SOXX,2026-05-26,556.989990234375,537.3300170898438
SOYB,2026-05-26,24.979999542236328,25.059999465942383
SPIB,2026-05-26,33.459999084472656,33.349998474121094
SPMB,2026-05-26,22.239999771118164,22.15999984741211
SPTL,2026-05-26,25.920000076293945,25.709999084472656
SPY,2026-05-26,750.010009765625,745.6400146484375
SRLN,2026-05-26,40.52999877929688,40.459999084472656
STIP,2026-05-26,103.3499984741211,103.27999877929688
TIP,2026-05-26,110.69999694824219,110.37999725341797
TLH,2026-05-26,99.45999908447266,98.7300033569336
TLT,2026-05-26,85.33999633789062,84.68000030517578
TUR,2026-05-26,38.880001068115234,39.34000015258789
UGA,2026-05-26,111.2300033569336,115.23999786376953
UNG,2026-05-26,11.130000114440918,10.9399995803833
UNL,2026-05-26,6.320000171661377,6.28000020980835
USHY,2026-05-26,37.09000015258789,36.9900016784668
USIG,2026-05-26,51.20000076293945,51.0
USO,2026-05-26,136.33999633789062,140.9199981689453
VCIT,2026-05-26,82.62999725341797,82.22000122070312
VCSH,2026-05-26,79.0,78.87000274658203
VDC,2026-05-26,229.41000366210935,229.69000244140625
VGIT,2026-05-26,58.93000030517578,58.72999954223633
VGLT,2026-05-26,54.59000015258789,54.130001068115234
VHT,2026-05-26,279.510009765625,279.2699890136719
VMBS,2026-05-26,46.720001220703125,46.56999969482422
VNQ,2026-05-26,97.1500015258789,96.7699966430664
VNQI,2026-05-26,46.02999877929688,45.61000061035156
VPU,2026-05-26,197.3800048828125,196.47000122070312
VTIP,2026-05-26,50.27999877929688,50.220001220703125
VWOB,2026-05-26,66.66999816894531,66.30999755859375
WEAT,2026-05-26,24.399999618530273,24.549999237060547
XBI,2026-05-26,132.47000122070312,131.66000366210938
XLB,2026-05-26,50.68000030517578,50.290000915527344
XLC,2026-05-26,115.62999725341797,115.45999908447266
XLE,2026-05-26,58.869998931884766,59.4900016784668
XLF,2026-05-26,52.0,51.939998626708984
XLI,2026-05-26,173.19000244140625,171.77000427246094
XLK,2026-05-26,183.1999969482422,180.38999938964844
XLP,2026-05-26,84.79000091552734,84.80000305175781
XLRE,2026-05-26,44.77000045776367,44.560001373291016
XLU,2026-05-26,45.59000015258789,45.349998474121094
XLV,2026-05-26,149.9499969482422,149.88999938964844
XLY,2026-05-26,119.7300033569336,119.18000030517578
XME,2026-05-26,119.30999755859376,117.06999969482422
XPH,2026-05-26,58.09000015258789,57.790000915527344
XRT,2026-05-26,82.98999786376953,82.54000091552734
ANGL,2026-05-27,29.13999938964844,29.11000061035156
BKLN,2026-05-27,20.479999542236328,20.479999542236328
BNO,2026-05-27,51.400001525878906,53.099998474121094
BWX,2026-05-27,22.06999969482422,22.040000915527344
CANE,2026-05-27,9.670000076293944,9.800000190734863
CEMB,2026-05-27,45.68000030517578,45.650001525878906
CIBR,2026-05-27,82.17500305175781,84.4800033569336
CORN,2026-05-27,18.110000610351562,18.18000030517578
CPER,2026-05-27,38.72999954223633,39.029998779296875
DBA,2026-05-27,27.3700008392334,27.469999313354492
DBB,2026-05-27,25.81999969482422,26.049999237060547
DBC,2026-05-27,29.420000076293945,30.030000686645508
DBE,2026-05-27,30.15999984741211,31.0
DBO,2026-05-27,21.170000076293945,21.84000015258789
DIA,2026-05-27,505.9299926757813,505.25
EBND,2026-05-27,20.940000534057617,20.88999938964844
EEM,2026-05-27,68.76000213623047,68.4000015258789
EFA,2026-05-27,105.05999755859375,105.12999725341797
EMB,2026-05-27,95.93000030517578,95.63999938964844
EMHY,2026-05-27,40.43000030517578,40.31999969482422
EMLC,2026-05-27,25.479999542236328,25.46999931335449
EPI,2026-05-27,42.70000076293945,42.52999877929688
EWA,2026-05-27,29.020000457763672,28.950000762939453
EWC,2026-05-27,58.38999938964844,58.70000076293945
EWG,2026-05-27,43.79999923706055,43.75
EWJ,2026-05-27,92.19000244140624,92.9000015258789
EWL,2026-05-27,63.04999923706055,62.869998931884766
EWN,2026-05-27,67.33999633789062,67.33000183105469
EWQ,2026-05-27,46.209999084472656,45.91999816894531
EWT,2026-05-27,103.95999908447266,102.13999938964844
EWU,2026-05-27,47.27000045776367,47.41999816894531
EWW,2026-05-27,78.83999633789062,78.86000061035156
EWY,2026-05-27,201.80999755859372,200.6499938964844
EWZ,2026-05-27,36.27999877929688,36.4900016784668
EZA,2026-05-27,68.87999725341797,69.80999755859375
EZU,2026-05-27,69.31999969482422,69.16000366210938
FALN,2026-05-27,27.11000061035156,27.059999465942383
FDN,2026-05-27,272.82000732421875,273.82000732421875
FXI,2026-05-27,35.130001068115234,35.75
GIGB,2026-05-27,45.810001373291016,45.775001525878906
GLD,2026-05-27,404.3399963378906,414.0
GLTR,2026-05-27,208.92999267578125,214.9499969482422
GOVT,2026-05-27,22.71999931335449,22.700000762939453
HYG,2026-05-27,80.16999816894531,80.18000030517578
IAU,2026-05-27,82.8499984741211,84.80999755859375
IEF,2026-05-27,94.3499984741211,94.27999877929688
IEI,2026-05-27,117.4800033569336,117.44000244140625
IGIB,2026-05-27,53.119998931884766,53.06999969482422
IGV,2026-05-27,92.56999969482422,94.0500030517578
IHI,2026-05-27,50.27000045776367,50.369998931884766
INDA,2026-05-27,48.68999862670898,48.54999923706055
ITB,2026-05-27,93.0,92.08999633789062
IWM,2026-05-27,291.1600036621094,290.510009765625
IYR,2026-05-27,103.0,103.12000274658205
IYT,2026-05-27,83.5,83.0
JMBS,2026-05-27,45.13999938964844,45.150001525878906
JNK,2026-05-27,96.58000183105469,96.55999755859375
KRE,2026-05-27,70.25,70.30000305175781
LEMB,2026-05-27,41.95000076293945,41.95000076293945
LIT,2026-05-27,85.36000061035156,86.3499984741211
LMBS,2026-05-27,49.7599983215332,49.79999923706055
LQD,2026-05-27,108.91000366210938,108.77999877929688
MBB,2026-05-27,94.4800033569336,94.33000183105469
MDY,2026-05-27,682.8900146484375,681.0700073242188
PALL,2026-05-27,25.0,25.139999389648438
PCY,2026-05-27,21.399999618530277,21.350000381469727
PFF,2026-05-27,31.34000015258789,31.34000015258789
PPLT,2026-05-27,17.34000015258789,17.739999771118164
QLTA,2026-05-27,47.47999954223633,47.43999862670898
QQQ,2026-05-27,732.9600219726562,730.280029296875
REM,2026-05-27,21.93000030517578,21.950000762939453
REMX,2026-05-27,96.91999816894533,98.95999908447266
RSP,2026-05-27,208.0500030517578,207.63999938964844
RWR,2026-05-27,111.88999938964844,111.9000015258789
RWX,2026-05-27,27.76000022888184,27.600000381469727
SCHH,2026-05-27,23.850000381469727,23.84000015258789
SCHO,2026-05-27,24.170000076293945,24.170000076293945
SCHP,2026-05-27,26.739999771118164,26.71999931335449
SGOL,2026-05-27,41.959999084472656,42.93000030517578
SHY,2026-05-27,82.22000122070312,82.20999908447266
SHYG,2026-05-27,42.52999877929688,42.52000045776367
SIVR,2026-05-27,70.30000305175781,73.22000122070312
SKYY,2026-05-27,132.6199951171875,133.6199951171875
SLQD,2026-05-27,50.36000061035156,50.369998931884766
SLV,2026-05-27,66.87999725341797,69.72000122070312
SLX,2026-05-27,109.48999786376952,109.98999786376952
SMH,2026-05-27,611.9400024414062,602.1400146484375
SOXX,2026-05-27,584.3800048828125,570.0900268554688
SOYB,2026-05-27,24.850000381469727,24.90999984741211
SPIB,2026-05-27,33.45000076293945,33.439998626708984
SPMB,2026-05-27,22.26000022888184,22.239999771118164
SPTL,2026-05-27,25.90999984741211,25.850000381469727
SPY,2026-05-27,750.8800048828125,750.5900268554688
SRLN,2026-05-27,40.54999923706055,40.54999923706055
STIP,2026-05-27,103.41000366210938,103.41000366210938
TIP,2026-05-27,110.86000061035156,110.81999969482422
TLH,2026-05-27,99.44000244140625,99.23999786376953
TLT,2026-05-27,85.25,85.0999984741211
TUR,2026-05-27,38.630001068115234,38.33000183105469
UGA,2026-05-27,105.54000091552734,108.41000366210938
UNG,2026-05-27,11.09000015258789,10.90999984741211
UNL,2026-05-27,6.230000019073486,6.210000038146973
USHY,2026-05-27,37.10499954223633,37.09999847412109
USIG,2026-05-27,51.209999084472656,51.15999984741211
USO,2026-05-27,131.38999938964844,137.0
VCIT,2026-05-27,82.5999984741211,82.54000091552734
VCSH,2026-05-27,79.05999755859375,79.04000091552734
VDC,2026-05-27,227.02999877929688,226.38999938964844
VGIT,2026-05-27,58.95000076293945,58.93000030517578
VGLT,2026-05-27,54.540000915527344,54.43999862670898
VHT,2026-05-27,277.25,277.3099975585937
VMBS,2026-05-27,46.7400016784668,46.72999954223633
VNQ,2026-05-27,97.0500030517578,97.22000122070312
VNQI,2026-05-27,45.869998931884766,45.97999954223633
VPU,2026-05-27,196.2899932861328,196.6499938964844
VTIP,2026-05-27,50.310001373291016,50.29999923706055
VWOB,2026-05-27,66.83000183105469,66.63999938964844
WEAT,2026-05-27,23.829999923706055,24.219999313354492
XBI,2026-05-27,133.6199951171875,133.35000610351562
XLB,2026-05-27,51.0099983215332,50.9900016784668
XLC,2026-05-27,115.2300033569336,115.55000305175781
XLE,2026-05-27,57.0099983215332,57.849998474121094
XLF,2026-05-27,51.7400016784668,51.849998474121094
XLI,2026-05-27,174.5399932861328,174.3000030517578
XLK,2026-05-27,186.17999267578125,185.13999938964844
XLP,2026-05-27,84.0199966430664,83.62999725341797
XLRE,2026-05-27,44.7400016784668,44.709999084472656
XLU,2026-05-27,45.25,45.33000183105469
XLV,2026-05-27,148.69000244140625,148.50999450683594
XLY,2026-05-27,120.69000244140625,119.44999694824219
XME,2026-05-27,120.94000244140624,122.6500015258789
XPH,2026-05-27,58.29999923706055,58.08000183105469
XRT,2026-05-27,83.63999938964844,82.95999908447266
ANGL,2026-05-28,29.100000381469727,29.1200008392334
BKLN,2026-05-28,20.489999771118164,20.5
BNO,2026-05-28,51.970001220703125,51.13999938964844
BWX,2026-05-28,22.049999237060547,22.040000915527344
CANE,2026-05-28,9.460000038146973,9.59000015258789
CEMB,2026-05-28,45.720001220703125,45.720001220703125
CIBR,2026-05-28,82.62000274658203,82.04000091552734
CORN,2026-05-28,18.139999389648438,18.0
CPER,2026-05-28,38.61000061035156,38.47999954223633
DBA,2026-05-28,27.489999771118164,27.469999313354492
DBB,2026-05-28,25.860000610351562,25.729999542236328
DBC,2026-05-28,29.68000030517578,29.489999771118164
DBE,2026-05-28,30.61000061035156,30.13999938964844
DBO,2026-05-28,21.549999237060547,21.190000534057617
DIA,2026-05-28,505.3399963378906,506.8800048828125
EBND,2026-05-28,20.940000534057617,20.93000030517578
EEM,2026-05-28,67.6500015258789,68.38999938964844
EFA,2026-05-28,104.12000274658203,104.7699966430664
EMB,2026-05-28,95.88999938964844,95.9800033569336
EMHY,2026-05-28,40.459999084472656,40.47999954223633
EMLC,2026-05-28,25.479999542236328,25.46999931335449
EPI,2026-05-28,42.09999847412109,42.52000045776367
EWA,2026-05-28,28.799999237060547,28.93000030517578
EWC,2026-05-28,58.15999984741211,58.2599983215332
EWG,2026-05-28,43.369998931884766,43.68999862670898
EWJ,2026-05-28,91.86000061035156,92.29000091552734
EWL,2026-05-28,62.47999954223633,63.06999969482422
EWN,2026-05-28,66.80000305175781,66.83999633789062
EWQ,2026-05-28,45.869998931884766,46.0
EWT,2026-05-28,101.41000366210938,102.97000122070312
EWU,2026-05-28,46.88999938964844,47.22999954223633
EWW,2026-05-28,79.44000244140625,79.55999755859375
EWY,2026-05-28,197.6999969482422,198.2899932861328
EWZ,2026-05-28,36.08000183105469,36.11000061035156
EZA,2026-05-28,68.44000244140625,68.91000366210938
EZU,2026-05-28,68.66999816894531,68.98999786376953
FALN,2026-05-28,27.09000015258789,27.07999992370605
FDN,2026-05-28,278.1000061035156,274.42999267578125
FXI,2026-05-28,34.709999084472656,35.31999969482422
GIGB,2026-05-28,45.84000015258789,45.84000015258789
GLD,2026-05-28,406.4800109863281,408.489990234375
GLTR,2026-05-28,208.8800048828125,211.00999450683597
GOVT,2026-05-28,22.71999931335449,22.71999931335449
HYG,2026-05-28,80.08000183105469,80.12999725341797
IAU,2026-05-28,83.30000305175781,83.7300033569336
IEF,2026-05-28,94.3499984741211,94.31999969482422
IEI,2026-05-28,117.48999786376953,117.4800033569336
IGIB,2026-05-28,53.13999938964844,53.119998931884766
IGV,2026-05-28,93.4000015258789,93.0500030517578
IHI,2026-05-28,49.0099983215332,49.16999816894531
INDA,2026-05-28,48.09000015258789,48.54999923706055
ITB,2026-05-28,92.58999633789062,93.56999969482422
IWM,2026-05-28,289.6400146484375,290.3699951171875
IYR,2026-05-28,102.5500030517578,102.79000091552734
IYT,2026-05-28,84.08999633789062,84.61000061035156
JMBS,2026-05-28,45.08000183105469,45.11000061035156
JNK,2026-05-28,96.45999908447266,96.5199966430664
KRE,2026-05-28,69.44000244140625,69.58000183105469
LEMB,2026-05-28,41.93000030517578,41.959999084472656
LIT,2026-05-28,86.44000244140625,85.52999877929688
LMBS,2026-05-28,49.77000045776367,49.72999954223633
LQD,2026-05-28,108.98999786376953,108.93000030517578
MBB,2026-05-28,94.43000030517578,94.37999725341797
MDY,2026-05-28,676.2999877929688,678.5599975585938
PALL,2026-05-28,24.399999618530273,25.190000534057617
PCY,2026-05-28,21.40999984741211,21.450000762939453
PFF,2026-05-28,31.3700008392334,31.389999389648438
PPLT,2026-05-28,17.1200008392334,17.43000030517578
QLTA,2026-05-28,47.5099983215332,47.4900016784668
QQQ,2026-05-28,729.72998046875,729.4500122070312
REM,2026-05-28,22.0,22.030000686645508
REMX,2026-05-28,98.9800033569336,98.02999877929688
RSP,2026-05-28,207.3800048828125,207.4900054931641
RWR,2026-05-28,111.38999938964844,111.58999633789062
RWX,2026-05-28,27.549999237060547,27.57999992370605
SCHH,2026-05-28,23.700000762939453,23.75
SCHO,2026-05-28,24.170000076293945,24.18000030517578
SCHP,2026-05-28,26.770000457763672,26.75
SGOL,2026-05-28,42.15999984741211,42.380001068115234
SHY,2026-05-28,82.22000122070312,82.22000122070312
SHYG,2026-05-28,42.470001220703125,42.4900016784668
SIVR,2026-05-28,69.97000122070312,70.93000030517578
SKYY,2026-05-28,133.0800018310547,132.30999755859375
SLQD,2026-05-28,50.400001525878906,50.400001525878906
SLV,2026-05-28,66.55000305175781,67.5
SLX,2026-05-28,110.0,110.37000274658205
SMH,2026-05-28,595.8099975585938,595.5
SOXX,2026-05-28,564.3200073242188,563.97998046875
SOYB,2026-05-28,25.020000457763672,24.920000076293945
SPIB,2026-05-28,33.470001220703125,33.470001220703125
SPMB,2026-05-28,22.25,22.239999771118164
SPTL,2026-05-28,25.940000534057617,25.90999984741211
SPY,2026-05-28,750.25,750.4600219726562
SRLN,2026-05-28,40.58000183105469,40.58000183105469
STIP,2026-05-28,103.56999969482422,103.45999908447266
TIP,2026-05-28,111.05999755859375,110.87999725341797
TLH,2026-05-28,99.52999877929688,99.41999816894531
TLT,2026-05-28,85.36000061035156,85.30000305175781
TUR,2026-05-28,38.36000061035156,38.18000030517578
UGA,2026-05-28,106.9800033569336,106.4000015258789
UNG,2026-05-28,11.289999961853027,11.180000305175781
UNL,2026-05-28,6.340000152587891,6.28000020980835
USHY,2026-05-28,37.060001373291016,37.09000015258789
USIG,2026-05-28,51.209999084472656,51.22999954223633
USO,2026-05-28,133.33999633789062,131.02999877929688
VCIT,2026-05-28,82.62999725341797,82.5999984741211
VCSH,2026-05-28,79.08999633789062,79.06999969482422
VDC,2026-05-28,229.47999572753903,228.7899932861328
VGIT,2026-05-28,58.93999862670898,58.95000076293945
VGLT,2026-05-28,54.619998931884766,54.54999923706055
VHT,2026-05-28,278.489990234375,277.8800048828125
VMBS,2026-05-28,46.66999816894531,46.720001220703125
VNQ,2026-05-28,96.7300033569336,96.91999816894533
VNQI,2026-05-28,45.650001525878906,45.88999938964844
VPU,2026-05-28,195.33999633789065,195.6999969482422
VTIP,2026-05-28,50.380001068115234,50.34000015258789
VWOB,2026-05-28,66.9000015258789,66.88999938964844
WEAT,2026-05-28,23.850000381469727,23.760000228881836
XBI,2026-05-28,134.22999572753906,134.4499969482422
XLB,2026-05-28,51.06999969482422,51.18000030517578
XLC,2026-05-28,116.0999984741211,116.26000213623047
XLE,2026-05-28,57.54999923706055,56.9900016784668
XLF,2026-05-28,51.189998626708984,51.41999816894531
XLI,2026-05-28,173.49000549316406,174.3000030517578
XLK,2026-05-28,184.8300018310547,184.42999267578125
XLP,2026-05-28,84.86000061035156,84.58000183105469
XLRE,2026-05-28,44.529998779296875,44.630001068115234
XLU,2026-05-28,45.029998779296875,45.13999938964844
XLV,2026-05-28,149.14999389648438,148.7899932861328
XLY,2026-05-28,121.0999984741211,121.55000305175781
XME,2026-05-28,122.16000366210938,122.91000366210938
XPH,2026-05-28,58.27999877929688,58.29999923706055
XRT,2026-05-28,84.58999633789062,83.95999908447266
ANGL,2026-05-29,29.190000534057617,29.13999938964844
BKLN,2026-05-29,20.5,20.489999771118164
BNO,2026-05-29,50.130001068115234,51.33000183105469
BWX,2026-05-29,22.170000076293945,22.11000061035156
CANE,2026-05-29,9.600000381469728,9.470000267028809
CEMB,2026-05-29,45.790000915527344,45.7400016784668
CIBR,2026-05-29,84.74500274658203,83.68000030517578
CORN,2026-05-29,18.139999389648438,18.209999084472656
CPER,2026-05-29,38.88999938964844,39.060001373291016
DBA,2026-05-29,27.549999237060547,27.579999923706055
DBB,2026-05-29,26.040000915527344,26.020000457763672
DBC,2026-05-29,29.530000686645508,29.71999931335449
DBE,2026-05-29,29.920000076293945,30.440000534057617
DBO,2026-05-29,21.049999237060547,21.43000030517578
DIA,2026-05-29,507.8999938964844,507.0499877929688
EBND,2026-05-29,21.030000686645508,21.0
EEM,2026-05-29,68.93000030517578,68.61000061035156
EFA,2026-05-29,105.12999725341797,104.69000244140625
EMB,2026-05-29,96.30999755859375,96.2300033569336
EMHY,2026-05-29,40.630001068115234,40.59999847412109
EMLC,2026-05-29,25.61000061035156,25.559999465942383
EPI,2026-05-29,42.7599983215332,42.65999984741211
EWA,2026-05-29,29.350000381469727,28.96999931335449
EWC,2026-05-29,58.619998931884766,58.58000183105469
EWG,2026-05-29,43.470001220703125,43.4900016784668
EWJ,2026-05-29,92.94000244140624,92.6999969482422
EWL,2026-05-29,63.380001068115234,62.84999847412109
EWN,2026-05-29,67.30999755859375,66.95999908447266
EWQ,2026-05-29,46.220001220703125,46.0
EWT,2026-05-29,103.7300033569336,102.33999633789062
EWU,2026-05-29,47.09999847412109,47.0
EWW,2026-05-29,78.55000305175781,78.80999755859375
EWY,2026-05-29,206.1100006103516,206.41000366210935
EWZ,2026-05-29,35.70000076293945,36.11000061035156
EZA,2026-05-29,69.44999694824219,69.70999908447266
EZU,2026-05-29,69.08999633789062,68.80000305175781
FALN,2026-05-29,27.15999984741211,27.11000061035156
FDN,2026-05-29,279.29998779296875,278.8900146484375
FXI,2026-05-29,35.02000045776367,34.9900016784668
GIGB,2026-05-29,46.0,45.93999862670898
GLD,2026-05-29,415.6199951171875,412.7699890136719
GLTR,2026-05-29,214.1999969482422,212.9900054931641
GOVT,2026-05-29,22.780000686645508,22.76000022888184
HYG,2026-05-29,80.26000213623047,80.2300033569336
IAU,2026-05-29,85.16000366210938,84.58999633789062
IEF,2026-05-29,94.63999938964844,94.54000091552734
IEI,2026-05-29,117.72000122070312,117.61000061035156
IGIB,2026-05-29,53.310001373291016,53.2400016784668
IGV,2026-05-29,96.88999938964844,95.68000030517578
IHI,2026-05-29,49.34000015258789,49.34999847412109
INDA,2026-05-29,48.7599983215332,48.68999862670898
ITB,2026-05-29,93.18000030517578,93.18000030517578
IWM,2026-05-29,291.3800048828125,292.0299987792969
IYR,2026-05-29,102.13999938964844,102.30999755859376
IYT,2026-05-29,84.04000091552734,83.9800033569336
JMBS,2026-05-29,45.09999847412109,45.220001220703125
JNK,2026-05-29,96.66000366210938,96.62000274658203
KRE,2026-05-29,69.37000274658203,69.55000305175781
LEMB,2026-05-29,42.119998931884766,42.02999877929688
LIT,2026-05-29,87.5,87.5
LMBS,2026-05-29,49.84999847412109,49.79999923706055
LQD,2026-05-29,109.38999938964844,109.26000213623047
MBB,2026-05-29,94.80000305175781,94.70999908447266
MDY,2026-05-29,679.7999877929688,679.25
PALL,2026-05-29,25.079999923706055,24.8700008392334
PCY,2026-05-29,21.57999992370605,21.5
PFF,2026-05-29,31.479999542236328,31.5
PPLT,2026-05-29,17.530000686645508,17.450000762939453
QLTA,2026-05-29,47.650001525878906,47.619998931884766
QQQ,2026-05-29,737.8400268554688,735.5999755859375
REM,2026-05-29,21.989999771118164,22.040000915527344
REMX,2026-05-29,99.9000015258789,101.5
RSP,2026-05-29,208.75,208.25
RWR,2026-05-29,110.88999938964844,111.0500030517578
RWX,2026-05-29,27.809999465942383,27.670000076293945
SCHH,2026-05-29,23.61000061035156,23.670000076293945
SCHO,2026-05-29,24.190000534057617,24.190000534057617
SCHP,2026-05-29,26.81999969482422,26.81999969482422
SGOL,2026-05-29,43.11000061035156,42.83000183105469
SHY,2026-05-29,82.30000305175781,82.26000213623047
SHYG,2026-05-29,42.56999969482422,42.540000915527344
SIVR,2026-05-29,72.0999984741211,71.83000183105469
SKYY,2026-05-29,139.33999633789062,135.00999450683594
SLQD,2026-05-29,50.45000076293945,50.41999816894531
SLV,2026-05-29,68.55999755859375,68.36000061035156
SLX,2026-05-29,110.70999908447266,111.0199966430664
SMH,2026-05-29,606.030029296875,599.8300170898438
SOXX,2026-05-29,576.4400024414062,569.469970703125
SOYB,2026-05-29,25.209999084472656,25.219999313354492
SPIB,2026-05-29,33.529998779296875,33.5
SPMB,2026-05-29,22.32999992370605,22.31999969482422
SPTL,2026-05-29,26.059999465942383,26.030000686645508
SPY,2026-05-29,755.9000244140625,754.5999755859375
SRLN,2026-05-29,40.59999847412109,40.56999969482422
STIP,2026-05-29,103.62000274658205,103.62000274658205
TIP,2026-05-29,111.16999816894531,111.18000030517578
TLH,2026-05-29,99.95999908447266,99.81999969482422
TLT,2026-05-29,85.80999755859375,85.73999786376953
TUR,2026-05-29,38.5099983215332,38.5099983215332
UGA,2026-05-29,106.30999755859375,107.73999786376953
UNG,2026-05-29,12.149999618530273,11.890000343322754
UNL,2026-05-29,6.599999904632568,6.539999961853027
USHY,2026-05-29,37.150001525878906,37.11000061035156
USIG,2026-05-29,51.400001525878906,51.34000015258789
USO,2026-05-29,128.30999755859375,130.77999877929688
VCIT,2026-05-29,82.88999938964844,82.73999786376953
VCSH,2026-05-29,79.18000030517578,79.12999725341797
VDC,2026-05-29,226.97000122070312,228.1300048828125
VGIT,2026-05-29,59.08000183105469,59.02999877929688
VGLT,2026-05-29,54.869998931884766,54.810001373291016
VHT,2026-05-29,281.67999267578125,281.7699890136719
VMBS,2026-05-29,46.869998931884766,46.84000015258789
VNQ,2026-05-29,96.3499984741211,96.5500030517578
VNQI,2026-05-29,46.06999969482422,45.93000030517578
VPU,2026-05-29,193.57000732421875,193.5500030517578
VTIP,2026-05-29,50.40999984741211,50.400001525878906
VWOB,2026-05-29,67.19000244140625,67.08999633789062
WEAT,2026-05-29,23.75,23.829999923706055
XBI,2026-05-29,136.47999572753906,135.99000549316406
XLB,2026-05-29,51.279998779296875,51.36000061035156
XLC,2026-05-29,115.93000030517578,116.66999816894531
XLE,2026-05-29,56.68000030517578,56.95000076293945
XLF,2026-05-29,51.279998779296875,51.27000045776367
XLI,2026-05-29,173.57000732421875,173.8000030517578
XLK,2026-05-29,189.3300018310547,186.85000610351562
XLP,2026-05-29,83.97000122070312,84.43000030517578
XLRE,2026-05-29,44.310001373291016,44.40999984741211
XLU,2026-05-29,44.66999816894531,44.630001068115234
XLV,2026-05-29,150.85000610351562,150.8800048828125
XLY,2026-05-29,121.5999984741211,122.05999755859375
XME,2026-05-29,125.98999786376952,126.4499969482422
XPH,2026-05-29,58.380001068115234,58.58000183105469
XRT,2026-05-29,84.70999908447266,85.61000061035156
