ticker,day,open,prev_close
ANGL,2026-08-03,28.790000915527344,28.920000076293945
BKLN,2026-08-03,20.399999618530273,20.389999389648438
BNO,2026-08-03,47.72999954223633,50.380001068115234
BWX,2026-08-03,21.82999992370605,21.71999931335449
CANE,2026-08-03,9.81999969482422,9.619999885559082
CEMB,2026-08-03,45.09999847412109,45.209999084472656
CIBR,2026-08-03,92.7699966430664,91.83000183105467
CORN,2026-08-03,17.579999923706055,17.649999618530273
CPER,2026-08-03,38.97999954223633,39.560001373291016
DBA,2026-08-03,27.510000228881836,27.510000228881836
DBB,2026-08-03,25.18000030517578,25.15999984741211
DBC,2026-08-03,29.350000381469727,29.450000762939453
DBE,2026-08-03,29.799999237060547,31.239999771118164
DBO,2026-08-03,20.049999237060547,21.530000686645508
DIA,2026-08-03,529.5499877929688,524.3200073242188
EBND,2026-08-03,20.8799991607666,20.940000534057617
EEM,2026-08-03,63.7400016784668,64.08999633789062
EFA,2026-08-03,105.72000122070312,105.58000183105469
EMB,2026-08-03,94.5199966430664,94.66000366210938
EMHY,2026-08-03,40.09999847412109,40.22999954223633
EMLC,2026-08-03,25.38999938964844,25.46999931335449
EPI,2026-08-03,43.2599983215332,42.9900016784668
EWA,2026-08-03,29.309999465942383,29.34000015258789
EWC,2026-08-03,59.4900016784668,59.38999938964844
EWG,2026-08-03,43.290000915527344,42.84999847412109
EWJ,2026-08-03,92.29000091552734,92.38999938964844
EWL,2026-08-03,63.34000015258789,63.15999984741211
EWN,2026-08-03,66.91999816894531,66.81999969482422
EWQ,2026-08-03,46.95000076293945,46.54999923706055
EWT,2026-08-03,96.5999984741211,96.5500030517578
EWU,2026-08-03,48.290000915527344,48.40999984741211
EWW,2026-08-03,77.18000030517578,76.80999755859375
EWY,2026-08-03,156.39999389648438,157.10000610351562
EWZ,2026-08-03,36.59999847412109,36.650001525878906
EZA,2026-08-03,63.88999938964844,63.619998931884766
EZU,2026-08-03,69.69999694824219,69.56999969482422
FALN,2026-08-03,26.82999992370605,26.920000076293945
FDN,2026-08-03,277.3699951171875,274.7900085449219
FXI,2026-08-03,36.400001525878906,36.5
GIGB,2026-08-03,44.84999847412109,44.948001861572266
GLD,2026-08-03,370.1000061035156,371.5400085449219
GLTR,2026-08-03,179.4199981689453,181.55999755859372
GOVT,2026-08-03,22.420000076293945,22.450000762939453
HYG,2026-08-03,79.25,79.4800033569336
IAU,2026-08-03,75.8499984741211,76.16999816894531
IEF,2026-08-03,92.80000305175781,92.94999694824219
IEI,2026-08-03,116.20999908447266,116.4800033569336
IGIB,2026-08-03,52.13999938964844,52.290000915527344
IGV,2026-08-03,96.75,94.58000183105467
IHI,2026-08-03,53.290000915527344,52.5099983215332
INDA,2026-08-03,50.18000030517578,49.79999923706055
ITB,2026-08-03,95.69000244140624,94.33999633789062
IWM,2026-08-03,292.8999938964844,291.20001220703125
IYR,2026-08-03,105.12999725341795,105.08999633789062
IYT,2026-08-03,85.5999984741211,84.88999938964844
JMBS,2026-08-03,44.18000030517578,44.119998931884766
JNK,2026-08-03,95.29000091552734,95.68000030517578
KRE,2026-08-03,76.45999908447266,76.05999755859375
LEMB,2026-08-03,42.63999938964844,42.58000183105469
LIT,2026-08-03,69.0,69.22000122070312
LMBS,2026-08-03,49.52000045776367,49.4900016784668
LQD,2026-08-03,106.01000213623047,106.25
MBB,2026-08-03,92.8499984741211,92.91999816894531
MDY,2026-08-03,687.6400146484375,686.3200073242188
PALL,2026-08-03,22.579999923706055,23.229999542236328
PCY,2026-08-03,20.979999542236328,20.920000076293945
PFF,2026-08-03,30.350000381469727,30.469999313354492
PPLT,2026-08-03,14.619999885559082,14.960000038146973
QLTA,2026-08-03,46.40999984741211,46.52000045776367
QQQ,2026-08-03,688.2999877929688,687.989990234375
REM,2026-08-03,21.6299991607666,21.5
REMX,2026-08-03,66.2300033569336,65.97000122070312
RSP,2026-08-03,215.8699951171875,215.00999450683597
RWR,2026-08-03,116.19000244140624,115.94000244140624
RWX,2026-08-03,27.989999771118164,28.049999237060547
SCHH,2026-08-03,24.309999465942383,24.280000686645508
SCHO,2026-08-03,24.030000686645508,24.100000381469727
SCHP,2026-08-03,25.899999618530277,26.09000015258789
SGOL,2026-08-03,38.400001525878906,38.56999969482422
SHY,2026-08-03,81.77999877929688,82.0
SHYG,2026-08-03,41.95000076293945,42.150001525878906
SIVR,2026-08-03,53.86000061035156,55.04999923706055
SKYY,2026-08-03,145.17999267578125,143.0
SLQD,2026-08-03,50.0099983215332,50.15999984741211
SLV,2026-08-03,51.25,52.36000061035156
SLX,2026-08-03,104.12000274658205,105.4800033569336
SMH,2026-08-03,530.4299926757812,540.530029296875
SOXX,2026-08-03,491.9200134277344,504.8900146484375
SOYB,2026-08-03,25.100000381469727,25.15999984741211
SPIB,2026-08-03,33.04999923706055,33.130001068115234
SPMB,2026-08-03,21.8799991607666,21.920000076293945
SPTL,2026-08-03,25.09000015258789,25.07999992370605
SPY,2026-08-03,749.4400024414062,747.030029296875
SRLN,2026-08-03,40.209999084472656,40.400001525878906
STIP,2026-08-03,100.5999984741211,101.36000061035156
TIP,2026-08-03,106.88999938964844,107.62999725341797
TLH,2026-08-03,96.51000213623047,96.54000091552734
TLT,2026-08-03,82.23999786376953,82.25
TUR,2026-08-03,37.869998931884766,38.060001373291016
UGA,2026-08-03,113.52999877929688,117.94000244140625
UNG,2026-08-03,10.109999656677246,10.0600004196167
UNL,2026-08-03,6.010000228881836,6.010000228881836
USHY,2026-08-03,36.619998931884766,36.77999877929688
USIG,2026-08-03,50.18999862670898,50.31999969482422
USO,2026-08-03,120.80000305175781,129.1699981689453
VCIT,2026-08-03,81.08000183105469,81.26000213623047
VCSH,2026-08-03,78.37999725341797,78.62000274658203
VDC,2026-08-03,232.44000244140625,230.42999267578125
VGIT,2026-08-03,58.2400016784668,58.34999847412109
VGLT,2026-08-03,52.77000045776367,52.77000045776367
VHT,2026-08-03,305.9100036621094,304.8099975585937
VMBS,2026-08-03,46.0,46.060001373291016
VNQ,2026-08-03,99.01000213623048,98.9499969482422
VNQI,2026-08-03,45.90999984741211,46.02999877929688
VPU,2026-08-03,191.1499938964844,191.22000122070312
VTIP,2026-08-03,49.63999938964844,49.65999984741211
VWOB,2026-08-03,65.69999694824219,65.83999633789062
WEAT,2026-08-03,23.860000610351562,23.809999465942383
XBI,2026-08-03,146.97999572753906,147.00999450683594
XLB,2026-08-03,50.7400016784668,50.43000030517578
XLC,2026-08-03,109.83000183105469,108.23999786376953
XLE,2026-08-03,58.689998626708984,59.54999923706055
XLF,2026-08-03,57.290000915527344,56.939998626708984
XLI,2026-08-03,180.4600067138672,179.83999633789062
XLK,2026-08-03,174.00999450683594,175.35000610351562
XLP,2026-08-03,85.91999816894531,85.05000305175781
XLRE,2026-08-03,45.08000183105469,45.06999969482422
XLU,2026-08-03,44.2400016784668,44.349998474121094
XLV,2026-08-03,163.6300048828125,162.5500030517578
XLY,2026-08-03,117.63999938964844,116.08999633789062
XME,2026-08-03,99.87000274658205,100.6500015258789
XPH,2026-08-03,68.4000015258789,68.05999755859375
XRT,2026-08-03,90.9000015258789,89.77999877929688
ANGL,2026-08-04,28.809999465942383,28.850000381469727
BKLN,2026-08-04,20.43000030517578,20.43000030517578
BNO,2026-08-04,44.5,47.83000183105469
BWX,2026-08-04,21.850000381469727,21.770000457763672
CANE,2026-08-04,9.90999984741211,9.84000015258789
CEMB,2026-08-04,45.15999984741211,45.09999847412109
CIBR,2026-08-04,94.5999984741211,93.91000366210938
CORN,2026-08-04,17.780000686645508,17.93000030517578
CPER,2026-08-04,40.13999938964844,39.63999938964844
DBA,2026-08-04,27.549999237060547,27.790000915527344
DBB,2026-08-04,25.389999389648438,25.190000534057617
DBC,2026-08-04,28.43000030517578,28.8799991607666
DBE,2026-08-04,28.739999771118164,29.90999984741211
DBO,2026-08-04,19.36000061035156,20.34000015258789
DIA,2026-08-04,537.9000244140625,531.219970703125
EBND,2026-08-04,20.950000762939453,20.88999938964844
EEM,2026-08-04,65.22000122070312,64.31999969482422
EFA,2026-08-04,106.72000122070312,106.0199966430664
EMB,2026-08-04,95.05000305175781,94.75
EMHY,2026-08-04,40.25,40.18000030517578
EMLC,2026-08-04,25.46999931335449,25.3799991607666
EPI,2026-08-04,43.52000045776367,43.27999877929688
EWA,2026-08-04,29.93000030517578,29.399999618530277
EWC,2026-08-04,59.880001068115234,59.650001525878906
EWG,2026-08-04,43.56999969482422,43.380001068115234
EWJ,2026-08-04,93.33999633789062,92.91000366210938
EWL,2026-08-04,63.7400016784668,63.16999816894531
EWN,2026-08-04,68.44999694824219,67.51000213623047
EWQ,2026-08-04,47.220001220703125,47.0099983215332
EWT,2026-08-04,100.3499984741211,97.9800033569336
EWU,2026-08-04,48.459999084472656,48.22999954223633
EWW,2026-08-04,77.37999725341797,76.55000305175781
EWY,2026-08-04,166.4499969482422,160.24000549316406
EWZ,2026-08-04,36.68000030517578,36.41999816894531
EZA,2026-08-04,65.66999816894531,64.33000183105469
EZU,2026-08-04,70.80000305175781,70.2300033569336
FALN,2026-08-04,26.90999984741211,26.864999771118164
FDN,2026-08-04,281.2300109863281,282.8500061035156
FXI,2026-08-04,36.0099983215332,36.459999084472656
GIGB,2026-08-04,45.040000915527344,44.89599990844727
GLD,2026-08-04,374.1400146484375,371.7099914550781
GLTR,2026-08-04,184.4600067138672,181.63999938964844
GOVT,2026-08-04,22.46999931335449,22.40999984741211
HYG,2026-08-04,79.37000274658203,79.30999755859375
IAU,2026-08-04,76.66999816894531,76.19000244140625
IEF,2026-08-04,93.1500015258789,92.81999969482422
IEI,2026-08-04,116.5199966430664,116.22000122070312
IGIB,2026-08-04,52.34000015258789,52.18999862670898
IGV,2026-08-04,98.18000030517578,97.41999816894533
IHI,2026-08-04,53.97999954223633,54.209999084472656
INDA,2026-08-04,50.29999923706055,50.15999984741211
ITB,2026-08-04,97.5500030517578,97.01000213623048
IWM,2026-08-04,297.5899963378906,296.2200012207031
IYR,2026-08-04,104.27999877929688,105.2300033569336
IYT,2026-08-04,86.5,85.87999725341797
JMBS,2026-08-04,44.369998931884766,44.209999084472656
JNK,2026-08-04,95.48999786376953,95.44999694824219
KRE,2026-08-04,77.05999755859375,77.05999755859375
LEMB,2026-08-04,42.810001373291016,42.650001525878906
LIT,2026-08-04,70.87999725341797,69.41000366210938
LMBS,2026-08-04,49.59000015258789,49.52000045776367
LQD,2026-08-04,106.52999877929688,106.11000061035156
MBB,2026-08-04,93.13999938964844,92.72000122070312
MDY,2026-08-04,697.6500244140625,694.0900268554688
PALL,2026-08-04,24.100000381469727,22.829999923706055
PCY,2026-08-04,21.100000381469727,21.049999237060547
PFF,2026-08-04,30.6200008392334,30.6200008392334
PPLT,2026-08-04,15.609999656677246,14.760000228881836
QLTA,2026-08-04,46.59000015258789,46.45000076293945
QQQ,2026-08-04,708.1599731445312,700.0700073242188
REM,2026-08-04,21.649999618530277,21.6299991607666
REMX,2026-08-04,70.08999633789062,67.62999725341797
RSP,2026-08-04,217.57000732421875,217.1100006103516
RWR,2026-08-04,114.91000366210938,115.91999816894533
RWX,2026-08-04,28.049999237060547,28.01000022888184
SCHH,2026-08-04,24.040000915527344,24.290000915527344
SCHO,2026-08-04,24.049999237060547,24.030000686645508
SCHP,2026-08-04,25.950000762939453,25.8799991607666
SGOL,2026-08-04,38.81999969482422,38.58000183105469
SHY,2026-08-04,81.86000061035156,81.7699966430664
SHYG,2026-08-04,42.02000045776367,42.0099983215332
SIVR,2026-08-04,56.75,55.130001068115234
SKYY,2026-08-04,147.47999572753906,147.97999572753906
SLQD,2026-08-04,50.09000015258789,50.02000045776367
SLV,2026-08-04,53.970001220703125,52.459999084472656
SLX,2026-08-04,106.83000183105467,105.58999633789062
SMH,2026-08-04,564.2899780273438,545.4600219726562
SOXX,2026-08-04,529.3099975585938,507.6799926757813
SOYB,2026-08-04,25.020000457763672,25.239999771118164
SPIB,2026-08-04,33.130001068115234,33.060001373291016
SPMB,2026-08-04,21.96999931335449,21.899999618530277
SPTL,2026-08-04,25.229999542236328,25.07999992370605
SPY,2026-08-04,760.6300048828125,757.6699829101562
SRLN,2026-08-04,40.27999877929688,40.25
STIP,2026-08-04,100.66999816894533,100.5999984741211
TIP,2026-08-04,107.0999984741211,106.86000061035156
TLH,2026-08-04,97.0,96.5199966430664
TLT,2026-08-04,82.6500015258789,82.19000244140625
TUR,2026-08-04,38.41999816894531,37.91999816894531
UGA,2026-08-04,107.08999633789062,111.72000122070312
UNG,2026-08-04,9.779999732971191,10.109999656677246
UNL,2026-08-04,5.920000076293945,6.019999980926514
USHY,2026-08-04,36.68999862670898,36.68000030517578
USIG,2026-08-04,50.34999847412109,50.220001220703125
USO,2026-08-04,117.0,122.12000274658203
VCIT,2026-08-04,81.37999725341797,81.11000061035156
VCSH,2026-08-04,78.5199966430664,78.41999816894531
VDC,2026-08-04,228.5,230.1000061035156
VGIT,2026-08-04,58.400001525878906,58.25
VGLT,2026-08-04,53.02999877929688,52.75
VHT,2026-08-04,304.57000732421875,304.5199890136719
VMBS,2026-08-04,46.130001068115234,46.02000045776367
VNQ,2026-08-04,98.12000274658205,99.06999969482422
VNQI,2026-08-04,46.0,45.900001525878906
VPU,2026-08-04,191.22000122070312,191.5500030517578
VTIP,2026-08-04,49.66999816894531,49.630001068115234
VWOB,2026-08-04,65.9800033569336,65.80999755859375
WEAT,2026-08-04,23.899999618530273,24.260000228881836
XBI,2026-08-04,148.77000427246094,147.30999755859375
XLB,2026-08-04,51.310001373291016,51.0099983215332
XLC,2026-08-04,110.53500366210938,111.33999633789062
XLE,2026-08-04,57.70000076293945,58.790000915527344
XLF,2026-08-04,57.220001220703125,57.380001068115234
XLI,2026-08-04,185.63999938964844,183.16000366210938
XLK,2026-08-04,182.52000427246094,178.0399932861328
XLP,2026-08-04,84.29000091552734,84.86000061035156
XLRE,2026-08-04,44.650001525878906,45.18000030517578
XLU,2026-08-04,44.25,44.36000061035156
XLV,2026-08-04,162.0,162.24000549316406
XLY,2026-08-04,117.52999877929688,118.20999908447266
XME,2026-08-04,105.3000030517578,103.11000061035156
XPH,2026-08-04,68.72000122070312,68.2300033569336
XRT,2026-08-04,91.2699966430664,91.45999908447266
ANGL,2026-08-05,28.989999771118164,28.96999931335449
BKLN,2026-08-05,20.450000762939453,20.450000762939453
BNO,2026-08-05,45.81999969482422,45.31999969482422
BWX,2026-08-05,21.8799991607666,21.8799991607666
CANE,2026-08-05,9.979999542236328,9.90999984741211
CEMB,2026-08-05,45.22999954223633,45.220001220703125
CIBR,2026-08-05,99.58999633789062,97.94000244140624
CORN,2026-08-05,17.610000610351562,17.75
CPER,2026-08-05,40.45000076293945,40.13999938964844
DBA,2026-08-05,27.65999984741211,27.65999984741211
DBB,2026-08-05,25.459999084472656,25.290000915527344
DBC,2026-08-05,28.489999771118164,28.309999465942383
DBE,2026-08-05,28.399999618530277,28.6299991607666
DBO,2026-08-05,19.43000030517578,19.18000030517578
DIA,2026-08-05,543.2999877929688,540.4299926757812
EBND,2026-08-05,21.040000915527344,21.0
EEM,2026-08-05,65.94999694824219,66.0
EFA,2026-08-05,107.98999786376953,107.31999969482422
EMB,2026-08-05,95.23999786376953,95.22000122070312
EMHY,2026-08-05,40.31999969482422,40.29999923706055
EMLC,2026-08-05,25.56999969482422,25.520000457763672
EPI,2026-08-05,43.61000061035156,43.65999984741211
EWA,2026-08-05,30.149999618530277,30.1200008392334
EWC,2026-08-05,60.959999084472656,60.0
EWG,2026-08-05,43.79999923706055,43.84000015258789
EWJ,2026-08-05,95.98999786376952,94.61000061035156
EWL,2026-08-05,64.0,63.75
EWN,2026-08-05,69.0,69.06999969482422
EWQ,2026-08-05,47.52999877929688,47.52999877929688
EWT,2026-08-05,101.97000122070312,102.20999908447266
EWU,2026-08-05,48.63999938964844,48.34000015258789
EWW,2026-08-05,78.11000061035156,77.05999755859375
EWY,2026-08-05,169.22999572753906,171.13999938964844
EWZ,2026-08-05,36.540000915527344,36.09000015258789
EZA,2026-08-05,66.98999786376953,65.95999908447266
EZU,2026-08-05,71.29000091552734,71.0999984741211
FALN,2026-08-05,27.0,26.974000930786133
FDN,2026-08-05,293.0599975585937,288.0799865722656
FXI,2026-08-05,36.369998931884766,36.310001373291016
GIGB,2026-08-05,45.11000061035156,45.130001068115234
GLD,2026-08-05,384.9599914550781,374.1600036621094
GLTR,2026-08-05,190.22999572753903,184.47999572753903
GOVT,2026-08-05,22.489999771118164,22.489999771118164
HYG,2026-08-05,79.55000305175781,79.55000305175781
IAU,2026-08-05,78.93000030517578,76.69000244140625
IEF,2026-08-05,93.20999908447266,93.25
IEI,2026-08-05,116.5,116.55999755859375
IGIB,2026-08-05,52.41999816894531,52.43000030517578
IGV,2026-08-05,103.3499984741211,102.0
IHI,2026-08-05,54.18999862670898,54.11000061035156
INDA,2026-08-05,50.45000076293945,50.52999877929688
ITB,2026-08-05,99.5199966430664,99.48999786376952
IWM,2026-08-05,302.42999267578125,301.7099914550781
IYR,2026-08-05,105.5,105.12000274658205
IYT,2026-08-05,87.44000244140625,87.8499984741211
JMBS,2026-08-05,44.43999862670898,44.459999084472656
JNK,2026-08-05,95.7699966430664,95.75
KRE,2026-08-05,78.0199966430664,77.83999633789062
LEMB,2026-08-05,42.91999816894531,42.880001068115234
LIT,2026-08-05,73.0,71.69000244140625
LMBS,2026-08-05,49.68999862670898,49.58000183105469
LQD,2026-08-05,106.76000213623047,106.76000213623047
MBB,2026-08-05,93.29000091552734,93.30000305175781
MDY,2026-08-05,707.739990234375,706.47998046875
PALL,2026-08-05,24.600000381469727,24.5
PCY,2026-08-05,21.18000030517578,21.170000076293945
PFF,2026-08-05,30.75,30.729999542236328
PPLT,2026-08-05,15.649999618530273,15.739999771118164
QLTA,2026-08-05,46.66999816894531,46.68000030517578
QQQ,2026-08-05,726.25,723.8499755859375
REM,2026-08-05,21.649999618530277,21.700000762939453
REMX,2026-08-05,73.08999633789062,71.5199966430664
RSP,2026-08-05,220.82000732421875,220.22999572753903
RWR,2026-08-05,115.37999725341795,115.0199966430664
RWX,2026-08-05,28.149999618530277,28.190000534057617
SCHH,2026-08-05,24.239999771118164,24.209999084472656
SCHO,2026-08-05,24.049999237060547,24.049999237060547
SCHP,2026-08-05,25.940000534057617,25.93000030517578
SGOL,2026-08-05,39.95000076293945,38.83000183105469
SHY,2026-08-05,81.8499984741211,81.87000274658203
SHYG,2026-08-05,42.130001068115234,42.11000061035156
SIVR,2026-08-05,58.97999954223633,56.59999847412109
SKYY,2026-08-05,155.72999572753906,153.42999267578125
SLQD,2026-08-05,50.09000015258789,50.09000015258789
SLV,2026-08-05,56.099998474121094,53.84000015258789
SLX,2026-08-05,108.98999786376952,108.52999877929688
SMH,2026-08-05,574.4099731445312,575.7100219726562
SOXX,2026-08-05,536.4000244140625,542.2100219726562
SOYB,2026-08-05,24.959999084472656,25.049999237060547
SPIB,2026-08-05,33.15999984741211,33.16999816894531
SPMB,2026-08-05,22.0,22.020000457763672
SPTL,2026-08-05,25.309999465942383,25.290000915527344
SPY,2026-08-05,775.8499755859375,771.3300170898438
SRLN,2026-08-05,40.33000183105469,40.29999923706055
STIP,2026-08-05,100.61000061035156,100.62000274658205
TIP,2026-08-05,107.05000305175781,107.05000305175781
TLH,2026-08-05,97.30000305175781,97.23999786376953
TLT,2026-08-05,82.94999694824219,82.81999969482422
TUR,2026-08-05,38.59999847412109,38.869998931884766
UGA,2026-08-05,106.69000244140625,107.25
UNG,2026-08-05,9.760000228881836,9.770000457763672
UNL,2026-08-05,5.909999847412109,5.900000095367432
USHY,2026-08-05,36.79999923706055,36.79999923706055
USIG,2026-08-05,50.459999084472656,50.43999862670898
USO,2026-08-05,115.95999908447266,115.77999877929688
VCIT,2026-08-05,81.48999786376953,81.5199966430664
VCSH,2026-08-05,78.56999969482422,78.58999633789062
VDC,2026-08-05,232.80999755859372,231.3800048828125
VGIT,2026-08-05,58.40999984741211,58.43000030517578
VGLT,2026-08-05,53.220001220703125,53.15999984741211
VHT,2026-08-05,307.3800048828125,304.989990234375
VMBS,2026-08-05,46.209999084472656,46.25
VNQ,2026-08-05,99.13999938964844,98.91999816894533
VNQI,2026-08-05,46.2400016784668,46.2599983215332
VPU,2026-08-05,190.6699981689453,190.5399932861328
VTIP,2026-08-05,49.650001525878906,49.650001525878906
VWOB,2026-08-05,66.19999694824219,66.12999725341797
WEAT,2026-08-05,24.110000610351562,23.860000610351562
XBI,2026-08-05,153.1300048828125,151.8800048828125
XLB,2026-08-05,52.59000015258789,52.0
XLC,2026-08-05,112.8949966430664,112.04000091552734
XLE,2026-08-05,58.77000045776367,58.52000045776367
XLF,2026-08-05,58.18000030517578,57.880001068115234
XLI,2026-08-05,186.5800018310547,186.39999389648438
XLK,2026-08-05,187.33999633789062,186.89999389648438
XLP,2026-08-05,85.73999786376953,85.37000274658203
XLRE,2026-08-05,45.279998779296875,45.16999816894531
XLU,2026-08-05,44.099998474121094,44.11000061035156
XLV,2026-08-05,163.63999938964844,162.10000610351562
XLY,2026-08-05,119.27999877929688,118.29000091552734
XME,2026-08-05,110.4800033569336,107.86000061035156
XPH,2026-08-05,70.41999816894531,69.80000305175781
XRT,2026-08-05,92.76000213623047,92.3499984741211
ANGL,2026-08-06,29.01000022888184,28.96999931335449
BKLN,2026-08-06,20.479999542236328,20.479999542236328
BNO,2026-08-06,46.220001220703125,45.40999984741211
BWX,2026-08-06,21.88999938964844,21.90999984741211
CANE,2026-08-06,10.020000457763672,9.970000267028809
CEMB,2026-08-06,45.2400016784668,45.25
CIBR,2026-08-06,95.22000122070312,97.56999969482422
CORN,2026-08-06,17.549999237060547,17.6200008392334
CPER,2026-08-06,40.83000183105469,40.849998474121094
DBA,2026-08-06,27.600000381469727,27.6299991607666
DBB,2026-08-06,25.530000686645508,25.579999923706055
DBC,2026-08-06,28.649999618530277,28.479999542236328
DBE,2026-08-06,28.920000076293945,28.559999465942383
DBO,2026-08-06,19.270000457763672,19.030000686645508
DIA,2026-08-06,543.7999877929688,542.8099975585938
EBND,2026-08-06,21.049999237060547,21.049999237060547
EEM,2026-08-06,64.68000030517578,65.72000122070312
EFA,2026-08-06,107.66000366210938,107.43000030517578
EMB,2026-08-06,95.16999816894531,95.16999816894531
EMHY,2026-08-06,40.310001373291016,40.310001373291016
EMLC,2026-08-06,25.56999969482422,25.59000015258789
EPI,2026-08-06,43.58000183105469,43.5099983215332
EWA,2026-08-06,30.200000762939453,30.13999938964844
EWC,2026-08-06,60.70000076293945,60.77999877929688
EWG,2026-08-06,43.459999084472656,43.63999938964844
EWJ,2026-08-06,95.06999969482422,95.16000366210938
EWL,2026-08-06,64.22000122070312,64.18000030517578
EWN,2026-08-06,68.58999633789062,68.80000305175781
EWQ,2026-08-06,47.77000045776367,47.540000915527344
EWT,2026-08-06,100.7699966430664,101.6999969482422
EWU,2026-08-06,48.630001068115234,48.369998931884766
EWW,2026-08-06,77.2300033569336,76.69000244140625
EWY,2026-08-06,161.94000244140625,169.13999938964844
EWZ,2026-08-06,36.220001220703125,36.11000061035156
EZA,2026-08-06,66.86000061035156,66.8499984741211
EZU,2026-08-06,71.2699966430664,71.0199966430664
FALN,2026-08-06,26.989999771118164,26.979999542236328
FDN,2026-08-06,281.7699890136719,287.3800048828125
FXI,2026-08-06,35.90999984741211,36.08000183105469
GIGB,2026-08-06,45.0,45.119998931884766
GLD,2026-08-06,389.5,389.6400146484375
GLTR,2026-08-06,191.05999755859372,191.80999755859372
GOVT,2026-08-06,22.479999542236328,22.51000022888184
HYG,2026-08-06,79.51000213623047,79.5199966430664
IAU,2026-08-06,79.8499984741211,79.8499984741211
IEF,2026-08-06,93.16000366210938,93.30999755859375
IEI,2026-08-06,116.48999786376953,116.61000061035156
IGIB,2026-08-06,52.33000183105469,52.43000030517578
IGV,2026-08-06,97.61000061035156,101.30999755859376
IHI,2026-08-06,54.06999969482422,53.720001220703125
INDA,2026-08-06,50.27000045776367,50.310001373291016
ITB,2026-08-06,100.77999877929688,100.87999725341795
IWM,2026-08-06,299.6000061035156,299.7699890136719
IYR,2026-08-06,105.88999938964844,105.13999938964844
IYT,2026-08-06,86.76000213623047,86.7699966430664
JMBS,2026-08-06,44.43999862670898,44.5
JNK,2026-08-06,95.69999694824219,95.66999816894531
KRE,2026-08-06,77.80000305175781,77.33999633789062
LEMB,2026-08-06,42.869998931884766,42.900001525878906
LIT,2026-08-06,72.22000122070312,72.6500015258789
LMBS,2026-08-06,49.619998931884766,49.709999084472656
LQD,2026-08-06,106.41999816894531,106.73999786376953
MBB,2026-08-06,93.27999877929688,93.33999633789062
MDY,2026-08-06,702.030029296875,701.97998046875
PALL,2026-08-06,24.90999984741211,24.81999969482422
PCY,2026-08-06,21.200000762939453,21.18000030517578
PFF,2026-08-06,30.690000534057617,30.739999771118164
PPLT,2026-08-06,15.670000076293945,15.729999542236328
QLTA,2026-08-06,46.560001373291016,46.68999862670898
QQQ,2026-08-06,710.8200073242188,717.2999877929688
REM,2026-08-06,21.6299991607666,21.56999969482422
REMX,2026-08-06,73.44999694824219,72.45999908447266
RSP,2026-08-06,220.16000366210935,219.72999572753903
RWR,2026-08-06,115.98999786376952,115.52999877929688
RWX,2026-08-06,28.0,28.049999237060547
SCHH,2026-08-06,24.420000076293945,24.209999084472656
SCHO,2026-08-06,24.059999465942383,24.049999237060547
SCHP,2026-08-06,25.920000076293945,25.93000030517578
SGOL,2026-08-06,40.41999816894531,40.43999862670898
SHY,2026-08-06,81.86000061035156,81.9000015258789
SHYG,2026-08-06,42.130001068115234,42.09999847412109
SIVR,2026-08-06,58.33000183105469,58.93999862670898
SKYY,2026-08-06,149.0399932861328,153.47999572753906
SLQD,2026-08-06,50.08000183105469,50.11000061035156
SLV,2026-08-06,55.459999084472656,56.06999969482422
SLX,2026-08-06,110.05999755859376,110.0
SMH,2026-08-06,565.47998046875,569.7000122070312
SOXX,2026-08-06,522.6599731445312,530.7000122070312
SOYB,2026-08-06,25.06999969482422,25.049999237060547
SPIB,2026-08-06,33.130001068115234,33.16999816894531
SPMB,2026-08-06,22.01000022888184,22.030000686645508
SPTL,2026-08-06,25.26000022888184,25.32999992370605
SPY,2026-08-06,770.2100219726562,769.7899780273438
SRLN,2026-08-06,40.41999816894531,40.40999984741211
STIP,2026-08-06,100.58000183105467,100.58000183105467
TIP,2026-08-06,106.94000244140625,107.0
TLH,2026-08-06,97.12000274658203,97.36000061035156
TLT,2026-08-06,82.7699966430664,83.0
TUR,2026-08-06,38.630001068115234,38.650001525878906
UGA,2026-08-06,108.8499984741211,106.6500015258789
UNG,2026-08-06,9.729999542236328,9.739999771118164
UNL,2026-08-06,5.860000133514404,5.900000095367432
USHY,2026-08-06,36.77999877929688,36.790000915527344
USIG,2026-08-06,50.34999847412109,50.45000076293945
USO,2026-08-06,116.45999908447266,114.87999725341797
VCIT,2026-08-06,81.30999755859375,81.48999786376953
VCSH,2026-08-06,78.5199966430664,78.58999633789062
VDC,2026-08-06,233.47000122070312,231.22999572753903
VGIT,2026-08-06,58.400001525878906,58.459999084472656
VGLT,2026-08-06,53.09999847412109,53.25
VHT,2026-08-06,311.6600036621094,308.5400085449219
VMBS,2026-08-06,46.18000030517578,46.209999084472656
VNQ,2026-08-06,99.6500015258789,98.91999816894533
VNQI,2026-08-06,46.08000183105469,46.16999816894531
VPU,2026-08-06,190.38999938964844,188.6100006103516
VTIP,2026-08-06,49.63999938964844,49.650001525878906
VWOB,2026-08-06,66.12999725341797,66.16000366210938
WEAT,2026-08-06,24.059999465942383,24.059999465942383
XBI,2026-08-06,153.9499969482422,153.00999450683594
XLB,2026-08-06,52.630001068115234,52.63999938964844
XLC,2026-08-06,111.18000030517578,110.87000274658203
XLE,2026-08-06,58.38999938964844,57.310001373291016
XLF,2026-08-06,58.380001068115234,58.0
XLI,2026-08-06,186.6999969482422,186.35000610351562
XLK,2026-08-06,183.19000244140625,185.91000366210938
XLP,2026-08-06,86.30999755859375,85.33000183105469
XLRE,2026-08-06,45.53499984741211,45.20000076293945
XLU,2026-08-06,44.150001525878906,43.65999984741211
XLV,2026-08-06,166.13999938964844,164.16000366210938
XLY,2026-08-06,118.61000061035156,118.63999938964844
XME,2026-08-06,111.66999816894533,111.91999816894533
XPH,2026-08-06,69.94999694824219,70.0199966430664
XRT,2026-08-06,90.62999725341797,91.41999816894531
ANGL,2026-08-07,29.030000686645508,28.950000762939453
BKLN,2026-08-07,20.510000228881836,20.5
BNO,2026-08-07,46.849998474121094,47.369998931884766
BWX,2026-08-07,21.989999771118164,21.86000061035156
CANE,2026-08-07,10.3100004196167,10.199999809265137
CEMB,2026-08-07,45.29999923706055,45.22999954223633
CIBR,2026-08-07,98.8000030517578,96.38999938964844
CORN,2026-08-07,17.75,17.610000610351562
CPER,2026-08-07,40.2599983215332,40.7599983215332
DBA,2026-08-07,27.479999542236328,27.43000030517578
DBB,2026-08-07,25.479999542236328,25.540000915527344
DBC,2026-08-07,28.8700008392334,28.86000061035156
DBE,2026-08-07,29.31999969482422,29.540000915527344
DBO,2026-08-07,19.350000381469727,19.670000076293945
DIA,2026-08-07,538.7100219726562,538.1900024414062
EBND,2026-08-07,21.170000076293945,21.030000686645508
EEM,2026-08-07,65.87000274658203,65.0199966430664
EFA,2026-08-07,108.75,107.36000061035156
EMB,2026-08-07,95.30000305175781,94.94999694824219
EMHY,2026-08-07,40.34999847412109,40.27000045776367
EMLC,2026-08-07,25.709999084472656,25.549999237060547
EPI,2026-08-07,43.70000076293945,43.400001525878906
EWA,2026-08-07,30.38999938964844,30.15999984741211
EWC,2026-08-07,61.15999984741211,60.70000076293945
EWG,2026-08-07,44.040000915527344,43.52000045776367
EWJ,2026-08-07,96.66999816894533,95.1500015258789
EWL,2026-08-07,64.44000244140625,63.720001220703125
EWN,2026-08-07,69.41000366210938,68.52999877929688
EWQ,2026-08-07,47.90999984741211,47.59999847412109
EWT,2026-08-07,102.97000122070312,101.9800033569336
EWU,2026-08-07,48.84000015258789,48.29999923706055
EWW,2026-08-07,77.4800033569336,76.62999725341797
EWY,2026-08-07,168.72000122070312,164.1199951171875
EWZ,2026-08-07,36.02000045776367,35.810001373291016
EZA,2026-08-07,69.8499984741211,66.87999725341797
EZU,2026-08-07,71.81999969482422,71.02999877929688
FALN,2026-08-07,27.01000022888184,26.93000030517578
FDN,2026-08-07,287.94000244140625,283.4599914550781
FXI,2026-08-07,36.060001373291016,35.95000076293945
GIGB,2026-08-07,45.119998931884766,45.0
GLD,2026-08-07,399.6000061035156,389.6700134277344
GLTR,2026-08-07,197.0,191.50999450683597
GOVT,2026-08-07,22.51000022888184,22.450000762939453
HYG,2026-08-07,79.66999816894531,79.45999908447266
IAU,2026-08-07,81.91999816894531,79.87000274658203
IEF,2026-08-07,93.29000091552734,92.94999694824219
IEI,2026-08-07,116.6500015258789,116.33000183105469
IGIB,2026-08-07,52.45000076293945,52.290000915527344
IGV,2026-08-07,101.66000366210938,99.41999816894533
IHI,2026-08-07,53.72999954223633,54.11000061035156
INDA,2026-08-07,50.45000076293945,50.119998931884766
ITB,2026-08-07,99.23999786376952,98.47000122070312
IWM,2026-08-07,300.4599914550781,298.25
IYR,2026-08-07,104.1999969482422,104.19000244140624
IYT,2026-08-07,86.2699966430664,86.25
JMBS,2026-08-07,44.47999954223633,44.34999847412109
JNK,2026-08-07,95.8499984741211,95.61000061035156
KRE,2026-08-07,76.41000366210938,76.48999786376953
LEMB,2026-08-07,43.060001373291016,42.81999969482422
LIT,2026-08-07,73.97000122070312,72.41000366210938
LMBS,2026-08-07,49.650001525878906,49.59000015258789
LQD,2026-08-07,106.69999694824219,106.36000061035156
MBB,2026-08-07,93.31999969482422,93.01000213623047
MDY,2026-08-07,705.780029296875,699.5700073242188
PALL,2026-08-07,24.93000030517578,24.889999389648438
PCY,2026-08-07,21.26000022888184,21.15999984741211
PFF,2026-08-07,30.549999237060547,30.520000457763672
PPLT,2026-08-07,15.880000114440918,15.670000076293945
QLTA,2026-08-07,46.66999816894531,46.540000915527344
QQQ,2026-08-07,720.1500244140625,714.6500244140625
REM,2026-08-07,21.540000915527344,21.5
REMX,2026-08-07,76.98999786376953,73.41999816894531
RSP,2026-08-07,219.02999877929688,218.5800018310547
RWR,2026-08-07,114.4499969482422,114.23999786376952
RWX,2026-08-07,28.06999969482422,27.88999938964844
SCHH,2026-08-07,24.01000022888184,24.01000022888184
SCHO,2026-08-07,24.06999969482422,24.040000915527344
SCHP,2026-08-07,25.959999084472656,25.90999984741211
SGOL,2026-08-07,41.470001220703125,40.45000076293945
SHY,2026-08-07,81.94000244140625,81.80000305175781
SHYG,2026-08-07,42.18000030517578,42.08000183105469
SIVR,2026-08-07,60.970001220703125,58.68999862670898
SKYY,2026-08-07,154.4499969482422,150.58999633789062
SLQD,2026-08-07,50.13999938964844,50.060001373291016
SLV,2026-08-07,58.0,55.849998474121094
SLX,2026-08-07,109.7300033569336,108.8000030517578
SMH,2026-08-07,583.5800170898438,571.47998046875
SOXX,2026-08-07,545.2000122070312,532.52001953125
SOYB,2026-08-07,25.1299991607666,25.030000686645508
SPIB,2026-08-07,33.18000030517578,33.11000061035156
SPMB,2026-08-07,22.01000022888184,21.959999084472656
SPTL,2026-08-07,25.26000022888184,25.18000030517578
SPY,2026-08-07,771.02001953125,768.5599975585938
SRLN,2026-08-07,40.43999862670898,40.400001525878906
STIP,2026-08-07,100.72000122070312,100.5500030517578
TIP,2026-08-07,107.11000061035156,106.87000274658203
TLH,2026-08-07,97.19000244140625,96.83000183105469
TLT,2026-08-07,82.80000305175781,82.5199966430664
TUR,2026-08-07,38.720001220703125,38.79999923706055
UGA,2026-08-07,111.31999969482422,111.30999755859375
UNG,2026-08-07,9.779999732971191,9.630000114440918
UNL,2026-08-07,5.909999847412109,5.800000190734863
USHY,2026-08-07,36.84000015258789,36.7599983215332
USIG,2026-08-07,50.43999862670898,50.31999969482422
USO,2026-08-07,117.66999816894531,118.87000274658203
VCIT,2026-08-07,81.5199966430664,81.27999877929688
VCSH,2026-08-07,78.66000366210938,78.4800033569336
VDC,2026-08-07,229.4499969482422,230.7899932861328
VGIT,2026-08-07,58.47999954223633,58.310001373291016
VGLT,2026-08-07,53.130001068115234,52.93999862670898
VHT,2026-08-07,309.2799987792969,309.0199890136719
VMBS,2026-08-07,46.22999954223633,46.09999847412109
VNQ,2026-08-07,98.12999725341795,98.04000091552734
VNQI,2026-08-07,46.16999816894531,45.900001525878906
VPU,2026-08-07,187.3600006103516,187.63999938964844
VTIP,2026-08-07,49.709999084472656,49.630001068115234
VWOB,2026-08-07,66.20999908447266,66.02999877929688
WEAT,2026-08-07,23.850000381469727,23.719999313354492
XBI,2026-08-07,156.8699951171875,154.5
XLB,2026-08-07,52.34000015258789,52.16999816894531
XLC,2026-08-07,110.2699966430664,111.18000030517578
XLE,2026-08-07,57.529998779296875,58.15999984741211
XLF,2026-08-07,57.61000061035156,57.810001373291016
XLI,2026-08-07,185.4499969482422,184.75999450683594
XLK,2026-08-07,187.99000549316406,185.3300018310547
XLP,2026-08-07,84.5,85.11000061035156
XLRE,2026-08-07,44.83000183105469,44.810001373291016
XLU,2026-08-07,43.20000076293945,43.380001068115234
XLV,2026-08-07,163.9199981689453,164.4499969482422
XLY,2026-08-07,118.5199966430664,118.0999984741211
XME,2026-08-07,113.70999908447266,110.3499984741211
XPH,2026-08-07,70.97000122070312,70.33999633789062
XRT,2026-08-07,90.44999694824219,89.8499984741211
ANGL,2026-08-10,29.0,29.020000457763672
BKLN,2026-08-10,20.5,20.5
BNO,2026-08-10,48.7599983215332,46.93000030517578
BWX,2026-08-10,21.86000061035156,21.989999771118164
CANE,2026-08-10,10.699999809265137,10.649999618530272
CEMB,2026-08-10,45.2599983215332,45.27999877929688
CIBR,2026-08-10,97.88999938964844,97.8499984741211
CORN,2026-08-10,17.760000228881836,17.639999389648438
CPER,2026-08-10,40.060001373291016,39.900001525878906
DBA,2026-08-10,27.690000534057617,27.6200008392334
DBB,2026-08-10,25.510000228881836,25.3700008392334
DBC,2026-08-10,29.489999771118164,28.90999984741211
DBE,2026-08-10,30.420000076293945,29.43000030517578
DBO,2026-08-10,20.059999465942383,19.59000015258789
DIA,2026-08-10,538.7000122070312,539.6199951171875
EBND,2026-08-10,21.09000015258789,21.190000534057617
EEM,2026-08-10,65.20999908447266,65.63999938964844
EFA,2026-08-10,108.20999908447266,108.55000305175781
EMB,2026-08-10,95.22000122070312,95.23999786376953
EMHY,2026-08-10,40.34000015258789,40.34000015258789
EMLC,2026-08-10,25.63999938964844,25.71999931335449
EPI,2026-08-10,43.4900016784668,43.68000030517578
EWA,2026-08-10,30.049999237060547,30.40999984741211
EWC,2026-08-10,61.20000076293945,61.29999923706055
EWG,2026-08-10,43.88999938964844,44.02000045776367
EWJ,2026-08-10,96.7300033569336,96.9000015258789
EWL,2026-08-10,64.33999633789062,64.5
EWN,2026-08-10,69.5999984741211,69.20999908447266
EWQ,2026-08-10,47.650001525878906,47.900001525878906
EWT,2026-08-10,102.5199966430664,103.08999633789062
EWU,2026-08-10,48.41999816894531,48.63999938964844
EWW,2026-08-10,77.44999694824219,77.5199966430664
EWY,2026-08-10,163.0,166.08999633789062
EWZ,2026-08-10,35.29999923706055,35.34000015258789
EZA,2026-08-10,69.4800033569336,69.6500015258789
EZU,2026-08-10,71.63999938964844,71.56999969482422
FALN,2026-08-10,26.989999771118164,26.989999771118164
FDN,2026-08-10,289.010009765625,289.3800048828125
FXI,2026-08-10,36.22999954223633,36.16999816894531
GIGB,2026-08-10,44.90999984741211,45.05899810791016
GLD,2026-08-10,397.7099914550781,398.4700012207031
GLTR,2026-08-10,195.9499969482422,196.0200042724609
GOVT,2026-08-10,22.450000762939453,22.489999771118164
HYG,2026-08-10,79.56999969482422,79.61000061035156
IAU,2026-08-10,81.5,81.68000030517578
IEF,2026-08-10,92.95999908447266,93.16999816894531
IEI,2026-08-10,116.37999725341797,116.55000305175781
IGIB,2026-08-10,52.2599983215332,52.380001068115234
IGV,2026-08-10,102.20999908447266,102.69000244140624
IHI,2026-08-10,54.27999877929688,54.380001068115234
INDA,2026-08-10,50.25,50.369998931884766
ITB,2026-08-10,100.16999816894533,101.13999938964844
IWM,2026-08-10,300.510009765625,301.55999755859375
IYR,2026-08-10,104.0199966430664,104.69000244140624
IYT,2026-08-10,86.8499984741211,87.2300033569336
JMBS,2026-08-10,44.380001068115234,44.41999816894531
JNK,2026-08-10,95.77999877929688,95.80999755859375
KRE,2026-08-10,75.83999633789062,76.20999908447266
LEMB,2026-08-10,43.0,43.06999969482422
LIT,2026-08-10,74.6500015258789,74.01000213623047
LMBS,2026-08-10,49.65999984741211,49.6349983215332
LQD,2026-08-10,106.2699966430664,106.55000305175781
MBB,2026-08-10,93.19000244140625,93.2699966430664
MDY,2026-08-10,708.4299926757812,709.1599731445312
PALL,2026-08-10,24.8700008392334,25.049999237060547
PCY,2026-08-10,21.229999542236328,21.270000457763672
PFF,2026-08-10,30.520000457763672,30.639999389648438
PPLT,2026-08-10,15.770000457763672,15.850000381469727
QLTA,2026-08-10,46.5,46.59999847412109
QQQ,2026-08-10,722.3900146484375,723.030029296875
REM,2026-08-10,21.8799991607666,21.989999771118164
REMX,2026-08-10,78.58999633789062,77.04000091552734
RSP,2026-08-10,220.27999877929688,220.08999633789065
RWR,2026-08-10,114.43000030517578,114.79000091552734
RWX,2026-08-10,27.90999984741211,28.1200008392334
SCHH,2026-08-10,23.940000534057617,24.11000061035156
SCHO,2026-08-10,24.059999465942383,24.059999465942383
SCHP,2026-08-10,25.93000030517578,25.959999084472656
SGOL,2026-08-10,41.27999877929688,41.34999847412109
SHY,2026-08-10,81.87999725341797,81.91999816894531
SHYG,2026-08-10,42.13999938964844,42.150001525878906
SIVR,2026-08-10,60.77000045776367,60.459999084472656
SKYY,2026-08-10,156.1199951171875,156.1699981689453
SLQD,2026-08-10,50.06999969482422,50.11000061035156
SLV,2026-08-10,57.79999923706055,57.5
SLX,2026-08-10,109.62000274658205,110.0199966430664
SMH,2026-08-10,585.989990234375,582.7000122070312
SOXX,2026-08-10,545.8499755859375,543.27001953125
SOYB,2026-08-10,25.200000762939453,25.049999237060547
SPIB,2026-08-10,33.11000061035156,33.15999984741211
SPMB,2026-08-10,21.989999771118164,22.030000686645508
SPTL,2026-08-10,25.15999984741211,25.25
SPY,2026-08-10,772.5999755859375,773.260009765625
SRLN,2026-08-10,40.43000030517578,40.43999862670898
STIP,2026-08-10,100.6500015258789,100.69000244140624
TIP,2026-08-10,106.95999908447266,107.08000183105469
TLH,2026-08-10,96.73999786376953,97.05000305175781
TLT,2026-08-10,82.4000015258789,82.76000213623047
TUR,2026-08-10,38.93000030517578,38.75
UGA,2026-08-10,115.7300033569336,111.6500015258789
UNG,2026-08-10,10.170000076293945,9.739999771118164
UNL,2026-08-10,6.0,5.889999866485596
USHY,2026-08-10,36.79999923706055,36.81999969482422
USIG,2026-08-10,50.29999923706055,50.400001525878906
USO,2026-08-10,122.08999633789062,117.9800033569336
VCIT,2026-08-10,81.23999786376953,81.41999816894531
VCSH,2026-08-10,78.54000091552734,78.61000061035156
VDC,2026-08-10,230.0500030517578,231.22000122070312
VGIT,2026-08-10,58.33000183105469,58.41999816894531
VGLT,2026-08-10,52.880001068115234,53.08000183105469
VHT,2026-08-10,312.0,312.1199951171875
VMBS,2026-08-10,46.16999816894531,46.2400016784668
VNQ,2026-08-10,97.73999786376952,98.43000030517578
VNQI,2026-08-10,45.880001068115234,46.22999954223633
VPU,2026-08-10,188.0,188.8600006103516
VTIP,2026-08-10,49.66999816894531,49.66999816894531
VWOB,2026-08-10,66.16999816894531,66.20999908447266
WEAT,2026-08-10,24.299999237060547,23.90999984741211
XBI,2026-08-10,155.97999572753906,157.3699951171875
XLB,2026-08-10,52.810001373291016,52.86000061035156
XLC,2026-08-10,111.23999786376953,111.25
XLE,2026-08-10,58.189998626708984,57.5
XLF,2026-08-10,57.540000915527344,57.599998474121094
XLI,2026-08-10,185.92999267578125,185.17999267578125
XLK,2026-08-10,188.0800018310547,187.97000122070312
XLP,2026-08-10,84.66000366210938,85.12000274658203
XLRE,2026-08-10,44.70500183105469,44.97999954223633
XLU,2026-08-10,43.43000030517578,43.61000061035156
XLV,2026-08-10,165.67999267578125,165.67999267578125
XLY,2026-08-10,119.2300033569336,119.86000061035156
XME,2026-08-10,115.77999877929688,115.73999786376952
XPH,2026-08-10,70.43000030517578,70.5199966430664
XRT,2026-08-10,91.11000061035156,90.81999969482422
ANGL,2026-08-11,28.979999542236328,28.959999084472656
BKLN,2026-08-11,20.510000228881836,20.5
BNO,2026-08-11,49.689998626708984,50.11000061035156
BWX,2026-08-11,21.790000915527344,21.790000915527344
CANE,2026-08-11,10.739999771118164,10.699999809265137
CEMB,2026-08-11,45.220001220703125,45.22999954223633
CIBR,2026-08-11,100.31999969482422,100.5999984741211
CORN,2026-08-11,17.520000457763672,17.639999389648438
CPER,2026-08-11,40.34000015258789,40.18000030517578
DBA,2026-08-11,27.75,27.81999969482422
DBB,2026-08-11,25.760000228881836,25.670000076293945
DBC,2026-08-11,29.709999084472656,29.93000030517578
DBE,2026-08-11,31.09000015258789,31.170000076293945
DBO,2026-08-11,20.57999992370605,20.850000381469727
DIA,2026-08-11,539.9099731445312,538.989990234375
EBND,2026-08-11,21.100000381469727,21.09000015258789
EEM,2026-08-11,65.62000274658203,65.16999816894531
EFA,2026-08-11,108.44000244140625,108.01000213623047
EMB,2026-08-11,94.70999908447266,94.83999633789062
EMHY,2026-08-11,40.290000915527344,40.27999877929688
EMLC,2026-08-11,25.63999938964844,25.6200008392334
EPI,2026-08-11,43.43000030517578,43.40999984741211
EWA,2026-08-11,30.100000381469727,30.049999237060547
EWC,2026-08-11,61.61000061035156,61.5
EWG,2026-08-11,44.02000045776367,43.869998931884766
EWJ,2026-08-11,96.5999984741211,96.0500030517578
EWL,2026-08-11,64.4000015258789,64.36000061035156
EWN,2026-08-11,69.7300033569336,68.7300033569336
EWQ,2026-08-11,47.79999923706055,47.75
EWT,2026-08-11,104.0199966430664,102.18000030517578
EWU,2026-08-11,48.459999084472656,48.4900016784668
EWW,2026-08-11,77.41000366210938,76.93000030517578
EWY,2026-08-11,167.13999938964844,163.1199951171875
EWZ,2026-08-11,35.060001373291016,35.189998626708984
EZA,2026-08-11,68.76000213623047,69.7300033569336
EZU,2026-08-11,71.72000122070312,71.30000305175781
FALN,2026-08-11,26.9950008392334,26.989999771118164
FDN,2026-08-11,292.4200134277344,293.1199951171875
FXI,2026-08-11,35.810001373291016,36.4900016784668
GIGB,2026-08-11,44.93999862670898,44.8650016784668
GLD,2026-08-11,403.44000244140625,402.5400085449219
GLTR,2026-08-11,198.8999938964844,199.5
GOVT,2026-08-11,22.450000762939453,22.420000076293945
HYG,2026-08-11,79.55000305175781,79.4800033569336
IAU,2026-08-11,82.68000030517578,82.51000213623047
IEF,2026-08-11,92.94999694824219,92.76000213623047
IEI,2026-08-11,116.41999816894531,116.25
IGIB,2026-08-11,52.2400016784668,52.15999984741211
IGV,2026-08-11,104.4000015258789,105.01000213623048
IHI,2026-08-11,55.369998931884766,55.45000076293945
INDA,2026-08-11,50.150001525878906,50.13999938964844
ITB,2026-08-11,98.80999755859376,98.38999938964844
IWM,2026-08-11,300.92999267578125,299.9800109863281
IYR,2026-08-11,103.08000183105467,103.3499984741211
IYT,2026-08-11,86.7699966430664,86.91000366210938
JMBS,2026-08-11,44.369998931884766,44.25
JNK,2026-08-11,95.73999786376953,95.6500015258789
KRE,2026-08-11,76.11000061035156,76.02999877929688
LEMB,2026-08-11,43.0,42.970001220703125
LIT,2026-08-11,74.52999877929688,74.73999786376953
LMBS,2026-08-11,49.61000061035156,49.595001220703125
LQD,2026-08-11,106.16999816894531,105.95999908447266
MBB,2026-08-11,93.08999633789062,92.91999816894531
MDY,2026-08-11,707.7999877929688,706.97998046875
PALL,2026-08-11,24.8700008392334,25.110000610351562
PCY,2026-08-11,21.149999618530277,21.1200008392334
PFF,2026-08-11,30.610000610351562,30.56999969482422
PPLT,2026-08-11,15.899999618530273,15.90999984741211
QLTA,2026-08-11,46.459999084472656,46.400001525878906
QQQ,2026-08-11,723.2899780273438,720.8699951171875
REM,2026-08-11,21.84000015258789,21.799999237060547
REMX,2026-08-11,77.16999816894531,78.44999694824219
RSP,2026-08-11,219.97000122070312,220.22000122070312
RWR,2026-08-11,113.0199966430664,113.20999908447266
RWX,2026-08-11,27.959999084472656,27.86000061035156
SCHH,2026-08-11,23.690000534057617,23.770000457763672
SCHO,2026-08-11,24.059999465942383,24.049999237060547
SCHP,2026-08-11,25.90999984741211,25.90999984741211
SGOL,2026-08-11,41.869998931884766,41.79999923706055
SHY,2026-08-11,81.88999938964844,81.86000061035156
SHYG,2026-08-11,42.150001525878906,42.11000061035156
SIVR,2026-08-11,61.709999084472656,62.43999862670898
SKYY,2026-08-11,160.77999877929688,160.77999877929688
SLQD,2026-08-11,50.08000183105469,50.060001373291016
SLV,2026-08-11,58.66999816894531,59.40999984741211
SLX,2026-08-11,110.23999786376952,110.06999969482422
SMH,2026-08-11,578.5700073242188,569.4099731445312
SOXX,2026-08-11,537.9099731445312,529.3900146484375
SOYB,2026-08-11,25.049999237060547,25.170000076293945
SPIB,2026-08-11,33.11000061035156,33.06999969482422
SPMB,2026-08-11,21.979999542236328,21.940000534057617
SPTL,2026-08-11,25.1200008392334,25.049999237060547
SPY,2026-08-11,774.530029296875,773.030029296875
SRLN,2026-08-11,40.43000030517578,40.40999984741211
STIP,2026-08-11,100.6999969482422,100.69000244140624
TIP,2026-08-11,106.87999725341797,106.86000061035156
TLH,2026-08-11,96.66000366210938,96.38999938964844
TLT,2026-08-11,82.2699966430664,82.05999755859375
TUR,2026-08-11,38.65999984741211,38.75
UGA,2026-08-11,117.0,118.3499984741211
UNG,2026-08-11,10.180000305175781,10.140000343322754
UNL,2026-08-11,6.03000020980835,5.980000019073486
USHY,2026-08-11,36.790000915527344,36.7599983215332
USIG,2026-08-11,50.25,50.18000030517578
USO,2026-08-11,124.75,125.91999816894531
VCIT,2026-08-11,81.20999908447266,81.06999969482422
VCSH,2026-08-11,78.52999877929688,78.48999786376953
VDC,2026-08-11,229.77999877929688,230.38999938964844
VGIT,2026-08-11,58.34000015258789,58.2599983215332
VGLT,2026-08-11,52.81999969482422,52.68000030517578
VHT,2026-08-11,316.1000061035156,316.7200012207031
VMBS,2026-08-11,46.150001525878906,46.02999877929688
VNQ,2026-08-11,96.88999938964844,97.11000061035156
VNQI,2026-08-11,45.58000183105469,45.560001373291016
VPU,2026-08-11,186.80999755859372,186.8000030517578
VTIP,2026-08-11,49.68999862670898,49.68000030517578
VWOB,2026-08-11,66.02999877929688,65.95999908447266
WEAT,2026-08-11,23.81999969482422,24.010000228881836
XBI,2026-08-11,158.5,158.02999877929688
XLB,2026-08-11,53.06999969482422,53.18000030517578
XLC,2026-08-11,111.55999755859375,111.83000183105469
XLE,2026-08-11,59.9900016784668,60.18000030517578
XLF,2026-08-11,57.779998779296875,57.810001373291016
XLI,2026-08-11,185.0800018310547,184.60000610351562
XLK,2026-08-11,187.69000244140625,186.32000732421875
XLP,2026-08-11,84.62000274658203,84.94999694824219
XLRE,2026-08-11,44.2599983215332,44.400001525878906
XLU,2026-08-11,43.130001068115234,43.130001068115234
XLV,2026-08-11,168.27999877929688,168.44000244140625
XLY,2026-08-11,119.66999816894531,119.66999816894531
XME,2026-08-11,117.83999633789062,117.54000091552734
XPH,2026-08-11,70.31999969482422,70.11000061035156
XRT,2026-08-11,90.0999984741211,90.58999633789062
ANGL,2026-08-12,28.989999771118164,28.96999931335449
BKLN,2026-08-12,20.520000457763672,20.520000457763672
BNO,2026-08-12,50.599998474121094,50.959999084472656
BWX,2026-08-12,21.950000762939453,21.82999992370605
CANE,2026-08-12,10.869999885559082,10.829999923706056
CEMB,2026-08-12,45.27999877929688,45.220001220703125
CIBR,2026-08-12,99.70999908447266,99.91999816894533
CORN,2026-08-12,17.700000762939453,17.56999969482422
CPER,2026-08-12,40.349998474121094,40.220001220703125
DBA,2026-08-12,27.690000534057617,27.59000015258789
DBB,2026-08-12,25.84000015258789,25.690000534057617
DBC,2026-08-12,29.959999084472656,29.96999931335449
DBE,2026-08-12,31.34000015258789,31.56999969482422
DBO,2026-08-12,20.82999992370605,21.040000915527344
DIA,2026-08-12,539.010009765625,537.280029296875
EBND,2026-08-12,21.11000061035156,21.059999465942383
EEM,2026-08-12,66.61000061035156,65.43000030517578
EFA,2026-08-12,108.75,108.08999633789062
EMB,2026-08-12,95.04000091552734,94.83000183105469
EMHY,2026-08-12,40.33000183105469,40.2400016784668
EMLC,2026-08-12,25.65999984741211,25.59000015258789
EPI,2026-08-12,43.41999816894531,43.400001525878906
EWA,2026-08-12,30.040000915527344,29.950000762939453
EWC,2026-08-12,61.83000183105469,61.5099983215332
EWG,2026-08-12,44.09999847412109,43.9900016784668
EWJ,2026-08-12,98.04000091552734,96.27999877929688
EWL,2026-08-12,63.650001525878906,64.02999877929688
EWN,2026-08-12,70.01000213623047,69.43000030517578
EWQ,2026-08-12,47.5,47.68999862670898
EWT,2026-08-12,106.43000030517578,103.94000244140624
EWU,2026-08-12,48.380001068115234,48.29999923706055
EWW,2026-08-12,76.72000122070312,76.23999786376953
EWY,2026-08-12,174.8699951171875,167.24000549316406
EWZ,2026-08-12,33.93000030517578,33.97999954223633
EZA,2026-08-12,69.25,68.58999633789062
EZU,2026-08-12,71.83000183105469,71.52999877929688
FALN,2026-08-12,27.020000457763672,27.0
FDN,2026-08-12,291.8299865722656,290.3099975585937
FXI,2026-08-12,35.349998474121094,35.65999984741211
GIGB,2026-08-12,44.970001220703125,44.88999938964844
GLD,2026-08-12,405.30999755859375,400.9599914550781
GLTR,2026-08-12,200.38999938964844,197.82000732421875
GOVT,2026-08-12,22.479999542236328,22.440000534057617
HYG,2026-08-12,79.63999938964844,79.51000213623047
IAU,2026-08-12,83.05999755859375,82.18000030517578
IEF,2026-08-12,93.1500015258789,92.87000274658203
IEI,2026-08-12,116.61000061035156,116.3499984741211
IGIB,2026-08-12,52.33000183105469,52.18000030517578
IGV,2026-08-12,103.06999969482422,103.91999816894533
IHI,2026-08-12,55.560001373291016,55.97999954223633
INDA,2026-08-12,50.09000015258789,50.09000015258789
ITB,2026-08-12,100.76000213623048,100.5
IWM,2026-08-12,303.0199890136719,300.989990234375
IYR,2026-08-12,102.93000030517578,102.56999969482422
IYT,2026-08-12,86.73999786376953,86.9800033569336
JMBS,2026-08-12,44.47999954223633,44.31999969482422
JNK,2026-08-12,95.8499984741211,95.69000244140625
KRE,2026-08-12,76.91999816894531,76.80999755859375
LEMB,2026-08-12,43.02999877929688,42.93000030517578
LIT,2026-08-12,75.63999938964844,74.11000061035156
LMBS,2026-08-12,49.709999084472656,49.619998931884766
LQD,2026-08-12,106.3499984741211,105.98999786376953
MBB,2026-08-12,93.31999969482422,93.02999877929688
MDY,2026-08-12,713.4000244140625,709.0499877929688
PALL,2026-08-12,25.200000762939453,24.770000457763672
PCY,2026-08-12,21.170000076293945,21.11000061035156
PFF,2026-08-12,30.6299991607666,30.59000015258789
PPLT,2026-08-12,16.139999389648438,15.779999732971191
QLTA,2026-08-12,46.52999877929688,46.40999984741211
QQQ,2026-08-12,727.0800170898438,718.4500122070312
REM,2026-08-12,22.06999969482422,22.059999465942383
REMX,2026-08-12,78.23999786376953,76.72000122070312
RSP,2026-08-12,220.9499969482422,220.69000244140625
RWR,2026-08-12,112.51000213623048,111.98999786376952
RWX,2026-08-12,27.950000762939453,27.8799991607666
SCHH,2026-08-12,23.6200008392334,23.549999237060547
SCHO,2026-08-12,24.09000015258789,24.059999465942383
SCHP,2026-08-12,25.950000762939453,25.899999618530277
SGOL,2026-08-12,42.06999969482422,41.619998931884766
SHY,2026-08-12,81.97000122070312,81.87000274658203
SHYG,2026-08-12,42.18000030517578,42.130001068115234
SIVR,2026-08-12,62.59000015258789,61.560001373291016
SKYY,2026-08-12,161.2100067138672,161.08999633789062
SLQD,2026-08-12,50.150001525878906,50.08000183105469
SLV,2026-08-12,59.58000183105469,58.54999923706055
SLX,2026-08-12,109.87000274658205,109.33999633789062
SMH,2026-08-12,590.5499877929688,572.9299926757812
SOXX,2026-08-12,553.4000244140625,534.2000122070312
SOYB,2026-08-12,25.0,24.920000076293945
SPIB,2026-08-12,33.150001525878906,33.09000015258789
SPMB,2026-08-12,22.020000457763672,21.959999084472656
SPTL,2026-08-12,25.170000076293945,25.09000015258789
SPY,2026-08-12,774.7100219726562,770.5599975585938
SRLN,2026-08-12,40.45000076293945,40.43999862670898
STIP,2026-08-12,100.7300033569336,100.66000366210938
TIP,2026-08-12,107.05000305175781,106.88999938964844
TLH,2026-08-12,96.88999938964844,96.55999755859375
TLT,2026-08-12,82.44999694824219,82.19000244140625
TUR,2026-08-12,39.27999877929688,38.36000061035156
UGA,2026-08-12,117.2699966430664,118.94999694824219
UNG,2026-08-12,10.25,10.069999694824219
UNL,2026-08-12,6.039999961853027,6.010000228881836
USHY,2026-08-12,36.83000183105469,36.7599983215332
USIG,2026-08-12,50.34999847412109,50.209999084472656
USO,2026-08-12,126.63999938964844,127.61000061035156
VCIT,2026-08-12,81.30999755859375,81.11000061035156
VCSH,2026-08-12,78.61000061035156,78.5199966430664
VDC,2026-08-12,228.5399932861328,229.9499969482422
VGIT,2026-08-12,58.43999862670898,58.310001373291016
VGLT,2026-08-12,52.93999862670898,52.7599983215332
VHT,2026-08-12,313.8099975585937,315.7099914550781
VMBS,2026-08-12,46.25,46.119998931884766
VNQ,2026-08-12,96.80999755859376,96.37999725341795
VNQI,2026-08-12,45.84999847412109,45.52000045776367
VPU,2026-08-12,189.4499969482422,188.8699951171875
VTIP,2026-08-12,49.709999084472656,49.66999816894531
VWOB,2026-08-12,66.0999984741211,65.94000244140625
WEAT,2026-08-12,24.1299991607666,23.709999084472656
XBI,2026-08-12,158.13999938964844,158.07000732421875
XLB,2026-08-12,53.45000076293945,53.2400016784668
XLC,2026-08-12,111.30999755859375,111.2699966430664
XLE,2026-08-12,60.470001220703125,60.93000030517578
XLF,2026-08-12,57.83000183105469,57.79999923706055
XLI,2026-08-12,187.1699981689453,185.6999969482422
XLK,2026-08-12,189.47000122070312,186.08999633789062
XLP,2026-08-12,84.08999633789062,84.69000244140625
XLRE,2026-08-12,44.20000076293945,44.08000183105469
XLU,2026-08-12,43.7599983215332,43.630001068115234
XLV,2026-08-12,166.4199981689453,168.00999450683594
XLY,2026-08-12,119.31999969482422,119.23999786376953
XME,2026-08-12,119.58999633789062,117.83000183105467
XPH,2026-08-12,70.08000183105469,69.73999786376953
XRT,2026-08-12,89.37999725341797,89.62999725341797
ANGL,2026-08-13,29.040000915527344,29.030000686645508
BKLN,2026-08-13,20.549999237060547,20.540000915527344
BNO,2026-08-13,49.650001525878906,50.720001220703125
BWX,2026-08-13,21.8700008392334,21.84000015258789
CANE,2026-08-13,10.6899995803833,10.6899995803833
CEMB,2026-08-13,45.310001373291016,45.220001220703125
CIBR,2026-08-13,100.23500061035156,100.38999938964844
CORN,2026-08-13,18.06999969482422,18.200000762939453
CPER,2026-08-13,40.06999969482422,40.02000045776367
DBA,2026-08-13,27.770000457763672,27.84000015258789
DBB,2026-08-13,25.43000030517578,25.5
DBC,2026-08-13,29.86000061035156,30.11000061035156
DBE,2026-08-13,30.940000534057617,31.549999237060547
DBO,2026-08-13,20.6200008392334,20.989999771118164
DIA,2026-08-13,538.7000122070312,537.1500244140625
EBND,2026-08-13,21.1200008392334,21.040000915527344
EEM,2026-08-13,66.41999816894531,66.45999908447266
EFA,2026-08-13,108.66999816894531,108.5
EMB,2026-08-13,95.19000244140625,94.94000244140625
EMHY,2026-08-13,40.380001068115234,40.290000915527344
EMLC,2026-08-13,25.65999984741211,25.59000015258789
EPI,2026-08-13,43.34999847412109,43.27000045776367
EWA,2026-08-13,29.8799991607666,29.88999938964844
EWC,2026-08-13,61.900001525878906,61.77000045776367
EWG,2026-08-13,43.93999862670898,43.869998931884766
EWJ,2026-08-13,98.08999633789062,97.79000091552734
EWL,2026-08-13,63.880001068115234,63.650001525878906
EWN,2026-08-13,70.95999908447266,70.5999984741211
EWQ,2026-08-13,47.38999938964844,47.5099983215332
EWT,2026-08-13,106.9000015258789,106.18000030517578
EWU,2026-08-13,48.33000183105469,48.369998931884766
EWW,2026-08-13,77.0,76.45999908447266
EWY,2026-08-13,175.47000122070312,175.8699951171875
EWZ,2026-08-13,33.869998931884766,33.86000061035156
EZA,2026-08-13,67.80000305175781,68.33000183105469
EZU,2026-08-13,71.83000183105469,71.69000244140625
FALN,2026-08-13,27.06999969482422,27.020000457763672
FDN,2026-08-13,290.2900085449219,291.3500061035156
FXI,2026-08-13,35.06999969482422,35.22999954223633
GIGB,2026-08-13,45.08000183105469,44.93000030517578
GLD,2026-08-13,402.1700134277344,404.9200134277344
GLTR,2026-08-13,198.16000366210935,199.7899932861328
GOVT,2026-08-13,22.51000022888184,22.450000762939453
HYG,2026-08-13,79.73999786376953,79.61000061035156
IAU,2026-08-13,82.41000366210938,82.9800033569336
IEF,2026-08-13,93.30999755859375,92.95999908447266
IEI,2026-08-13,116.7699966430664,116.45999908447266
IGIB,2026-08-13,52.40999984741211,52.2400016784668
IGV,2026-08-13,103.7300033569336,103.08000183105467
IHI,2026-08-13,56.310001373291016,56.08000183105469
INDA,2026-08-13,50.130001068115234,49.95000076293945
ITB,2026-08-13,99.1500015258789,98.16999816894533
IWM,2026-08-13,304.0400085449219,302.7099914550781
IYR,2026-08-13,104.04000091552734,103.51000213623048
IYT,2026-08-13,87.37000274658203,86.94999694824219
JMBS,2026-08-13,44.56999969482422,44.38999938964844
JNK,2026-08-13,96.0,95.8499984741211
KRE,2026-08-13,77.80999755859375,77.37999725341797
LEMB,2026-08-13,43.08000183105469,42.970001220703125
LIT,2026-08-13,74.81999969482422,75.20999908447266
LMBS,2026-08-13,49.709999084472656,49.64099884033203
LQD,2026-08-13,106.5999984741211,106.12000274658203
MBB,2026-08-13,93.47000122070312,93.19000244140625
MDY,2026-08-13,713.6199951171875,711.719970703125
PALL,2026-08-13,23.920000076293945,24.850000381469727
PCY,2026-08-13,21.21999931335449,21.1299991607666
PFF,2026-08-13,30.799999237060547,30.770000457763672
PPLT,2026-08-13,15.600000381469727,15.9399995803833
QLTA,2026-08-13,46.630001068115234,46.459999084472656
QQQ,2026-08-13,725.1500244140625,723.7000122070312
REM,2026-08-13,22.040000915527344,21.979999542236328
REMX,2026-08-13,76.33000183105469,77.02999877929688
RSP,2026-08-13,221.7700042724609,221.0800018310547
RWR,2026-08-13,113.69000244140624,113.11000061035156
RWX,2026-08-13,27.90999984741211,27.8700008392334
SCHH,2026-08-13,23.920000076293945,23.790000915527344
SCHO,2026-08-13,24.100000381469727,24.07999992370605
SCHP,2026-08-13,25.96999931335449,25.90999984741211
SGOL,2026-08-13,41.72999954223633,42.02999877929688
SHY,2026-08-13,82.01000213623047,81.91999816894531
SHYG,2026-08-13,42.220001220703125,42.18999862670898
SIVR,2026-08-13,61.81999969482422,62.06999969482422
SKYY,2026-08-13,162.8800048828125,162.55999755859375
SLQD,2026-08-13,50.16999816894531,50.119998931884766
SLV,2026-08-13,58.810001373291016,59.060001373291016
SLX,2026-08-13,109.80999755859376,109.61000061035156
SMH,2026-08-13,586.3800048828125,584.8300170898438
SOXX,2026-08-13,547.1400146484375,546.6099853515625
SOYB,2026-08-13,25.239999771118164,25.239999771118164
SPIB,2026-08-13,33.20000076293945,33.11000061035156
SPMB,2026-08-13,22.07999992370605,22.0
SPTL,2026-08-13,25.21999931335449,25.09000015258789
SPY,2026-08-13,774.8699951171875,772.489990234375
SRLN,2026-08-13,40.5,40.52000045776367
STIP,2026-08-13,100.76000213623048,100.66000366210938
TIP,2026-08-13,107.12000274658203,106.91999816894531
TLH,2026-08-13,97.12999725341797,96.56999969482422
TLT,2026-08-13,82.58999633789062,82.11000061035156
TUR,2026-08-13,39.310001373291016,39.380001068115234
UGA,2026-08-13,118.91999816894531,118.72000122070312
UNG,2026-08-13,10.010000228881836,10.199999809265137
UNL,2026-08-13,5.949999809265137,6.010000228881836
USHY,2026-08-13,36.869998931884766,36.81999969482422
USIG,2026-08-13,50.41999816894531,50.25
USO,2026-08-13,124.56999969482422,127.30000305175781
VCIT,2026-08-13,81.45999908447266,81.19999694824219
VCSH,2026-08-13,78.70999908447266,78.58000183105469
VDC,2026-08-13,232.1699981689453,231.1000061035156
VGIT,2026-08-13,58.52999877929688,58.36000061035156
VGLT,2026-08-13,53.040000915527344,52.7400016784668
VHT,2026-08-13,318.6400146484375,316.67999267578125
VMBS,2026-08-13,46.290000915527344,46.18000030517578
VNQ,2026-08-13,97.80999755859376,97.30999755859376
VNQI,2026-08-13,45.77000045776367,45.77000045776367
VPU,2026-08-13,189.92999267578125,189.7700042724609
VTIP,2026-08-13,49.70000076293945,49.65999984741211
VWOB,2026-08-13,66.1500015258789,65.98999786376953
WEAT,2026-08-13,24.399999618530273,24.360000610351562
XBI,2026-08-13,160.25,159.38999938964844
XLB,2026-08-13,52.599998474121094,52.58000183105469
XLC,2026-08-13,110.86000061035156,110.2699966430664
XLE,2026-08-13,60.52000045776367,61.029998779296875
XLF,2026-08-13,58.189998626708984,57.91999816894531
XLI,2026-08-13,186.47999572753906,185.8800048828125
XLK,2026-08-13,189.1300048828125,188.86000061035156
XLP,2026-08-13,85.61000061035156,85.08000183105469
XLRE,2026-08-13,44.7400016784668,44.4900016784668
XLU,2026-08-13,43.88999938964844,43.84000015258789
XLV,2026-08-13,169.49000549316406,168.44000244140625
XLY,2026-08-13,118.04000091552734,117.88999938964844
XME,2026-08-13,116.0500030517578,116.79000091552734
XPH,2026-08-13,70.66999816894531,69.80999755859375
XRT,2026-08-13,89.43000030517578,88.77999877929688
ANGL,2026-08-14,29.06999969482422,29.09000015258789
BKLN,2026-08-14,20.559999465942383,20.56999969482422
BNO,2026-08-14,49.7599983215332,49.7400016784668
BWX,2026-08-14,21.86000061035156,21.82999992370605
CANE,2026-08-14,10.739999771118164,10.84000015258789
CEMB,2026-08-14,45.31999969482422,45.34000015258789
CIBR,2026-08-14,102.125,102.1999969482422
CORN,2026-08-14,18.139999389648438,17.90999984741211
CPER,2026-08-14,39.91999816894531,39.849998474121094
DBA,2026-08-14,27.649999618530273,27.6200008392334
DBB,2026-08-14,25.350000381469727,25.299999237060547
DBC,2026-08-14,29.809999465942383,29.780000686645508
DBE,2026-08-14,31.040000915527344,31.200000762939453
DBO,2026-08-14,20.700000762939453,20.700000762939453
DIA,2026-08-14,537.4099731445312,537.9099731445312
EBND,2026-08-14,21.13999938964844,21.11000061035156
EEM,2026-08-14,66.8499984741211,66.68000030517578
EFA,2026-08-14,108.76000213623047,108.69000244140625
EMB,2026-08-14,95.33000183105469,95.36000061035156
EMHY,2026-08-14,40.43000030517578,40.43000030517578
EMLC,2026-08-14,25.68000030517578,25.649999618530277
EPI,2026-08-14,43.040000915527344,43.2599983215332
EWA,2026-08-14,29.690000534057617,29.739999771118164
EWC,2026-08-14,62.27999877929688,62.09999847412109
EWG,2026-08-14,44.22999954223633,43.959999084472656
EWJ,2026-08-14,98.38999938964844,98.47000122070312
EWL,2026-08-14,63.36000061035156,63.70000076293945
EWN,2026-08-14,71.4800033569336,71.33000183105469
EWQ,2026-08-14,47.41999816894531,47.369998931884766
EWT,2026-08-14,107.29000091552734,107.5
EWU,2026-08-14,48.31999969482422,48.2599983215332
EWW,2026-08-14,75.61000061035156,75.44999694824219
EWY,2026-08-14,182.1499938964844,178.6199951171875
EWZ,2026-08-14,34.0099983215332,33.77000045776367
EZA,2026-08-14,67.37999725341797,67.33000183105469
EZU,2026-08-14,71.88999938964844,71.87999725341797
FALN,2026-08-14,27.09000015258789,27.114999771118164
FDN,2026-08-14,295.2799987792969,295.25
FXI,2026-08-14,34.81999969482422,34.86000061035156
GIGB,2026-08-14,45.02999877929688,45.08000183105469
GLD,2026-08-14,402.17999267578125,398.9599914550781
GLTR,2026-08-14,198.19000244140625,196.52999877929688
GOVT,2026-08-14,22.5,22.520000457763672
HYG,2026-08-14,79.80000305175781,79.79000091552734
IAU,2026-08-14,82.41999816894531,81.77999877929688
IEF,2026-08-14,93.29000091552734,93.30000305175781
IEI,2026-08-14,116.80999755859375,116.7699966430664
IGIB,2026-08-14,52.38999938964844,52.40999984741211
IGV,2026-08-14,106.47000122070312,106.27999877929688
IHI,2026-08-14,56.150001525878906,56.11000061035156
INDA,2026-08-14,49.880001068115234,49.97999954223633
ITB,2026-08-14,99.29000091552734,99.52999877929688
IWM,2026-08-14,303.2799987792969,303.5
IYR,2026-08-14,104.95999908447266,104.88999938964844
IYT,2026-08-14,88.2699966430664,88.13999938964844
JMBS,2026-08-14,44.54999923706055,44.560001373291016
JNK,2026-08-14,96.06999969482422,96.04000091552734
KRE,2026-08-14,77.55000305175781,77.75
LEMB,2026-08-14,43.119998931884766,43.060001373291016
LIT,2026-08-14,75.05999755859375,74.66000366210938
LMBS,2026-08-14,49.7400016784668,49.720001220703125
LQD,2026-08-14,106.38999938964844,106.55000305175781
MBB,2026-08-14,93.48999786376953,93.48999786376953
MDY,2026-08-14,714.8300170898438,714.5999755859375
PALL,2026-08-14,23.899999618530273,23.84000015258789
PCY,2026-08-14,21.229999542236328,21.270000457763672
PFF,2026-08-14,30.860000610351562,30.889999389648438
PPLT,2026-08-14,15.729999542236328,15.539999961853027
QLTA,2026-08-14,46.560001373291016,46.619998931884766
QQQ,2026-08-14,733.4099731445312,732.0700073242188
REM,2026-08-14,22.13999938964844,22.1299991607666
REMX,2026-08-14,76.98999786376953,76.12999725341797
RSP,2026-08-14,222.92999267578125,222.72999572753903
RWR,2026-08-14,114.5,114.36000061035156
RWX,2026-08-14,27.809999465942383,27.899999618530277
SCHH,2026-08-14,24.06999969482422,24.059999465942383
SCHO,2026-08-14,24.11000061035156,24.100000381469727
SCHP,2026-08-14,25.96999931335449,25.959999084472656
SGOL,2026-08-14,41.72999954223633,41.400001525878906
SHY,2026-08-14,82.06999969482422,82.02999877929688
SHYG,2026-08-14,42.2400016784668,42.2599983215332
SIVR,2026-08-14,61.83000183105469,61.16999816894531
SKYY,2026-08-14,168.85000610351562,168.91000366210938
SLQD,2026-08-14,50.20000076293945,50.18000030517578
SLV,2026-08-14,58.83000183105469,58.15999984741211
SLX,2026-08-14,107.9800033569336,108.5
SMH,2026-08-14,587.510009765625,589.1199951171875
SOXX,2026-08-14,549.5800170898438,550.739990234375
SOYB,2026-08-14,25.329999923706055,25.200000762939453
SPIB,2026-08-14,33.20000076293945,33.189998626708984
SPMB,2026-08-14,22.07999992370605,22.06999969482422
SPTL,2026-08-14,25.13999938964844,25.239999771118164
SPY,2026-08-14,778.5399780273438,777.8800048828125
SRLN,2026-08-14,40.56999969482422,40.59999847412109
STIP,2026-08-14,100.77999877929688,100.73999786376952
TIP,2026-08-14,107.12999725341797,107.16000366210938
TLH,2026-08-14,96.8499984741211,97.13999938964844
TLT,2026-08-14,82.2300033569336,82.58999633789062
TUR,2026-08-14,39.459999084472656,39.369998931884766
UGA,2026-08-14,116.8499984741211,117.86000061035156
UNG,2026-08-14,10.020000457763672,9.970000267028809
UNL,2026-08-14,5.949999809265137,5.900000095367432
USHY,2026-08-14,36.88999938964844,36.88999938964844
USIG,2026-08-14,50.36000061035156,50.40999984741211
USO,2026-08-14,124.79000091552734,125.02999877929688
VCIT,2026-08-14,81.41999816894531,81.47000122070312
VCSH,2026-08-14,78.7300033569336,78.69999694824219
VDC,2026-08-14,233.0200042724609,233.08999633789065
VGIT,2026-08-14,58.540000915527344,58.52999877929688
VGLT,2026-08-14,52.869998931884766,53.04999923706055
VHT,2026-08-14,315.0400085449219,316.2200012207031
VMBS,2026-08-14,46.290000915527344,46.31999969482422
VNQ,2026-08-14,98.5999984741211,98.58000183105467
VNQI,2026-08-14,45.58000183105469,45.650001525878906
VPU,2026-08-14,190.44000244140625,190.6199951171875
VTIP,2026-08-14,49.72999954223633,49.709999084472656
VWOB,2026-08-14,66.18000030517578,66.27999877929688
WEAT,2026-08-14,24.65999984741211,24.31999969482422
XBI,2026-08-14,156.5399932861328,156.86000061035156
XLB,2026-08-14,52.459999084472656,52.310001373291016
XLC,2026-08-14,112.76000213623047,112.55000305175781
XLE,2026-08-14,61.369998931884766,61.060001373291016
XLF,2026-08-14,58.220001220703125,58.2599983215332
XLI,2026-08-14,186.17999267578125,185.7899932861328
XLK,2026-08-14,191.13999938964844,190.77000427246094
XLP,2026-08-14,86.0,86.0
XLRE,2026-08-14,45.11800003051758,45.119998931884766
XLU,2026-08-14,44.0099983215332,44.040000915527344
XLV,2026-08-14,167.66000366210938,168.3800048828125
XLY,2026-08-14,118.47000122070312,118.44999694824219
XME,2026-08-14,116.05999755859376,115.2699966430664
XPH,2026-08-14,69.95999908447266,69.9800033569336
XRT,2026-08-14,89.16000366210938,89.29000091552734
ANGL,2026-08-17,29.040000915527344,29.040000915527344
BKLN,2026-08-17,20.56999969482422,20.56999969482422
BNO,2026-08-17,50.93000030517578,50.63999938964844
BWX,2026-08-17,21.86000061035156,21.780000686645508
CANE,2026-08-17,10.729999542236328,10.760000228881836
CEMB,2026-08-17,45.27999877929688,45.29999923706055
CIBR,2026-08-17,99.33000183105467,99.5999984741211
CORN,2026-08-17,18.34000015258789,18.260000228881836
CPER,2026-08-17,40.0,40.0099983215332
DBA,2026-08-17,27.860000610351562,27.770000457763672
DBB,2026-08-17,25.40999984741211,25.420000076293945
DBC,2026-08-17,30.13999938964844,30.0
DBE,2026-08-17,31.770000457763672,31.40999984741211
DBO,2026-08-17,21.01000022888184,20.920000076293945
DIA,2026-08-17,534.5,536.7999877929688
EBND,2026-08-17,21.1200008392334,21.09000015258789
EEM,2026-08-17,67.33000183105469,66.61000061035156
EFA,2026-08-17,108.66000366210938,108.63999938964844
EMB,2026-08-17,95.0,95.05000305175781
EMHY,2026-08-17,40.31999969482422,40.380001068115234
EMLC,2026-08-17,25.670000076293945,25.63999938964844
EPI,2026-08-17,43.0,43.02000045776367
EWA,2026-08-17,29.520000457763672,29.649999618530277
EWC,2026-08-17,62.16999816894531,62.22999954223633
EWG,2026-08-17,44.13999938964844,44.15999984741211
EWJ,2026-08-17,98.13999938964844,98.20999908447266
EWL,2026-08-17,63.18999862670898,63.27000045776367
EWN,2026-08-17,71.81999969482422,71.61000061035156
EWQ,2026-08-17,47.34999847412109,47.470001220703125
EWT,2026-08-17,108.05999755859376,107.06999969482422
EWU,2026-08-17,48.2599983215332,48.2599983215332
EWW,2026-08-17,74.95999908447266,75.01000213623047
EWY,2026-08-17,183.69000244140625,179.74000549316406
EWZ,2026-08-17,34.18000030517578,33.93000030517578
EZA,2026-08-17,67.91000366210938,67.52999877929688
EZU,2026-08-17,72.01000213623047,71.98999786376953
FALN,2026-08-17,27.040000915527344,27.06999969482422
FDN,2026-08-17,290.3399963378906,291.3800048828125
FXI,2026-08-17,35.150001525878906,34.88999938964844
GIGB,2026-08-17,44.88999938964844,44.93999862670898
GLD,2026-08-17,402.3399963378906,401.4800109863281
GLTR,2026-08-17,198.67999267578125,197.7899932861328
GOVT,2026-08-17,22.450000762939453,22.459999084472656
HYG,2026-08-17,79.66999816894531,79.70999908447266
IAU,2026-08-17,82.4800033569336,82.27999877929688
IEF,2026-08-17,92.95999908447266,93.04000091552734
IEI,2026-08-17,116.56999969482422,116.58999633789062
IGIB,2026-08-17,52.209999084472656,52.2599983215332
IGV,2026-08-17,103.25,104.08000183105467
IHI,2026-08-17,55.31999969482422,55.7599983215332
INDA,2026-08-17,49.77000045776367,49.77999877929688
ITB,2026-08-17,98.37999725341795,98.77999877929688
IWM,2026-08-17,303.9599914550781,305.0899963378906
IYR,2026-08-17,104.52999877929688,105.05999755859376
IYT,2026-08-17,87.37000274658203,87.44000244140625
JMBS,2026-08-17,44.40999984741211,44.43999862670898
JNK,2026-08-17,95.9000015258789,95.97000122070312
KRE,2026-08-17,77.5999984741211,77.93000030517578
LEMB,2026-08-17,43.09000015258789,43.04999923706055
LIT,2026-08-17,75.86000061035156,75.2300033569336
LMBS,2026-08-17,49.70000076293945,49.685001373291016
LQD,2026-08-17,105.95999908447266,106.12000274658203
MBB,2026-08-17,93.08000183105469,93.19999694824219
MDY,2026-08-17,715.5999755859375,716.9099731445312
PALL,2026-08-17,24.059999465942383,23.93000030517578
PCY,2026-08-17,21.13999938964844,21.18000030517578
PFF,2026-08-17,30.790000915527344,30.84000015258789
PPLT,2026-08-17,15.970000267028809,15.869999885559082
QLTA,2026-08-17,46.40999984741211,46.459999084472656
QQQ,2026-08-17,732.9500122070312,731.0700073242188
REM,2026-08-17,22.11000061035156,22.1200008392334
REMX,2026-08-17,79.26000213623047,78.55000305175781
RSP,2026-08-17,222.07000732421875,222.7700042724609
RWR,2026-08-17,114.36000061035156,114.47000122070312
RWX,2026-08-17,27.709999084472656,27.780000686645508
SCHH,2026-08-17,24.030000686645508,24.11000061035156
SCHO,2026-08-17,24.09000015258789,24.100000381469727
SCHP,2026-08-17,25.920000076293945,25.940000534057617
SGOL,2026-08-17,41.75,41.66999816894531
SHY,2026-08-17,82.01000213623047,82.0
SHYG,2026-08-17,42.209999084472656,42.2599983215332
SIVR,2026-08-17,62.02000045776367,61.470001220703125
SKYY,2026-08-17,163.97999572753906,165.33999633789062
SLQD,2026-08-17,50.16999816894531,50.18000030517578
SLV,2026-08-17,59.0,58.47999954223633
SLX,2026-08-17,107.7300033569336,107.95999908447266
SMH,2026-08-17,593.719970703125,587.8200073242188
SOXX,2026-08-17,557.9199829101562,550.4199829101562
SOYB,2026-08-17,25.5,25.3700008392334
SPIB,2026-08-17,33.11000061035156,33.130001068115234
SPMB,2026-08-17,21.96999931335449,22.0
SPTL,2026-08-17,25.0,25.06999969482422
SPY,2026-08-17,776.1799926757812,776.3400268554688
SRLN,2026-08-17,40.58000183105469,40.56999969482422
STIP,2026-08-17,100.76000213623048,100.73999786376952
TIP,2026-08-17,106.94000244140625,106.98999786376953
TLH,2026-08-17,96.37999725341797,96.5999984741211
TLT,2026-08-17,81.7699966430664,82.04000091552734
TUR,2026-08-17,39.400001525878906,39.59000015258789
UGA,2026-08-17,119.5,119.70999908447266
UNG,2026-08-17,9.770000457763672,9.920000076293945
UNL,2026-08-17,5.820000171661377,5.889999866485596
USHY,2026-08-17,36.84999847412109,36.869998931884766
USIG,2026-08-17,50.20000076293945,50.27999877929688
USO,2026-08-17,127.29000091552734,126.5999984741211
VCIT,2026-08-17,81.1500015258789,81.2300033569336
VCSH,2026-08-17,78.62000274658203,78.63999938964844
VDC,2026-08-17,231.57000732421875,233.27999877929688
VGIT,2026-08-17,58.400001525878906,58.43000030517578
VGLT,2026-08-17,52.560001373291016,52.720001220703125
VHT,2026-08-17,312.9800109863281,314.70001220703125
VMBS,2026-08-17,46.13999938964844,46.16999816894531
VNQ,2026-08-17,98.5199966430664,98.83000183105467
VNQI,2026-08-17,45.369998931884766,45.4900016784668
VPU,2026-08-17,191.25999450683597,191.72999572753903
VTIP,2026-08-17,49.720001220703125,49.709999084472656
VWOB,2026-08-17,65.97000122070312,66.12999725341797
WEAT,2026-08-17,24.90999984741211,24.969999313354492
XBI,2026-08-17,156.8300018310547,157.41000366210938
XLB,2026-08-17,52.349998474121094,52.540000915527344
XLC,2026-08-17,112.50499725341797,112.94999694824219
XLE,2026-08-17,62.220001220703125,61.90999984741211
XLF,2026-08-17,57.959999084472656,58.15999984741211
XLI,2026-08-17,186.38999938964844,186.50999450683594
XLK,2026-08-17,190.7899932861328,190.00999450683594
XLP,2026-08-17,85.36000061035156,86.08999633789062
XLRE,2026-08-17,45.099998474121094,45.27000045776367
XLU,2026-08-17,44.20000076293945,44.310001373291016
XLV,2026-08-17,166.4499969482422,167.3699951171875
XLY,2026-08-17,117.95999908447266,118.19999694824219
XME,2026-08-17,117.27999877929688,117.13999938964844
XPH,2026-08-17,70.02999877929688,70.9800033569336
XRT,2026-08-17,88.47000122070312,88.94999694824219
ANGL,2026-08-18,28.989999771118164,29.0
BKLN,2026-08-18,20.579999923706055,20.579999923706055
BNO,2026-08-18,52.31999969482422,51.970001220703125
BWX,2026-08-18,21.76000022888184,21.770000457763672
CANE,2026-08-18,10.859999656677246,10.93000030517578
CEMB,2026-08-18,45.220001220703125,45.290000915527344
CIBR,2026-08-18,97.31999969482422,97.79000091552734
CORN,2026-08-18,18.549999237060547,18.459999084472656
CPER,2026-08-18,39.720001220703125,40.130001068115234
DBA,2026-08-18,28.190000534057617,28.139999389648438
DBB,2026-08-18,25.299999237060547,25.440000534057617
DBC,2026-08-18,30.56999969482422,30.559999465942383
DBE,2026-08-18,32.650001525878906,32.33000183105469
DBO,2026-08-18,21.950000762939453,21.559999465942383
DIA,2026-08-18,533.3800048828125,534.1900024414062
EBND,2026-08-18,21.06999969482422,21.100000381469727
EEM,2026-08-18,66.02999877929688,67.31999969482422
EFA,2026-08-18,107.75,108.44999694824219
EMB,2026-08-18,94.4800033569336,94.69999694824219
EMHY,2026-08-18,40.209999084472656,40.290000915527344
EMLC,2026-08-18,25.6200008392334,25.6299991607666
EPI,2026-08-18,42.880001068115234,42.88999938964844
EWA,2026-08-18,29.770000457763672,29.549999237060547
EWC,2026-08-18,62.04999923706055,62.18000030517578
EWG,2026-08-18,43.84999847412109,43.959999084472656
EWJ,2026-08-18,96.4800033569336,98.16999816894533
EWL,2026-08-18,62.81999969482422,62.91999816894531
EWN,2026-08-18,70.79000091552734,71.5
EWQ,2026-08-18,46.75,47.13999938964844
EWT,2026-08-18,105.0,107.8000030517578
EWU,2026-08-18,48.310001373291016,48.15999984741211
EWW,2026-08-18,74.72000122070312,74.91000366210938
EWY,2026-08-18,175.7899932861328,185.1000061035156
EWZ,2026-08-18,33.880001068115234,33.970001220703125
EZA,2026-08-18,68.0,68.19000244140625
EZU,2026-08-18,71.5,71.87999725341797
FALN,2026-08-18,27.01000022888184,27.01499938964844
FDN,2026-08-18,284.6300048828125,286.94000244140625
FXI,2026-08-18,35.18000030517578,35.099998474121094
GIGB,2026-08-18,44.709999084472656,44.79999923706055
GLD,2026-08-18,402.54998779296875,405.489990234375
GLTR,2026-08-18,198.1300048828125,200.27999877929688
GOVT,2026-08-18,22.40999984741211,22.43000030517578
HYG,2026-08-18,79.55999755859375,79.61000061035156
IAU,2026-08-18,82.51000213623047,83.11000061035156
IEF,2026-08-18,92.80000305175781,92.83999633789062
IEI,2026-08-18,116.45999908447266,116.5199966430664
IGIB,2026-08-18,52.06999969482422,52.13999938964844
IGV,2026-08-18,102.0,101.98999786376952
IHI,2026-08-18,55.56999969482422,55.08000183105469
INDA,2026-08-18,49.54999923706055,49.58000183105469
ITB,2026-08-18,98.06999969482422,97.83999633789062
IWM,2026-08-18,302.45001220703125,304.05999755859375
IYR,2026-08-18,104.97000122070312,104.1500015258789
IYT,2026-08-18,87.22000122070312,87.31999969482422
JMBS,2026-08-18,44.31999969482422,44.380001068115234
JNK,2026-08-18,95.76000213623047,95.8499984741211
KRE,2026-08-18,77.52999877929688,77.38999938964844
LEMB,2026-08-18,42.959999084472656,43.02000045776367
LIT,2026-08-18,74.5199966430664,76.23999786376953
LMBS,2026-08-18,49.68999862670898,49.678001403808594
LQD,2026-08-18,105.48999786376953,105.69999694824219
MBB,2026-08-18,92.95999908447266,93.05000305175781
MDY,2026-08-18,711.5499877929688,715.3499755859375
PALL,2026-08-18,23.670000076293945,24.190000534057617
PCY,2026-08-18,21.0,21.059999465942383
PFF,2026-08-18,30.559999465942383,30.6299991607666
PPLT,2026-08-18,15.760000228881836,16.06999969482422
QLTA,2026-08-18,46.27000045776367,46.29999923706055
QQQ,2026-08-18,720.2100219726562,729.8699951171875
REM,2026-08-18,22.1200008392334,22.049999237060547
REMX,2026-08-18,77.5,78.93000030517578
RSP,2026-08-18,220.8600006103516,220.7899932861328
RWR,2026-08-18,114.43000030517578,113.73999786376952
RWX,2026-08-18,27.36000061035156,27.46999931335449
SCHH,2026-08-18,24.049999237060547,23.93000030517578
SCHO,2026-08-18,24.100000381469727,24.100000381469727
SCHP,2026-08-18,25.8700008392334,25.8799991607666
SGOL,2026-08-18,41.77999877929688,42.08000183105469
SHY,2026-08-18,82.0,82.0
SHYG,2026-08-18,42.16999816894531,42.209999084472656
SIVR,2026-08-18,61.619998931884766,62.61000061035156
SKYY,2026-08-18,161.3300018310547,162.24000549316406
SLQD,2026-08-18,50.119998931884766,50.150001525878906
SLV,2026-08-18,58.619998931884766,59.56999969482422
SLX,2026-08-18,108.30999755859376,108.3000030517578
SMH,2026-08-18,574.3599853515625,594.0700073242188
SOXX,2026-08-18,537.4199829101562,559.1199951171875
SOYB,2026-08-18,26.0,25.799999237060547
SPIB,2026-08-18,33.06999969482422,33.09000015258789
SPMB,2026-08-18,21.940000534057617,21.950000762939453
SPTL,2026-08-18,24.8700008392334,24.90999984741211
SPY,2026-08-18,768.7000122070312,772.6699829101562
SRLN,2026-08-18,40.560001373291016,40.540000915527344
STIP,2026-08-18,100.75,100.73999786376952
TIP,2026-08-18,106.7699966430664,106.7699966430664
TLH,2026-08-18,95.94000244140625,96.08000183105469
TLT,2026-08-18,81.26000213623047,81.3499984741211
TUR,2026-08-18,39.40999984741211,39.43000030517578
UGA,2026-08-18,124.98999786376953,123.5999984741211
UNG,2026-08-18,9.90999984741211,9.829999923706055
UNL,2026-08-18,5.820000171661377,5.829999923706055
USHY,2026-08-18,36.810001373291016,36.83000183105469
USIG,2026-08-18,50.040000915527344,50.119998931884766
USO,2026-08-18,131.61000061035156,130.2899932861328
VCIT,2026-08-18,80.91000366210938,81.0199966430664
VCSH,2026-08-18,78.56999969482422,78.5999984741211
VDC,2026-08-18,232.5399932861328,230.22000122070312
VGIT,2026-08-18,58.34000015258789,58.380001068115234
VGLT,2026-08-18,52.27999877929688,52.369998931884766
VHT,2026-08-18,316.4800109863281,314.3399963378906
VMBS,2026-08-18,46.08000183105469,46.11000061035156
VNQ,2026-08-18,98.58000183105467,97.9800033569336
VNQI,2026-08-18,45.220001220703125,45.2599983215332
VPU,2026-08-18,191.9900054931641,191.00999450683597
VTIP,2026-08-18,49.709999084472656,49.70000076293945
VWOB,2026-08-18,65.70999908447266,65.9000015258789
WEAT,2026-08-18,25.100000381469727,25.0
XBI,2026-08-18,158.33999633789062,159.52999877929688
XLB,2026-08-18,52.220001220703125,52.2400016784668
XLC,2026-08-18,110.86000061035156,110.81999969482422
XLE,2026-08-18,63.40999984741211,62.58000183105469
XLF,2026-08-18,57.72999954223633,57.58000183105469
XLI,2026-08-18,185.2100067138672,186.32000732421875
XLK,2026-08-18,186.2899932861328,190.32000732421875
XLP,2026-08-18,85.76000213623047,84.68000030517578
XLRE,2026-08-18,45.18000030517578,44.83000183105469
XLU,2026-08-18,44.529998779296875,44.18000030517578
XLV,2026-08-18,168.6699981689453,167.0500030517578
XLY,2026-08-18,116.69999694824219,116.75
XME,2026-08-18,115.8499984741211,118.0999984741211
XPH,2026-08-18,71.0999984741211,70.41999816894531
XRT,2026-08-18,87.73999786376953,87.54000091552734
ANGL,2026-08-19,29.030000686645508,28.989999771118164
BKLN,2026-08-19,20.549999237060547,20.540000915527344
BNO,2026-08-19,52.31999969482422,52.11000061035156
BWX,2026-08-19,21.940000534057617,21.739999771118164
CANE,2026-08-19,11.149999618530272,11.18000030517578
CEMB,2026-08-19,45.369998931884766,45.27000045776367
CIBR,2026-08-19,97.29499816894533,97.44000244140624
CORN,2026-08-19,18.540000915527344,18.420000076293945
CPER,2026-08-19,39.279998779296875,39.18000030517578
DBA,2026-08-19,28.149999618530273,28.030000686645508
DBB,2026-08-19,25.200000762939453,25.06999969482422
DBC,2026-08-19,30.649999618530277,30.479999542236328
DBE,2026-08-19,32.619998931884766,32.52000045776367
DBO,2026-08-19,21.5,21.6299991607666
DIA,2026-08-19,535.3300170898438,532.9099731445312
EBND,2026-08-19,21.209999084472656,21.059999465942383
EEM,2026-08-19,66.55000305175781,65.33999633789062
EFA,2026-08-19,107.87000274658203,107.2699966430664
EMB,2026-08-19,95.05999755859375,94.63999938964844
EMHY,2026-08-19,40.34999847412109,40.2400016784668
EMLC,2026-08-19,25.780000686645508,25.59000015258789
EPI,2026-08-19,42.88999938964844,42.72999954223633
EWA,2026-08-19,29.959999084472656,29.61000061035156
EWC,2026-08-19,62.150001525878906,61.58000183105469
EWG,2026-08-19,43.91999816894531,43.68000030517578
EWJ,2026-08-19,95.41999816894533,95.37000274658205
EWL,2026-08-19,63.56999969482422,62.90999984741211
EWN,2026-08-19,69.97000122070312,70.01000213623047
EWQ,2026-08-19,47.130001068115234,46.75
EWT,2026-08-19,105.83999633789062,104.38999938964844
EWU,2026-08-19,48.4900016784668,48.15999984741211
EWW,2026-08-19,75.13999938964844,74.45999908447266
EWY,2026-08-19,177.8699951171875,170.0500030517578
EWZ,2026-08-19,34.650001525878906,33.70000076293945
EZA,2026-08-19,69.37000274658203,67.0999984741211
EZU,2026-08-19,71.36000061035156,71.0999984741211
FALN,2026-08-19,27.049999237060547,26.98500061035156
FDN,2026-08-19,284.1400146484375,283.760009765625
FXI,2026-08-19,35.540000915527344,35.060001373291016
GIGB,2026-08-19,45.060001373291016,44.84999847412109
GLD,2026-08-19,408.80999755859375,398.54998779296875
GLTR,2026-08-19,200.5399932861328,195.22999572753903
GOVT,2026-08-19,22.520000457763672,22.450000762939453
HYG,2026-08-19,79.69000244140625,79.52999877929688
IAU,2026-08-19,83.80999755859375,81.70999908447266
IEF,2026-08-19,93.3499984741211,92.93000030517578
IEI,2026-08-19,116.77999877929688,116.58000183105469
IGIB,2026-08-19,52.369998931884766,52.18000030517578
IGV,2026-08-19,102.12000274658205,101.95999908447266
IHI,2026-08-19,55.790000915527344,55.43999862670898
INDA,2026-08-19,49.560001373291016,49.380001068115234
ITB,2026-08-19,98.5500030517578,96.27999877929688
IWM,2026-08-19,302.8800048828125,300.2300109863281
IYR,2026-08-19,104.38999938964844,103.76000213623048
IYT,2026-08-19,86.48999786376953,86.18000030517578
JMBS,2026-08-19,44.58000183105469,44.40999984741211
JNK,2026-08-19,95.91999816894531,95.73999786376953
KRE,2026-08-19,77.0199966430664,76.8499984741211
LEMB,2026-08-19,43.22999954223633,42.9900016784668
LIT,2026-08-19,74.43000030517578,74.0199966430664
LMBS,2026-08-19,49.7400016784668,49.68999862670898
LQD,2026-08-19,106.54000091552734,105.83999633789062
MBB,2026-08-19,93.44000244140625,93.08000183105469
MDY,2026-08-19,709.0599975585938,704.1799926757812
PALL,2026-08-19,23.90999984741211,23.3799991607666
PCY,2026-08-19,21.15999984741211,21.049999237060547
PFF,2026-08-19,30.600000381469727,30.450000762939453
PPLT,2026-08-19,16.010000228881836,15.5600004196167
QLTA,2026-08-19,46.61000061035156,46.36000061035156
QQQ,2026-08-19,720.3900146484375,717.510009765625
REM,2026-08-19,22.09000015258789,22.0
REMX,2026-08-19,76.20999908447266,76.55000305175781
RSP,2026-08-19,221.6100006103516,219.7899932861328
RWR,2026-08-19,114.04000091552734,113.45999908447266
RWX,2026-08-19,27.549999237060547,27.440000534057617
SCHH,2026-08-19,23.96999931335449,23.84000015258789
SCHO,2026-08-19,24.11000061035156,24.11000061035156
SCHP,2026-08-19,26.049999237060547,25.940000534057617
SGOL,2026-08-19,42.43000030517578,41.36000061035156
SHY,2026-08-19,82.04000091552734,82.0199966430664
SHYG,2026-08-19,42.220001220703125,42.18000030517578
SIVR,2026-08-19,61.93999862670898,60.369998931884766
SKYY,2026-08-19,161.42999267578125,161.3699951171875
SLQD,2026-08-19,50.18999862670898,50.15999984741211
SLV,2026-08-19,58.900001525878906,57.439998626708984
SLX,2026-08-19,108.36000061035156,106.69000244140624
SMH,2026-08-19,575.0599975585938,569.77001953125
SOXX,2026-08-19,536.260009765625,531.3900146484375
SOYB,2026-08-19,25.969999313354492,25.799999237060547
SPIB,2026-08-19,33.189998626708984,33.11000061035156
SPMB,2026-08-19,22.059999465942383,21.979999542236328
SPTL,2026-08-19,25.299999237060547,24.979999542236328
SPY,2026-08-19,770.3599853515625,767.4500122070312
SRLN,2026-08-19,40.540000915527344,40.5099983215332
STIP,2026-08-19,100.93000030517578,100.86000061035156
TIP,2026-08-19,107.45999908447266,107.0199966430664
TLH,2026-08-19,97.41999816894531,96.33000183105469
TLT,2026-08-19,82.80999755859375,81.66000366210938
TUR,2026-08-19,40.540000915527344,39.61000061035156
UGA,2026-08-19,124.70999908447266,125.27999877929688
UNG,2026-08-19,10.289999961853027,10.100000381469727
UNL,2026-08-19,5.940000057220459,5.900000095367432
USHY,2026-08-19,36.84999847412109,36.78499984741211
USIG,2026-08-19,50.43000030517578,50.16999816894531
USO,2026-08-19,131.1699981689453,130.66000366210938
VCIT,2026-08-19,81.4000015258789,81.06999969482422
VCSH,2026-08-19,78.69999694824219,78.62000274658203
VDC,2026-08-19,232.4900054931641,232.1199951171875
VGIT,2026-08-19,58.52999877929688,58.400001525878906
VGLT,2026-08-19,53.18999862670898,52.52000045776367
VHT,2026-08-19,323.5199890136719,318.8399963378906
VMBS,2026-08-19,46.290000915527344,46.16999816894531
VNQ,2026-08-19,98.18000030517578,97.62000274658205
VNQI,2026-08-19,45.36000061035156,45.04999923706055
VPU,2026-08-19,191.1199951171875,190.2400054931641
VTIP,2026-08-19,49.77999877929688,49.7599983215332
VWOB,2026-08-19,66.1500015258789,65.83000183105469
WEAT,2026-08-19,24.809999465942383,24.709999084472656
XBI,2026-08-19,165.6999969482422,160.11000061035156
XLB,2026-08-19,52.52000045776367,51.779998779296875
XLC,2026-08-19,110.43000030517578,110.4800033569336
XLE,2026-08-19,63.849998474121094,63.68000030517578
XLF,2026-08-19,57.880001068115234,57.84000015258789
XLI,2026-08-19,184.24000549316406,183.57000732421875
XLK,2026-08-19,186.38999938964844,185.6199951171875
XLP,2026-08-19,85.72000122070312,85.58000183105469
XLRE,2026-08-19,44.88999938964844,44.630001068115234
XLU,2026-08-19,44.2599983215332,44.02000045776367
XLV,2026-08-19,172.47000122070312,169.72999572753906
XLY,2026-08-19,116.9000015258789,116.36000061035156
XME,2026-08-19,116.6500015258789,113.62999725341795
XPH,2026-08-19,73.5,72.44999694824219
XRT,2026-08-19,87.6500015258789,87.12999725341797
ANGL,2026-08-20,28.989999771118164,29.06999969482422
BKLN,2026-08-20,20.59000015258789,20.56999969482422
BNO,2026-08-20,53.54999923706055,52.31999969482422
BWX,2026-08-20,21.90999984741211,21.979999542236328
CANE,2026-08-20,11.350000381469728,11.239999771118164
CEMB,2026-08-20,45.290000915527344,45.400001525878906
CIBR,2026-08-20,94.70999908447266,95.54000091552734
CORN,2026-08-20,18.81999969482422,18.760000228881836
CPER,2026-08-20,39.06999969482422,39.38999938964844
DBA,2026-08-20,28.399999618530273,28.290000915527344
DBB,2026-08-20,25.010000228881836,25.270000457763672
DBC,2026-08-20,31.0,30.76000022888184
DBE,2026-08-20,33.220001220703125,32.59000015258789
DBO,2026-08-20,22.149999618530277,21.59000015258789
DIA,2026-08-20,530.3499755859375,534.27001953125
EBND,2026-08-20,21.170000076293945,21.239999771118164
EEM,2026-08-20,66.18000030517578,66.11000061035156
EFA,2026-08-20,107.29000091552734,107.66000366210938
EMB,2026-08-20,94.80999755859375,95.11000061035156
EMHY,2026-08-20,40.25,40.34000015258789
EMLC,2026-08-20,25.75,25.809999465942383
EPI,2026-08-20,42.880001068115234,42.900001525878906
EWA,2026-08-20,29.670000076293945,29.96999931335449
EWC,2026-08-20,61.7400016784668,61.83000183105469
EWG,2026-08-20,43.880001068115234,44.040000915527344
EWJ,2026-08-20,94.36000061035156,94.77999877929688
EWL,2026-08-20,63.959999084472656,64.45999908447266
EWN,2026-08-20,69.04000091552734,69.30999755859375
EWQ,2026-08-20,46.84999847412109,47.15999984741211
EWT,2026-08-20,103.5,104.6999969482422
EWU,2026-08-20,48.5099983215332,48.56999969482422
EWW,2026-08-20,74.76000213623047,75.13999938964844
EWY,2026-08-20,176.75,174.42999267578125
EWZ,2026-08-20,34.16999816894531,34.2599983215332
EZA,2026-08-20,69.33000183105469,70.29000091552734
EZU,2026-08-20,71.22000122070312,71.20999908447266
FALN,2026-08-20,26.989999771118164,27.06999969482422
FDN,2026-08-20,284.9200134277344,286.2900085449219
FXI,2026-08-20,35.45000076293945,35.68000030517578
GIGB,2026-08-20,44.970001220703125,45.09000015258789
GLD,2026-08-20,410.0799865722656,413.8399963378906
GLTR,2026-08-20,202.57000732421875,203.42999267578125
GOVT,2026-08-20,22.479999542236328,22.540000915527344
HYG,2026-08-20,79.55000305175781,79.70999908447266
IAU,2026-08-20,84.08000183105469,84.83999633789062
IEF,2026-08-20,93.0,93.37999725341797
IEI,2026-08-20,116.5,116.75
IGIB,2026-08-20,52.18999862670898,52.38999938964844
IGV,2026-08-20,102.5,102.80999755859376
IHI,2026-08-20,56.290000915527344,56.63999938964844
INDA,2026-08-20,49.54999923706055,49.540000915527344
ITB,2026-08-20,96.76000213623048,99.26000213623048
IWM,2026-08-20,299.2699890136719,301.7200012207031
IYR,2026-08-20,104.72000122070312,104.79000091552734
IYT,2026-08-20,86.05999755859375,86.58999633789062
JMBS,2026-08-20,44.459999084472656,44.650001525878906
JNK,2026-08-20,95.75,95.95999908447266
KRE,2026-08-20,74.76000213623047,75.0
LEMB,2026-08-20,43.209999084472656,43.2599983215332
LIT,2026-08-20,73.69999694824219,74.56999969482422
LMBS,2026-08-20,49.720001220703125,49.75
LQD,2026-08-20,106.02999877929688,106.56999969482422
MBB,2026-08-20,93.2699966430664,93.56999969482422
MDY,2026-08-20,698.0999755859375,702.510009765625
PALL,2026-08-20,24.040000915527344,24.229999542236328
PCY,2026-08-20,21.100000381469727,21.18000030517578
PFF,2026-08-20,30.489999771118164,30.59000015258789
PPLT,2026-08-20,16.399999618530273,16.459999084472656
QLTA,2026-08-20,46.45000076293945,46.650001525878906
QQQ,2026-08-20,712.0900268554688,716.0800170898438
REM,2026-08-20,22.280000686645508,22.350000381469727
REMX,2026-08-20,75.0,75.98999786376953
RSP,2026-08-20,220.7400054931641,222.07000732421875
RWR,2026-08-20,114.20999908447266,114.33999633789062
RWX,2026-08-20,27.61000061035156,27.5
SCHH,2026-08-20,23.979999542236328,24.0
SCHO,2026-08-20,24.100000381469727,24.11000061035156
SCHP,2026-08-20,25.96999931335449,26.059999465942383
SGOL,2026-08-20,42.560001373291016,42.95000076293945
SHY,2026-08-20,82.01000213623047,82.05999755859375
SHYG,2026-08-20,42.18000030517578,42.25
SIVR,2026-08-20,63.400001525878906,63.09000015258789
SKYY,2026-08-20,160.19000244140625,161.1699981689453
SLQD,2026-08-20,50.150001525878906,50.20000076293945
SLV,2026-08-20,60.2599983215332,60.0099983215332
SLX,2026-08-20,105.0500030517578,106.6999969482422
SMH,2026-08-20,559.3800048828125,560.9199829101562
SOXX,2026-08-20,518.3800048828125,519.6699829101562
SOYB,2026-08-20,26.200000762939453,26.15999984741211
SPIB,2026-08-20,33.099998474121094,33.18000030517578
SPMB,2026-08-20,22.01000022888184,22.07999992370605
SPTL,2026-08-20,25.170000076293945,25.36000061035156
SPY,2026-08-20,765.9600219726562,769.0599975585938
SRLN,2026-08-20,40.54999923706055,40.56999969482422
STIP,2026-08-20,100.83999633789062,100.91000366210938
TIP,2026-08-20,107.16000366210938,107.51000213623047
TLH,2026-08-20,96.95999908447266,97.62999725341797
TLT,2026-08-20,82.36000061035156,83.0199966430664
TUR,2026-08-20,40.209999084472656,40.650001525878906
UGA,2026-08-20,124.37000274658203,122.7300033569336
UNG,2026-08-20,10.0,10.010000228881836
UNL,2026-08-20,5.849999904632568,5.860000133514404
USHY,2026-08-20,36.79999923706055,36.869998931884766
USIG,2026-08-20,50.220001220703125,50.43999862670898
USO,2026-08-20,134.7100067138672,130.91000366210938
VCIT,2026-08-20,81.0999984741211,81.41999816894531
VCSH,2026-08-20,78.5999984741211,78.69000244140625
VDC,2026-08-20,230.32000732421875,234.3999938964844
VGIT,2026-08-20,58.380001068115234,58.540000915527344
VGLT,2026-08-20,52.91999816894531,53.310001373291016
VHT,2026-08-20,326.8099975585937,329.4800109863281
VMBS,2026-08-20,46.18999862670898,46.400001525878906
VNQ,2026-08-20,98.52999877929688,98.61000061035156
VNQI,2026-08-20,45.56999969482422,45.5
VPU,2026-08-20,189.63999938964844,190.3600006103516
VTIP,2026-08-20,49.7599983215332,49.77999877929688
VWOB,2026-08-20,65.88999938964844,66.11000061035156
WEAT,2026-08-20,25.530000686645508,25.34000015258789
XBI,2026-08-20,166.66000366210938,169.5500030517578
XLB,2026-08-20,52.099998474121094,52.52000045776367
XLC,2026-08-20,111.19000244140625,111.31999969482422
XLE,2026-08-20,64.25,63.58000183105469
XLF,2026-08-20,57.470001220703125,57.47999954223633
XLI,2026-08-20,181.00999450683594,181.9499969482422
XLK,2026-08-20,183.47000122070312,183.63999938964844
XLP,2026-08-20,85.19999694824219,86.54000091552734
XLRE,2026-08-20,45.02000045776367,44.9900016784668
XLU,2026-08-20,43.83000183105469,44.02000045776367
XLV,2026-08-20,174.19000244140625,175.67999267578125
XLY,2026-08-20,117.05000305175781,118.58999633789062
XME,2026-08-20,115.41999816894533,117.06999969482422
XPH,2026-08-20,73.41999816894531,74.05999755859375
XRT,2026-08-20,87.13999938964844,88.83000183105469
ANGL,2026-08-21,29.030000686645508,28.989999771118164
BKLN,2026-08-21,20.600000381469727,20.59000015258789
BNO,2026-08-21,53.959999084472656,53.4900016784668
BWX,2026-08-21,21.979999542236328,21.93000030517578
CANE,2026-08-21,11.109999656677246,11.1899995803833
CEMB,2026-08-21,45.29999923706055,45.27000045776367
CIBR,2026-08-21,93.76499938964844,93.4499969482422
CORN,2026-08-21,18.829999923706055,18.829999923706055
CPER,2026-08-21,39.90999984741211,39.349998474121094
DBA,2026-08-21,28.360000610351562,28.3799991607666
DBB,2026-08-21,25.40999984741211,25.15999984741211
DBC,2026-08-21,31.31999969482422,31.11000061035156
DBE,2026-08-21,33.52000045776367,33.27000045776367
DBO,2026-08-21,22.200000762939453,22.100000381469727
DIA,2026-08-21,530.030029296875,527.510009765625
EBND,2026-08-21,21.25,21.15999984741211
EEM,2026-08-21,67.43000030517578,66.62000274658203
EFA,2026-08-21,108.12999725341797,107.3499984741211
EMB,2026-08-21,94.79000091552734,94.66999816894531
EMHY,2026-08-21,40.2599983215332,40.220001220703125
EMLC,2026-08-21,25.81999969482422,25.71999931335449
EPI,2026-08-21,43.11000061035156,42.869998931884766
EWA,2026-08-21,29.989999771118164,29.75
EWC,2026-08-21,62.290000915527344,61.77000045776367
EWG,2026-08-21,44.130001068115234,43.91999816894531
EWJ,2026-08-21,95.23999786376952,94.2699966430664
EWL,2026-08-21,64.0,63.7400016784668
EWN,2026-08-21,69.58999633789062,68.9800033569336
EWQ,2026-08-21,47.04999923706055,46.88999938964844
EWT,2026-08-21,105.2300033569336,104.06999969482422
EWU,2026-08-21,48.869998931884766,48.540000915527344
EWW,2026-08-21,76.0,75.5
EWY,2026-08-21,180.22999572753903,178.16000366210938
EWZ,2026-08-21,34.439998626708984,34.13999938964844
EZA,2026-08-21,72.52999877929688,70.47000122070312
EZU,2026-08-21,71.62999725341797,71.11000061035156
FALN,2026-08-21,27.020000457763672,27.0
FDN,2026-08-21,285.239990234375,284.0199890136719
FXI,2026-08-21,36.08000183105469,35.66999816894531
GIGB,2026-08-21,44.86000061035156,44.91999816894531
GLD,2026-08-21,420.5299987792969,415.260009765625
GLTR,2026-08-21,208.9600067138672,205.8300018310547
GOVT,2026-08-21,22.46999931335449,22.479999542236328
HYG,2026-08-21,79.66000366210938,79.55999755859375
IAU,2026-08-21,86.19000244140625,85.12999725341797
IEF,2026-08-21,92.94999694824219,93.0
IEI,2026-08-21,116.5199966430664,116.55000305175781
IGIB,2026-08-21,52.16999816894531,52.18999862670898
IGV,2026-08-21,102.5,101.91000366210938
IHI,2026-08-21,55.47999954223633,55.45000076293945
INDA,2026-08-21,49.68999862670898,49.54999923706055
ITB,2026-08-21,97.37999725341795,96.73999786376952
IWM,2026-08-21,299.8500061035156,297.6700134277344
IYR,2026-08-21,105.0999984741211,104.77999877929688
IYT,2026-08-21,86.77999877929688,86.2699966430664
JMBS,2026-08-21,44.43999862670898,44.47999954223633
JNK,2026-08-21,95.87000274658203,95.7699966430664
KRE,2026-08-21,75.2300033569336,74.70999908447266
LEMB,2026-08-21,43.310001373291016,43.18999862670898
LIT,2026-08-21,75.69999694824219,74.58000183105469
LMBS,2026-08-21,49.560001373291016,49.709999084472656
LQD,2026-08-21,105.97000122070312,106.05999755859375
MBB,2026-08-21,93.26000213623047,93.30000305175781
MDY,2026-08-21,700.8499755859375,696.27001953125
PALL,2026-08-21,24.5,24.200000762939453
PCY,2026-08-21,21.100000381469727,21.09000015258789
PFF,2026-08-21,30.450000762939453,30.450000762939453
PPLT,2026-08-21,17.219999313354492,16.68000030517578
QLTA,2026-08-21,46.40999984741211,46.45000076293945
QQQ,2026-08-21,715.22998046875,710.9299926757812
REM,2026-08-21,22.1200008392334,22.06999969482422
REMX,2026-08-21,78.48999786376953,75.69000244140625
RSP,2026-08-21,221.3000030517578,220.27999877929688
RWR,2026-08-21,114.80999755859376,114.47000122070312
RWX,2026-08-21,27.81999969482422,27.600000381469727
SCHH,2026-08-21,24.1299991607666,24.059999465942383
SCHO,2026-08-21,24.100000381469727,24.100000381469727
SCHP,2026-08-21,26.0,26.06999969482422
SGOL,2026-08-21,43.650001525878906,43.119998931884766
SHY,2026-08-21,82.0199966430664,82.0199966430664
SHYG,2026-08-21,42.22999954223633,42.20000076293945
SIVR,2026-08-21,66.08999633789062,64.83000183105469
SKYY,2026-08-21,160.27000427246094,159.41000366210938
SLQD,2026-08-21,50.15999984741211,50.15999984741211
SLV,2026-08-21,62.900001525878906,61.65999984741211
SLX,2026-08-21,106.38999938964844,104.8000030517578
SMH,2026-08-21,569.4400024414062,562.6500244140625
SOXX,2026-08-21,528.1500244140625,522.3499755859375
SOYB,2026-08-21,26.110000610351562,26.170000076293945
SPIB,2026-08-21,33.11000061035156,33.11000061035156
SPMB,2026-08-21,22.0,22.0
SPTL,2026-08-21,25.1299991607666,25.18000030517578
SPY,2026-08-21,766.0499877929688,762.5999755859375
SRLN,2026-08-21,40.59000015258789,40.54999923706055
STIP,2026-08-21,100.95999908447266,101.04000091552734
TIP,2026-08-21,107.27999877929688,107.5199966430664
TLH,2026-08-21,96.87000274658203,97.01000213623047
TLT,2026-08-21,82.16999816894531,82.33999633789062
TUR,2026-08-21,40.72999954223633,40.310001373291016
UGA,2026-08-21,126.91000366210938,125.33000183105469
UNG,2026-08-21,10.069999694824219,10.010000228881836
UNL,2026-08-21,5.820000171661377,5.829999923706055
USHY,2026-08-21,36.84000015258789,36.79999923706055
USIG,2026-08-21,50.2400016784668,50.25
USO,2026-08-21,134.97999572753906,134.5399932861328
VCIT,2026-08-21,81.06999969482422,81.0999984741211
VCSH,2026-08-21,78.5999984741211,78.61000061035156
VDC,2026-08-21,230.7100067138672,230.1999969482422
VGIT,2026-08-21,58.369998931884766,58.38999938964844
VGLT,2026-08-21,52.84000015258789,52.93999862670898
VHT,2026-08-21,323.0799865722656,323.69000244140625
VMBS,2026-08-21,46.20000076293945,46.2400016784668
VNQ,2026-08-21,98.88999938964844,98.5999984741211
VNQI,2026-08-21,45.81999969482422,45.68999862670898
VPU,2026-08-21,189.80999755859372,189.30999755859372
VTIP,2026-08-21,49.81999969482422,49.84999847412109
VWOB,2026-08-21,65.91000366210938,65.87999725341797
WEAT,2026-08-21,25.3700008392334,25.3799991607666
XBI,2026-08-21,164.60000610351562,163.3800048828125
XLB,2026-08-21,53.06999969482422,52.41999816894531
XLC,2026-08-21,111.0199966430664,110.68000030517578
XLE,2026-08-21,63.90999984741211,63.75
XLF,2026-08-21,57.31999969482422,56.95000076293945
XLI,2026-08-21,180.9499969482422,179.77000427246094
XLK,2026-08-21,184.4199981689453,183.10000610351562
XLP,2026-08-21,85.5999984741211,85.31999969482422
XLRE,2026-08-21,45.20000076293945,45.08000183105469
XLU,2026-08-21,43.900001525878906,43.77000045776367
XLV,2026-08-21,171.91000366210938,172.38999938964844
XLY,2026-08-21,117.44000244140625,116.68000030517578
XME,2026-08-21,117.54000091552734,114.6999969482422
XPH,2026-08-21,72.83999633789062,72.29000091552734
XRT,2026-08-21,87.43000030517578,86.7300033569336
ANGL,2026-08-24,29.0,29.0
BKLN,2026-08-24,20.510000228881836,20.600000381469727
BNO,2026-08-24,53.61000061035156,53.79999923706055
BWX,2026-08-24,21.959999084472656,21.959999084472656
CANE,2026-08-24,11.039999961853027,11.210000038146973
CEMB,2026-08-24,45.310001373291016,45.27999877929688
CIBR,2026-08-24,94.18000030517578,94.8499984741211
CORN,2026-08-24,19.34000015258789,19.010000228881836
CPER,2026-08-24,40.310001373291016,39.9900016784668
DBA,2026-08-24,28.329999923706055,28.31999969482422
DBB,2026-08-24,25.610000610351562,25.549999237060547
DBC,2026-08-24,31.18000030517578,31.26000022888184
DBE,2026-08-24,33.119998931884766,33.310001373291016
DBO,2026-08-24,21.940000534057617,22.170000076293945
DIA,2026-08-24,531.8300170898438,532.219970703125
EBND,2026-08-24,21.26000022888184,21.239999771118164
EEM,2026-08-24,66.4000015258789,67.12000274658203
EFA,2026-08-24,107.98999786376953,108.23999786376953
EMB,2026-08-24,94.83000183105469,94.72000122070312
EMHY,2026-08-24,40.290000915527344,40.2599983215332
EMLC,2026-08-24,25.84000015258789,25.850000381469727
EPI,2026-08-24,42.900001525878906,43.0
EWA,2026-08-24,30.059999465942383,30.13999938964844
EWC,2026-08-24,62.0099983215332,62.36000061035156
EWG,2026-08-24,44.06999969482422,44.20000076293945
EWJ,2026-08-24,94.7699966430664,95.18000030517578
EWL,2026-08-24,64.04000091552734,64.36000061035156
EWN,2026-08-24,69.12999725341797,69.45999908447266
EWQ,2026-08-24,46.869998931884766,47.0
EWT,2026-08-24,104.0500030517578,104.3000030517578
EWU,2026-08-24,48.90999984741211,48.93999862670898
EWW,2026-08-24,77.2699966430664,77.37999725341797
EWY,2026-08-24,176.64999389648438,178.33999633789062
EWZ,2026-08-24,34.65999984741211,35.060001373291016
EZA,2026-08-24,72.01000213623047,72.51000213623047
EZU,2026-08-24,71.19000244140625,71.48999786376953
FALN,2026-08-24,27.0,27.0
FDN,2026-08-24,285.8099975585937,286.70001220703125
FXI,2026-08-24,35.369998931884766,35.86000061035156
GIGB,2026-08-24,44.93999862670898,44.880001068115234
GLD,2026-08-24,428.54998779296875,423.3599853515625
GLTR,2026-08-24,211.3300018310547,209.6199951171875
GOVT,2026-08-24,22.46999931335449,22.450000762939453
HYG,2026-08-24,79.62000274658203,79.61000061035156
IAU,2026-08-24,87.86000061035156,86.79000091552734
IEF,2026-08-24,92.94999694824219,92.81999969482422
IEI,2026-08-24,116.44000244140625,116.41000366210938
IGIB,2026-08-24,52.20000076293945,52.13999938964844
IGV,2026-08-24,102.8000030517578,103.37000274658205
IHI,2026-08-24,56.18000030517578,56.16999816894531
INDA,2026-08-24,49.380001068115234,49.63999938964844
ITB,2026-08-24,97.95999908447266,97.48999786376952
IWM,2026-08-24,299.54998779296875,299.9599914550781
IYR,2026-08-24,105.0,104.7300033569336
IYT,2026-08-24,87.31999969482422,87.02999877929688
JMBS,2026-08-24,44.41999816894531,44.369998931884766
JNK,2026-08-24,95.8499984741211,95.87000274658203
KRE,2026-08-24,74.94999694824219,74.86000061035156
LEMB,2026-08-24,43.33000183105469,43.34000015258789
LIT,2026-08-24,77.08000183105469,76.61000061035156
LMBS,2026-08-24,49.52000045776367,49.52999877929688
LQD,2026-08-24,106.12000274658203,105.91999816894531
MBB,2026-08-24,93.16000366210938,93.12000274658203
MDY,2026-08-24,698.280029296875,699.5999755859375
PALL,2026-08-24,24.549999237060547,24.450000762939453
PCY,2026-08-24,21.01000022888184,21.07999992370605
PFF,2026-08-24,30.479999542236328,30.459999084472656
PPLT,2026-08-24,17.15999984741211,17.020000457763672
QLTA,2026-08-24,46.47999954223633,46.40999984741211
QQQ,2026-08-24,709.6599731445312,713.4400024414062
REM,2026-08-24,22.0,22.020000457763672
REMX,2026-08-24,80.66999816894531,80.75
RSP,2026-08-24,221.75,221.6699981689453
RWR,2026-08-24,114.6999969482422,114.41999816894533
RWX,2026-08-24,27.86000061035156,27.81999969482422
SCHH,2026-08-24,24.1200008392334,24.040000915527344
SCHO,2026-08-24,24.09000015258789,24.100000381469727
SCHP,2026-08-24,25.979999542236328,25.959999084472656
SGOL,2026-08-24,44.470001220703125,43.959999084472656
SHY,2026-08-24,82.0,82.0
SHYG,2026-08-24,42.209999084472656,42.2400016784668
SIVR,2026-08-24,66.02999877929688,65.9000015258789
SKYY,2026-08-24,160.3300018310547,161.22999572753906
SLQD,2026-08-24,50.15999984741211,50.15999984741211
SLV,2026-08-24,62.810001373291016,62.720001220703125
SLX,2026-08-24,108.36000061035156,107.1999969482422
SMH,2026-08-24,554.1799926757812,560.4199829101562
SOXX,2026-08-24,511.9700012207031,520.0499877929688
SOYB,2026-08-24,26.110000610351562,26.239999771118164
SPIB,2026-08-24,33.099998474121094,33.09000015258789
SPMB,2026-08-24,22.0,21.959999084472656
SPTL,2026-08-24,25.200000762939453,25.09000015258789
SPY,2026-08-24,764.780029296875,765.719970703125
SRLN,2026-08-24,40.63999938964844,40.619998931884766
STIP,2026-08-24,100.87000274658205,100.91999816894533
TIP,2026-08-24,107.19999694824219,107.12999725341797
TLH,2026-08-24,97.05999755859375,96.69000244140625
TLT,2026-08-24,82.48999786376953,82.05000305175781
TUR,2026-08-24,40.720001220703125,40.7400016784668
UGA,2026-08-24,125.08999633789062,125.86000061035156
UNG,2026-08-24,10.300000190734863,9.989999771118164
UNL,2026-08-24,5.880000114440918,5.789999961853027
USHY,2026-08-24,36.83000183105469,36.84000015258789
USIG,2026-08-24,50.2599983215332,50.20000076293945
USO,2026-08-24,133.5,134.63999938964844
VCIT,2026-08-24,81.11000061035156,81.05000305175781
VCSH,2026-08-24,78.55999755859375,78.58999633789062
VDC,2026-08-24,233.1199951171875,231.75
VGIT,2026-08-24,58.36000061035156,58.31999969482422
VGLT,2026-08-24,52.9900016784668,52.75
VHT,2026-08-24,327.6700134277344,327.70001220703125
VMBS,2026-08-24,46.20000076293945,46.150001525878906
VNQ,2026-08-24,98.72000122070312,98.5
VNQI,2026-08-24,45.65999984741211,45.709999084472656
VPU,2026-08-24,185.5500030517578,185.02999877929688
VTIP,2026-08-24,49.77999877929688,49.790000915527344
VWOB,2026-08-24,65.94999694824219,65.91000366210938
WEAT,2026-08-24,25.739999771118164,25.40999984741211
XBI,2026-08-24,164.99000549316406,165.72999572753906
XLB,2026-08-24,54.0099983215332,53.540000915527344
XLC,2026-08-24,111.45999908447266,111.4000015258789
XLE,2026-08-24,63.2400016784668,63.63999938964844
XLF,2026-08-24,57.70000076293945,57.47999954223633
XLI,2026-08-24,180.08999633789062,180.25
XLK,2026-08-24,181.67999267578125,183.30999755859375
XLP,2026-08-24,86.44999694824219,85.98999786376953
XLRE,2026-08-24,45.19499969482422,45.08000183105469
XLU,2026-08-24,42.869998931884766,42.77000045776367
XLV,2026-08-24,174.41000366210938,174.6199951171875
XLY,2026-08-24,118.37999725341797,118.0199966430664
XME,2026-08-24,120.37999725341795,119.33999633789062
XPH,2026-08-24,72.5999984741211,72.80000305175781
XRT,2026-08-24,87.80000305175781,87.70999908447266
ANGL,2026-08-25,29.06999969482422,29.030000686645508
BKLN,2026-08-25,20.510000228881836,20.5
BNO,2026-08-25,51.310001373291016,52.779998779296875
BWX,2026-08-25,22.0,21.950000762939453
CANE,2026-08-25,11.039999961853027,11.25
CEMB,2026-08-25,45.369998931884766,45.29999923706055
CIBR,2026-08-25,93.59500122070312,93.2300033569336
CORN,2026-08-25,19.25,19.219999313354492
CPER,2026-08-25,40.16999816894531,40.06999969482422
DBA,2026-08-25,28.030000686645508,28.299999237060547
DBB,2026-08-25,25.540000915527344,25.520000457763672
DBC,2026-08-25,30.420000076293945,30.940000534057617
DBE,2026-08-25,31.96999931335449,32.599998474121094
DBO,2026-08-25,21.149999618530277,21.75
DIA,2026-08-25,536.3699951171875,533.6500244140625
EBND,2026-08-25,21.31999969482422,21.25
EEM,2026-08-25,66.83999633789062,66.11000061035156
EFA,2026-08-25,108.51000213623047,108.02999877929688
EMB,2026-08-25,95.18000030517578,94.8499984741211
EMHY,2026-08-25,40.38999938964844,40.29999923706055
EMLC,2026-08-25,25.899999618530277,25.81999969482422
EPI,2026-08-25,43.2400016784668,42.79999923706055
EWA,2026-08-25,30.299999237060547,30.059999465942383
EWC,2026-08-25,62.02000045776367,62.119998931884766
EWG,2026-08-25,44.369998931884766,44.130001068115234
EWJ,2026-08-25,95.43000030517578,94.83999633789062
EWL,2026-08-25,64.3499984741211,64.2300033569336
EWN,2026-08-25,69.41000366210938,69.22000122070312
EWQ,2026-08-25,46.93999862670898,46.93999862670898
EWT,2026-08-25,104.88999938964844,103.33000183105467
EWU,2026-08-25,49.040000915527344,49.09999847412109
EWW,2026-08-25,77.55999755859375,77.1500015258789
EWY,2026-08-25,178.6699981689453,173.63999938964844
EWZ,2026-08-25,35.29999923706055,35.16999816894531
EZA,2026-08-25,71.2699966430664,71.33000183105469
EZU,2026-08-25,71.33000183105469,71.36000061035156
FALN,2026-08-25,27.07999992370605,27.030000686645508
FDN,2026-08-25,287.3299865722656,286.5
FXI,2026-08-25,35.38999938964844,35.54999923706055
GIGB,2026-08-25,45.09999847412109,44.959999084472656
GLD,2026-08-25,422.7799987792969,426.69000244140625
GLTR,2026-08-25,207.02999877929688,210.00999450683597
GOVT,2026-08-25,22.540000915527344,22.489999771118164
HYG,2026-08-25,79.83000183105469,79.69999694824219
IAU,2026-08-25,86.66999816894531,87.47000122070312
IEF,2026-08-25,93.30999755859375,93.01000213623047
IEI,2026-08-25,116.70999908447266,116.5
IGIB,2026-08-25,52.369998931884766,52.220001220703125
IGV,2026-08-25,102.20999908447266,102.4499969482422
IHI,2026-08-25,55.709999084472656,55.880001068115234
INDA,2026-08-25,49.95000076293945,49.34999847412109
ITB,2026-08-25,98.6999969482422,97.80999755859376
IWM,2026-08-25,299.6000061035156,297.9700012207031
IYR,2026-08-25,105.4000015258789,105.38999938964844
IYT,2026-08-25,87.19000244140625,86.83000183105469
JMBS,2026-08-25,44.619998931884766,44.470001220703125
JNK,2026-08-25,96.05999755859375,95.94999694824219
KRE,2026-08-25,74.80999755859375,74.76000213623047
LEMB,2026-08-25,43.41999816894531,43.34999847412109
LIT,2026-08-25,76.25,77.02999877929688
LMBS,2026-08-25,49.56999969482422,49.540000915527344
LQD,2026-08-25,106.61000061035156,106.18000030517578
MBB,2026-08-25,93.5999984741211,93.30999755859375
MDY,2026-08-25,697.469970703125,694.4500122070312
PALL,2026-08-25,23.84000015258789,24.6299991607666
PCY,2026-08-25,21.100000381469727,21.020000457763672
PFF,2026-08-25,30.549999237060547,30.510000228881836
PPLT,2026-08-25,16.639999389648438,17.0
QLTA,2026-08-25,46.63999938964844,46.4900016784668
QQQ,2026-08-25,711.219970703125,706.3200073242188
REM,2026-08-25,22.07999992370605,22.049999237060547
REMX,2026-08-25,78.05000305175781,79.75
RSP,2026-08-25,222.2400054931641,221.92999267578125
RWR,2026-08-25,115.41000366210938,115.18000030517578
RWX,2026-08-25,27.86000061035156,27.86000061035156
SCHH,2026-08-25,24.21999931335449,24.18000030517578
SCHO,2026-08-25,24.100000381469727,24.09000015258789
SCHP,2026-08-25,26.030000686645508,25.989999771118164
SGOL,2026-08-25,43.88999938964844,44.290000915527344
SHY,2026-08-25,82.04000091552734,82.0
SHYG,2026-08-25,42.29999923706055,42.2599983215332
SIVR,2026-08-25,64.13999938964844,65.37000274658203
SKYY,2026-08-25,158.8800048828125,158.97000122070312
SLQD,2026-08-25,50.209999084472656,50.15999984741211
SLV,2026-08-25,60.9900016784668,62.20000076293945
SLX,2026-08-25,108.47000122070312,107.66000366210938
SMH,2026-08-25,555.3800048828125,546.7999877929688
SOXX,2026-08-25,515.9099731445312,506.1799926757813
SOYB,2026-08-25,25.780000686645508,25.940000534057617
SPIB,2026-08-25,33.16999816894531,33.119998931884766
SPMB,2026-08-25,22.07999992370605,22.020000457763672
SPTL,2026-08-25,25.3799991607666,25.229999542236328
SPY,2026-08-25,766.1599731445312,763.469970703125
SRLN,2026-08-25,40.65999984741211,40.63999938964844
STIP,2026-08-25,100.91999816894533,100.88999938964844
TIP,2026-08-25,107.44000244140625,107.25
TLH,2026-08-25,97.68000030517578,97.13999938964844
TLT,2026-08-25,83.11000061035156,82.55999755859375
TUR,2026-08-25,40.27999877929688,40.470001220703125
UGA,2026-08-25,122.22000122070312,123.37000274658203
UNG,2026-08-25,9.920000076293945,10.149999618530273
UNL,2026-08-25,5.820000171661377,5.860000133514404
USHY,2026-08-25,36.91999816894531,36.86000061035156
USIG,2026-08-25,50.41999816894531,50.29999923706055
USO,2026-08-25,128.08999633789062,132.2100067138672
VCIT,2026-08-25,81.38999938964844,81.16999816894531
VCSH,2026-08-25,78.70999908447266,78.61000061035156
VDC,2026-08-25,234.5200042724609,235.69000244140625
VGIT,2026-08-25,58.5,58.369998931884766
VGLT,2026-08-25,53.36000061035156,53.04999923706055
VHT,2026-08-25,327.3999938964844,327.489990234375
VMBS,2026-08-25,46.38999938964844,46.25
VNQ,2026-08-25,99.2699966430664,99.0999984741211
VNQI,2026-08-25,45.86000061035156,45.79999923706055
VPU,2026-08-25,187.1199951171875,186.8800048828125
VTIP,2026-08-25,49.79999923706055,49.77999877929688
VWOB,2026-08-25,66.19999694824219,65.98999786376953
WEAT,2026-08-25,25.110000610351562,25.479999542236328
XBI,2026-08-25,166.17999267578125,164.1699981689453
XLB,2026-08-25,53.47999954223633,53.58000183105469
XLC,2026-08-25,112.41000366210938,112.31999969482422
XLE,2026-08-25,62.20000076293945,63.11000061035156
XLF,2026-08-25,58.189998626708984,58.220001220703125
XLI,2026-08-25,180.75999450683594,179.0
XLK,2026-08-25,182.11000061035156,180.0500030517578
XLP,2026-08-25,86.86000061035156,87.44999694824219
XLRE,2026-08-25,45.34000015258789,45.33000183105469
XLU,2026-08-25,43.2400016784668,43.220001220703125
XLV,2026-08-25,174.4499969482422,174.6999969482422
XLY,2026-08-25,118.41000366210938,118.30000305175781
XME,2026-08-25,117.27999877929688,117.87000274658205
XPH,2026-08-25,73.05999755859375,72.68000030517578
XRT,2026-08-25,88.56999969482422,88.8499984741211
ANGL,2026-08-26,29.1200008392334,29.11000061035156
BKLN,2026-08-26,20.520000457763672,20.510000228881836
BNO,2026-08-26,50.040000915527344,50.2599983215332
BWX,2026-08-26,21.989999771118164,22.040000915527344
CANE,2026-08-26,11.25,11.109999656677246
CEMB,2026-08-26,45.400001525878906,45.400001525878906
CIBR,2026-08-26,91.51499938964844,92.45999908447266
CORN,2026-08-26,19.649999618530273,19.59000015258789
CPER,2026-08-26,40.45000076293945,40.7599983215332
DBA,2026-08-26,28.280000686645508,28.280000686645508
DBB,2026-08-26,25.65999984741211,25.719999313354492
DBC,2026-08-26,30.32999992370605,30.43000030517578
DBE,2026-08-26,31.239999771118164,31.450000762939453
DBO,2026-08-26,20.790000915527344,20.8700008392334
DIA,2026-08-26,535.3400268554688,535.239990234375
EBND,2026-08-26,21.280000686645508,21.31999969482422
EEM,2026-08-26,67.36000061035156,67.25
EFA,2026-08-26,108.68000030517578,108.80999755859375
EMB,2026-08-26,95.27999877929688,95.37999725341797
EMHY,2026-08-26,40.43000030517578,40.43000030517578
EMLC,2026-08-26,25.84000015258789,25.90999984741211
EPI,2026-08-26,43.27000045776367,43.47999954223633
EWA,2026-08-26,30.229999542236328,30.43000030517578
EWC,2026-08-26,62.400001525878906,62.63999938964844
EWG,2026-08-26,44.47999954223633,44.45000076293945
EWJ,2026-08-26,95.54000091552734,95.62999725341795
EWL,2026-08-26,64.52999877929688,64.69999694824219
EWN,2026-08-26,69.29000091552734,69.43000030517578
EWQ,2026-08-26,47.04999923706055,46.90999984741211
EWT,2026-08-26,106.83999633789062,105.4000015258789
EWU,2026-08-26,49.18000030517578,49.38999938964844
EWW,2026-08-26,77.63999938964844,77.8499984741211
EWY,2026-08-26,179.44000244140625,180.1499938964844
EWZ,2026-08-26,35.97999954223633,35.880001068115234
EZA,2026-08-26,71.73999786376953,72.51000213623047
EZU,2026-08-26,71.83999633789062,71.56999969482422
FALN,2026-08-26,27.100000381469727,27.11400032043457
FDN,2026-08-26,286.70001220703125,287.54998779296875
FXI,2026-08-26,35.63999938964844,35.560001373291016
GIGB,2026-08-26,45.130001068115234,45.18999862670898
GLD,2026-08-26,423.0,428.07000732421875
GLTR,2026-08-26,208.08999633789065,210.2400054931641
GOVT,2026-08-26,22.549999237060547,22.56999969482422
HYG,2026-08-26,79.86000061035156,79.91999816894531
IAU,2026-08-26,86.68000030517578,87.76000213623047
IEF,2026-08-26,93.33999633789062,93.51000213623047
IEI,2026-08-26,116.69999694824219,116.86000061035156
IGIB,2026-08-26,52.38999938964844,52.47999954223633
IGV,2026-08-26,99.80999755859376,101.8499984741211
IHI,2026-08-26,55.290000915527344,55.709999084472656
INDA,2026-08-26,49.88999938964844,50.22999954223633
ITB,2026-08-26,97.95999908447266,98.16000366210938
IWM,2026-08-26,298.6400146484375,299.2300109863281
IYR,2026-08-26,105.5,105.45999908447266
IYT,2026-08-26,87.52999877929688,87.30000305175781
JMBS,2026-08-26,44.58000183105469,44.709999084472656
JNK,2026-08-26,96.12000274658203,96.19999694824219
KRE,2026-08-26,74.5999984741211,74.33000183105469
LEMB,2026-08-26,43.380001068115234,43.45000076293945
LIT,2026-08-26,76.36000061035156,76.58999633789062
LMBS,2026-08-26,49.630001068115234,49.59999847412109
LQD,2026-08-26,106.69999694824219,106.86000061035156
MBB,2026-08-26,93.62000274658203,93.7699966430664
MDY,2026-08-26,693.7000122070312,694.0
PALL,2026-08-26,24.31999969482422,24.31999969482422
PCY,2026-08-26,21.1200008392334,21.15999984741211
PFF,2026-08-26,30.600000381469727,30.68000030517578
PPLT,2026-08-26,16.790000915527344,16.860000610351562
QLTA,2026-08-26,46.68000030517578,46.72999954223633
QQQ,2026-08-26,708.4099731445312,710.719970703125
REM,2026-08-26,21.989999771118164,21.93000030517578
REMX,2026-08-26,78.51000213623047,79.12000274658203
RSP,2026-08-26,221.30999755859372,221.7700042724609
RWR,2026-08-26,115.43000030517578,115.27999877929688
RWX,2026-08-26,27.90999984741211,27.88999938964844
SCHH,2026-08-26,24.229999542236328,24.209999084472656
SCHO,2026-08-26,24.1200008392334,24.1200008392334
SCHP,2026-08-26,26.049999237060547,26.09000015258789
SGOL,2026-08-26,43.90999984741211,44.43000030517578
SHY,2026-08-26,82.05999755859375,82.08000183105469
SHYG,2026-08-26,42.31999969482422,42.34999847412109
SIVR,2026-08-26,64.80000305175781,65.47000122070312
SKYY,2026-08-26,156.52000427246094,158.60000610351562
SLQD,2026-08-26,50.209999084472656,50.2400016784668
SLV,2026-08-26,61.59000015258789,62.31999969482422
SLX,2026-08-26,109.22000122070312,108.91000366210938
SMH,2026-08-26,554.469970703125,555.8200073242188
SOXX,2026-08-26,512.0900268554688,514.0599975585938
SOYB,2026-08-26,26.329999923706055,26.280000686645508
SPIB,2026-08-26,33.189998626708984,33.220001220703125
SPMB,2026-08-26,22.07999992370605,22.1200008392334
SPTL,2026-08-26,25.40999984741211,25.46999931335449
SPY,2026-08-26,764.72998046875,765.9099731445312
SRLN,2026-08-26,40.68000030517578,40.66999816894531
STIP,2026-08-26,100.9000015258789,100.98999786376952
TIP,2026-08-26,107.47000122070312,107.63999938964844
TLH,2026-08-26,97.76000213623047,97.9800033569336
TLT,2026-08-26,83.2699966430664,83.47000122070312
TUR,2026-08-26,40.70000076293945,40.310001373291016
UGA,2026-08-26,121.5,120.05999755859375
UNG,2026-08-26,10.319999694824219,10.229999542236328
UNL,2026-08-26,5.900000095367432,5.860000133514404
USHY,2026-08-26,36.95000076293945,36.95000076293945
USIG,2026-08-26,50.47999954223633,50.540000915527344
USO,2026-08-26,125.47000122070312,126.1500015258789
VCIT,2026-08-26,81.44999694824219,81.58000183105469
VCSH,2026-08-26,78.69999694824219,78.7699966430664
VDC,2026-08-26,233.80999755859372,233.52999877929688
VGIT,2026-08-26,58.5099983215332,58.59000015258789
VGLT,2026-08-26,53.43999862670898,53.560001373291016
VHT,2026-08-26,327.2200012207031,329.010009765625
VMBS,2026-08-26,46.34999847412109,46.45000076293945
VNQ,2026-08-26,99.25,99.25
VNQI,2026-08-26,45.84999847412109,45.880001068115234
VPU,2026-08-26,187.38999938964844,187.32000732421875
VTIP,2026-08-26,49.790000915527344,49.83000183105469
VWOB,2026-08-26,66.23999786376953,66.30999755859375
WEAT,2026-08-26,25.989999771118164,25.6299991607666
XBI,2026-08-26,168.0800018310547,169.10000610351562
XLB,2026-08-26,53.59000015258789,53.58000183105469
XLC,2026-08-26,113.83000183105469,113.18000030517578
XLE,2026-08-26,61.43000030517578,62.060001373291016
XLF,2026-08-26,58.25,58.310001373291016
XLI,2026-08-26,178.89999389648438,178.39999389648438
XLK,2026-08-26,180.7100067138672,181.74000549316406
XLP,2026-08-26,86.62000274658203,86.5199966430664
XLRE,2026-08-26,45.369998931884766,45.36000061035156
XLU,2026-08-26,43.310001373291016,43.310001373291016
XLV,2026-08-26,174.3300018310547,175.2899932861328
XLY,2026-08-26,117.69000244140625,117.94999694824219
XME,2026-08-26,120.08000183105467,120.94000244140624
XPH,2026-08-26,73.31999969482422,73.56999969482422
XRT,2026-08-26,88.26000213623047,87.88999938964844
ANGL,2026-08-27,29.1200008392334,29.100000381469727
BKLN,2026-08-27,20.540000915527344,20.530000686645508
BNO,2026-08-27,51.08000183105469,50.540000915527344
BWX,2026-08-27,21.93000030517578,21.93000030517578
CANE,2026-08-27,11.220000267028809,11.229999542236328
CEMB,2026-08-27,45.38999938964844,45.38999938964844
CIBR,2026-08-27,96.84500122070312,93.66000366210938
CORN,2026-08-27,19.899999618530273,20.030000686645508
CPER,2026-08-27,39.90999984741211,40.060001373291016
DBA,2026-08-27,28.6299991607666,28.59000015258789
DBB,2026-08-27,25.450000762939453,25.530000686645508
DBC,2026-08-27,30.59000015258789,30.5
DBE,2026-08-27,31.739999771118164,31.700000762939453
DBO,2026-08-27,21.200000762939453,21.059999465942383
DIA,2026-08-27,533.5599975585938,534.22998046875
EBND,2026-08-27,21.270000457763672,21.26000022888184
EEM,2026-08-27,67.56999969482422,67.16999816894531
EFA,2026-08-27,108.04000091552734,108.2699966430664
EMB,2026-08-27,95.18000030517578,95.30999755859375
EMHY,2026-08-27,40.400001525878906,40.43000030517578
EMLC,2026-08-27,25.809999465942383,25.82999992370605
EPI,2026-08-27,42.97999954223633,43.15999984741211
EWA,2026-08-27,30.01000022888184,30.149999618530277
EWC,2026-08-27,62.27000045776367,62.22999954223633
EWG,2026-08-27,44.52000045776367,44.31999969482422
EWJ,2026-08-27,95.8000030517578,95.43000030517578
EWL,2026-08-27,63.90999984741211,64.19000244140625
EWN,2026-08-27,69.12000274658203,69.0199966430664
EWQ,2026-08-27,46.22999954223633,46.84999847412109
EWT,2026-08-27,107.9499969482422,106.38999938964844
EWU,2026-08-27,48.75,48.86000061035156
EWW,2026-08-27,77.68000030517578,77.55000305175781
EWY,2026-08-27,182.63999938964844,179.17999267578125
EWZ,2026-08-27,35.630001068115234,35.720001220703125
EZA,2026-08-27,71.5199966430664,71.68000030517578
EZU,2026-08-27,71.48999786376953,71.4000015258789
FALN,2026-08-27,27.09000015258789,27.09000015258789
FDN,2026-08-27,291.8900146484375,288.25
FXI,2026-08-27,35.33000183105469,35.54999923706055
GIGB,2026-08-27,45.15999984741211,45.18000030517578
GLD,2026-08-27,420.82000732421875,421.32000732421875
GLTR,2026-08-27,207.32000732421875,207.4600067138672
GOVT,2026-08-27,22.540000915527344,22.549999237060547
HYG,2026-08-27,79.93000030517578,79.9000015258789
IAU,2026-08-27,86.27999877929688,86.37000274658203
IEF,2026-08-27,93.30999755859375,93.31999969482422
IEI,2026-08-27,116.69999694824219,116.69999694824219
IGIB,2026-08-27,52.43000030517578,52.43999862670898
IGV,2026-08-27,105.69000244140624,102.38999938964844
IHI,2026-08-27,55.0,55.38999938964844
INDA,2026-08-27,49.58000183105469,49.75
ITB,2026-08-27,96.9800033569336,97.30999755859376
IWM,2026-08-27,298.7699890136719,298.92999267578125
IYR,2026-08-27,104.08999633789062,104.73999786376952
IYT,2026-08-27,86.87999725341797,87.22000122070312
JMBS,2026-08-27,44.650001525878906,44.619998931884766
JNK,2026-08-27,96.22000122070312,96.18000030517578
KRE,2026-08-27,73.94000244140625,74.58000183105469
LEMB,2026-08-27,43.31999969482422,43.34000015258789
LIT,2026-08-27,76.51000213623047,75.91999816894531
LMBS,2026-08-27,49.61000061035156,49.59999847412109
LQD,2026-08-27,106.77999877929688,106.77999877929688
MBB,2026-08-27,93.58000183105469,93.58000183105469
MDY,2026-08-27,699.3300170898438,698.4000244140625
PALL,2026-08-27,23.799999237060547,23.989999771118164
PCY,2026-08-27,21.1200008392334,21.13999938964844
PFF,2026-08-27,30.709999084472656,30.690000534057617
PPLT,2026-08-27,16.540000915527344,16.610000610351562
QLTA,2026-08-27,46.709999084472656,46.70000076293945
QQQ,2026-08-27,716.9299926757812,711.3699951171875
REM,2026-08-27,21.700000762939453,21.709999084472656
REMX,2026-08-27,78.54000091552734,78.06999969482422
RSP,2026-08-27,221.55999755859372,222.1100006103516
RWR,2026-08-27,114.02999877929688,114.62000274658205
RWX,2026-08-27,27.700000762939453,27.81999969482422
SCHH,2026-08-27,23.93000030517578,24.07999992370605
SCHO,2026-08-27,24.11000061035156,24.100000381469727
SCHP,2026-08-27,26.06999969482422,26.059999465942383
SGOL,2026-08-27,43.68999862670898,43.72999954223633
SHY,2026-08-27,82.05999755859375,82.05000305175781
SHYG,2026-08-27,42.34999847412109,42.33000183105469
SIVR,2026-08-27,64.83000183105469,64.7699966430664
SKYY,2026-08-27,163.1999969482422,159.8699951171875
SLQD,2026-08-27,50.22999954223633,50.209999084472656
SLV,2026-08-27,61.66999816894531,61.59000015258789
SLX,2026-08-27,108.95999908447266,108.5999984741211
SMH,2026-08-27,569.3699951171875,555.77001953125
SOXX,2026-08-27,526.0599975585938,515.4000244140625
SOYB,2026-08-27,26.729999542236328,26.75
SPIB,2026-08-27,33.209999084472656,33.20000076293945
SPMB,2026-08-27,22.09000015258789,22.07999992370605
SPTL,2026-08-27,25.38999938964844,25.40999984741211
SPY,2026-08-27,768.5,766.0800170898438
SRLN,2026-08-27,40.72999954223633,40.709999084472656
STIP,2026-08-27,100.95999908447266,100.94000244140624
TIP,2026-08-27,107.54000091552734,107.51000213623047
TLH,2026-08-27,97.66000366210938,97.77999877929688
TLT,2026-08-27,83.19999694824219,83.30000305175781
TUR,2026-08-27,40.58000183105469,40.58000183105469
UGA,2026-08-27,122.69000244140625,122.13999938964844
UNG,2026-08-27,10.550000190734863,10.40999984741211
UNL,2026-08-27,5.960000038146973,5.909999847412109
USHY,2026-08-27,36.97999954223633,36.959999084472656
USIG,2026-08-27,50.540000915527344,50.5099983215332
USO,2026-08-27,128.14999389648438,127.3499984741211
VCIT,2026-08-27,81.47000122070312,81.4800033569336
VCSH,2026-08-27,78.73999786376953,78.7300033569336
VDC,2026-08-27,230.42999267578125,232.75
VGIT,2026-08-27,58.5,58.5
VGLT,2026-08-27,53.400001525878906,53.459999084472656
VHT,2026-08-27,323.8900146484375,326.2699890136719
VMBS,2026-08-27,46.34999847412109,46.31999969482422
VNQ,2026-08-27,98.05999755859376,98.61000061035156
VNQI,2026-08-27,45.5099983215332,45.65999984741211
VPU,2026-08-27,187.08999633789065,188.0500030517578
VTIP,2026-08-27,49.81999969482422,49.810001373291016
VWOB,2026-08-27,66.23999786376953,66.23999786376953
WEAT,2026-08-27,26.899999618530273,26.989999771118164
XBI,2026-08-27,167.75999450683594,168.38999938964844
XLB,2026-08-27,53.220001220703125,53.66999816894531
XLC,2026-08-27,112.02999877929688,112.61000061035156
XLE,2026-08-27,62.22999954223633,62.43000030517578
XLF,2026-08-27,57.90999984741211,58.2599983215332
XLI,2026-08-27,180.47000122070312,180.33999633789062
XLK,2026-08-27,186.47000122070312,182.83999633789062
XLP,2026-08-27,85.30999755859375,86.2699966430664
XLRE,2026-08-27,44.790000915527344,45.09000015258789
XLU,2026-08-27,43.220001220703125,43.5099983215332
XLV,2026-08-27,171.9499969482422,173.5399932861328
XLY,2026-08-27,116.54000091552734,117.16000366210938
XME,2026-08-27,120.25,120.30999755859376
XPH,2026-08-27,72.5999984741211,72.80999755859375
XRT,2026-08-27,87.25,88.2300033569336
ANGL,2026-08-28,29.059999465942383,29.100000381469727
BKLN,2026-08-28,20.540000915527344,20.530000686645508
BNO,2026-08-28,51.0099983215332,51.709999084472656
BWX,2026-08-28,21.90999984741211,21.90999984741211
CANE,2026-08-28,11.289999961853027,11.470000267028809
CEMB,2026-08-28,45.380001068115234,45.34000015258789
CIBR,2026-08-28,100.77999877929688,100.79000091552734
CORN,2026-08-28,20.040000915527344,19.799999237060547
CPER,2026-08-28,40.11000061035156,39.97999954223633
DBA,2026-08-28,29.010000228881836,28.81999969482422
DBB,2026-08-28,25.65999984741211,25.559999465942383
DBC,2026-08-28,30.940000534057617,30.86000061035156
DBE,2026-08-28,31.96999931335449,32.2400016784668
DBO,2026-08-28,21.450000762939453,21.440000534057617
DIA,2026-08-28,536.530029296875,535.219970703125
EBND,2026-08-28,21.209999084472656,21.25
EEM,2026-08-28,67.69999694824219,67.61000061035156
EFA,2026-08-28,108.5199966430664,108.0199966430664
EMB,2026-08-28,95.2300033569336,95.12999725341797
EMHY,2026-08-28,40.40999984741211,40.40999984741211
EMLC,2026-08-28,25.709999084472656,25.770000457763672
EPI,2026-08-28,43.09999847412109,42.95000076293945
EWA,2026-08-28,30.270000457763672,30.11000061035156
EWC,2026-08-28,62.400001525878906,62.2599983215332
EWG,2026-08-28,44.79999923706055,44.58000183105469
EWJ,2026-08-28,96.62999725341795,95.83999633789062
EWL,2026-08-28,63.880001068115234,63.709999084472656
EWN,2026-08-28,69.05999755859375,68.93000030517578
EWQ,2026-08-28,46.380001068115234,46.130001068115234
EWT,2026-08-28,109.5500030517578,108.62999725341795
EWU,2026-08-28,48.68000030517578,48.630001068115234
EWW,2026-08-28,76.95999908447266,77.16000366210938
EWY,2026-08-28,181.9600067138672,182.13999938964844
EWZ,2026-08-28,35.689998626708984,35.7599983215332
EZA,2026-08-28,72.41000366210938,71.55999755859375
EZU,2026-08-28,71.30000305175781,71.04000091552734
FALN,2026-08-28,27.11000061035156,27.09000015258789
FDN,2026-08-28,293.17999267578125,293.8299865722656
FXI,2026-08-28,35.52000045776367,35.2400016784668
GIGB,2026-08-28,45.119998931884766,45.15999984741211
GLD,2026-08-28,422.239990234375,422.6000061035156
GLTR,2026-08-28,211.1199951171875,209.2899932861328
GOVT,2026-08-28,22.530000686645508,22.530000686645508
HYG,2026-08-28,79.9000015258789,79.87000274658203
IAU,2026-08-28,86.55000305175781,86.62000274658203
IEF,2026-08-28,93.18000030517578,93.2300033569336
IEI,2026-08-28,116.61000061035156,116.5999984741211
IGIB,2026-08-28,52.40999984741211,52.40999984741211
IGV,2026-08-28,109.80999755859376,110.31999969482422
IHI,2026-08-28,54.66999816894531,54.619998931884766
INDA,2026-08-28,49.709999084472656,49.52999877929688
ITB,2026-08-28,95.86000061035156,95.62999725341795
IWM,2026-08-28,299.70001220703125,299.80999755859375
IYR,2026-08-28,104.37000274658205,103.79000091552734
IYT,2026-08-28,86.6500015258789,86.4000015258789
JMBS,2026-08-28,44.61000061035156,44.619998931884766
JNK,2026-08-28,96.1500015258789,96.12999725341797
KRE,2026-08-28,74.5199966430664,74.3499984741211
LEMB,2026-08-28,43.15999984741211,43.27999877929688
LIT,2026-08-28,77.5,77.12999725341797
LMBS,2026-08-28,49.619998931884766,49.57500076293945
LQD,2026-08-28,106.75,106.7300033569336
MBB,2026-08-28,93.58000183105469,93.5199966430664
MDY,2026-08-28,699.1799926757812,698.6099853515625
PALL,2026-08-28,26.190000534057617,24.579999923706055
PCY,2026-08-28,21.1299991607666,21.13999938964844
PFF,2026-08-28,30.68000030517578,30.639999389648438
PPLT,2026-08-28,17.100000381469727,16.760000228881836
QLTA,2026-08-28,46.68999862670898,46.68999862670898
QQQ,2026-08-28,719.739990234375,721.1099853515625
REM,2026-08-28,21.850000381469727,21.850000381469727
REMX,2026-08-28,79.5,79.25
RSP,2026-08-28,221.83999633789065,221.4499969482422
RWR,2026-08-28,113.9800033569336,113.44000244140624
RWX,2026-08-28,27.6299991607666,27.709999084472656
SCHH,2026-08-28,23.96999931335449,23.850000381469727
SCHO,2026-08-28,24.100000381469727,24.11000061035156
SCHP,2026-08-28,26.030000686645508,26.040000915527344
SGOL,2026-08-28,43.83000183105469,43.869998931884766
SHY,2026-08-28,82.05000305175781,82.04000091552734
SHYG,2026-08-28,42.34000015258789,42.33000183105469
SIVR,2026-08-28,67.19999694824219,65.94999694824219
SKYY,2026-08-28,166.42999267578125,166.60000610351562
SLQD,2026-08-28,50.209999084472656,50.209999084472656
SLV,2026-08-28,63.93000030517578,62.77000045776367
SLX,2026-08-28,110.13999938964844,109.7300033569336
SMH,2026-08-28,568.719970703125,573.0
SOXX,2026-08-28,521.2000122070312,525.4299926757812
SOYB,2026-08-28,26.940000534057617,26.760000228881836
SPIB,2026-08-28,33.189998626708984,33.189998626708984
SPMB,2026-08-28,22.07999992370605,22.059999465942383
SPTL,2026-08-28,25.350000381469727,25.3700008392334
SPY,2026-08-28,771.760009765625,771.0999755859375
SRLN,2026-08-28,40.77000045776367,40.77999877929688
STIP,2026-08-28,100.9000015258789,100.91000366210938
TIP,2026-08-28,107.38999938964844,107.44000244140625
TLH,2026-08-28,97.51000213623047,97.61000061035156
TLT,2026-08-28,83.04000091552734,83.12999725341797
TUR,2026-08-28,40.77999877929688,40.52999877929688
UGA,2026-08-28,124.48999786376953,123.88999938964844
UNG,2026-08-28,10.390000343322754,10.430000305175781
UNL,2026-08-28,5.920000076293945,5.940000057220459
USHY,2026-08-28,36.959999084472656,36.93999862670898
USIG,2026-08-28,50.5,50.4900016784668
USO,2026-08-28,128.1300048828125,130.00999450683594
VCIT,2026-08-28,81.44000244140625,81.44000244140625
VCSH,2026-08-28,78.76000213623047,78.72000122070312
VDC,2026-08-28,230.1199951171875,229.2100067138672
VGIT,2026-08-28,58.45000076293945,58.459999084472656
VGLT,2026-08-28,53.29999923706055,53.34999847412109
VHT,2026-08-28,322.8399963378906,322.92999267578125
VMBS,2026-08-28,46.290000915527344,46.369998931884766
VNQ,2026-08-28,98.0999984741211,97.6500015258789
VNQI,2026-08-28,45.4900016784668,45.52999877929688
VPU,2026-08-28,187.38999938964844,186.7400054931641
VTIP,2026-08-28,49.79999923706055,49.790000915527344
VWOB,2026-08-28,66.19000244140625,66.19999694824219
WEAT,2026-08-28,27.600000381469727,27.219999313354492
XBI,2026-08-28,166.72000122070312,168.22999572753906
XLB,2026-08-28,53.65999984741211,53.22999954223633
XLC,2026-08-28,111.87000274658203,111.41000366210938
XLE,2026-08-28,62.349998474121094,62.290000915527344
XLF,2026-08-28,57.97999954223633,57.880001068115234
XLI,2026-08-28,179.44000244140625,178.8000030517578
XLK,2026-08-28,188.07000732421875,188.61000061035156
XLP,2026-08-28,85.5,85.08000183105469
XLRE,2026-08-28,44.8849983215332,44.65999984741211
XLU,2026-08-28,43.34000015258789,43.18000030517578
XLV,2026-08-28,171.42999267578125,171.5800018310547
XLY,2026-08-28,116.70999908447266,115.87999725341797
XME,2026-08-28,123.26000213623048,123.0
XPH,2026-08-28,72.13999938964844,72.41000366210938
XRT,2026-08-28,87.12999725341797,86.58999633789062
ANGL,2026-08-31,29.01000022888184,29.030000686645508
BKLN,2026-08-31,20.540000915527344,20.520000457763672
BNO,2026-08-31,52.84000015258789,51.47999954223633
BWX,2026-08-31,21.799999237060547,21.799999237060547
CANE,2026-08-31,11.260000228881836,11.210000038146973
CEMB,2026-08-31,45.290000915527344,45.310001373291016
CIBR,2026-08-31,98.58000183105467,98.55999755859376
CORN,2026-08-31,19.8700008392334,19.950000762939453
CPER,2026-08-31,40.2599983215332,39.66999816894531
DBA,2026-08-31,29.09000015258789,29.190000534057617
DBB,2026-08-31,25.469999313354492,25.479999542236328
DBC,2026-08-31,31.149999618530277,30.790000915527344
DBE,2026-08-31,33.0,32.2400016784668
DBO,2026-08-31,22.0,21.3799991607666
DIA,2026-08-31,533.5599975585938,535.0599975585938
EBND,2026-08-31,21.13999938964844,21.1299991607666
EEM,2026-08-31,67.29000091552734,67.13999938964844
EFA,2026-08-31,108.04000091552734,107.72000122070312
EMB,2026-08-31,94.81999969482422,94.88999938964844
EMHY,2026-08-31,40.290000915527344,40.29999923706055
EMLC,2026-08-31,25.61000061035156,25.56999969482422
EPI,2026-08-31,43.150001525878906,42.97999954223633
EWA,2026-08-31,30.07999992370605,30.0
EWC,2026-08-31,61.810001373291016,61.72999954223633
EWG,2026-08-31,44.41999816894531,44.59000015258789
EWJ,2026-08-31,96.4499969482422,95.87000274658205
EWL,2026-08-31,63.209999084472656,63.310001373291016
EWN,2026-08-31,68.91999816894531,68.51000213623047
EWQ,2026-08-31,46.25,46.20000076293945
EWT,2026-08-31,108.38999938964844,107.9000015258789
EWU,2026-08-31,48.630001068115234,48.54999923706055
EWW,2026-08-31,76.55000305175781,76.4800033569336
EWY,2026-08-31,181.0500030517578,180.1999969482422
EWZ,2026-08-31,36.18000030517578,35.54999923706055
EZA,2026-08-31,70.98999786376953,70.72000122070312
EZU,2026-08-31,70.83000183105469,70.83999633789062
FALN,2026-08-31,27.030000686645508,27.030000686645508
FDN,2026-08-31,292.6300048828125,294.4100036621094
FXI,2026-08-31,35.65999984741211,35.5099983215332
GIGB,2026-08-31,44.91999816894531,44.959999084472656
GLD,2026-08-31,407.760009765625,408.8900146484375
GLTR,2026-08-31,202.08999633789065,202.47999572753903
GOVT,2026-08-31,22.450000762939453,22.459999084472656
HYG,2026-08-31,79.70999908447266,79.73999786376953
IAU,2026-08-31,83.56999969482422,83.81999969482422
IEF,2026-08-31,92.75,92.8499984741211
IEI,2026-08-31,116.16999816894531,116.19000244140625
IGIB,2026-08-31,52.16999816894531,52.209999084472656
IGV,2026-08-31,108.70999908447266,109.5
IHI,2026-08-31,54.72999954223633,55.18999862670898
INDA,2026-08-31,49.869998931884766,49.560001373291016
ITB,2026-08-31,95.37000274658205,96.41000366210938
IWM,2026-08-31,295.0899963378906,295.75
IYR,2026-08-31,103.0500030517578,103.43000030517578
IYT,2026-08-31,86.0,86.38999938964844
JMBS,2026-08-31,44.16999816894531,44.43999862670898
JNK,2026-08-31,95.93000030517578,95.97000122070312
KRE,2026-08-31,74.1500015258789,74.30000305175781
LEMB,2026-08-31,43.06999969482422,43.040000915527344
LIT,2026-08-31,76.73999786376953,76.06999969482422
LMBS,2026-08-31,49.52999877929688,49.540000915527344
LQD,2026-08-31,106.19999694824219,106.3499984741211
MBB,2026-08-31,93.05000305175781,93.16999816894531
MDY,2026-08-31,690.1799926757812,690.5499877929688
PALL,2026-08-31,24.81999969482422,25.790000915527344
PCY,2026-08-31,21.030000686645508,21.06999969482422
PFF,2026-08-31,30.469999313354492,30.540000915527344
PPLT,2026-08-31,16.350000381469727,16.489999771118164
QLTA,2026-08-31,46.4900016784668,46.52999877929688
QQQ,2026-08-31,715.1699829101562,716.4299926757812
REM,2026-08-31,21.82999992370605,21.780000686645508
REMX,2026-08-31,78.4000015258789,77.41999816894531
RSP,2026-08-31,219.7700042724609,220.69000244140625
RWR,2026-08-31,112.5,112.88999938964844
RWX,2026-08-31,27.459999084472656,27.46999931335449
SCHH,2026-08-31,23.65999984741211,23.739999771118164
SCHO,2026-08-31,24.06999969482422,24.06999969482422
SCHP,2026-08-31,25.90999984741211,25.93000030517578
SGOL,2026-08-31,42.31999969482422,42.43999862670898
SHY,2026-08-31,81.91999816894531,81.88999938964844
SHYG,2026-08-31,42.25,42.27000045776367
SIVR,2026-08-31,63.47999954223633,63.130001068115234
SKYY,2026-08-31,164.67999267578125,165.13999938964844
SLQD,2026-08-31,50.119998931884766,50.11000061035156
SLV,2026-08-31,60.38999938964844,60.02000045776367
SLX,2026-08-31,109.0,108.69000244140624
SMH,2026-08-31,554.3800048828125,553.1099853515625
SOXX,2026-08-31,509.8200073242188,508.6199951171875
SOYB,2026-08-31,27.1299991607666,27.200000762939453
SPIB,2026-08-31,33.09000015258789,33.09000015258789
SPMB,2026-08-31,21.950000762939453,21.989999771118164
SPTL,2026-08-31,25.18000030517578,25.290000915527344
SPY,2026-08-31,767.3300170898438,769.3499755859375
SRLN,2026-08-31,40.77000045776367,40.77000045776367
STIP,2026-08-31,100.66999816894533,100.63999938964844
TIP,2026-08-31,106.86000061035156,106.94000244140625
TLH,2026-08-31,96.97000122070312,97.29000091552734
TLT,2026-08-31,82.47000122070312,82.87999725341797
TUR,2026-08-31,40.15999984741211,40.869998931884766
UGA,2026-08-31,125.94000244140625,126.7300033569336
UNG,2026-08-31,10.420000076293945,10.329999923706055
UNL,2026-08-31,5.880000114440918,5.880000114440918
USHY,2026-08-31,36.86000061035156,36.869998931884766
USIG,2026-08-31,50.27000045776367,50.31999969482422
USO,2026-08-31,133.00999450683594,129.6999969482422
VCIT,2026-08-31,81.06999969482422,81.1500015258789
VCSH,2026-08-31,78.5199966430664,78.51000213623047
VDC,2026-08-31,230.1499938964844,230.3500061035156
VGIT,2026-08-31,58.220001220703125,58.2400016784668
VGLT,2026-08-31,52.970001220703125,53.18000030517578
VHT,2026-08-31,319.29998779296875,320.9599914550781
VMBS,2026-08-31,46.060001373291016,46.18000030517578
VNQ,2026-08-31,96.91999816894533,97.23999786376952
VNQI,2026-08-31,44.91999816894531,45.2599983215332
VPU,2026-08-31,181.91000366210935,184.75999450683597
VTIP,2026-08-31,49.66999816894531,49.650001525878906
VWOB,2026-08-31,65.97000122070312,66.01000213623047
WEAT,2026-08-31,27.280000686645508,28.0
XBI,2026-08-31,161.0,162.3800048828125
XLB,2026-08-31,53.15999984741211,53.18000030517578
XLC,2026-08-31,112.4800033569336,112.98999786376953
XLE,2026-08-31,63.79999923706055,62.68000030517578
XLF,2026-08-31,57.86000061035156,58.099998474121094
XLI,2026-08-31,176.08999633789062,177.13999938964844
XLK,2026-08-31,185.77999877929688,185.69000244140625
XLP,2026-08-31,85.3499984741211,85.44999694824219
XLRE,2026-08-31,44.29999923706055,44.47999954223633
XLU,2026-08-31,42.0,42.72999954223633
XLV,2026-08-31,170.25,171.16000366210938
XLY,2026-08-31,116.55999755859375,117.20999908447266
XME,2026-08-31,119.08000183105467,118.73999786376952
XPH,2026-08-31,70.62999725341797,70.79000091552734
XRT,2026-08-31,86.83000183105469,86.88999938964844
