ticker,day,open,prev_close
ANGL,2026-07-01,29.06999969482422,29.239999771118164
BKLN,2026-07-01,20.350000381469727,20.3700008392334
BNO,2026-07-01,39.83000183105469,40.689998626708984
BWX,2026-07-01,21.57999992370605,21.68000030517578
CANE,2026-07-01,9.829999923706056,9.789999961853027
CEMB,2026-07-01,45.369998931884766,45.650001525878906
CIBR,2026-07-01,90.22000122070312,89.8499984741211
CORN,2026-07-01,16.920000076293945,16.75
CPER,2026-07-01,37.220001220703125,37.72999954223633
DBA,2026-07-01,26.739999771118164,26.670000076293945
DBB,2026-07-01,23.989999771118164,24.100000381469727
DBC,2026-07-01,26.57999992370605,26.65999984741211
DBE,2026-07-01,26.0,26.21999931335449
DBO,2026-07-01,17.350000381469727,17.649999618530273
DIA,2026-07-01,521.4299926757812,522.3900146484375
EBND,2026-07-01,20.729999542236328,20.920000076293945
EEM,2026-07-01,66.91000366210938,68.41000366210938
EFA,2026-07-01,103.06999969482422,103.87999725341797
EMB,2026-07-01,95.94999694824219,96.44000244140625
EMHY,2026-07-01,40.40999984741211,40.66999816894531
EMLC,2026-07-01,25.32999992370605,25.559999465942383
EPI,2026-07-01,42.36000061035156,42.77999877929688
EWA,2026-07-01,27.690000534057617,28.15999984741211
EWC,2026-07-01,57.43999862670898,57.63999938964844
EWG,2026-07-01,41.16999816894531,41.369998931884766
EWJ,2026-07-01,93.4000015258789,93.2699966430664
EWL,2026-07-01,62.290000915527344,62.84999847412109
EWN,2026-07-01,68.91000366210938,70.33999633789062
EWQ,2026-07-01,44.93999862670898,45.43000030517578
EWT,2026-07-01,107.33000183105467,108.61000061035156
EWU,2026-07-01,45.77000045776367,46.13999938964844
EWW,2026-07-01,74.91999816894531,75.2699966430664
EWY,2026-07-01,189.6999969482422,201.8999938964844
EWZ,2026-07-01,33.959999084472656,34.5
EZA,2026-07-01,62.61000061035156,63.18999862670898
EZU,2026-07-01,68.56999969482422,69.5
FALN,2026-07-01,27.100000381469727,27.239999771118164
FDN,2026-07-01,267.489990234375,264.7200012207031
FXI,2026-07-01,31.440000534057617,31.59000015258789
GIGB,2026-07-01,45.58000183105469,45.90999984741211
GLD,2026-07-01,371.2099914550781,368.3800048828125
GLTR,2026-07-01,181.8600006103516,181.1499938964844
GOVT,2026-07-01,22.649999618530277,22.780000686645508
HYG,2026-07-01,79.55999755859375,79.97000122070312
IAU,2026-07-01,76.08999633789062,75.51000213623047
IEF,2026-07-01,94.04000091552734,94.56999969482422
IEI,2026-07-01,117.01000213623047,117.44999694824219
IGIB,2026-07-01,52.84000015258789,53.16999816894531
IGV,2026-07-01,92.4000015258789,90.5999984741211
IHI,2026-07-01,49.810001373291016,49.40999984741211
INDA,2026-07-01,49.0,49.38999938964844
ITB,2026-07-01,104.0,104.4800033569336
IWM,2026-07-01,299.92999267578125,300.45001220703125
IYR,2026-07-01,102.16999816894533,102.25
IYT,2026-07-01,87.0199966430664,86.75
JMBS,2026-07-01,44.83000183105469,44.9900016784668
JNK,2026-07-01,95.80000305175781,96.37000274658203
KRE,2026-07-01,74.83999633789062,74.8499984741211
LEMB,2026-07-01,42.31999969482422,42.43000030517578
LIT,2026-07-01,77.70999908447266,78.27999877929688
LMBS,2026-07-01,49.66999816894531,49.77999877929688
LQD,2026-07-01,108.33999633789062,109.06999969482422
MBB,2026-07-01,93.98999786376953,94.5199966430664
MDY,2026-07-01,699.9000244140625,703.3400268554688
PALL,2026-07-01,21.979999542236328,22.079999923706055
PCY,2026-07-01,21.600000381469727,21.649999618530277
PFF,2026-07-01,30.450000762939453,30.489999771118164
PPLT,2026-07-01,14.319999694824219,14.130000114440918
QLTA,2026-07-01,47.220001220703125,47.52000045776367
QQQ,2026-07-01,729.1900024414062,736.4000244140625
REM,2026-07-01,21.959999084472656,22.049999237060547
REMX,2026-07-01,88.16999816894531,88.5
RSP,2026-07-01,212.5800018310547,212.7700042724609
RWR,2026-07-01,112.86000061035156,112.97000122070312
RWX,2026-07-01,26.770000457763672,27.01000022888184
SCHH,2026-07-01,23.700000762939453,23.68000030517578
SCHO,2026-07-01,24.049999237060547,24.13999938964844
SCHP,2026-07-01,26.25,26.5
SGOL,2026-07-01,38.4900016784668,38.22999954223633
SHY,2026-07-01,81.86000061035156,82.11000061035156
SHYG,2026-07-01,42.15999984741211,42.40999984741211
SIVR,2026-07-01,56.040000915527344,56.220001220703125
SKYY,2026-07-01,134.83999633789062,134.55999755859375
SLQD,2026-07-01,50.16999816894531,50.369998931884766
SLV,2026-07-01,53.33000183105469,53.470001220703125
SLX,2026-07-01,97.45999908447266,98.41000366210938
SMH,2026-07-01,634.3499755859375,655.8900146484375
SOXX,2026-07-01,616.8200073242188,640.760009765625
SOYB,2026-07-01,24.59000015258789,24.399999618530273
SPIB,2026-07-01,33.310001373291016,33.459999084472656
SPMB,2026-07-01,22.200000762939453,22.309999465942383
SPTL,2026-07-01,25.979999542236328,26.229999542236328
SPY,2026-07-01,745.0,746.77001953125
SRLN,2026-07-01,40.08000183105469,40.290000915527344
STIP,2026-07-01,101.22000122070312,102.16000366210938
TIP,2026-07-01,108.29000091552734,109.43000030517578
TLH,2026-07-01,99.44999694824219,100.3499984741211
TLT,2026-07-01,85.4800033569336,86.41999816894531
TUR,2026-07-01,39.2599983215332,38.880001068115234
UGA,2026-07-01,103.4800033569336,102.97000122070312
UNG,2026-07-01,11.649999618530273,11.720000267028809
UNL,2026-07-01,6.389999866485596,6.389999866485596
USHY,2026-07-01,36.810001373291016,37.02000045776367
USIG,2026-07-01,50.93999862670898,51.290000915527344
USO,2026-07-01,104.55000305175781,106.44000244140625
VCIT,2026-07-01,82.13999938964844,82.6500015258789
VCSH,2026-07-01,78.68000030517578,79.02999877929688
VDC,2026-07-01,225.3300018310547,225.4900054931641
VGIT,2026-07-01,58.70000076293945,58.97999954223633
VGLT,2026-07-01,54.630001068115234,55.18000030517578
VHT,2026-07-01,300.6199951171875,299.010009765625
VMBS,2026-07-01,46.560001373291016,46.810001373291016
VNQ,2026-07-01,96.5199966430664,96.43000030517578
VNQI,2026-07-01,44.5,44.84999847412109
VPU,2026-07-01,195.7400054931641,195.72999572753903
VTIP,2026-07-01,49.560001373291016,50.22999954223633
VWOB,2026-07-01,66.83000183105469,67.23999786376953
WEAT,2026-07-01,22.3799991607666,22.030000686645508
XBI,2026-07-01,157.92999267578125,158.25
XLB,2026-07-01,50.720001220703125,50.83000183105469
XLC,2026-07-01,109.02999877929688,107.12999725341797
XLE,2026-07-01,53.04999923706055,53.11000061035156
XLF,2026-07-01,53.83000183105469,53.61000061035156
XLI,2026-07-01,184.3699951171875,185.22999572753906
XLK,2026-07-01,186.8300018310547,190.52000427246094
XLP,2026-07-01,83.0999984741211,83.06999969482422
XLRE,2026-07-01,44.040000915527344,44.029998779296875
XLU,2026-07-01,45.2400016784668,45.34000015258789
XLV,2026-07-01,159.61000061035156,158.66000366210938
XLY,2026-07-01,117.77999877929688,117.27999877929688
XME,2026-07-01,105.95999908447266,106.93000030517578
XPH,2026-07-01,66.43000030517578,66.2699966430664
XRT,2026-07-01,87.41999816894531,87.73999786376953
ANGL,2026-07-02,29.15999984741211,29.11000061035156
BKLN,2026-07-02,20.3799991607666,20.360000610351562
BNO,2026-07-02,39.220001220703125,39.40999984741211
BWX,2026-07-02,21.700000762939453,21.59000015258789
CANE,2026-07-02,9.93000030517578,9.850000381469728
CEMB,2026-07-02,45.43000030517578,45.43000030517578
CIBR,2026-07-02,91.02999877929688,91.11000061035156
CORN,2026-07-02,16.989999771118164,16.950000762939453
CPER,2026-07-02,37.349998474121094,37.209999084472656
DBA,2026-07-02,26.8700008392334,26.860000610351562
DBB,2026-07-02,23.940000534057617,23.940000534057617
DBC,2026-07-02,26.46999931335449,26.450000762939453
DBE,2026-07-02,25.549999237060547,25.709999084472656
DBO,2026-07-02,17.200000762939453,17.200000762939453
DIA,2026-07-02,525.489990234375,522.4000244140625
EBND,2026-07-02,20.850000381469727,20.75
EEM,2026-07-02,66.52999877929688,66.4800033569336
EFA,2026-07-02,104.58999633789062,103.0199966430664
EMB,2026-07-02,96.11000061035156,96.0199966430664
EMHY,2026-07-02,40.47999954223633,40.45000076293945
EMLC,2026-07-02,25.459999084472656,25.350000381469727
EPI,2026-07-02,42.77000045776367,42.5
EWA,2026-07-02,28.13999938964844,27.700000762939453
EWC,2026-07-02,57.86000061035156,57.66999816894531
EWG,2026-07-02,42.150001525878906,41.209999084472656
EWJ,2026-07-02,93.9499969482422,93.0500030517578
EWL,2026-07-02,63.650001525878906,62.5
EWN,2026-07-02,68.73999786376953,68.30000305175781
EWQ,2026-07-02,45.709999084472656,44.959999084472656
EWT,2026-07-02,107.31999969482422,105.69000244140624
EWU,2026-07-02,46.81999969482422,45.93999862670898
EWW,2026-07-02,75.27999877929688,75.2699966430664
EWY,2026-07-02,184.66000366210935,185.5
EWZ,2026-07-02,34.459999084472656,34.18000030517578
EZA,2026-07-02,64.36000061035156,62.72999954223633
EZU,2026-07-02,69.5,68.3499984741211
FALN,2026-07-02,27.18000030517578,27.1200008392334
FDN,2026-07-02,268.9599914550781,269.5899963378906
FXI,2026-07-02,31.950000762939453,31.96999931335449
GIGB,2026-07-02,45.68999862670898,45.650001525878906
GLD,2026-07-02,377.44000244140625,370.6000061035156
GLTR,2026-07-02,185.88999938964844,181.9900054931641
GOVT,2026-07-02,22.670000076293945,22.649999618530277
HYG,2026-07-02,79.7300033569336,79.58999633789062
IAU,2026-07-02,77.31999969482422,75.95999908447266
IEF,2026-07-02,94.08999633789062,94.02999877929688
IEI,2026-07-02,117.06999969482422,116.94999694824219
IGIB,2026-07-02,52.91999816894531,52.880001068115234
IGV,2026-07-02,93.37000274658205,93.33999633789062
IHI,2026-07-02,50.52000045776367,49.97999954223633
INDA,2026-07-02,49.45000076293945,49.209999084472656
ITB,2026-07-02,102.6500015258789,102.13999938964844
IWM,2026-07-02,300.5400085449219,299.32000732421875
IYR,2026-07-02,103.26000213623048,102.70999908447266
IYT,2026-07-02,88.0199966430664,87.52999877929688
JMBS,2026-07-02,44.959999084472656,44.86000061035156
JNK,2026-07-02,96.0199966430664,95.87999725341797
KRE,2026-07-02,76.55000305175781,76.18000030517578
LEMB,2026-07-02,42.5099983215332,42.34999847412109
LIT,2026-07-02,77.43000030517578,77.97000122070312
LMBS,2026-07-02,49.72999954223633,49.68000030517578
LQD,2026-07-02,108.56999969482422,108.45999908447266
MBB,2026-07-02,94.08000183105469,94.0199966430664
MDY,2026-07-02,699.7999877929688,697.0700073242188
PALL,2026-07-02,22.770000457763672,22.030000686645508
PCY,2026-07-02,21.549999237060547,21.59000015258789
PFF,2026-07-02,30.479999542236328,30.469999313354492
PPLT,2026-07-02,14.640000343322754,14.289999961853027
QLTA,2026-07-02,47.310001373291016,47.2599983215332
QQQ,2026-07-02,725.5800170898438,725.1699829101562
REM,2026-07-02,22.01000022888184,21.940000534057617
REMX,2026-07-02,88.0,87.66000366210938
RSP,2026-07-02,214.4900054931641,213.41000366210935
RWR,2026-07-02,113.97000122070312,113.4800033569336
RWX,2026-07-02,27.299999237060547,26.899999618530277
SCHH,2026-07-02,23.8799991607666,23.780000686645508
SCHO,2026-07-02,24.06999969482422,24.049999237060547
SCHP,2026-07-02,26.26000022888184,26.239999771118164
SGOL,2026-07-02,39.15999984741211,38.45000076293945
SHY,2026-07-02,81.93000030517578,81.83999633789062
SHYG,2026-07-02,42.25,42.18999862670898
SIVR,2026-07-02,57.93000030517578,56.31999969482422
SKYY,2026-07-02,136.1999969482422,136.3000030517578
SLQD,2026-07-02,50.209999084472656,50.15999984741211
SLV,2026-07-02,55.11000061035156,53.58000183105469
SLX,2026-07-02,97.8000030517578,96.86000061035156
SMH,2026-07-02,622.5800170898438,620.4600219726562
SOXX,2026-07-02,601.239990234375,599.7000122070312
SOYB,2026-07-02,24.559999465942383,24.520000457763672
SPIB,2026-07-02,33.349998474121094,33.310001373291016
SPMB,2026-07-02,22.18000030517578,22.18000030517578
SPTL,2026-07-02,25.940000534057617,25.989999771118164
SPY,2026-07-02,747.4000244140625,745.760009765625
SRLN,2026-07-02,40.130001068115234,40.04999923706055
STIP,2026-07-02,101.25,101.12999725341795
TIP,2026-07-02,108.30999755859375,108.16999816894531
TLH,2026-07-02,99.41000366210938,99.5199966430664
TLT,2026-07-02,85.37999725341797,85.5199966430664
TUR,2026-07-02,39.16999816894531,39.16999816894531
UGA,2026-07-02,102.01000213623047,104.20999908447266
UNG,2026-07-02,11.470000267028809,11.520000457763672
UNL,2026-07-02,6.320000171661377,6.349999904632568
USHY,2026-07-02,36.900001525878906,36.84000015258789
USIG,2026-07-02,51.04999923706055,51.0099983215332
USO,2026-07-02,102.8499984741211,103.2699966430664
VCIT,2026-07-02,82.30000305175781,82.19000244140625
VCSH,2026-07-02,78.81999969482422,78.69000244140625
VDC,2026-07-02,226.9900054931641,225.9499969482422
VGIT,2026-07-02,58.75,58.70000076293945
VGLT,2026-07-02,54.58000183105469,54.65999984741211
VHT,2026-07-02,302.3999938964844,300.8399963378906
VMBS,2026-07-02,46.61000061035156,46.56999969482422
VNQ,2026-07-02,97.38999938964844,96.81999969482422
VNQI,2026-07-02,45.34999847412109,44.81999969482422
VPU,2026-07-02,194.47999572753903,193.3800048828125
VTIP,2026-07-02,49.58000183105469,49.52000045776367
VWOB,2026-07-02,66.88999938964844,66.87000274658203
WEAT,2026-07-02,22.510000228881836,22.399999618530273
XBI,2026-07-02,157.50999450683594,156.5500030517578
XLB,2026-07-02,51.400001525878906,51.02000045776367
XLC,2026-07-02,109.61000061035156,109.73999786376953
XLE,2026-07-02,53.2400016784668,52.810001373291016
XLF,2026-07-02,55.279998779296875,54.779998779296875
XLI,2026-07-02,184.7100067138672,183.36000061035156
XLK,2026-07-02,185.49000549316406,185.6199951171875
XLP,2026-07-02,83.75,83.30000305175781
XLRE,2026-07-02,44.369998931884766,44.18000030517578
XLU,2026-07-02,45.029998779296875,44.77000045776367
XLV,2026-07-02,160.6699981689453,159.5399932861328
XLY,2026-07-02,118.62999725341797,118.08999633789062
XME,2026-07-02,106.18000030517578,104.36000061035156
XPH,2026-07-02,65.94000244140625,65.31999969482422
XRT,2026-07-02,88.30000305175781,87.83999633789062
ANGL,2026-07-06,29.200000762939453,29.15999984741211
BKLN,2026-07-06,20.3700008392334,20.350000381469727
BNO,2026-07-06,40.02000045776367,39.66999816894531
BWX,2026-07-06,21.61000061035156,21.68000030517578
CANE,2026-07-06,9.880000114440918,9.770000457763672
CEMB,2026-07-06,45.4900016784668,45.459999084472656
CIBR,2026-07-06,90.49199676513672,90.66999816894533
CORN,2026-07-06,17.31999969482422,16.860000610351562
CPER,2026-07-06,37.43000030517578,37.290000915527344
DBA,2026-07-06,27.18000030517578,26.739999771118164
DBB,2026-07-06,24.079999923706055,23.959999084472656
DBC,2026-07-06,26.75,26.56999969482422
DBE,2026-07-06,26.049999237060547,25.790000915527344
DBO,2026-07-06,17.360000610351562,17.280000686645508
DIA,2026-07-06,528.719970703125,527.8800048828125
EBND,2026-07-06,20.88999938964844,20.8799991607666
EEM,2026-07-06,67.25,65.69999694824219
EFA,2026-07-06,105.0,104.37000274658203
EMB,2026-07-06,96.29000091552734,96.19999694824219
EMHY,2026-07-06,40.560001373291016,40.54999923706055
EMLC,2026-07-06,25.489999771118164,25.459999084472656
EPI,2026-07-06,42.790000915527344,42.91999816894531
EWA,2026-07-06,28.280000686645508,28.09000015258789
EWC,2026-07-06,58.04999923706055,57.77000045776367
EWG,2026-07-06,42.43000030517578,42.310001373291016
EWJ,2026-07-06,94.68000030517578,93.13999938964844
EWL,2026-07-06,63.560001373291016,63.97999954223633
EWN,2026-07-06,68.56999969482422,67.55999755859375
EWQ,2026-07-06,45.88999938964844,45.91999816894531
EWT,2026-07-06,106.08000183105467,104.86000061035156
EWU,2026-07-06,47.02000045776367,47.15999984741211
EWW,2026-07-06,75.44999694824219,75.5
EWY,2026-07-06,189.9900054931641,180.13999938964844
EWZ,2026-07-06,34.540000915527344,34.43000030517578
EZA,2026-07-06,64.5999984741211,64.0
EZU,2026-07-06,69.62000274658203,69.22000122070312
FALN,2026-07-06,27.200000762939453,27.170000076293945
FDN,2026-07-06,267.3099975585937,267.04998779296875
FXI,2026-07-06,32.380001068115234,31.90999984741211
GIGB,2026-07-06,45.70000076293945,45.7400016784668
GLD,2026-07-06,380.2099914550781,378.1300048828125
GLTR,2026-07-06,187.6199951171875,186.2700042724609
GOVT,2026-07-06,22.690000534057617,22.690000534057617
HYG,2026-07-06,79.7300033569336,79.70999908447266
IAU,2026-07-06,77.9000015258789,77.51000213623047
IEF,2026-07-06,94.13999938964844,94.12000274658203
IEI,2026-07-06,117.12999725341797,117.11000061035156
IGIB,2026-07-06,53.0,52.95000076293945
IGV,2026-07-06,92.37000274658205,93.56999969482422
IHI,2026-07-06,52.040000915527344,51.880001068115234
INDA,2026-07-06,49.56999969482422,49.560001373291016
ITB,2026-07-06,102.91000366210938,102.9000015258789
IWM,2026-07-06,297.75,297.5799865722656
IYR,2026-07-06,104.08000183105467,104.01000213623048
IYT,2026-07-06,88.0,87.98999786376953
JMBS,2026-07-06,44.959999084472656,44.9900016784668
JNK,2026-07-06,95.9800033569336,95.98999786376953
KRE,2026-07-06,74.80000305175781,75.0199966430664
LEMB,2026-07-06,42.47999954223633,42.560001373291016
LIT,2026-07-06,75.81999969482422,76.52999877929688
LMBS,2026-07-06,49.72999954223633,49.73500061035156
LQD,2026-07-06,108.61000061035156,108.63999938964844
MBB,2026-07-06,94.12000274658203,94.12999725341797
MDY,2026-07-06,695.0599975585938,693.7000122070312
PALL,2026-07-06,23.100000381469727,22.90999984741211
PCY,2026-07-06,21.6200008392334,21.649999618530277
PFF,2026-07-06,30.510000228881836,30.479999542236328
PPLT,2026-07-06,14.699999809265137,14.720000267028809
QLTA,2026-07-06,47.33000183105469,47.33000183105469
QQQ,2026-07-06,719.9299926757812,712.5999755859375
REM,2026-07-06,21.96999931335449,22.040000915527344
REMX,2026-07-06,85.58000183105469,86.72000122070312
RSP,2026-07-06,215.0399932861328,214.91000366210935
RWR,2026-07-06,115.41999816894533,115.18000030517578
RWX,2026-07-06,27.309999465942383,27.309999465942383
SCHH,2026-07-06,24.11000061035156,24.06999969482422
SCHO,2026-07-06,24.09000015258789,24.09000015258789
SCHP,2026-07-06,26.290000915527344,26.290000915527344
SGOL,2026-07-06,39.45000076293945,39.2400016784668
SHY,2026-07-06,81.95999908447266,81.94000244140625
SHYG,2026-07-06,42.25,42.2400016784668
SIVR,2026-07-06,58.56999969482422,57.81999969482422
SKYY,2026-07-06,134.32000732421875,134.86000061035156
SLQD,2026-07-06,50.22999954223633,50.22999954223633
SLV,2026-07-06,55.7400016784668,55.02000045776367
SLX,2026-07-06,99.04000091552734,98.19000244140624
SMH,2026-07-06,607.0499877929688,592.2899780273438
SOXX,2026-07-06,583.1500244140625,566.3200073242188
SOYB,2026-07-06,25.059999465942383,24.440000534057617
SPIB,2026-07-06,33.369998931884766,33.36000061035156
SPMB,2026-07-06,22.190000534057617,22.200000762939453
SPTL,2026-07-06,25.959999084472656,25.989999771118164
SPY,2026-07-06,748.739990234375,744.780029296875
SRLN,2026-07-06,40.150001525878906,40.150001525878906
STIP,2026-07-06,101.29000091552734,101.2300033569336
TIP,2026-07-06,108.43000030517578,108.33000183105469
TLH,2026-07-06,99.5,99.56999969482422
TLT,2026-07-06,85.43000030517578,85.51000213623047
TUR,2026-07-06,39.2400016784668,39.34000015258789
UGA,2026-07-06,106.29000091552734,102.94999694824219
UNG,2026-07-06,11.520000457763672,11.579999923706055
UNL,2026-07-06,6.269999980926514,6.340000152587891
USHY,2026-07-06,36.88999938964844,36.88999938964844
USIG,2026-07-06,51.09999847412109,51.09000015258789
USO,2026-07-06,104.52999877929688,103.9800033569336
VCIT,2026-07-06,82.77999877929688,82.33999633789062
VCSH,2026-07-06,78.83000183105469,78.79000091552734
VDC,2026-07-06,230.0,230.4499969482422
VGIT,2026-07-06,58.77999877929688,58.79999923706055
VGLT,2026-07-06,54.619998931884766,54.68999862670898
VHT,2026-07-06,307.3800048828125,308.4100036621094
VMBS,2026-07-06,46.619998931884766,46.61000061035156
VNQ,2026-07-06,98.1999969482422,98.0199966430664
VNQI,2026-07-06,45.59000015258789,45.33000183105469
VPU,2026-07-06,197.2899932861328,197.5399932861328
VTIP,2026-07-06,49.619998931884766,49.58000183105469
VWOB,2026-07-06,67.05999755859375,67.0
WEAT,2026-07-06,22.729999542236328,22.40999984741211
XBI,2026-07-06,160.22999572753906,160.4600067138672
XLB,2026-07-06,51.91999816894531,52.0099983215332
XLC,2026-07-06,110.07499694824219,109.5999984741211
XLE,2026-07-06,53.060001373291016,53.220001220703125
XLF,2026-07-06,55.849998474121094,55.619998931884766
XLI,2026-07-06,184.6999969482422,183.91000366210938
XLK,2026-07-06,182.66000366210938,180.58999633789062
XLP,2026-07-06,84.80000305175781,84.98999786376953
XLRE,2026-07-06,44.72999954223633,44.68000030517578
XLU,2026-07-06,45.709999084472656,45.7599983215332
XLV,2026-07-06,163.1999969482422,163.74000549316406
XLY,2026-07-06,117.52999877929688,117.12000274658203
XME,2026-07-06,106.0999984741211,105.12999725341795
XPH,2026-07-06,67.0199966430664,67.16000366210938
XRT,2026-07-06,88.20999908447266,88.05999755859375
ANGL,2026-07-07,29.18000030517578,29.18000030517578
BKLN,2026-07-07,20.40999984741211,20.389999389648438
BNO,2026-07-07,40.529998779296875,39.939998626708984
BWX,2026-07-07,21.63999938964844,21.670000076293945
CANE,2026-07-07,9.9399995803833,9.9399995803833
CEMB,2026-07-07,45.400001525878906,45.5099983215332
CIBR,2026-07-07,93.58000183105467,92.91000366210938
CORN,2026-07-07,17.479999542236328,17.450000762939453
CPER,2026-07-07,37.68000030517578,37.84000015258789
DBA,2026-07-07,27.5,27.540000915527344
DBB,2026-07-07,24.200000762939453,24.260000228881836
DBC,2026-07-07,27.09000015258789,27.0
DBE,2026-07-07,26.239999771118164,26.100000381469727
DBO,2026-07-07,17.559999465942383,17.31999969482422
DIA,2026-07-07,532.510009765625,530.0900268554688
EBND,2026-07-07,20.93000030517578,20.93000030517578
EEM,2026-07-07,65.98999786376953,67.56999969482422
EFA,2026-07-07,105.0199966430664,105.45999908447266
EMB,2026-07-07,96.0999984741211,96.3499984741211
EMHY,2026-07-07,40.52999877929688,40.58000183105469
EMLC,2026-07-07,25.549999237060547,25.59000015258789
EPI,2026-07-07,42.90999984741211,43.060001373291016
EWA,2026-07-07,28.38999938964844,28.32999992370605
EWC,2026-07-07,58.2400016784668,58.060001373291016
EWG,2026-07-07,42.41999816894531,42.65999984741211
EWJ,2026-07-07,93.93000030517578,95.2699966430664
EWL,2026-07-07,63.93999862670898,63.70000076293945
EWN,2026-07-07,67.70999908447266,68.81999969482422
EWQ,2026-07-07,46.0099983215332,46.06999969482422
EWT,2026-07-07,102.75,107.2699966430664
EWU,2026-07-07,47.47999954223633,47.220001220703125
EWW,2026-07-07,76.04000091552734,76.43000030517578
EWY,2026-07-07,181.8500061035156,189.8500061035156
EWZ,2026-07-07,34.869998931884766,34.91999816894531
EZA,2026-07-07,64.5999984741211,64.62999725341797
EZU,2026-07-07,69.47000122070312,69.87999725341797
FALN,2026-07-07,27.200000762939453,27.209999084472656
FDN,2026-07-07,272.6400146484375,270.4599914550781
FXI,2026-07-07,32.4900016784668,32.4900016784668
GIGB,2026-07-07,45.59000015258789,45.73500061035156
GLD,2026-07-07,382.3900146484375,382.1300048828125
GLTR,2026-07-07,187.97999572753903,188.67999267578125
GOVT,2026-07-07,22.65999984741211,22.690000534057617
HYG,2026-07-07,79.8499984741211,79.87000274658203
IAU,2026-07-07,78.3499984741211,78.30000305175781
IEF,2026-07-07,94.0,94.18000030517578
IEI,2026-07-07,117.05000305175781,117.19999694824219
IGIB,2026-07-07,52.900001525878906,53.0
IGV,2026-07-07,95.83999633789062,94.79000091552734
IHI,2026-07-07,52.810001373291016,52.11000061035156
INDA,2026-07-07,49.63999938964844,49.880001068115234
ITB,2026-07-07,101.37000274658205,101.30999755859376
IWM,2026-07-07,299.1700134277344,298.8999938964844
IYR,2026-07-07,103.79000091552734,103.2300033569336
IYT,2026-07-07,87.83000183105469,87.4000015258789
JMBS,2026-07-07,44.97999954223633,45.0
JNK,2026-07-07,96.16000366210938,96.1500015258789
KRE,2026-07-07,75.69000244140625,75.55999755859375
LEMB,2026-07-07,42.540000915527344,42.59000015258789
LIT,2026-07-07,74.58000183105469,76.16999816894531
LMBS,2026-07-07,49.77999877929688,49.84000015258789
LQD,2026-07-07,108.29000091552734,108.66999816894531
MBB,2026-07-07,94.19999694824219,94.27999877929688
MDY,2026-07-07,694.9500122070312,696.6599731445312
PALL,2026-07-07,23.25,23.149999618530273
PCY,2026-07-07,21.600000381469727,21.649999618530277
PFF,2026-07-07,30.739999771118164,30.739999771118164
PPLT,2026-07-07,14.930000305175781,14.829999923706055
QLTA,2026-07-07,47.20000076293945,47.34000015258789
QQQ,2026-07-07,714.1699829101562,722.8200073242188
REM,2026-07-07,22.18000030517578,22.190000534057617
REMX,2026-07-07,82.55999755859375,85.33999633789062
RSP,2026-07-07,215.80999755859372,215.0
RWR,2026-07-07,115.11000061035156,114.37999725341795
RWX,2026-07-07,27.489999771118164,27.34000015258789
SCHH,2026-07-07,24.0,23.8700008392334
SCHO,2026-07-07,24.07999992370605,24.09000015258789
SCHP,2026-07-07,26.280000686645508,26.299999237060547
SGOL,2026-07-07,39.65999984741211,39.650001525878906
SHY,2026-07-07,81.94000244140625,81.9800033569336
SHYG,2026-07-07,42.290000915527344,42.27999877929688
SIVR,2026-07-07,58.20000076293945,58.9900016784668
SKYY,2026-07-07,139.80999755859375,137.55999755859375
SLQD,2026-07-07,50.209999084472656,50.2400016784668
SLV,2026-07-07,55.38999938964844,56.11000061035156
SLX,2026-07-07,98.7699966430664,100.12999725341795
SMH,2026-07-07,580.02001953125,604.2999877929688
SOXX,2026-07-07,551.9299926757812,581.510009765625
SOYB,2026-07-07,25.299999237060547,25.239999771118164
SPIB,2026-07-07,33.33000183105469,33.380001068115234
SPMB,2026-07-07,22.209999084472656,22.229999542236328
SPTL,2026-07-07,25.88999938964844,25.979999542236328
SPY,2026-07-07,750.219970703125,751.280029296875
SRLN,2026-07-07,40.2599983215332,40.2599983215332
STIP,2026-07-07,101.31999969482422,101.36000061035156
TIP,2026-07-07,108.36000061035156,108.48999786376953
TLH,2026-07-07,99.22000122070312,99.52999877929688
TLT,2026-07-07,85.12000274658203,85.44999694824219
TUR,2026-07-07,39.59000015258789,39.45000076293945
UGA,2026-07-07,104.62999725341797,106.58000183105469
UNG,2026-07-07,11.649999618530273,11.710000038146973
UNL,2026-07-07,6.300000190734863,6.28000020980835
USHY,2026-07-07,36.93999862670898,36.959999084472656
USIG,2026-07-07,50.97999954223633,51.09000015258789
USO,2026-07-07,105.66999816894531,104.3499984741211
VCIT,2026-07-07,82.19000244140625,82.38999938964844
VCSH,2026-07-07,78.7699966430664,78.8499984741211
VDC,2026-07-07,231.7400054931641,228.1999969482422
VGIT,2026-07-07,58.72999954223633,58.810001373291016
VGLT,2026-07-07,54.43999862670898,54.630001068115234
VHT,2026-07-07,310.2900085449219,305.79998779296875
VMBS,2026-07-07,46.619998931884766,46.619998931884766
VNQ,2026-07-07,97.80999755859376,97.23999786376952
VNQI,2026-07-07,45.70000076293945,45.709999084472656
VPU,2026-07-07,196.72000122070312,195.6199951171875
VTIP,2026-07-07,49.63999938964844,49.650001525878906
VWOB,2026-07-07,66.91000366210938,67.05000305175781
WEAT,2026-07-07,22.950000762939453,22.93000030517578
XBI,2026-07-07,162.0399932861328,160.80999755859375
XLB,2026-07-07,51.959999084472656,51.97999954223633
XLC,2026-07-07,111.66999816894531,110.20999908447266
XLE,2026-07-07,53.61000061035156,53.130001068115234
XLF,2026-07-07,56.310001373291016,56.13999938964844
XLI,2026-07-07,184.5399932861328,185.55999755859375
XLK,2026-07-07,179.83999633789062,183.57000732421875
XLP,2026-07-07,85.5199966430664,84.0999984741211
XLRE,2026-07-07,44.525001525878906,44.290000915527344
XLU,2026-07-07,45.630001068115234,45.29999923706055
XLV,2026-07-07,164.75,161.9600067138672
XLY,2026-07-07,118.91999816894531,118.01000213623047
XME,2026-07-07,105.30999755859376,106.08000183105467
XPH,2026-07-07,68.94999694824219,67.27999877929688
XRT,2026-07-07,87.97000122070312,87.62000274658203
ANGL,2026-07-08,29.07999992370605,29.13999938964844
BKLN,2026-07-08,20.420000076293945,20.420000076293945
BNO,2026-07-08,43.439998626708984,41.93000030517578
BWX,2026-07-08,21.46999931335449,21.549999237060547
CANE,2026-07-08,9.9399995803833,9.9399995803833
CEMB,2026-07-08,45.33000183105469,45.38999938964844
CIBR,2026-07-08,91.3550033569336,92.20999908447266
CORN,2026-07-08,17.6299991607666,17.6299991607666
CPER,2026-07-08,36.88999938964844,37.38999938964844
DBA,2026-07-08,27.639999389648438,27.549999237060547
DBB,2026-07-08,24.06999969482422,24.09000015258789
DBC,2026-07-08,27.670000076293945,27.350000381469727
DBE,2026-07-08,27.61000061035156,26.90999984741211
DBO,2026-07-08,18.670000076293945,18.100000381469727
DIA,2026-07-08,523.3400268554688,528.4500122070312
EBND,2026-07-08,20.799999237060547,20.8799991607666
EEM,2026-07-08,65.16000366210938,65.72000122070312
EFA,2026-07-08,102.80999755859375,104.16000366210938
EMB,2026-07-08,95.7699966430664,95.94000244140625
EMHY,2026-07-08,40.41999816894531,40.4900016784668
EMLC,2026-07-08,25.3799991607666,25.479999542236328
EPI,2026-07-08,42.119998931884766,42.59999847412109
EWA,2026-07-08,27.950000762939453,28.1299991607666
EWC,2026-07-08,58.11000061035156,58.36000061035156
EWG,2026-07-08,41.20000076293945,42.04999923706055
EWJ,2026-07-08,91.5199966430664,93.06999969482422
EWL,2026-07-08,62.75,63.40999984741211
EWN,2026-07-08,66.80000305175781,67.19000244140625
EWQ,2026-07-08,44.810001373291016,45.5
EWT,2026-07-08,102.04000091552734,101.87999725341795
EWU,2026-07-08,46.59999847412109,47.130001068115234
EWW,2026-07-08,74.22000122070312,75.04000091552734
EWY,2026-07-08,174.75,181.2899932861328
EWZ,2026-07-08,34.47999954223633,34.63999938964844
EZA,2026-07-08,62.43000030517578,63.59000015258789
EZU,2026-07-08,67.80999755859375,68.83999633789062
FALN,2026-07-08,27.100000381469727,27.149999618530277
FDN,2026-07-08,269.1600036621094,271.6700134277344
FXI,2026-07-08,33.470001220703125,32.4900016784668
GIGB,2026-07-08,45.400001525878906,45.46500015258789
GLD,2026-07-08,373.1700134277344,377.489990234375
GLTR,2026-07-08,181.7400054931641,185.67999267578125
GOVT,2026-07-08,22.559999465942383,22.600000381469727
HYG,2026-07-08,79.61000061035156,79.76000213623047
IAU,2026-07-08,76.48999786376953,77.37000274658203
IEF,2026-07-08,93.52999877929688,93.69999694824219
IEI,2026-07-08,116.66999816894531,116.83999633789062
IGIB,2026-07-08,52.650001525878906,52.720001220703125
IGV,2026-07-08,92.88999938964844,94.12999725341795
IHI,2026-07-08,51.970001220703125,52.25
INDA,2026-07-08,48.650001525878906,49.33000183105469
ITB,2026-07-08,98.80999755859376,99.87000274658205
IWM,2026-07-08,294.0299987792969,296.19000244140625
IYR,2026-07-08,104.37000274658205,104.51000213623048
IYT,2026-07-08,86.69999694824219,87.16999816894531
JMBS,2026-07-08,44.66999816894531,44.83000183105469
JNK,2026-07-08,95.8499984741211,96.05000305175781
KRE,2026-07-08,74.68000030517578,75.06999969482422
LEMB,2026-07-08,42.33000183105469,42.4900016784668
LIT,2026-07-08,71.30000305175781,73.80000305175781
LMBS,2026-07-08,49.59000015258789,49.59000015258789
LQD,2026-07-08,107.68000030517578,107.87999725341797
MBB,2026-07-08,93.70999908447266,93.83999633789062
MDY,2026-07-08,683.469970703125,688.1199951171875
PALL,2026-07-08,22.020000457763672,23.010000228881836
PCY,2026-07-08,21.420000076293945,21.51000022888184
PFF,2026-07-08,30.440000534057617,30.510000228881836
PPLT,2026-07-08,14.3100004196167,14.84000015258789
QLTA,2026-07-08,46.959999084472656,47.04999923706055
QQQ,2026-07-08,704.9500122070312,709.4299926757812
REM,2026-07-08,21.940000534057617,22.040000915527344
REMX,2026-07-08,79.0,81.05999755859375
RSP,2026-07-08,213.5399932861328,214.72999572753903
RWR,2026-07-08,115.5,115.66999816894533
RWX,2026-07-08,27.21999931335449,27.350000381469727
SCHH,2026-07-08,24.1200008392334,24.149999618530277
SCHO,2026-07-08,24.059999465942383,24.059999465942383
SCHP,2026-07-08,26.21999931335449,26.239999771118164
SGOL,2026-07-08,38.720001220703125,39.18000030517578
SHY,2026-07-08,81.86000061035156,81.86000061035156
SHYG,2026-07-08,42.18999862670898,42.27000045776367
SIVR,2026-07-08,55.459999084472656,57.27000045776367
SKYY,2026-07-08,137.11000061035156,139.00999450683594
SLQD,2026-07-08,50.119998931884766,50.16999816894531
SLV,2026-07-08,52.7599983215332,54.459999084472656
SLX,2026-07-08,96.61000061035156,98.43000030517578
SMH,2026-07-08,575.3300170898438,581.4500122070312
SOXX,2026-07-08,544.6599731445312,551.6900024414062
SOYB,2026-07-08,25.40999984741211,25.34000015258789
SPIB,2026-07-08,33.2400016784668,33.27000045776367
SPMB,2026-07-08,22.11000061035156,22.1299991607666
SPTL,2026-07-08,25.649999618530277,25.71999931335449
SPY,2026-07-08,743.1599731445312,747.7100219726562
SRLN,2026-07-08,40.25,40.27999877929688
STIP,2026-07-08,101.33999633789062,101.31999969482422
TIP,2026-07-08,108.08999633789062,108.16999816894531
TLH,2026-07-08,98.37000274658203,98.63999938964844
TLT,2026-07-08,84.30999755859375,84.55000305175781
TUR,2026-07-08,38.709999084472656,39.27999877929688
UGA,2026-07-08,108.44000244140625,105.9000015258789
UNG,2026-07-08,11.84000015258789,11.760000228881836
UNL,2026-07-08,6.380000114440918,6.349999904632568
USHY,2026-07-08,36.84000015258789,36.93000030517578
USIG,2026-07-08,50.7400016784668,50.81999969482422
USO,2026-07-08,112.36000061035156,108.91999816894531
VCIT,2026-07-08,81.83999633789062,81.94999694824219
VCSH,2026-07-08,78.63999938964844,78.66999816894531
VDC,2026-07-08,231.0,230.1000061035156
VGIT,2026-07-08,58.52000045776367,58.61000061035156
VGLT,2026-07-08,53.959999084472656,54.09999847412109
VHT,2026-07-08,308.44000244140625,310.2900085449219
VMBS,2026-07-08,46.41999816894531,46.459999084472656
VNQ,2026-07-08,98.19000244140624,98.4000015258789
VNQI,2026-07-08,44.97999954223633,45.5
VPU,2026-07-08,197.3800048828125,197.25
VTIP,2026-07-08,49.63999938964844,49.63999938964844
VWOB,2026-07-08,66.58999633789062,66.68000030517578
WEAT,2026-07-08,23.18000030517578,23.09000015258789
XBI,2026-07-08,162.22999572753906,163.8699951171875
XLB,2026-07-08,51.0,51.5099983215332
XLC,2026-07-08,110.91999816894531,111.0199966430664
XLE,2026-07-08,55.459999084472656,54.63999938964844
XLF,2026-07-08,55.790000915527344,56.04999923706055
XLI,2026-07-08,180.75999450683594,182.3800048828125
XLK,2026-07-08,177.47999572753906,179.17999267578125
XLP,2026-07-08,85.16999816894531,84.86000061035156
XLRE,2026-07-08,44.849998474121094,44.88999938964844
XLU,2026-07-08,45.7400016784668,45.70000076293945
XLV,2026-07-08,163.4199981689453,164.44000244140625
XLY,2026-07-08,116.30999755859375,117.38999938964844
XME,2026-07-08,100.81999969482422,102.47000122070312
XPH,2026-07-08,69.47000122070312,69.83000183105469
XRT,2026-07-08,86.58999633789062,87.16999816894531
ANGL,2026-07-09,29.07999992370605,29.059999465942383
BKLN,2026-07-09,20.43000030517578,20.420000076293945
BNO,2026-07-09,43.220001220703125,43.56999969482422
BWX,2026-07-09,21.5,21.5
CANE,2026-07-09,9.890000343322754,9.9399995803833
CEMB,2026-07-09,45.34999847412109,45.34000015258789
CIBR,2026-07-09,90.95999908447266,91.66000366210938
CORN,2026-07-09,17.260000228881836,17.329999923706055
CPER,2026-07-09,37.65999984741211,37.06999969482422
DBA,2026-07-09,27.670000076293945,27.6200008392334
DBB,2026-07-09,24.34000015258789,24.110000610351562
DBC,2026-07-09,27.75,27.799999237060547
DBE,2026-07-09,27.690000534057617,27.989999771118164
DBO,2026-07-09,18.40999984741211,18.68000030517578
DIA,2026-07-09,523.6500244140625,522.77001953125
EBND,2026-07-09,20.81999969482422,20.82999992370605
EEM,2026-07-09,66.56999969482422,66.2300033569336
EFA,2026-07-09,103.61000061035156,103.36000061035156
EMB,2026-07-09,95.7300033569336,95.79000091552734
EMHY,2026-07-09,40.41999816894531,40.40999984741211
EMLC,2026-07-09,25.3799991607666,25.38999938964844
EPI,2026-07-09,42.22999954223633,42.119998931884766
EWA,2026-07-09,28.170000076293945,28.1200008392334
EWC,2026-07-09,58.06999969482422,57.970001220703125
EWG,2026-07-09,41.380001068115234,41.310001373291016
EWJ,2026-07-09,92.91000366210938,92.54000091552734
EWL,2026-07-09,62.75,62.84000015258789
EWN,2026-07-09,68.58000183105469,67.66999816894531
EWQ,2026-07-09,44.9900016784668,44.93000030517578
EWT,2026-07-09,105.05999755859376,103.9000015258789
EWU,2026-07-09,46.220001220703125,46.4900016784668
EWW,2026-07-09,74.4000015258789,74.70999908447266
EWY,2026-07-09,183.6499938964844,182.72000122070312
EWZ,2026-07-09,34.47999954223633,34.40999984741211
EZA,2026-07-09,63.220001220703125,62.68999862670898
EZU,2026-07-09,68.58999633789062,68.19000244140625
FALN,2026-07-09,27.1299991607666,27.100000381469727
FDN,2026-07-09,268.010009765625,270.92999267578125
FXI,2026-07-09,33.220001220703125,33.439998626708984
GIGB,2026-07-09,45.43000030517578,45.3849983215332
GLD,2026-07-09,378.510009765625,374.45001220703125
GLTR,2026-07-09,185.16000366210935,182.5
GOVT,2026-07-09,22.57999992370605,22.56999969482422
HYG,2026-07-09,79.7300033569336,79.66000366210938
IAU,2026-07-09,77.58000183105469,76.73999786376953
IEF,2026-07-09,93.58999633789062,93.51000213623047
IEI,2026-07-09,116.76000213623047,116.68000030517578
IGIB,2026-07-09,52.68999862670898,52.63999938964844
IGV,2026-07-09,90.6999969482422,92.4800033569336
IHI,2026-07-09,51.2400016784668,51.2599983215332
INDA,2026-07-09,48.88999938964844,48.650001525878906
ITB,2026-07-09,96.33000183105467,95.91000366210938
IWM,2026-07-09,295.2699890136719,293.4800109863281
IYR,2026-07-09,102.91999816894533,102.79000091552734
IYT,2026-07-09,86.75,86.58999633789062
JMBS,2026-07-09,44.77999877929688,44.70000076293945
JNK,2026-07-09,95.97000122070312,95.9000015258789
KRE,2026-07-09,73.68000030517578,73.33999633789062
LEMB,2026-07-09,42.369998931884766,42.38999938964844
LIT,2026-07-09,72.5999984741211,72.12000274658203
LMBS,2026-07-09,49.650001525878906,49.60499954223633
LQD,2026-07-09,107.70999908447266,107.66999816894531
MBB,2026-07-09,93.77999877929688,93.69000244140625
MDY,2026-07-09,686.1500244140625,681.469970703125
PALL,2026-07-09,22.709999084472656,22.15999984741211
PCY,2026-07-09,21.46999931335449,21.450000762939453
PFF,2026-07-09,30.459999084472656,30.450000762939453
PPLT,2026-07-09,14.630000114440918,14.40999984741211
QLTA,2026-07-09,46.97999954223633,46.970001220703125
QQQ,2026-07-09,718.3300170898438,711.4400024414062
REM,2026-07-09,21.88999938964844,21.82999992370605
REMX,2026-07-09,80.19999694824219,79.6500015258789
RSP,2026-07-09,212.83999633789065,212.1999969482422
RWR,2026-07-09,114.0,113.7300033569336
RWX,2026-07-09,27.1200008392334,27.030000686645508
SCHH,2026-07-09,23.809999465942383,23.780000686645508
SCHO,2026-07-09,24.059999465942383,24.059999465942383
SCHP,2026-07-09,26.21999931335449,26.209999084472656
SGOL,2026-07-09,39.27000045776367,38.84999847412109
SHY,2026-07-09,81.88999938964844,81.83999633789062
SHYG,2026-07-09,42.220001220703125,42.209999084472656
SIVR,2026-07-09,56.88999938964844,55.52000045776367
SKYY,2026-07-09,137.3300018310547,138.85000610351562
SLQD,2026-07-09,50.13999938964844,50.13999938964844
SLV,2026-07-09,54.11000061035156,52.83000183105469
SLX,2026-07-09,97.45999908447266,97.33000183105467
SMH,2026-07-09,615.47998046875,593.0
SOXX,2026-07-09,589.5,562.030029296875
SOYB,2026-07-09,25.229999542236328,25.200000762939453
SPIB,2026-07-09,33.25,33.22999954223633
SPMB,2026-07-09,22.1299991607666,22.11000061035156
SPTL,2026-07-09,25.63999938964844,25.65999984741211
SPY,2026-07-09,747.3499755859375,745.4000244140625
SRLN,2026-07-09,40.27999877929688,40.2400016784668
STIP,2026-07-09,101.41000366210938,101.3499984741211
TIP,2026-07-09,108.13999938964844,108.05000305175781
TLH,2026-07-09,98.37000274658203,98.38999938964844
TLT,2026-07-09,84.27999877929688,84.36000061035156
TUR,2026-07-09,38.34000015258789,38.709999084472656
UGA,2026-07-09,111.33999633789062,110.6500015258789
UNG,2026-07-09,11.289999961853027,11.600000381469727
UNL,2026-07-09,6.289999961853027,6.329999923706055
USHY,2026-07-09,36.88999938964844,36.86000061035156
USIG,2026-07-09,50.77000045776367,50.72999954223633
USO,2026-07-09,110.83999633789062,112.20999908447266
VCIT,2026-07-09,81.87000274658203,81.81999969482422
VCSH,2026-07-09,78.66999816894531,78.61000061035156
VDC,2026-07-09,226.6699981689453,228.80999755859372
VGIT,2026-07-09,58.560001373291016,58.52000045776367
VGLT,2026-07-09,53.95000076293945,53.959999084472656
VHT,2026-07-09,306.0,306.4100036621094
VMBS,2026-07-09,46.43000030517578,46.369998931884766
VNQ,2026-07-09,97.02999877929688,96.8000030517578
VNQI,2026-07-09,45.02000045776367,45.08000183105469
VPU,2026-07-09,196.6199951171875,195.8500061035156
VTIP,2026-07-09,49.65999984741211,49.650001525878906
VWOB,2026-07-09,66.63999938964844,66.62000274658203
WEAT,2026-07-09,22.670000076293945,22.700000762939453
XBI,2026-07-09,162.8000030517578,162.97000122070312
XLB,2026-07-09,50.369998931884766,50.15999984741211
XLC,2026-07-09,108.08000183105469,109.45999908447266
XLE,2026-07-09,55.279998779296875,55.599998474121094
XLF,2026-07-09,55.06999969482422,54.970001220703125
XLI,2026-07-09,182.42999267578125,180.4199981689453
XLK,2026-07-09,184.75999450683594,181.39999389648438
XLP,2026-07-09,83.55000305175781,84.38999938964844
XLRE,2026-07-09,44.20000076293945,44.150001525878906
XLU,2026-07-09,45.560001373291016,45.36000061035156
XLV,2026-07-09,161.8000030517578,162.3000030517578
XLY,2026-07-09,114.72000122070312,115.30000305175781
XME,2026-07-09,102.95999908447266,101.94000244140624
XPH,2026-07-09,69.4000015258789,69.4000015258789
XRT,2026-07-09,85.95999908447266,86.0
ANGL,2026-07-10,29.09000015258789,29.09000015258789
BKLN,2026-07-10,20.440000534057617,20.43000030517578
BNO,2026-07-10,42.380001068115234,42.16999816894531
BWX,2026-07-10,21.59000015258789,21.520000457763672
CANE,2026-07-10,9.890000343322754,9.970000267028809
CEMB,2026-07-10,45.40999984741211,45.400001525878906
CIBR,2026-07-10,94.56999969482422,94.26000213623048
CORN,2026-07-10,17.329999923706055,17.25
CPER,2026-07-10,37.779998779296875,37.75
DBA,2026-07-10,27.649999618530273,27.709999084472656
DBB,2026-07-10,24.489999771118164,24.510000228881836
DBC,2026-07-10,27.5,27.57999992370605
DBE,2026-07-10,27.25,27.18000030517578
DBO,2026-07-10,18.170000076293945,18.13999938964844
DIA,2026-07-10,525.6400146484375,524.1900024414062
EBND,2026-07-10,20.90999984741211,20.8700008392334
EEM,2026-07-10,66.54000091552734,66.77999877929688
EFA,2026-07-10,104.18000030517578,103.91999816894531
EMB,2026-07-10,95.93000030517578,95.95999908447266
EMHY,2026-07-10,40.47999954223633,40.5099983215332
EMLC,2026-07-10,25.5,25.440000534057617
EPI,2026-07-10,42.68000030517578,42.33000183105469
EWA,2026-07-10,28.36000061035156,28.200000762939453
EWC,2026-07-10,58.470001220703125,58.380001068115234
EWG,2026-07-10,41.58000183105469,41.540000915527344
EWJ,2026-07-10,94.11000061035156,93.5199966430664
EWL,2026-07-10,62.97999954223633,62.970001220703125
EWN,2026-07-10,67.83000183105469,68.06999969482422
EWQ,2026-07-10,45.0,45.040000915527344
EWT,2026-07-10,104.98999786376952,105.0500030517578
EWU,2026-07-10,46.56999969482422,46.40999984741211
EWW,2026-07-10,74.66000366210938,74.23999786376953
EWY,2026-07-10,181.4600067138672,184.75
EWZ,2026-07-10,35.599998474121094,34.959999084472656
EZA,2026-07-10,63.45000076293945,63.27999877929688
EZU,2026-07-10,68.62999725341797,68.51000213623047
FALN,2026-07-10,27.1299991607666,27.1200008392334
FDN,2026-07-10,278.44000244140625,275.69000244140625
FXI,2026-07-10,33.439998626708984,33.40999984741211
GIGB,2026-07-10,45.380001068115234,45.43000030517578
GLD,2026-07-10,375.0,378.17999267578125
GLTR,2026-07-10,183.6999969482422,185.19000244140625
GOVT,2026-07-10,22.61000061035156,22.600000381469727
HYG,2026-07-10,79.77999877929688,79.75
IAU,2026-07-10,76.86000061035156,77.51000213623047
IEF,2026-07-10,93.73999786376953,93.70999908447266
IEI,2026-07-10,116.83999633789062,116.83999633789062
IGIB,2026-07-10,52.720001220703125,52.709999084472656
IGV,2026-07-10,94.97000122070312,93.87999725341795
IHI,2026-07-10,51.43999862670898,51.27999877929688
INDA,2026-07-10,49.380001068115234,49.02000045776367
ITB,2026-07-10,97.38999938964844,96.88999938964844
IWM,2026-07-10,297.69000244140625,297.239990234375
IYR,2026-07-10,103.58999633789062,103.0
IYT,2026-07-10,88.30999755859375,88.18000030517578
JMBS,2026-07-10,44.79999923706055,44.810001373291016
JNK,2026-07-10,96.05999755859375,96.0
KRE,2026-07-10,74.73999786376953,74.6500015258789
LEMB,2026-07-10,42.52000045776367,42.470001220703125
LIT,2026-07-10,72.4000015258789,72.81999969482422
LMBS,2026-07-10,49.7400016784668,49.665000915527344
LQD,2026-07-10,107.72000122070312,107.70999908447266
MBB,2026-07-10,93.87999725341797,93.81999969482422
MDY,2026-07-10,691.4099731445312,690.219970703125
PALL,2026-07-10,22.989999771118164,22.700000762939453
PCY,2026-07-10,21.489999771118164,21.51000022888184
PFF,2026-07-10,30.59000015258789,30.559999465942383
PPLT,2026-07-10,14.609999656677246,14.619999885559082
QLTA,2026-07-10,46.9900016784668,47.02000045776367
QQQ,2026-07-10,720.7000122070312,723.280029296875
REM,2026-07-10,22.059999465942383,22.040000915527344
REMX,2026-07-10,79.5,80.02999877929688
RSP,2026-07-10,214.1499938964844,213.5
RWR,2026-07-10,114.29000091552734,113.76000213623048
RWX,2026-07-10,27.239999771118164,27.040000915527344
SCHH,2026-07-10,23.920000076293945,23.799999237060547
SCHO,2026-07-10,24.07999992370605,24.07999992370605
SCHP,2026-07-10,26.21999931335449,26.229999542236328
SGOL,2026-07-10,38.90999984741211,39.22999954223633
SHY,2026-07-10,81.91000366210938,81.91000366210938
SHYG,2026-07-10,42.27000045776367,42.25
SIVR,2026-07-10,56.40999984741211,56.900001525878906
SKYY,2026-07-10,143.52000427246094,141.85000610351562
SLQD,2026-07-10,50.15999984741211,50.15999984741211
SLV,2026-07-10,53.689998626708984,54.13999938964844
SLX,2026-07-10,98.51000213623048,97.08999633789062
SMH,2026-07-10,600.8699951171875,607.72998046875
SOXX,2026-07-10,571.989990234375,581.7000122070312
SOYB,2026-07-10,25.149999618530273,25.100000381469727
SPIB,2026-07-10,33.27000045776367,33.27000045776367
SPMB,2026-07-10,22.15999984741211,22.1299991607666
SPTL,2026-07-10,25.709999084472656,25.709999084472656
SPY,2026-07-10,752.0499877929688,751.7100219726562
SRLN,2026-07-10,40.310001373291016,40.31999969482422
STIP,2026-07-10,101.3499984741211,101.3499984741211
TIP,2026-07-10,108.08000183105469,108.12000274658203
TLH,2026-07-10,98.5999984741211,98.55000305175781
TLT,2026-07-10,84.51000213623047,84.48999786376953
TUR,2026-07-10,38.88999938964844,38.52999877929688
UGA,2026-07-10,106.37999725341797,107.26000213623047
UNG,2026-07-10,10.569999694824219,10.829999923706055
UNL,2026-07-10,6.050000190734863,6.139999866485596
USHY,2026-07-10,36.90999984741211,36.900001525878906
USIG,2026-07-10,50.77999877929688,50.77999877929688
USO,2026-07-10,109.30999755859375,109.01000213623047
VCIT,2026-07-10,81.94000244140625,81.91999816894531
VCSH,2026-07-10,78.69000244140625,78.69000244140625
VDC,2026-07-10,225.9499969482422,225.6000061035156
VGIT,2026-07-10,58.619998931884766,58.61000061035156
VGLT,2026-07-10,54.060001373291016,54.04999923706055
VHT,2026-07-10,307.2200012207031,306.5400085449219
VMBS,2026-07-10,46.52000045776367,46.470001220703125
VNQ,2026-07-10,97.61000061035156,97.08999633789062
VNQI,2026-07-10,45.5,45.13999938964844
VPU,2026-07-10,195.0200042724609,194.97000122070312
VTIP,2026-07-10,49.650001525878906,49.65999984741211
VWOB,2026-07-10,66.80999755859375,66.69999694824219
WEAT,2026-07-10,23.299999237060547,23.049999237060547
XBI,2026-07-10,163.88999938964844,164.27999877929688
XLB,2026-07-10,50.290000915527344,50.2599983215332
XLC,2026-07-10,111.72000122070312,110.51000213623047
XLE,2026-07-10,55.08000183105469,54.81999969482422
XLF,2026-07-10,55.9900016784668,55.540000915527344
XLI,2026-07-10,181.14999389648438,181.11000061035156
XLK,2026-07-10,184.00999450683594,185.35000610351562
XLP,2026-07-10,83.23999786376953,83.19999694824219
XLRE,2026-07-10,44.47999954223633,44.22999954223633
XLU,2026-07-10,45.119998931884766,45.130001068115234
XLV,2026-07-10,162.47999572753906,162.1699981689453
XLY,2026-07-10,117.58999633789062,116.8499984741211
XME,2026-07-10,103.18000030517578,103.23999786376952
XPH,2026-07-10,70.04000091552734,70.05000305175781
XRT,2026-07-10,87.25,86.91999816894531
ANGL,2026-07-13,29.030000686645508,29.030000686645508
BKLN,2026-07-13,20.450000762939453,20.440000534057617
BNO,2026-07-13,43.5,42.150001525878906
BWX,2026-07-13,21.559999465942383,21.59000015258789
CANE,2026-07-13,9.800000190734863,9.8100004196167
CEMB,2026-07-13,45.36000061035156,45.400001525878906
CIBR,2026-07-13,91.88999938964844,91.87999725341795
CORN,2026-07-13,17.649999618530273,17.479999542236328
CPER,2026-07-13,38.349998474121094,37.9900016784668
DBA,2026-07-13,27.809999465942383,27.770000457763672
DBB,2026-07-13,24.579999923706055,24.450000762939453
DBC,2026-07-13,27.850000381469727,27.520000457763672
DBE,2026-07-13,27.93000030517578,27.13999938964844
DBO,2026-07-13,18.549999237060547,18.059999465942383
DIA,2026-07-13,525.8400268554688,525.780029296875
EBND,2026-07-13,20.920000076293945,20.940000534057617
EEM,2026-07-13,65.19000244140625,66.9000015258789
EFA,2026-07-13,103.8499984741211,104.33000183105469
EMB,2026-07-13,95.69000244140625,95.98999786376953
EMHY,2026-07-13,40.41999816894531,40.5099983215332
EMLC,2026-07-13,25.51000022888184,25.549999237060547
EPI,2026-07-13,42.58000183105469,42.619998931884766
EWA,2026-07-13,28.489999771118164,28.450000762939453
EWC,2026-07-13,58.7400016784668,58.650001525878906
EWG,2026-07-13,41.54999923706055,41.4900016784668
EWJ,2026-07-13,93.06999969482422,94.5500030517578
EWL,2026-07-13,62.7599983215332,62.93000030517578
EWN,2026-07-13,67.77999877929688,68.11000061035156
EWQ,2026-07-13,45.119998931884766,45.040000915527344
EWT,2026-07-13,103.5500030517578,106.19000244140624
EWU,2026-07-13,46.40999984741211,46.59999847412109
EWW,2026-07-13,74.91999816894531,74.86000061035156
EWY,2026-07-13,170.30999755859375,183.5200042724609
EWZ,2026-07-13,35.81999969482422,35.93000030517578
EZA,2026-07-13,63.33000183105469,63.81999969482422
EZU,2026-07-13,68.55999755859375,68.55999755859375
FALN,2026-07-13,27.07999992370605,27.084999084472656
FDN,2026-07-13,275.6199951171875,276.2099914550781
FXI,2026-07-13,33.599998474121094,33.47999954223633
GIGB,2026-07-13,45.33000183105469,45.34099960327149
GLD,2026-07-13,372.7699890136719,377.010009765625
GLTR,2026-07-13,182.25999450683597,184.80999755859372
GOVT,2026-07-13,22.559999465942383,22.59000015258789
HYG,2026-07-13,79.66999816894531,79.70999908447266
IAU,2026-07-13,76.38999938964844,77.26000213623047
IEF,2026-07-13,93.5,93.62999725341797
IEI,2026-07-13,116.66000366210938,116.7699966430664
IGIB,2026-07-13,52.54999923706055,52.63999938964844
IGV,2026-07-13,92.5500030517578,92.41000366210938
IHI,2026-07-13,51.310001373291016,51.34000015258789
INDA,2026-07-13,49.119998931884766,49.29999923706055
ITB,2026-07-13,97.61000061035156,97.76000213623048
IWM,2026-07-13,295.05999755859375,295.989990234375
IYR,2026-07-13,103.66000366210938,103.31999969482422
IYT,2026-07-13,88.12999725341797,88.12000274658203
JMBS,2026-07-13,44.709999084472656,44.72999954223633
JNK,2026-07-13,95.87000274658203,95.93000030517578
KRE,2026-07-13,75.05999755859375,75.0199966430664
LEMB,2026-07-13,42.52000045776367,42.59000015258789
LIT,2026-07-13,71.0999984741211,72.31999969482422
LMBS,2026-07-13,49.68999862670898,49.68999862670898
LQD,2026-07-13,107.3499984741211,107.45999908447266
MBB,2026-07-13,93.5199966430664,93.72000122070312
MDY,2026-07-13,689.530029296875,689.8200073242188
PALL,2026-07-13,23.06999969482422,23.06999969482422
PCY,2026-07-13,21.40999984741211,21.520000457763672
PFF,2026-07-13,30.450000762939453,30.540000915527344
PPLT,2026-07-13,14.699999809265137,14.770000457763672
QLTA,2026-07-13,46.880001068115234,46.93999862670898
QQQ,2026-07-13,717.719970703125,725.510009765625
REM,2026-07-13,22.13999938964844,22.15999984741211
REMX,2026-07-13,77.6500015258789,79.76000213623047
RSP,2026-07-13,214.47999572753903,214.3000030517578
RWR,2026-07-13,114.02999877929688,113.87000274658205
RWX,2026-07-13,27.18000030517578,27.170000076293945
SCHH,2026-07-13,23.96999931335449,23.88999938964844
SCHO,2026-07-13,24.049999237060547,24.06999969482422
SCHP,2026-07-13,26.200000762939453,26.229999542236328
SGOL,2026-07-13,38.68000030517578,39.119998931884766
SHY,2026-07-13,81.87000274658203,81.87999725341797
SHYG,2026-07-13,42.220001220703125,42.220001220703125
SIVR,2026-07-13,55.68000030517578,56.709999084472656
SKYY,2026-07-13,140.1199951171875,139.77000427246094
SLQD,2026-07-13,50.119998931884766,50.130001068115234
SLV,2026-07-13,52.95000076293945,53.95000076293945
SLX,2026-07-13,98.5,99.12000274658205
SMH,2026-07-13,598.010009765625,611.030029296875
SOXX,2026-07-13,563.5800170898438,581.3400268554688
SOYB,2026-07-13,25.260000228881836,25.170000076293945
SPIB,2026-07-13,33.209999084472656,33.220001220703125
SPMB,2026-07-13,22.06999969482422,22.1200008392334
SPTL,2026-07-13,25.61000061035156,25.690000534057617
SPY,2026-07-13,752.469970703125,754.9500122070312
SRLN,2026-07-13,40.33000183105469,40.34999847412109
STIP,2026-07-13,101.33000183105467,101.33999633789062
TIP,2026-07-13,108.05000305175781,108.12999725341797
TLH,2026-07-13,98.2300033569336,98.5
TLT,2026-07-13,84.19000244140625,84.47000122070312
TUR,2026-07-13,38.34000015258789,38.93999862670898
UGA,2026-07-13,107.9800033569336,106.05000305175781
UNG,2026-07-13,10.3100004196167,10.600000381469727
UNL,2026-07-13,6.010000228881836,6.059999942779541
USHY,2026-07-13,36.83000183105469,36.869998931884766
USIG,2026-07-13,50.619998931884766,50.709999084472656
USO,2026-07-13,111.88999938964844,108.69999694824219
VCIT,2026-07-13,81.69000244140625,81.80999755859375
VCSH,2026-07-13,78.58999633789062,78.61000061035156
VDC,2026-07-13,229.05999755859372,228.13999938964844
VGIT,2026-07-13,58.5,58.560001373291016
VGLT,2026-07-13,53.88999938964844,54.04999923706055
VHT,2026-07-13,303.510009765625,303.4599914550781
VMBS,2026-07-13,46.34000015258789,46.43999862670898
VNQ,2026-07-13,97.62999725341795,97.31999969482422
VNQI,2026-07-13,45.34000015258789,45.540000915527344
VPU,2026-07-13,196.38999938964844,196.1699981689453
VTIP,2026-07-13,49.630001068115234,49.63999938964844
VWOB,2026-07-13,66.5999984741211,66.80000305175781
WEAT,2026-07-13,23.760000228881836,23.719999313354492
XBI,2026-07-13,157.22999572753906,159.02999877929688
XLB,2026-07-13,50.970001220703125,50.88999938964844
XLC,2026-07-13,111.77999877929688,111.63999938964844
XLE,2026-07-13,55.86000061035156,55.08000183105469
XLF,2026-07-13,55.97999954223633,55.709999084472656
XLI,2026-07-13,181.52000427246094,181.9199981689453
XLK,2026-07-13,183.10000610351562,185.77999877929688
XLP,2026-07-13,84.55000305175781,84.12000274658203
XLRE,2026-07-13,44.61000061035156,44.45000076293945
XLU,2026-07-13,45.45000076293945,45.40999984741211
XLV,2026-07-13,160.97000122070312,160.83999633789062
XLY,2026-07-13,117.19999694824219,117.23999786376953
XME,2026-07-13,102.81999969482422,103.69000244140624
XPH,2026-07-13,67.95999908447266,68.44000244140625
XRT,2026-07-13,88.20999908447266,88.08000183105469
ANGL,2026-07-14,29.040000915527344,28.959999084472656
BKLN,2026-07-14,20.450000762939453,20.440000534057617
BNO,2026-07-14,47.810001373291016,46.0
BWX,2026-07-14,21.6299991607666,21.450000762939453
CANE,2026-07-14,9.779999732971191,9.75
CEMB,2026-07-14,45.34999847412109,45.29999923706055
CIBR,2026-07-14,90.87999725341795,91.83999633789062
CORN,2026-07-14,17.389999389648438,17.549999237060547
CPER,2026-07-14,38.630001068115234,37.939998626708984
DBA,2026-07-14,27.6299991607666,27.719999313354492
DBB,2026-07-14,24.709999084472656,24.479999542236328
DBC,2026-07-14,28.65999984741211,28.32999992370605
DBE,2026-07-14,29.520000457763672,29.01000022888184
DBO,2026-07-14,20.01000022888184,19.59000015258789
DIA,2026-07-14,523.3200073242188,524.469970703125
EBND,2026-07-14,20.920000076293945,20.850000381469727
EEM,2026-07-14,65.52999877929688,64.5
EFA,2026-07-14,104.37999725341797,103.23999786376953
EMB,2026-07-14,95.7300033569336,95.37999725341797
EMHY,2026-07-14,40.45000076293945,40.29999923706055
EMLC,2026-07-14,25.51000022888184,25.38999938964844
EPI,2026-07-14,42.18999862670898,42.33000183105469
EWA,2026-07-14,28.6299991607666,28.350000381469727
EWC,2026-07-14,59.0,58.72999954223633
EWG,2026-07-14,41.4900016784668,41.22999954223633
EWJ,2026-07-14,94.16999816894533,92.72000122070312
EWL,2026-07-14,62.810001373291016,62.41999816894531
EWN,2026-07-14,67.95999908447266,67.08999633789062
EWQ,2026-07-14,45.2599983215332,44.83000183105469
EWT,2026-07-14,102.30999755859376,101.87999725341795
EWU,2026-07-14,46.52999877929688,46.36000061035156
EWW,2026-07-14,74.66000366210938,74.1500015258789
EWY,2026-07-14,173.6699981689453,168.02000427246094
EWZ,2026-07-14,35.91999816894531,35.38999938964844
EZA,2026-07-14,63.459999084472656,62.7599983215332
EZU,2026-07-14,68.47000122070312,67.9000015258789
FALN,2026-07-14,27.07999992370605,27.0049991607666
FDN,2026-07-14,271.8099975585937,274.8099975585937
FXI,2026-07-14,33.959999084472656,33.439998626708984
GIGB,2026-07-14,45.20000076293945,45.16999816894531
GLD,2026-07-14,374.5299987792969,367.1300048828125
GLTR,2026-07-14,183.67999267578125,179.6999969482422
GOVT,2026-07-14,22.57999992370605,22.520000457763672
HYG,2026-07-14,79.68000030517578,79.5199966430664
IAU,2026-07-14,76.7699966430664,75.25
IEF,2026-07-14,93.5999984741211,93.29000091552734
IEI,2026-07-14,116.79000091552734,116.44999694824219
IGIB,2026-07-14,52.54999923706055,52.41999816894531
IGV,2026-07-14,90.37000274658205,92.6999969482422
IHI,2026-07-14,50.290000915527344,51.34000015258789
INDA,2026-07-14,48.65999984741211,48.790000915527344
ITB,2026-07-14,97.98999786376952,96.3000030517578
IWM,2026-07-14,295.489990234375,293.4800109863281
IYR,2026-07-14,103.97000122070312,103.91000366210938
IYT,2026-07-14,88.37999725341797,88.04000091552734
JMBS,2026-07-14,44.68000030517578,44.58000183105469
JNK,2026-07-14,95.9000015258789,95.76000213623047
KRE,2026-07-14,75.05999755859375,75.12000274658203
LEMB,2026-07-14,42.52000045776367,42.38999938964844
LIT,2026-07-14,71.55999755859375,70.23999786376953
LMBS,2026-07-14,49.66999816894531,49.632999420166016
LQD,2026-07-14,107.16000366210938,106.95999908447266
MBB,2026-07-14,93.55999755859375,93.26000213623047
MDY,2026-07-14,691.5,685.97998046875
PALL,2026-07-14,23.350000381469727,22.729999542236328
PCY,2026-07-14,21.38999938964844,21.32999992370605
PFF,2026-07-14,30.420000076293945,30.350000381469727
PPLT,2026-07-14,14.869999885559082,14.520000457763672
QLTA,2026-07-14,46.81999969482422,46.7400016784668
QQQ,2026-07-14,720.219970703125,711.739990234375
REM,2026-07-14,22.06999969482422,21.899999618530277
REMX,2026-07-14,78.47000122070312,76.2699966430664
RSP,2026-07-14,214.13999938964844,214.22999572753903
RWR,2026-07-14,114.6999969482422,114.62999725341795
RWX,2026-07-14,27.34000015258789,27.170000076293945
SCHH,2026-07-14,24.09000015258789,24.040000915527344
SCHO,2026-07-14,24.06999969482422,24.049999237060547
SCHP,2026-07-14,26.18000030517578,26.18000030517578
SGOL,2026-07-14,38.86000061035156,38.09999847412109
SHY,2026-07-14,81.93000030517578,81.79000091552734
SHYG,2026-07-14,42.209999084472656,42.15999984741211
SIVR,2026-07-14,56.2599983215332,54.83000183105469
SKYY,2026-07-14,136.50999450683594,139.99000549316406
SLQD,2026-07-14,50.11000061035156,50.06999969482422
SLV,2026-07-14,53.529998779296875,52.15999984741211
SLX,2026-07-14,101.2300033569336,99.30999755859376
SMH,2026-07-14,608.9000244140625,585.6199951171875
SOXX,2026-07-14,580.510009765625,553.6099853515625
SOYB,2026-07-14,25.149999618530273,25.329999923706055
SPIB,2026-07-14,33.189998626708984,33.130001068115234
SPMB,2026-07-14,22.09000015258789,22.020000457763672
SPTL,2026-07-14,25.6299991607666,25.559999465942383
SPY,2026-07-14,750.9099731445312,749.1699829101562
SRLN,2026-07-14,40.31999969482422,40.34000015258789
STIP,2026-07-14,101.25,101.29000091552734
TIP,2026-07-14,107.94999694824219,107.91000366210938
TLH,2026-07-14,98.30000305175781,97.9800033569336
TLT,2026-07-14,84.18000030517578,83.97000122070312
TUR,2026-07-14,38.709999084472656,38.209999084472656
UGA,2026-07-14,115.68000030517578,111.91999816894531
UNG,2026-07-14,10.40999984741211,10.369999885559082
UNL,2026-07-14,6.059999942779541,6.03000020980835
USHY,2026-07-14,36.869998931884766,36.79999923706055
USIG,2026-07-14,50.59999847412109,50.5
USO,2026-07-14,120.6500015258789,117.79000091552734
VCIT,2026-07-14,81.63999938964844,81.44999694824219
VCSH,2026-07-14,78.58999633789062,78.44999694824219
VDC,2026-07-14,229.3999938964844,229.2700042724609
VGIT,2026-07-14,58.56999969482422,58.400001525878906
VGLT,2026-07-14,53.88999938964844,53.7400016784668
VHT,2026-07-14,301.5599975585937,303.5899963378906
VMBS,2026-07-14,46.33000183105469,46.2400016784668
VNQ,2026-07-14,97.93000030517578,97.83000183105467
VNQI,2026-07-14,45.45000076293945,45.11000061035156
VPU,2026-07-14,198.41000366210935,197.47999572753903
VTIP,2026-07-14,49.59000015258789,49.61000061035156
VWOB,2026-07-14,66.55999755859375,66.38999938964844
WEAT,2026-07-14,23.540000915527344,23.65999984741211
XBI,2026-07-14,155.72000122070312,155.33999633789062
XLB,2026-07-14,51.150001525878906,50.58000183105469
XLC,2026-07-14,110.83000183105469,111.58999633789062
XLE,2026-07-14,57.0,56.7400016784668
XLF,2026-07-14,55.599998474121094,56.06999969482422
XLI,2026-07-14,181.6699981689453,180.3699951171875
XLK,2026-07-14,183.7100067138672,181.27999877929688
XLP,2026-07-14,84.51000213623047,84.58999633789062
XLRE,2026-07-14,44.75,44.70000076293945
XLU,2026-07-14,45.93000030517578,45.720001220703125
XLV,2026-07-14,159.77999877929688,161.41000366210938
XLY,2026-07-14,116.01000213623047,116.04000091552734
XME,2026-07-14,104.80999755859376,102.08999633789062
XPH,2026-07-14,66.95999908447266,66.81999969482422
XRT,2026-07-14,87.86000061035156,87.47000122070312
ANGL,2026-07-15,29.040000915527344,29.030000686645508
BKLN,2026-07-15,20.469999313354492,20.459999084472656
BNO,2026-07-15,47.41999816894531,47.290000915527344
BWX,2026-07-15,21.56999969482422,21.59000015258789
CANE,2026-07-15,9.800000190734863,9.84000015258789
CEMB,2026-07-15,45.380001068115234,45.36000061035156
CIBR,2026-07-15,95.5,94.7300033569336
CORN,2026-07-15,17.600000381469727,17.489999771118164
CPER,2026-07-15,38.709999084472656,38.540000915527344
DBA,2026-07-15,27.670000076293945,27.6299991607666
DBB,2026-07-15,24.579999923706055,24.6200008392334
DBC,2026-07-15,28.75,28.6299991607666
DBE,2026-07-15,29.56999969482422,29.530000686645508
DBO,2026-07-15,20.25,19.979999542236328
DIA,2026-07-15,525.9000244140625,524.6900024414062
EBND,2026-07-15,20.88999938964844,20.88999938964844
EEM,2026-07-15,65.87000274658203,65.66999816894531
EFA,2026-07-15,104.27999877929688,103.95999908447266
EMB,2026-07-15,95.70999908447266,95.56999969482422
EMHY,2026-07-15,40.43999862670898,40.38999938964844
EMLC,2026-07-15,25.479999542236328,25.479999542236328
EPI,2026-07-15,42.15999984741211,42.29999923706055
EWA,2026-07-15,28.700000762939453,28.709999084472656
EWC,2026-07-15,59.2599983215332,59.18000030517578
EWG,2026-07-15,41.34999847412109,41.38999938964844
EWJ,2026-07-15,93.9000015258789,93.88999938964844
EWL,2026-07-15,62.7400016784668,62.41999816894531
EWN,2026-07-15,68.41999816894531,67.45999908447266
EWQ,2026-07-15,45.27000045776367,45.040000915527344
EWT,2026-07-15,102.77999877929688,101.87999725341795
EWU,2026-07-15,46.540000915527344,46.310001373291016
EWW,2026-07-15,75.5,75.33999633789062
EWY,2026-07-15,175.75999450683594,176.97999572753906
EWZ,2026-07-15,36.0099983215332,36.02999877929688
EZA,2026-07-15,63.650001525878906,63.45000076293945
EZU,2026-07-15,68.69000244140625,68.33000183105469
FALN,2026-07-15,27.09000015258789,27.075000762939453
FDN,2026-07-15,277.69000244140625,275.4200134277344
FXI,2026-07-15,34.16999816894531,33.77000045776367
GIGB,2026-07-15,45.25,45.2599983215332
GLD,2026-07-15,372.1099853515625,372.1499938964844
GLTR,2026-07-15,182.1300048828125,182.6100006103516
GOVT,2026-07-15,22.57999992370605,22.56999969482422
HYG,2026-07-15,79.70999908447266,79.68000030517578
IAU,2026-07-15,76.26000213623047,76.2699966430664
IEF,2026-07-15,93.63999938964844,93.55000305175781
IEI,2026-07-15,116.86000061035156,116.73999786376953
IGIB,2026-07-15,52.58000183105469,52.56999969482422
IGV,2026-07-15,94.66000366210938,93.62999725341795
IHI,2026-07-15,49.150001525878906,49.220001220703125
INDA,2026-07-15,48.65999984741211,48.72999954223633
ITB,2026-07-15,97.16000366210938,97.12999725341795
IWM,2026-07-15,295.25,294.510009765625
IYR,2026-07-15,103.94000244140624,103.58999633789062
IYT,2026-07-15,87.62999725341797,87.62000274658203
JMBS,2026-07-15,44.79999923706055,44.7599983215332
JNK,2026-07-15,96.0,95.9000015258789
KRE,2026-07-15,75.1500015258789,75.0
LEMB,2026-07-15,42.540000915527344,42.52999877929688
LIT,2026-07-15,71.44000244140625,71.58000183105469
LMBS,2026-07-15,49.810001373291016,49.70500183105469
LQD,2026-07-15,107.2699966430664,107.20999908447266
MBB,2026-07-15,93.72000122070312,93.66999816894531
MDY,2026-07-15,690.989990234375,689.1900024414062
PALL,2026-07-15,23.739999771118164,23.700000762939453
PCY,2026-07-15,21.38999938964844,21.3700008392334
PFF,2026-07-15,30.530000686645508,30.510000228881836
PPLT,2026-07-15,14.899999618530273,14.779999732971191
QLTA,2026-07-15,46.869998931884766,46.84000015258789
QQQ,2026-07-15,723.8499755859375,719.6900024414062
REM,2026-07-15,22.21999931335449,22.239999771118164
REMX,2026-07-15,78.0,79.13999938964844
RSP,2026-07-15,213.75,213.4499969482422
RWR,2026-07-15,114.5999984741211,114.55999755859376
RWX,2026-07-15,27.420000076293945,27.3700008392334
SCHH,2026-07-15,24.09000015258789,24.030000686645508
SCHO,2026-07-15,24.09000015258789,24.07999992370605
SCHP,2026-07-15,26.18000030517578,26.200000762939453
SGOL,2026-07-15,38.61000061035156,38.61000061035156
SHY,2026-07-15,81.97000122070312,81.93000030517578
SHYG,2026-07-15,42.2400016784668,42.220001220703125
SIVR,2026-07-15,55.400001525878906,55.88999938964844
SKYY,2026-07-15,140.85000610351562,139.30999755859375
SLQD,2026-07-15,50.150001525878906,50.150001525878906
SLV,2026-07-15,52.709999084472656,53.16999816894531
SLX,2026-07-15,102.11000061035156,101.25
SMH,2026-07-15,606.8800048828125,600.3099975585938
SOXX,2026-07-15,575.1199951171875,567.9199829101562
SOYB,2026-07-15,25.3700008392334,25.239999771118164
SPIB,2026-07-15,33.2400016784668,33.209999084472656
SPMB,2026-07-15,22.1200008392334,22.1200008392334
SPTL,2026-07-15,25.600000381469727,25.61000061035156
SPY,2026-07-15,754.239990234375,751.8300170898438
SRLN,2026-07-15,40.34999847412109,40.33000183105469
STIP,2026-07-15,101.27999877929688,101.27999877929688
TIP,2026-07-15,107.98999786376953,108.01000213623047
TLH,2026-07-15,98.29000091552734,98.20999908447266
TLT,2026-07-15,84.08000183105469,84.08000183105469
TUR,2026-07-15,38.81999969482422,38.630001068115234
UGA,2026-07-15,115.54000091552734,114.55999755859375
UNG,2026-07-15,10.399999618530273,10.520000457763672
UNL,2026-07-15,6.019999980926514,6.059999942779541
USHY,2026-07-15,36.880001068115234,36.86000061035156
USIG,2026-07-15,50.630001068115234,50.619998931884766
USO,2026-07-15,121.44999694824219,120.16999816894531
VCIT,2026-07-15,81.76000213623047,81.69999694824219
VCSH,2026-07-15,78.6500015258789,78.5999984741211
VDC,2026-07-15,225.72000122070312,226.2899932861328
VGIT,2026-07-15,58.61000061035156,58.54999923706055
VGLT,2026-07-15,53.84999847412109,53.84000015258789
VHT,2026-07-15,297.1199951171875,298.5899963378906
VMBS,2026-07-15,46.43000030517578,46.459999084472656
VNQ,2026-07-15,97.9000015258789,97.56999969482422
VNQI,2026-07-15,45.540000915527344,45.34000015258789
VPU,2026-07-15,197.67999267578125,197.38999938964844
VTIP,2026-07-15,49.619998931884766,49.61000061035156
VWOB,2026-07-15,66.56999969482422,66.51000213623047
WEAT,2026-07-15,24.520000457763672,23.90999984741211
XBI,2026-07-15,154.25,155.4499969482422
XLB,2026-07-15,50.65999984741211,50.63999938964844
XLC,2026-07-15,111.69999694824219,111.44999694824219
XLE,2026-07-15,56.939998626708984,56.95000076293945
XLF,2026-07-15,56.29999923706055,56.18000030517578
XLI,2026-07-15,180.77999877929688,180.4499969482422
XLK,2026-07-15,185.11000061035156,183.6199951171875
XLP,2026-07-15,83.0999984741211,83.41999816894531
XLRE,2026-07-15,44.61000061035156,44.47999954223633
XLU,2026-07-15,45.72999954223633,45.689998626708984
XLV,2026-07-15,157.3800048828125,158.2899932861328
XLY,2026-07-15,116.45999908447266,115.9000015258789
XME,2026-07-15,104.52999877929688,104.41999816894533
XPH,2026-07-15,67.05999755859375,67.16000366210938
XRT,2026-07-15,88.01000213623047,87.77999877929688
ANGL,2026-07-16,29.030000686645508,29.07999992370605
BKLN,2026-07-16,20.479999542236328,20.469999313354492
BNO,2026-07-16,47.459999084472656,47.59000015258789
BWX,2026-07-16,21.600000381469727,21.65999984741211
CANE,2026-07-16,9.600000381469728,9.8100004196167
CEMB,2026-07-16,45.38999938964844,45.43000030517578
CIBR,2026-07-16,93.16000366210938,93.08999633789062
CORN,2026-07-16,17.75,17.790000915527344
CPER,2026-07-16,38.689998626708984,38.630001068115234
DBA,2026-07-16,27.81999969482422,27.979999542236328
DBB,2026-07-16,24.690000534057617,24.59000015258789
DBC,2026-07-16,28.71999931335449,28.790000915527344
DBE,2026-07-16,29.709999084472656,29.729999542236328
DBO,2026-07-16,20.149999618530277,20.13999938964844
DIA,2026-07-16,526.8099975585938,525.9500122070312
EBND,2026-07-16,20.88999938964844,20.93000030517578
EEM,2026-07-16,64.43000030517578,65.56999969482422
EFA,2026-07-16,103.66999816894531,104.6500015258789
EMB,2026-07-16,95.5,95.7300033569336
EMHY,2026-07-16,40.36000061035156,40.41999816894531
EMLC,2026-07-16,25.46999931335449,25.540000915527344
EPI,2026-07-16,42.02999877929688,42.27000045776367
EWA,2026-07-16,28.6299991607666,28.799999237060547
EWC,2026-07-16,59.369998931884766,59.4900016784668
EWG,2026-07-16,41.150001525878906,41.5
EWJ,2026-07-16,92.04000091552734,93.5
EWL,2026-07-16,62.47999954223633,63.34999847412109
EWN,2026-07-16,67.83999633789062,68.68000030517578
EWQ,2026-07-16,45.119998931884766,45.470001220703125
EWT,2026-07-16,100.33000183105467,102.48999786376952
EWU,2026-07-16,46.63999938964844,46.77000045776367
EWW,2026-07-16,75.0999984741211,75.38999938964844
EWY,2026-07-16,166.67999267578125,171.63999938964844
EWZ,2026-07-16,35.59000015258789,35.880001068115234
EZA,2026-07-16,63.2400016784668,63.7400016784668
EZU,2026-07-16,68.20999908447266,68.76000213623047
FALN,2026-07-16,27.100000381469727,27.13500022888184
FDN,2026-07-16,277.2099914550781,277.260009765625
FXI,2026-07-16,34.630001068115234,34.279998779296875
GIGB,2026-07-16,45.310001373291016,45.380001068115234
GLD,2026-07-16,367.45001220703125,372.3500061035156
GLTR,2026-07-16,178.72000122070312,181.8699951171875
GOVT,2026-07-16,22.56999969482422,22.61000061035156
HYG,2026-07-16,79.76000213623047,79.80999755859375
IAU,2026-07-16,75.30000305175781,76.27999877929688
IEF,2026-07-16,93.58000183105469,93.77999877929688
IEI,2026-07-16,116.8499984741211,116.9800033569336
IGIB,2026-07-16,52.619998931884766,52.720001220703125
IGV,2026-07-16,94.16999816894533,93.94000244140624
IHI,2026-07-16,50.72999954223633,49.86000061035156
INDA,2026-07-16,48.56999969482422,48.720001220703125
ITB,2026-07-16,97.58999633789062,97.94000244140624
IWM,2026-07-16,294.6499938964844,295.7699890136719
IYR,2026-07-16,104.3000030517578,103.83000183105467
IYT,2026-07-16,88.0199966430664,87.55000305175781
JMBS,2026-07-16,44.7400016784668,44.83000183105469
JNK,2026-07-16,96.0,96.06999969482422
KRE,2026-07-16,75.73999786376953,75.77999877929688
LEMB,2026-07-16,42.400001525878906,42.4900016784668
LIT,2026-07-16,69.6500015258789,71.05999755859375
LMBS,2026-07-16,49.77999877929688,49.79999923706055
LQD,2026-07-16,107.3499984741211,107.58000183105469
MBB,2026-07-16,93.79000091552734,93.83000183105469
MDY,2026-07-16,686.3499755859375,689.489990234375
PALL,2026-07-16,23.200000762939453,23.8700008392334
PCY,2026-07-16,21.36000061035156,21.38999938964844
PFF,2026-07-16,30.59000015258789,30.6200008392334
PPLT,2026-07-16,15.079999923706055,15.1899995803833
QLTA,2026-07-16,46.900001525878906,46.97999954223633
QQQ,2026-07-16,712.010009765625,717.739990234375
REM,2026-07-16,22.31999969482422,22.3700008392334
REMX,2026-07-16,75.41000366210938,76.6500015258789
RSP,2026-07-16,213.0800018310547,212.97000122070312
RWR,2026-07-16,114.76000213623048,114.31999969482422
RWX,2026-07-16,27.399999618530277,27.61000061035156
SCHH,2026-07-16,24.059999465942383,24.01000022888184
SCHO,2026-07-16,24.09000015258789,24.100000381469727
SCHP,2026-07-16,26.190000534057617,26.209999084472656
SGOL,2026-07-16,38.130001068115234,38.630001068115234
SHY,2026-07-16,81.9800033569336,82.0
SHYG,2026-07-16,42.25,42.27999877929688
SIVR,2026-07-16,53.52000045776367,54.880001068115234
SKYY,2026-07-16,137.0,137.02999877929688
SLQD,2026-07-16,50.18999862670898,50.220001220703125
SLV,2026-07-16,50.90999984741211,52.209999084472656
SLX,2026-07-16,100.4499969482422,101.8499984741211
SMH,2026-07-16,575.75,590.77001953125
SOXX,2026-07-16,539.0499877929688,555.27001953125
SOYB,2026-07-16,25.420000076293945,25.520000457763672
SPIB,2026-07-16,33.2400016784668,33.279998779296875
SPMB,2026-07-16,22.1200008392334,22.13999938964844
SPTL,2026-07-16,25.530000686645508,25.65999984741211
SPY,2026-07-16,752.760009765625,754.8099975585938
SRLN,2026-07-16,40.369998931884766,40.33000183105469
STIP,2026-07-16,101.3499984741211,101.36000061035156
TIP,2026-07-16,107.9800033569336,108.06999969482422
TLH,2026-07-16,98.06999969482422,98.47000122070312
TLT,2026-07-16,83.83999633789062,84.23999786376953
TUR,2026-07-16,39.34999847412109,38.7400016784668
UGA,2026-07-16,118.6500015258789,117.48999786376953
UNG,2026-07-16,10.59000015258789,10.550000190734863
UNL,2026-07-16,6.050000190734863,6.050000190734863
USHY,2026-07-16,36.88999938964844,36.915000915527344
USIG,2026-07-16,50.65999984741211,50.75
USO,2026-07-16,121.20999908447266,121.37999725341797
VCIT,2026-07-16,81.81999969482422,81.93000030517578
VCSH,2026-07-16,78.68000030517578,78.7300033569336
VDC,2026-07-16,227.88999938964844,226.33999633789065
VGIT,2026-07-16,58.58000183105469,58.66999816894531
VGLT,2026-07-16,53.720001220703125,53.970001220703125
VHT,2026-07-16,301.9700012207031,299.010009765625
VMBS,2026-07-16,46.400001525878906,46.5
VNQ,2026-07-16,98.12999725341795,97.86000061035156
VNQI,2026-07-16,45.56999969482422,45.720001220703125
VPU,2026-07-16,195.57000732421875,195.6199951171875
VTIP,2026-07-16,49.630001068115234,49.630001068115234
VWOB,2026-07-16,66.51000213623047,66.5999984741211
WEAT,2026-07-16,24.8799991607666,24.920000076293945
XBI,2026-07-16,155.02000427246094,156.22000122070312
XLB,2026-07-16,50.310001373291016,50.5
XLC,2026-07-16,113.5999984741211,113.37999725341797
XLE,2026-07-16,56.65999984741211,56.5
XLF,2026-07-16,56.7599983215332,56.560001373291016
XLI,2026-07-16,178.7899932861328,180.05999755859375
XLK,2026-07-16,179.0,181.5800018310547
XLP,2026-07-16,84.13999938964844,83.47000122070312
XLRE,2026-07-16,44.709999084472656,44.560001373291016
XLU,2026-07-16,45.2400016784668,45.220001220703125
XLV,2026-07-16,160.35000610351562,158.2899932861328
XLY,2026-07-16,117.12000274658203,117.0
XME,2026-07-16,101.80999755859376,103.1999969482422
XPH,2026-07-16,68.33999633789062,67.95999908447266
XRT,2026-07-16,89.05999755859375,89.0999984741211
ANGL,2026-07-17,29.049999237060547,29.059999465942383
BKLN,2026-07-17,20.479999542236328,20.469999313354492
BNO,2026-07-17,48.150001525878906,46.779998779296875
BWX,2026-07-17,21.549999237060547,21.59000015258789
CANE,2026-07-17,9.670000076293944,9.529999732971191
CEMB,2026-07-17,45.43999862670898,45.43999862670898
CIBR,2026-07-17,90.33999633789062,91.88999938964844
CORN,2026-07-17,17.760000228881836,17.6200008392334
CPER,2026-07-17,37.529998779296875,38.060001373291016
DBA,2026-07-17,27.760000228881836,27.59000015258789
DBB,2026-07-17,24.309999465942383,24.579999923706055
DBC,2026-07-17,28.739999771118164,28.459999084472656
DBE,2026-07-17,30.049999237060547,29.40999984741211
DBO,2026-07-17,20.350000381469727,19.82999992370605
DIA,2026-07-17,519.6400146484375,524.8300170898438
EBND,2026-07-17,20.82999992370605,20.8799991607666
EEM,2026-07-17,62.29999923706055,64.19000244140625
EFA,2026-07-17,102.51000213623047,103.80999755859375
EMB,2026-07-17,95.66999816894531,95.58999633789062
EMHY,2026-07-17,40.36000061035156,40.369998931884766
EMLC,2026-07-17,25.36000061035156,25.450000762939453
EPI,2026-07-17,42.34000015258789,42.18999862670898
EWA,2026-07-17,28.520000457763672,28.6299991607666
EWC,2026-07-17,59.220001220703125,59.38999938964844
EWG,2026-07-17,40.97999954223633,41.2400016784668
EWJ,2026-07-17,89.23999786376953,91.91000366210938
EWL,2026-07-17,63.150001525878906,62.9900016784668
EWN,2026-07-17,66.43000030517578,67.75
EWQ,2026-07-17,44.93999862670898,45.18000030517578
EWT,2026-07-17,95.31999969482422,100.16000366210938
EWU,2026-07-17,46.630001068115234,46.970001220703125
EWW,2026-07-17,74.11000061035156,75.22000122070312
EWY,2026-07-17,156.61000061035156,163.36000061035156
EWZ,2026-07-17,35.08000183105469,35.33000183105469
EZA,2026-07-17,61.59999847412109,62.93999862670898
EZU,2026-07-17,67.55999755859375,68.23999786376953
FALN,2026-07-17,27.11000061035156,27.1200008392334
FDN,2026-07-17,266.260009765625,272.9800109863281
FXI,2026-07-17,33.95000076293945,34.529998779296875
GIGB,2026-07-17,45.43000030517578,45.400001525878906
GLD,2026-07-17,364.1099853515625,364.9599914550781
GLTR,2026-07-17,175.66000366210938,177.2100067138672
GOVT,2026-07-17,22.63999938964844,22.600000381469727
HYG,2026-07-17,79.75,79.80000305175781
IAU,2026-07-17,74.5999984741211,74.80000305175781
IEF,2026-07-17,93.95999908447266,93.72000122070312
IEI,2026-07-17,117.12999725341797,116.94999694824219
IGIB,2026-07-17,52.75,52.68000030517578
IGV,2026-07-17,91.73999786376952,93.6999969482422
IHI,2026-07-17,51.540000915527344,52.20000076293945
INDA,2026-07-17,48.93000030517578,48.68999862670898
ITB,2026-07-17,99.7699966430664,100.19000244140624
IWM,2026-07-17,292.0299987792969,295.5899963378906
IYR,2026-07-17,106.62000274658205,106.25
IYT,2026-07-17,89.58000183105469,90.01000213623047
JMBS,2026-07-17,44.83000183105469,44.77999877929688
JNK,2026-07-17,96.08999633789062,96.08000183105469
KRE,2026-07-17,77.31999969482422,77.91999816894531
LEMB,2026-07-17,42.27999877929688,42.400001525878906
LIT,2026-07-17,67.55000305175781,68.86000061035156
LMBS,2026-07-17,49.83000183105469,49.790000915527344
LQD,2026-07-17,107.66999816894531,107.5
MBB,2026-07-17,93.91999816894531,93.76000213623047
MDY,2026-07-17,686.489990234375,692.989990234375
PALL,2026-07-17,22.290000915527344,22.889999389648438
PCY,2026-07-17,21.34000015258789,21.36000061035156
PFF,2026-07-17,30.25,30.3700008392334
PPLT,2026-07-17,14.180000305175781,14.6899995803833
QLTA,2026-07-17,47.02999877929688,46.95000076293945
QQQ,2026-07-17,691.6500244140625,705.9400024414062
REM,2026-07-17,22.65999984741211,22.65999984741211
REMX,2026-07-17,71.0,73.2300033569336
RSP,2026-07-17,214.3600006103516,215.05999755859372
RWR,2026-07-17,117.9499969482422,117.66000366210938
RWX,2026-07-17,27.61000061035156,27.530000686645508
SCHH,2026-07-17,24.68000030517578,24.600000381469727
SCHO,2026-07-17,24.11000061035156,24.09000015258789
SCHP,2026-07-17,26.270000457763672,26.190000534057617
SGOL,2026-07-17,37.77999877929688,37.880001068115234
SHY,2026-07-17,82.05999755859375,82.0
SHYG,2026-07-17,42.2599983215332,42.2599983215332
SIVR,2026-07-17,52.25,52.91999816894531
SKYY,2026-07-17,133.5,136.3800048828125
SLQD,2026-07-17,50.209999084472656,50.209999084472656
SLV,2026-07-17,49.70000076293945,50.38999938964844
SLX,2026-07-17,99.1500015258789,100.27999877929688
SMH,2026-07-17,547.9400024414062,568.9199829101562
SOXX,2026-07-17,508.5499877929688,530.5
SOYB,2026-07-17,25.360000610351562,25.34000015258789
SPIB,2026-07-17,33.29999923706055,33.27000045776367
SPMB,2026-07-17,22.170000076293945,22.1299991607666
SPTL,2026-07-17,25.76000022888184,25.649999618530277
SPY,2026-07-17,742.0800170898438,750.719970703125
SRLN,2026-07-17,40.380001068115234,40.34999847412109
STIP,2026-07-17,101.4499969482422,101.31999969482422
TIP,2026-07-17,108.2699966430664,107.97000122070312
TLH,2026-07-17,98.83999633789062,98.44999694824219
TLT,2026-07-17,84.62000274658203,84.20999908447266
TUR,2026-07-17,38.95000076293945,39.34999847412109
UGA,2026-07-17,119.61000061035156,116.48999786376953
UNG,2026-07-17,10.479999542236328,10.420000076293945
UNL,2026-07-17,6.010000228881836,6.019999980926514
USHY,2026-07-17,36.90999984741211,36.91999816894531
USIG,2026-07-17,50.77999877929688,50.720001220703125
USO,2026-07-17,123.19999694824219,119.30000305175781
VCIT,2026-07-17,81.9800033569336,81.87000274658203
VCSH,2026-07-17,78.77999877929688,78.70999908447266
VDC,2026-07-17,234.58999633789065,232.33999633789065
VGIT,2026-07-17,58.75,58.650001525878906
VGLT,2026-07-17,54.15999984741211,53.95000076293945
VHT,2026-07-17,303.19000244140625,304.1499938964844
VMBS,2026-07-17,46.540000915527344,46.45000076293945
VNQ,2026-07-17,100.31999969482422,100.06999969482422
VNQI,2026-07-17,45.54999923706055,45.68999862670898
VPU,2026-07-17,197.72999572753903,196.4900054931641
VTIP,2026-07-17,49.70000076293945,49.630001068115234
VWOB,2026-07-17,66.54000091552734,66.55999755859375
WEAT,2026-07-17,25.100000381469727,24.920000076293945
XBI,2026-07-17,149.57000732421875,152.0
XLB,2026-07-17,50.79999923706055,50.88999938964844
XLC,2026-07-17,111.19999694824219,112.6500015258789
XLE,2026-07-17,57.95000076293945,57.02000045776367
XLF,2026-07-17,56.43000030517578,56.75
XLI,2026-07-17,178.25999450683594,180.14999389648438
XLK,2026-07-17,172.85000610351562,177.52000427246094
XLP,2026-07-17,86.79000091552734,85.80999755859375
XLRE,2026-07-17,45.68000030517578,45.459999084472656
XLU,2026-07-17,45.900001525878906,45.470001220703125
XLV,2026-07-17,161.80999755859375,161.8000030517578
XLY,2026-07-17,115.91000366210938,117.33999633789062
XME,2026-07-17,97.54000091552734,98.98999786376952
XPH,2026-07-17,66.83000183105469,67.30000305175781
XRT,2026-07-17,89.9800033569336,90.4800033569336
ANGL,2026-07-20,29.059999465942383,29.049999237060547
BKLN,2026-07-20,20.399999618530273,20.479999542236328
BNO,2026-07-20,48.650001525878906,48.70000076293945
BWX,2026-07-20,21.549999237060547,21.559999465942383
CANE,2026-07-20,9.75,9.739999771118164
CEMB,2026-07-20,45.41999816894531,45.43999862670898
CIBR,2026-07-20,92.18000030517578,92.36000061035156
CORN,2026-07-20,17.979999542236328,17.780000686645508
CPER,2026-07-20,38.310001373291016,37.91999816894531
DBA,2026-07-20,27.979999542236328,27.84000015258789
DBB,2026-07-20,24.520000457763672,24.530000686645508
DBC,2026-07-20,28.989999771118164,28.979999542236328
DBE,2026-07-20,30.25,30.299999237060547
DBO,2026-07-20,20.56999969482422,20.56999969482422
DIA,2026-07-20,522.0399780273438,520.8099975585938
EBND,2026-07-20,20.81999969482422,20.809999465942383
EEM,2026-07-20,64.04000091552734,63.290000915527344
EFA,2026-07-20,103.33999633789062,103.33000183105469
EMB,2026-07-20,95.5999984741211,95.52999877929688
EMHY,2026-07-20,40.40999984741211,40.34999847412109
EMLC,2026-07-20,25.38999938964844,25.36000061035156
EPI,2026-07-20,42.45000076293945,42.31999969482422
EWA,2026-07-20,28.700000762939453,28.75
EWC,2026-07-20,59.36000061035156,59.45000076293945
EWG,2026-07-20,41.060001373291016,41.15999984741211
EWJ,2026-07-20,90.87999725341795,90.48999786376952
EWL,2026-07-20,62.93999862670898,63.18000030517578
EWN,2026-07-20,67.38999938964844,66.87000274658203
EWQ,2026-07-20,45.130001068115234,45.13999938964844
EWT,2026-07-20,96.63999938964844,97.33000183105467
EWU,2026-07-20,46.84000015258789,46.93999862670898
EWW,2026-07-20,75.5199966430664,75.11000061035156
EWY,2026-07-20,165.1999969482422,162.5399932861328
EWZ,2026-07-20,35.400001525878906,35.22999954223633
EZA,2026-07-20,61.93000030517578,62.36000061035156
EZU,2026-07-20,67.91000366210938,67.97000122070312
FALN,2026-07-20,27.1200008392334,27.113000869750977
FDN,2026-07-20,269.6199951171875,269.760009765625
FXI,2026-07-20,35.0099983215332,34.130001068115234
GIGB,2026-07-20,45.35499954223633,45.43000030517578
GLD,2026-07-20,367.7900085449219,368.4100036621094
GLTR,2026-07-20,178.67999267578125,178.52000427246094
GOVT,2026-07-20,22.600000381469727,22.6299991607666
HYG,2026-07-20,79.73999786376953,79.6500015258789
IAU,2026-07-20,75.37000274658203,75.5
IEF,2026-07-20,93.73999786376953,93.83999633789062
IEI,2026-07-20,116.88999938964844,116.9800033569336
IGIB,2026-07-20,52.70000076293945,52.70000076293945
IGV,2026-07-20,92.19000244140624,92.8000030517578
IHI,2026-07-20,50.59999847412109,50.5099983215332
INDA,2026-07-20,48.93999862670898,48.90999984741211
ITB,2026-07-20,97.98999786376952,97.33000183105467
IWM,2026-07-20,295.010009765625,294.0400085449219
IYR,2026-07-20,105.7699966430664,106.08999633789062
IYT,2026-07-20,89.47000122070312,89.20999908447266
JMBS,2026-07-20,44.790000915527344,44.79999923706055
JNK,2026-07-20,96.0199966430664,95.9800033569336
KRE,2026-07-20,76.66999816894531,76.69000244140625
LEMB,2026-07-20,42.33000183105469,42.27999877929688
LIT,2026-07-20,67.45999908447266,68.37999725341797
LMBS,2026-07-20,49.810001373291016,49.78400039672852
LQD,2026-07-20,107.52999877929688,107.55999755859375
MBB,2026-07-20,93.88999938964844,93.77999877929688
MDY,2026-07-20,691.4600219726562,688.75
PALL,2026-07-20,22.950000762939453,22.700000762939453
PCY,2026-07-20,21.25,21.350000381469727
PFF,2026-07-20,30.399999618530273,30.350000381469727
PPLT,2026-07-20,14.359999656677246,14.5
QLTA,2026-07-20,46.959999084472656,46.97999954223633
QQQ,2026-07-20,702.1599731445312,695.3300170898438
REM,2026-07-20,22.309999465942383,22.290000915527344
REMX,2026-07-20,70.3499984741211,72.66999816894531
RSP,2026-07-20,213.8699951171875,213.3699951171875
RWR,2026-07-20,117.37000274658205,117.61000061035156
RWX,2026-07-20,27.56999969482422,27.700000762939453
SCHH,2026-07-20,24.530000686645508,24.61000061035156
SCHO,2026-07-20,24.09000015258789,24.100000381469727
SCHP,2026-07-20,26.239999771118164,26.26000022888184
SGOL,2026-07-20,38.15999984741211,38.220001220703125
SHY,2026-07-20,81.98999786376953,81.98999786376953
SHYG,2026-07-20,42.2599983215332,42.22999954223633
SIVR,2026-07-20,53.86000061035156,53.369998931884766
SKYY,2026-07-20,135.42999267578125,136.10000610351562
SLQD,2026-07-20,50.20000076293945,50.220001220703125
SLV,2026-07-20,51.20000076293945,50.779998779296875
SLX,2026-07-20,100.0500030517578,100.22000122070312
SMH,2026-07-20,568.780029296875,556.530029296875
SOXX,2026-07-20,534.0,521.8099975585938
SOYB,2026-07-20,25.760000228881836,25.489999771118164
SPIB,2026-07-20,33.27000045776367,33.27000045776367
SPMB,2026-07-20,22.149999618530277,22.13999938964844
SPTL,2026-07-20,25.65999984741211,25.729999542236328
SPY,2026-07-20,747.0599975585938,743.2899780273438
SRLN,2026-07-20,40.38999938964844,40.36000061035156
STIP,2026-07-20,101.4499969482422,101.44000244140624
TIP,2026-07-20,108.19000244140625,108.2699966430664
TLH,2026-07-20,98.48999786376953,98.68000030517578
TLT,2026-07-20,84.30999755859375,84.5199966430664
TUR,2026-07-20,39.560001373291016,38.93000030517578
UGA,2026-07-20,120.33000183105469,119.87000274658203
UNG,2026-07-20,10.380000114440918,10.510000228881836
UNL,2026-07-20,5.960000038146973,6.019999980926514
USHY,2026-07-20,36.90999984741211,36.869998931884766
USIG,2026-07-20,50.720001220703125,50.7400016784668
USO,2026-07-20,123.77999877929688,123.95999908447266
VCIT,2026-07-20,81.91000366210938,81.94000244140625
VCSH,2026-07-20,78.7300033569336,78.72000122070312
VDC,2026-07-20,230.0,230.32000732421875
VGIT,2026-07-20,58.630001068115234,58.68000030517578
VGLT,2026-07-20,53.9900016784668,54.09999847412109
VHT,2026-07-20,303.1199951171875,303.25
VMBS,2026-07-20,46.47999954223633,46.5
VNQ,2026-07-20,99.72000122070312,100.0199966430664
VNQI,2026-07-20,45.709999084472656,45.720001220703125
VPU,2026-07-20,195.80999755859372,195.22000122070312
VTIP,2026-07-20,49.68999862670898,49.70000076293945
VWOB,2026-07-20,66.51000213623047,66.4800033569336
WEAT,2026-07-20,25.309999465942383,25.25
XBI,2026-07-20,154.63999938964844,154.25999450683594
XLB,2026-07-20,50.63999938964844,50.529998779296875
XLC,2026-07-20,110.81500244140625,110.6500015258789
XLE,2026-07-20,57.560001373291016,57.68000030517578
XLF,2026-07-20,56.29999923706055,56.2599983215332
XLI,2026-07-20,180.61000061035156,179.41000366210938
XLK,2026-07-20,177.19000244140625,175.58999633789062
XLP,2026-07-20,85.13999938964844,85.19000244140625
XLRE,2026-07-20,45.334999084472656,45.41999816894531
XLU,2026-07-20,45.33000183105469,45.16999816894531
XLV,2026-07-20,161.0,161.08999633789062
XLY,2026-07-20,116.22000122070312,115.44000244140625
XME,2026-07-20,98.70999908447266,98.3499984741211
XPH,2026-07-20,68.76000213623047,68.58000183105469
XRT,2026-07-20,89.9000015258789,89.41999816894531
ANGL,2026-07-21,29.040000915527344,29.030000686645508
BKLN,2026-07-21,20.399999618530273,20.389999389648438
BNO,2026-07-21,50.38999938964844,49.31999969482422
BWX,2026-07-21,21.489999771118164,21.51000022888184
CANE,2026-07-21,9.779999732971191,9.770000457763672
CEMB,2026-07-21,45.34999847412109,45.36000061035156
CIBR,2026-07-21,92.08999633789062,91.79000091552734
CORN,2026-07-21,17.850000381469727,17.90999984741211
CPER,2026-07-21,39.34000015258789,38.41999816894531
DBA,2026-07-21,28.030000686645508,28.020000457763672
DBB,2026-07-21,24.799999237060547,24.520000457763672
DBC,2026-07-21,29.450000762939453,29.13999938964844
DBE,2026-07-21,31.06999969482422,30.56999969482422
DBO,2026-07-21,21.21999931335449,20.8700008392334
DIA,2026-07-21,519.6300048828125,517.9400024414062
EBND,2026-07-21,20.809999465942383,20.82999992370605
EEM,2026-07-21,65.12000274658203,63.560001373291016
EFA,2026-07-21,103.51000213623047,102.56999969482422
EMB,2026-07-21,95.61000061035156,95.37000274658203
EMHY,2026-07-21,40.400001525878906,40.34000015258789
EMLC,2026-07-21,25.40999984741211,25.3700008392334
EPI,2026-07-21,42.380001068115234,42.16999816894531
EWA,2026-07-21,28.530000686645508,28.520000457763672
EWC,2026-07-21,58.619998931884766,58.619998931884766
EWG,2026-07-21,41.09999847412109,40.869998931884766
EWJ,2026-07-21,92.08000183105467,90.43000030517578
EWL,2026-07-21,62.56999969482422,62.33000183105469
EWN,2026-07-21,67.1500015258789,66.54000091552734
EWQ,2026-07-21,44.900001525878906,44.7400016784668
EWT,2026-07-21,100.36000061035156,95.94000244140624
EWU,2026-07-21,46.54999923706055,46.38999938964844
EWW,2026-07-21,75.0,75.08999633789062
EWY,2026-07-21,169.77000427246094,162.86000061035156
EWZ,2026-07-21,35.4900016784668,35.47999954223633
EZA,2026-07-21,61.9900016784668,61.630001068115234
EZU,2026-07-21,68.1500015258789,67.4800033569336
FALN,2026-07-21,27.1299991607666,27.06999969482422
FDN,2026-07-21,270.6700134277344,270.5400085449219
FXI,2026-07-21,34.84000015258789,35.040000915527344
GIGB,2026-07-21,45.16999816894531,45.28499984741211
GLD,2026-07-21,371.70001220703125,367.6000061035156
GLTR,2026-07-21,181.8999938964844,178.55999755859375
GOVT,2026-07-21,22.540000915527344,22.56999969482422
HYG,2026-07-21,79.72000122070312,79.68000030517578
IAU,2026-07-21,76.16999816894531,75.3499984741211
IEF,2026-07-21,93.4000015258789,93.54000091552734
IEI,2026-07-21,116.66000366210938,116.76000213623047
IGIB,2026-07-21,52.52999877929688,52.56999969482422
IGV,2026-07-21,91.9800033569336,92.9800033569336
IHI,2026-07-21,50.04999923706055,50.58000183105469
INDA,2026-07-21,48.84999847412109,48.54999923706055
ITB,2026-07-21,95.48999786376952,95.41000366210938
IWM,2026-07-21,293.42999267578125,292.30999755859375
IYR,2026-07-21,105.66999816894533,105.5500030517578
IYT,2026-07-21,88.55000305175781,88.26000213623047
JMBS,2026-07-21,44.630001068115234,44.68999862670898
JNK,2026-07-21,96.0,95.94999694824219
KRE,2026-07-21,75.69000244140625,75.88999938964844
LEMB,2026-07-21,42.36000061035156,42.27000045776367
LIT,2026-07-21,68.54000091552734,66.91999816894531
LMBS,2026-07-21,49.59000015258789,49.77000045776367
LQD,2026-07-21,107.01000213623047,107.1500015258789
MBB,2026-07-21,93.44000244140625,93.56999969482422
MDY,2026-07-21,686.97998046875,683.3400268554688
PALL,2026-07-21,23.0,22.799999237060547
PCY,2026-07-21,21.209999084472656,21.200000762939453
PFF,2026-07-21,30.360000610351562,30.31999969482422
PPLT,2026-07-21,14.609999656677246,14.470000267028809
QLTA,2026-07-21,46.810001373291016,46.83000183105469
QQQ,2026-07-21,706.5700073242188,696.0599975585938
REM,2026-07-21,21.96999931335449,21.90999984741211
REMX,2026-07-21,71.08999633789062,69.8499984741211
RSP,2026-07-21,212.57000732421875,212.4199981689453
RWR,2026-07-21,117.27999877929688,117.19000244140624
RWX,2026-07-21,27.6299991607666,27.530000686645508
SCHH,2026-07-21,24.530000686645508,24.5
SCHO,2026-07-21,24.07999992370605,24.09000015258789
SCHP,2026-07-21,26.190000534057617,26.209999084472656
SGOL,2026-07-21,38.56999969482422,38.15999984741211
SHY,2026-07-21,81.91999816894531,81.95999908447266
SHYG,2026-07-21,42.25,42.22999954223633
SIVR,2026-07-21,55.56999969482422,53.59000015258789
SKYY,2026-07-21,136.1699981689453,136.66000366210938
SLQD,2026-07-21,50.16999816894531,50.18000030517578
SLV,2026-07-21,52.86000061035156,50.97999954223633
SLX,2026-07-21,99.41999816894533,99.0
SMH,2026-07-21,580.9600219726562,558.8300170898438
SOXX,2026-07-21,549.0999755859375,524.1400146484375
SOYB,2026-07-21,25.850000381469727,25.8799991607666
SPIB,2026-07-21,33.209999084472656,33.22999954223633
SPMB,2026-07-21,22.059999465942383,22.07999992370605
SPTL,2026-07-21,25.51000022888184,25.559999465942383
SPY,2026-07-21,746.2899780273438,742.0900268554688
SRLN,2026-07-21,40.400001525878906,40.380001068115234
STIP,2026-07-21,101.41999816894533,101.4000015258789
TIP,2026-07-21,108.0,108.05000305175781
TLH,2026-07-21,97.91999816894531,98.12999725341797
TLT,2026-07-21,83.73999786376953,83.88999938964844
TUR,2026-07-21,39.369998931884766,39.41999816894531
UGA,2026-07-21,121.06999969482422,120.62999725341797
UNG,2026-07-21,10.329999923706055,10.289999961853027
UNL,2026-07-21,5.980000019073486,5.96999979019165
USHY,2026-07-21,36.900001525878906,36.880001068115234
USIG,2026-07-21,50.54999923706055,50.61000061035156
USO,2026-07-21,128.9199981689453,125.51000213623047
VCIT,2026-07-21,81.6500015258789,81.70999908447266
VCSH,2026-07-21,78.62999725341797,78.63999938964844
VDC,2026-07-21,228.6499938964844,229.42999267578125
VGIT,2026-07-21,58.4900016784668,58.560001373291016
VGLT,2026-07-21,53.63999938964844,53.75
VHT,2026-07-21,297.0799865722656,299.489990234375
VMBS,2026-07-21,46.33000183105469,46.38999938964844
VNQ,2026-07-21,99.69000244140624,99.4800033569336
VNQI,2026-07-21,45.61000061035156,45.5
VPU,2026-07-21,194.0,194.2100067138672
VTIP,2026-07-21,49.66999816894531,49.66999816894531
VWOB,2026-07-21,66.43000030517578,66.36000061035156
WEAT,2026-07-21,24.850000381469727,24.989999771118164
XBI,2026-07-21,151.02000427246094,150.94000244140625
XLB,2026-07-21,50.5,50.029998779296875
XLC,2026-07-21,110.52999877929688,110.80000305175781
XLE,2026-07-21,58.15999984741211,57.939998626708984
XLF,2026-07-21,55.9900016784668,56.040000915527344
XLI,2026-07-21,179.50999450683594,178.1199951171875
XLK,2026-07-21,179.55999755859375,175.7100067138672
XLP,2026-07-21,84.43000030517578,84.86000061035156
XLRE,2026-07-21,45.279998779296875,45.22999954223633
XLU,2026-07-21,44.869998931884766,44.939998626708984
XLV,2026-07-21,157.52999877929688,159.25
XLY,2026-07-21,114.63999938964844,114.61000061035156
XME,2026-07-21,99.47000122070312,97.73999786376952
XPH,2026-07-21,67.01000213623047,67.05999755859375
XRT,2026-07-21,89.16000366210938,88.94000244140625
ANGL,2026-07-22,29.01000022888184,28.989999771118164
BKLN,2026-07-22,20.3799991607666,20.389999389648438
BNO,2026-07-22,51.22999954223633,50.560001373291016
BWX,2026-07-22,21.450000762939453,21.459999084472656
CANE,2026-07-22,9.729999542236328,9.800000190734863
CEMB,2026-07-22,45.310001373291016,45.34999847412109
CIBR,2026-07-22,90.56500244140624,90.58000183105467
CORN,2026-07-22,18.200000762939453,18.010000228881836
CPER,2026-07-22,39.380001068115234,39.529998779296875
DBA,2026-07-22,28.200000762939453,28.149999618530273
DBB,2026-07-22,24.90999984741211,24.920000076293945
DBC,2026-07-22,29.86000061035156,29.56999969482422
DBE,2026-07-22,31.43000030517578,31.100000381469727
DBO,2026-07-22,21.86000061035156,21.399999618530277
DIA,2026-07-22,521.6300048828125,521.510009765625
EBND,2026-07-22,20.790000915527344,20.809999465942383
EEM,2026-07-22,64.63999938964844,65.33999633789062
EFA,2026-07-22,104.44000244140625,104.05999755859375
EMB,2026-07-22,95.22000122070312,95.37999725341797
EMHY,2026-07-22,40.310001373291016,40.34999847412109
EMLC,2026-07-22,25.36000061035156,25.3700008392334
EPI,2026-07-22,41.9900016784668,42.310001373291016
EWA,2026-07-22,28.86000061035156,28.68000030517578
EWC,2026-07-22,59.25,59.04999923706055
EWG,2026-07-22,41.4900016784668,41.33000183105469
EWJ,2026-07-22,91.87999725341795,92.73999786376952
EWL,2026-07-22,63.06999969482422,62.65999984741211
EWN,2026-07-22,68.12000274658203,67.98999786376953
EWQ,2026-07-22,45.650001525878906,45.18999862670898
EWT,2026-07-22,100.70999908447266,100.58000183105467
EWU,2026-07-22,47.5,46.77000045776367
EWW,2026-07-22,75.7699966430664,75.83999633789062
EWY,2026-07-22,167.89999389648438,172.89999389648438
EWZ,2026-07-22,36.0,35.619998931884766
EZA,2026-07-22,62.83000183105469,62.27999877929688
EZU,2026-07-22,68.83999633789062,68.54000091552734
FALN,2026-07-22,27.049999237060547,27.03499984741211
FDN,2026-07-22,269.239990234375,269.82000732421875
FXI,2026-07-22,34.54999923706055,34.630001068115234
GIGB,2026-07-22,45.13999938964844,45.18299865722656
GLD,2026-07-22,379.07000732421875,374.80999755859375
GLTR,2026-07-22,185.4199981689453,183.4199981689453
GOVT,2026-07-22,22.530000686645508,22.530000686645508
HYG,2026-07-22,79.61000061035156,79.6500015258789
IAU,2026-07-22,77.72000122070312,76.81999969482422
IEF,2026-07-22,93.27999877929688,93.30999755859375
IEI,2026-07-22,116.54000091552734,116.55000305175781
IGIB,2026-07-22,52.43999862670898,52.470001220703125
IGV,2026-07-22,91.81999969482422,91.81999969482422
IHI,2026-07-22,50.220001220703125,49.95000076293945
INDA,2026-07-22,48.470001220703125,48.77999877929688
ITB,2026-07-22,95.62999725341795,94.93000030517578
IWM,2026-07-22,295.70001220703125,296.5400085449219
IYR,2026-07-22,105.8499984741211,105.5199966430664
IYT,2026-07-22,88.19000244140625,88.55000305175781
JMBS,2026-07-22,44.560001373291016,44.59999847412109
JNK,2026-07-22,95.8499984741211,95.9000015258789
KRE,2026-07-22,75.87999725341797,75.9800033569336
LEMB,2026-07-22,42.29999923706055,42.27999877929688
LIT,2026-07-22,68.83999633789062,69.08000183105469
LMBS,2026-07-22,49.59000015258789,49.52999877929688
LQD,2026-07-22,106.76000213623047,106.8499984741211
MBB,2026-07-22,93.3499984741211,93.41000366210938
MDY,2026-07-22,688.9099731445312,690.4299926757812
PALL,2026-07-22,23.719999313354492,23.280000686645508
PCY,2026-07-22,21.100000381469727,21.15999984741211
PFF,2026-07-22,30.299999237060547,30.31999969482422
PPLT,2026-07-22,14.979999542236328,14.819999694824219
QLTA,2026-07-22,46.70000076293945,46.7400016784668
QQQ,2026-07-22,703.6199951171875,708.969970703125
REM,2026-07-22,21.88999938964844,21.88999938964844
REMX,2026-07-22,71.0199966430664,71.94999694824219
RSP,2026-07-22,213.02999877929688,212.75999450683597
RWR,2026-07-22,117.69000244140624,117.61000061035156
RWX,2026-07-22,27.649999618530277,27.56999969482422
SCHH,2026-07-22,24.59000015258789,24.530000686645508
SCHO,2026-07-22,24.059999465942383,24.059999465942383
SCHP,2026-07-22,26.18000030517578,26.18000030517578
SGOL,2026-07-22,39.34999847412109,38.90999984741211
SHY,2026-07-22,81.88999938964844,81.88999938964844
SHYG,2026-07-22,42.209999084472656,42.220001220703125
SIVR,2026-07-22,56.52999877929688,55.79999923706055
SKYY,2026-07-22,135.72000122070312,136.02000427246094
SLQD,2026-07-22,50.11000061035156,50.13999938964844
SLV,2026-07-22,53.779998779296875,53.08000183105469
SLX,2026-07-22,100.8499984741211,100.4000015258789
SMH,2026-07-22,571.3499755859375,584.0800170898438
SOXX,2026-07-22,538.75,552.6900024414062
SOYB,2026-07-22,26.0,25.850000381469727
SPIB,2026-07-22,33.15999984741211,33.16999816894531
SPMB,2026-07-22,22.030000686645508,22.040000915527344
SPTL,2026-07-22,25.459999084472656,25.479999542236328
SPY,2026-07-22,746.6199951171875,748.280029296875
SRLN,2026-07-22,40.38999938964844,40.40999984741211
STIP,2026-07-22,101.37999725341795,101.3499984741211
TIP,2026-07-22,107.94999694824219,107.87999725341797
TLH,2026-07-22,97.73999786376953,97.80000305175781
TLT,2026-07-22,83.61000061035156,83.66000366210938
TUR,2026-07-22,39.59999847412109,39.5099983215332
UGA,2026-07-22,122.76000213623047,121.93000030517578
UNG,2026-07-22,10.460000038146973,10.399999618530273
UNL,2026-07-22,6.039999961853027,6.010000228881836
USHY,2026-07-22,36.84000015258789,36.86000061035156
USIG,2026-07-22,50.45000076293945,50.5
USO,2026-07-22,131.4199981689453,128.85000610351562
VCIT,2026-07-22,81.44999694824219,81.52999877929688
VCSH,2026-07-22,78.55000305175781,78.58999633789062
VDC,2026-07-22,228.6999969482422,227.50999450683597
VGIT,2026-07-22,58.43000030517578,58.43999862670898
VGLT,2026-07-22,53.540000915527344,53.59000015258789
VHT,2026-07-22,302.7099914550781,301.9200134277344
VMBS,2026-07-22,46.2599983215332,46.27999877929688
VNQ,2026-07-22,99.8000030517578,99.5199966430664
VNQI,2026-07-22,45.66999816894531,45.68999862670898
VPU,2026-07-22,195.08999633789065,194.22000122070312
VTIP,2026-07-22,49.650001525878906,49.630001068115234
VWOB,2026-07-22,66.20999908447266,66.30000305175781
WEAT,2026-07-22,25.739999771118164,25.200000762939453
XBI,2026-07-22,153.63999938964844,154.5
XLB,2026-07-22,50.33000183105469,50.099998474121094
XLC,2026-07-22,110.91000366210938,110.02999877929688
XLE,2026-07-22,59.27000045776367,58.5
XLF,2026-07-22,56.13999938964844,56.11000061035156
XLI,2026-07-22,178.1999969482422,178.66000366210938
XLK,2026-07-22,178.16000366210938,180.77999877929688
XLP,2026-07-22,84.58000183105469,84.05999755859375
XLRE,2026-07-22,45.29999923706055,45.20000076293945
XLU,2026-07-22,45.27000045776367,44.91999816894531
XLV,2026-07-22,160.97000122070312,160.25
XLY,2026-07-22,114.9000015258789,114.87000274658203
XME,2026-07-22,102.0500030517578,101.5999984741211
XPH,2026-07-22,68.62999725341797,68.76000213623047
XRT,2026-07-22,88.80999755859375,88.45999908447266
ANGL,2026-07-23,28.850000381469727,28.940000534057617
BKLN,2026-07-23,20.3799991607666,20.3799991607666
BNO,2026-07-23,53.40999984741211,51.41999816894531
BWX,2026-07-23,21.350000381469727,21.459999084472656
CANE,2026-07-23,9.729999542236328,9.720000267028809
CEMB,2026-07-23,45.18000030517578,45.290000915527344
CIBR,2026-07-23,89.33499908447266,89.33000183105469
CORN,2026-07-23,18.350000381469727,18.280000686645508
CPER,2026-07-23,38.619998931884766,39.25
DBA,2026-07-23,28.309999465942383,28.229999542236328
DBB,2026-07-23,24.790000915527344,24.93000030517578
DBC,2026-07-23,30.280000686645508,29.86000061035156
DBE,2026-07-23,32.7599983215332,31.600000381469727
DBO,2026-07-23,23.0,21.920000076293945
DIA,2026-07-23,515.0700073242188,521.469970703125
EBND,2026-07-23,20.65999984741211,20.76000022888184
EEM,2026-07-23,64.48999786376953,64.98999786376953
EFA,2026-07-23,102.76000213623047,104.25
EMB,2026-07-23,94.66000366210938,95.08999633789062
EMHY,2026-07-23,40.13999938964844,40.290000915527344
EMLC,2026-07-23,25.190000534057617,25.350000381469727
EPI,2026-07-23,41.5,41.84000015258789
EWA,2026-07-23,28.420000076293945,28.86000061035156
EWC,2026-07-23,58.880001068115234,59.27999877929688
EWG,2026-07-23,40.61000061035156,41.310001373291016
EWJ,2026-07-23,91.47000122070312,92.19000244140624
EWL,2026-07-23,61.31999969482422,62.369998931884766
EWN,2026-07-23,67.22000122070312,68.18000030517578
EWQ,2026-07-23,44.72999954223633,45.52000045776367
EWT,2026-07-23,99.70999908447266,101.68000030517578
EWU,2026-07-23,46.7599983215332,47.2400016784668
EWW,2026-07-23,75.80999755859375,76.70999908447266
EWY,2026-07-23,171.0,170.42999267578125
EWZ,2026-07-23,36.2599983215332,36.619998931884766
EZA,2026-07-23,60.81999969482422,62.97999954223633
EZU,2026-07-23,67.56999969482422,68.81999969482422
FALN,2026-07-23,26.899999618530277,26.98500061035156
FDN,2026-07-23,260.6300048828125,264.7900085449219
FXI,2026-07-23,34.63999938964844,34.43000030517578
GIGB,2026-07-23,44.93000030517578,45.09999847412109
GLD,2026-07-23,372.3599853515625,379.1199951171875
GLTR,2026-07-23,181.0200042724609,185.6000061035156
GOVT,2026-07-23,22.440000534057617,22.5
HYG,2026-07-23,79.27999877929688,79.5199966430664
IAU,2026-07-23,76.29000091552734,77.69000244140625
IEF,2026-07-23,92.80000305175781,93.0999984741211
IEI,2026-07-23,116.13999938964844,116.36000061035156
IGIB,2026-07-23,52.16999816894531,52.369998931884766
IGV,2026-07-23,89.62999725341797,89.0199966430664
IHI,2026-07-23,49.36000061035156,49.40999984741211
INDA,2026-07-23,47.880001068115234,48.220001220703125
ITB,2026-07-23,94.12000274658205,95.44000244140624
IWM,2026-07-23,290.8699951171875,293.7900085449219
IYR,2026-07-23,104.63999938964844,104.9499969482422
IYT,2026-07-23,88.51000213623047,87.94999694824219
JMBS,2026-07-23,44.34000015258789,44.47999954223633
JNK,2026-07-23,95.41999816894531,95.75
KRE,2026-07-23,74.54000091552734,75.5999984741211
LEMB,2026-07-23,42.060001373291016,42.22999954223633
LIT,2026-07-23,69.22000122070312,69.0
LMBS,2026-07-23,49.400001525878906,49.45199966430664
LQD,2026-07-23,106.12999725341797,106.66999816894531
MBB,2026-07-23,92.91000366210938,93.1500015258789
MDY,2026-07-23,686.0,690.1300048828125
PALL,2026-07-23,22.809999465942383,23.520000457763672
PCY,2026-07-23,20.959999084472656,21.07999992370605
PFF,2026-07-23,30.299999237060547,30.450000762939453
PPLT,2026-07-23,14.460000038146973,14.880000114440918
QLTA,2026-07-23,46.470001220703125,46.66999816894531
QQQ,2026-07-23,694.6699829101562,705.3499755859375
REM,2026-07-23,21.56999969482422,21.739999771118164
REMX,2026-07-23,70.58999633789062,70.95999908447266
RSP,2026-07-23,212.1000061035156,212.6999969482422
RWR,2026-07-23,116.30999755859376,116.72000122070312
RWX,2026-07-23,27.520000457763672,27.600000381469727
SCHH,2026-07-23,24.299999237060547,24.399999618530277
SCHO,2026-07-23,24.040000915527344,24.049999237060547
SCHP,2026-07-23,26.09000015258789,26.13999938964844
SGOL,2026-07-23,38.630001068115234,39.34000015258789
SHY,2026-07-23,81.77999877929688,81.83000183105469
SHYG,2026-07-23,42.04999923706055,42.16999816894531
SIVR,2026-07-23,54.7400016784668,56.70000076293945
SKYY,2026-07-23,132.1999969482422,133.19000244140625
SLQD,2026-07-23,50.02000045776367,50.09000015258789
SLV,2026-07-23,52.09000015258789,53.91999816894531
SLX,2026-07-23,102.19000244140624,101.66999816894533
SMH,2026-07-23,577.2000122070312,586.9099731445312
SOXX,2026-07-23,545.5,555.52001953125
SOYB,2026-07-23,26.209999084472656,26.110000610351562
SPIB,2026-07-23,33.04999923706055,33.130001068115234
SPMB,2026-07-23,21.940000534057617,21.989999771118164
SPTL,2026-07-23,25.26000022888184,25.399999618530277
SPY,2026-07-23,739.3699951171875,747.4099731445312
SRLN,2026-07-23,40.369998931884766,40.369998931884766
STIP,2026-07-23,101.25,101.30999755859376
TIP,2026-07-23,107.54000091552734,107.7699966430664
TLH,2026-07-23,97.0,97.4800033569336
TLT,2026-07-23,82.98999786376953,83.44000244140625
TUR,2026-07-23,39.459999084472656,39.77000045776367
UGA,2026-07-23,124.12000274658203,122.76000213623047
UNG,2026-07-23,10.630000114440918,10.600000381469727
UNL,2026-07-23,6.150000095367432,6.119999885559082
USHY,2026-07-23,36.68000030517578,36.79999923706055
USIG,2026-07-23,50.220001220703125,50.41999816894531
USO,2026-07-23,138.52000427246094,131.67999267578125
VCIT,2026-07-23,81.08000183105469,81.37000274658203
VCSH,2026-07-23,78.38999938964844,78.51000213623047
VDC,2026-07-23,225.6300048828125,228.02999877929688
VGIT,2026-07-23,58.209999084472656,58.34000015258789
VGLT,2026-07-23,53.150001525878906,53.41999816894531
VHT,2026-07-23,300.2099914550781,299.79998779296875
VMBS,2026-07-23,46.060001373291016,46.13999938964844
VNQ,2026-07-23,98.63999938964844,99.0199966430664
VNQI,2026-07-23,45.15999984741211,45.5
VPU,2026-07-23,197.6000061035156,198.41000366210935
VTIP,2026-07-23,49.59999847412109,49.619998931884766
VWOB,2026-07-23,65.80000305175781,66.12000274658203
WEAT,2026-07-23,25.959999084472656,26.0
XBI,2026-07-23,149.99000549316406,152.11000061035156
XLB,2026-07-23,50.41999816894531,50.81999969482422
XLC,2026-07-23,106.95999908447266,109.19999694824219
XLE,2026-07-23,60.2400016784668,59.20000076293945
XLF,2026-07-23,55.68000030517578,56.04999923706055
XLI,2026-07-23,179.08999633789062,178.85000610351562
XLK,2026-07-23,178.8000030517578,180.27000427246094
XLP,2026-07-23,83.19999694824219,84.37999725341797
XLRE,2026-07-23,44.83000183105469,45.0099983215332
XLU,2026-07-23,45.650001525878906,45.93000030517578
XLV,2026-07-23,159.89999389648438,159.42999267578125
XLY,2026-07-23,110.4800033569336,114.0199966430664
XME,2026-07-23,102.51000213623048,103.5
XPH,2026-07-23,67.30000305175781,68.05000305175781
XRT,2026-07-23,87.37000274658203,88.73999786376953
ANGL,2026-07-24,28.850000381469727,28.81999969482422
BKLN,2026-07-24,20.3799991607666,20.3700008392334
BNO,2026-07-24,52.630001068115234,53.45000076293945
BWX,2026-07-24,21.34000015258789,21.36000061035156
CANE,2026-07-24,9.619999885559082,9.65999984741211
CEMB,2026-07-24,45.20000076293945,45.27000045776367
CIBR,2026-07-24,88.29000091552734,87.72000122070312
CORN,2026-07-24,18.260000228881836,18.309999465942383
CPER,2026-07-24,38.380001068115234,38.2400016784668
DBA,2026-07-24,28.1200008392334,28.239999771118164
DBB,2026-07-24,24.719999313354492,24.700000762939453
DBC,2026-07-24,30.07999992370605,30.309999465942383
DBE,2026-07-24,32.38999938964844,32.790000915527344
DBO,2026-07-24,22.88999938964844,23.190000534057617
DIA,2026-07-24,517.280029296875,516.260009765625
EBND,2026-07-24,20.700000762939453,20.6299991607666
EEM,2026-07-24,63.95000076293945,64.5999984741211
EFA,2026-07-24,103.5,102.9000015258789
EMB,2026-07-24,94.6500015258789,94.52999877929688
EMHY,2026-07-24,40.130001068115234,40.13999938964844
EMLC,2026-07-24,25.190000534057617,25.149999618530277
EPI,2026-07-24,41.7599983215332,41.34999847412109
EWA,2026-07-24,28.68000030517578,28.489999771118164
EWC,2026-07-24,58.900001525878906,58.81999969482422
EWG,2026-07-24,40.93999862670898,40.59000015258789
EWJ,2026-07-24,91.45999908447266,91.0999984741211
EWL,2026-07-24,62.220001220703125,61.869998931884766
EWN,2026-07-24,67.08000183105469,67.0999984741211
EWQ,2026-07-24,44.83000183105469,44.68999862670898
EWT,2026-07-24,99.43000030517578,99.83999633789062
EWU,2026-07-24,47.09999847412109,46.70000076293945
EWW,2026-07-24,75.13999938964844,75.0
EWY,2026-07-24,168.39999389648438,173.86000061035156
EWZ,2026-07-24,35.939998626708984,36.16999816894531
EZA,2026-07-24,60.84000015258789,60.43000030517578
EZU,2026-07-24,68.05000305175781,67.5999984741211
FALN,2026-07-24,26.8700008392334,26.86000061035156
FDN,2026-07-24,258.8599853515625,258.0
FXI,2026-07-24,34.52000045776367,34.459999084472656
GIGB,2026-07-24,45.0,44.95600128173828
GLD,2026-07-24,371.260009765625,371.5199890136719
GLTR,2026-07-24,180.9199981689453,180.82000732421875
GOVT,2026-07-24,22.479999542236328,22.450000762939453
HYG,2026-07-24,79.25,79.2300033569336
IAU,2026-07-24,76.08999633789062,76.1500015258789
IEF,2026-07-24,92.98999786376953,92.8499984741211
IEI,2026-07-24,116.27999877929688,116.16000366210938
IGIB,2026-07-24,52.25,52.18999862670898
IGV,2026-07-24,88.29000091552734,87.0999984741211
IHI,2026-07-24,49.93000030517578,49.43999862670898
INDA,2026-07-24,48.09000015258789,47.630001068115234
ITB,2026-07-24,94.83000183105467,94.54000091552734
IWM,2026-07-24,293.4100036621094,292.0899963378906
IYR,2026-07-24,105.51000213623048,104.70999908447266
IYT,2026-07-24,88.12000274658203,88.19000244140625
JMBS,2026-07-24,44.400001525878906,44.33000183105469
JNK,2026-07-24,95.41000366210938,95.4000015258789
KRE,2026-07-24,75.31999969482422,75.1500015258789
LEMB,2026-07-24,42.08000183105469,41.959999084472656
LIT,2026-07-24,68.63999938964844,69.0199966430664
LMBS,2026-07-24,49.38999938964844,49.36000061035156
LQD,2026-07-24,106.08000183105469,106.26000213623047
MBB,2026-07-24,92.9800033569336,92.87999725341797
MDY,2026-07-24,691.1799926757812,687.9299926757812
PALL,2026-07-24,22.65999984741211,22.780000686645508
PCY,2026-07-24,20.989999771118164,20.96999931335449
PFF,2026-07-24,30.15999984741211,30.139999389648438
PPLT,2026-07-24,14.34000015258789,14.460000038146973
QLTA,2026-07-24,46.540000915527344,46.52000045776367
QQQ,2026-07-24,690.4099731445312,691.9600219726562
REM,2026-07-24,21.57999992370605,21.459999084472656
REMX,2026-07-24,69.2300033569336,69.52999877929688
RSP,2026-07-24,212.3699951171875,211.9199981689453
RWR,2026-07-24,117.4499969482422,116.6999969482422
RWX,2026-07-24,27.459999084472656,27.3700008392334
SCHH,2026-07-24,24.540000915527344,24.34000015258789
SCHO,2026-07-24,24.040000915527344,24.040000915527344
SCHP,2026-07-24,26.07999992370605,26.06999969482422
SGOL,2026-07-24,38.52000045776367,38.560001373291016
SHY,2026-07-24,81.81999969482422,81.7699966430664
SHYG,2026-07-24,42.04999923706055,42.040000915527344
SIVR,2026-07-24,55.02999877929688,54.720001220703125
SKYY,2026-07-24,130.52000427246094,129.72000122070312
SLQD,2026-07-24,50.06999969482422,50.040000915527344
SLV,2026-07-24,52.34000015258789,52.060001373291016
SLX,2026-07-24,102.11000061035156,101.83000183105467
SMH,2026-07-24,574.4299926757812,580.1699829101562
SOXX,2026-07-24,544.3599853515625,551.239990234375
SOYB,2026-07-24,26.110000610351562,26.09000015258789
SPIB,2026-07-24,33.08000183105469,33.04999923706055
SPMB,2026-07-24,21.96999931335449,21.940000534057617
SPTL,2026-07-24,25.36000061035156,25.309999465942383
SPY,2026-07-24,738.510009765625,738.1799926757812
SRLN,2026-07-24,40.31999969482422,40.290000915527344
STIP,2026-07-24,101.2699966430664,101.20999908447266
TIP,2026-07-24,107.55000305175781,107.48999786376953
TLH,2026-07-24,97.29000091552734,97.0999984741211
TLT,2026-07-24,83.30999755859375,83.16999816894531
TUR,2026-07-24,39.0099983215332,39.43999862670898
UGA,2026-07-24,122.7699966430664,124.9800033569336
UNG,2026-07-24,10.8100004196167,10.609999656677246
UNL,2026-07-24,6.239999771118164,6.150000095367432
USHY,2026-07-24,36.66999816894531,36.65999984741211
USIG,2026-07-24,50.290000915527344,50.27000045776367
USO,2026-07-24,137.72000122070312,139.49000549316406
VCIT,2026-07-24,81.16000366210938,81.12000274658203
VCSH,2026-07-24,78.45999908447266,78.41000366210938
VDC,2026-07-24,225.32000732421875,224.97000122070312
VGIT,2026-07-24,58.290000915527344,58.22999954223633
VGLT,2026-07-24,53.33000183105469,53.25
VHT,2026-07-24,305.07000732421875,303.3099975585937
VMBS,2026-07-24,46.09000015258789,46.06999969482422
VNQ,2026-07-24,99.47000122070312,98.69000244140624
VNQI,2026-07-24,45.13999938964844,45.040000915527344
VPU,2026-07-24,200.0,199.42999267578125
VTIP,2026-07-24,49.59999847412109,49.56999969482422
VWOB,2026-07-24,65.81999969482422,65.72000122070312
WEAT,2026-07-24,25.0,25.6299991607666
XBI,2026-07-24,152.77999877929688,152.22999572753906
XLB,2026-07-24,50.31999969482422,50.290000915527344
XLC,2026-07-24,105.29499816894531,105.37999725341797
XLE,2026-07-24,59.400001525878906,59.380001068115234
XLF,2026-07-24,55.83000183105469,55.83000183105469
XLI,2026-07-24,181.9199981689453,181.94000244140625
XLK,2026-07-24,177.82000732421875,178.4499969482422
XLP,2026-07-24,83.37000274658203,83.20999908447266
XLRE,2026-07-24,45.345001220703125,44.95000076293945
XLU,2026-07-24,46.400001525878906,46.189998626708984
XLV,2026-07-24,162.47000122070312,161.44000244140625
XLY,2026-07-24,109.0999984741211,108.76000213623047
XME,2026-07-24,103.63999938964844,103.16999816894533
XPH,2026-07-24,68.7300033569336,68.48999786376953
XRT,2026-07-24,86.5999984741211,86.37999725341797
ANGL,2026-07-27,28.90999984741211,28.81999969482422
BKLN,2026-07-27,20.389999389648438,20.389999389648438
BNO,2026-07-27,49.86000061035156,52.58000183105469
BWX,2026-07-27,21.43000030517578,21.399999618530277
CANE,2026-07-27,9.600000381469728,9.710000038146973
CEMB,2026-07-27,45.25,45.220001220703125
CIBR,2026-07-27,89.87000274658203,88.4000015258789
CORN,2026-07-27,17.950000762939453,18.299999237060547
CPER,2026-07-27,38.7400016784668,38.349998474121094
DBA,2026-07-27,27.850000381469727,28.239999771118164
DBB,2026-07-27,24.81999969482422,24.690000534057617
DBC,2026-07-27,29.43000030517578,30.100000381469727
DBE,2026-07-27,30.899999618530277,32.209999084472656
DBO,2026-07-27,21.799999237060547,22.71999931335449
DIA,2026-07-27,524.7000122070312,518.760009765625
EBND,2026-07-27,20.770000457763672,20.71999931335449
EEM,2026-07-27,64.22000122070312,63.33000183105469
EFA,2026-07-27,104.36000061035156,103.41000366210938
EMB,2026-07-27,95.1500015258789,94.63999938964844
EMHY,2026-07-27,40.27999877929688,40.13999938964844
EMLC,2026-07-27,25.290000915527344,25.209999084472656
EPI,2026-07-27,42.2400016784668,41.68999862670898
EWA,2026-07-27,28.88999938964844,28.71999931335449
EWC,2026-07-27,59.33000183105469,59.06999969482422
EWG,2026-07-27,41.83000183105469,41.119998931884766
EWJ,2026-07-27,92.23999786376952,91.20999908447266
EWL,2026-07-27,62.56999969482422,62.09000015258789
EWN,2026-07-27,66.80999755859375,66.4800033569336
EWQ,2026-07-27,45.34000015258789,44.95000076293945
EWT,2026-07-27,99.36000061035156,98.01000213623048
EWU,2026-07-27,47.41999816894531,47.22999954223633
EWW,2026-07-27,76.13999938964844,75.44999694824219
EWY,2026-07-27,166.52999877929688,162.9600067138672
EWZ,2026-07-27,35.72999954223633,35.72999954223633
EZA,2026-07-27,61.93999862670898,61.06999969482422
EZU,2026-07-27,68.73999786376953,67.93000030517578
FALN,2026-07-27,26.940000534057617,26.8700008392334
FDN,2026-07-27,263.6000061035156,259.1400146484375
FXI,2026-07-27,35.08000183105469,34.58000183105469
GIGB,2026-07-27,45.02000045776367,44.93999862670898
GLD,2026-07-27,373.8900146484375,371.8999938964844
GLTR,2026-07-27,182.7899932861328,181.2700042724609
GOVT,2026-07-27,22.51000022888184,22.479999542236328
HYG,2026-07-27,79.33999633789062,79.2300033569336
IAU,2026-07-27,76.63999938964844,76.2300033569336
IEF,2026-07-27,93.20999908447266,93.02999877929688
IEI,2026-07-27,116.41999816894531,116.33000183105469
IGIB,2026-07-27,52.34000015258789,52.22999954223633
IGV,2026-07-27,89.91000366210938,87.9800033569336
IHI,2026-07-27,50.619998931884766,50.22999954223633
INDA,2026-07-27,48.709999084472656,48.02000045776367
ITB,2026-07-27,98.33999633789062,97.08999633789062
IWM,2026-07-27,293.9800109863281,291.1700134277344
IYR,2026-07-27,106.73999786376952,107.0
IYT,2026-07-27,88.52999877929688,88.0199966430664
JMBS,2026-07-27,44.540000915527344,44.43000030517578
JNK,2026-07-27,95.54000091552734,95.38999938964844
KRE,2026-07-27,76.05999755859375,75.7300033569336
LEMB,2026-07-27,42.27000045776367,42.09999847412109
LIT,2026-07-27,68.7699966430664,67.80999755859375
LMBS,2026-07-27,49.45000076293945,49.39500045776367
LQD,2026-07-27,106.55999755859375,106.2300033569336
MBB,2026-07-27,93.26000213623047,93.11000061035156
MDY,2026-07-27,694.27001953125,690.7100219726562
PALL,2026-07-27,23.260000228881836,22.559999465942383
PCY,2026-07-27,21.059999465942383,20.96999931335449
PFF,2026-07-27,30.260000228881836,30.15999984741211
PPLT,2026-07-27,14.699999809265137,14.430000305175781
QLTA,2026-07-27,46.630001068115234,46.52000045776367
QQQ,2026-07-27,691.6799926757812,684.22998046875
REM,2026-07-27,21.649999618530277,21.56999969482422
REMX,2026-07-27,68.77999877929688,67.51000213623047
RSP,2026-07-27,214.8000030517578,213.57000732421875
RWR,2026-07-27,119.04000091552734,119.19000244140624
RWX,2026-07-27,27.71999931335449,27.600000381469727
SCHH,2026-07-27,24.81999969482422,24.86000061035156
SCHO,2026-07-27,24.049999237060547,24.059999465942383
SCHP,2026-07-27,26.09000015258789,26.09000015258789
SGOL,2026-07-27,38.810001373291016,38.59000015258789
SHY,2026-07-27,81.86000061035156,81.8499984741211
SHYG,2026-07-27,42.11000061035156,42.02999877929688
SIVR,2026-07-27,55.7599983215332,55.27999877929688
SKYY,2026-07-27,134.5399932861328,131.9600067138672
SLQD,2026-07-27,50.09999847412109,50.08000183105469
SLV,2026-07-27,53.040000915527344,52.59000015258789
SLX,2026-07-27,103.51000213623048,103.48999786376952
SMH,2026-07-27,565.9400024414062,561.1900024414062
SOXX,2026-07-27,532.6400146484375,527.010009765625
SOYB,2026-07-27,25.760000228881836,26.280000686645508
SPIB,2026-07-27,33.119998931884766,33.09000015258789
SPMB,2026-07-27,22.030000686645508,21.96999931335449
SPTL,2026-07-27,25.479999542236328,25.36000061035156
SPY,2026-07-27,744.9099731445312,738.9299926757812
SRLN,2026-07-27,40.369998931884766,40.33000183105469
STIP,2026-07-27,101.19000244140624,101.2300033569336
TIP,2026-07-27,107.56999969482422,107.5
TLH,2026-07-27,97.75,97.30999755859375
TLT,2026-07-27,83.7300033569336,83.25
TUR,2026-07-27,38.77000045776367,39.15999984741211
UGA,2026-07-27,120.08999633789062,123.2300033569336
UNG,2026-07-27,10.220000267028809,10.550000190734863
UNL,2026-07-27,6.0,6.139999866485596
USHY,2026-07-27,36.720001220703125,36.65999984741211
USIG,2026-07-27,50.40999984741211,50.290000915527344
USO,2026-07-27,128.66000366210938,136.69000244140625
VCIT,2026-07-27,81.3499984741211,81.19000244140625
VCSH,2026-07-27,78.51000213623047,78.47000122070312
VDC,2026-07-27,228.19000244140625,227.32000732421875
VGIT,2026-07-27,58.369998931884766,58.31999969482422
VGLT,2026-07-27,53.61000061035156,53.34000015258789
VHT,2026-07-27,306.29998779296875,305.07000732421875
VMBS,2026-07-27,46.2400016784668,46.18999862670898
VNQ,2026-07-27,100.69000244140624,100.80999755859376
VNQI,2026-07-27,45.7400016784668,45.29999923706055
VPU,2026-07-27,199.08999633789065,199.4600067138672
VTIP,2026-07-27,49.56999969482422,49.59000015258789
VWOB,2026-07-27,66.04000091552734,65.8499984741211
WEAT,2026-07-27,25.030000686645508,25.219999313354492
XBI,2026-07-27,151.75999450683594,150.47999572753906
XLB,2026-07-27,51.470001220703125,51.2599983215332
XLC,2026-07-27,107.5199966430664,106.30000305175781
XLE,2026-07-27,58.40999984741211,59.619998931884766
XLF,2026-07-27,56.7599983215332,56.310001373291016
XLI,2026-07-27,183.6199951171875,182.66000366210938
XLK,2026-07-27,177.8300018310547,175.8800048828125
XLP,2026-07-27,84.41999816894531,84.12999725341797
XLRE,2026-07-27,45.85499954223633,45.95000076293945
XLU,2026-07-27,46.130001068115234,46.290000915527344
XLV,2026-07-27,163.00999450683594,162.57000732421875
XLY,2026-07-27,110.87000274658203,109.41000366210938
XME,2026-07-27,102.66999816894533,101.73999786376952
XPH,2026-07-27,68.4800033569336,67.94999694824219
XRT,2026-07-27,88.08999633789062,87.01000213623047
ANGL,2026-07-28,28.899999618530277,28.88999938964844
BKLN,2026-07-28,20.389999389648438,20.389999389648438
BNO,2026-07-28,47.959999084472656,48.720001220703125
BWX,2026-07-28,21.46999931335449,21.440000534057617
CANE,2026-07-28,9.56999969482422,9.609999656677246
CEMB,2026-07-28,45.25,45.2400016784668
CIBR,2026-07-28,88.83000183105469,89.0999984741211
CORN,2026-07-28,17.93000030517578,17.90999984741211
CPER,2026-07-28,38.25,38.77000045776367
DBA,2026-07-28,27.6299991607666,27.6200008392334
DBB,2026-07-28,24.56999969482422,24.850000381469727
DBC,2026-07-28,28.8799991607666,29.01000022888184
DBE,2026-07-28,29.989999771118164,30.290000915527344
DBO,2026-07-28,20.57999992370605,20.709999084472656
DIA,2026-07-28,526.1900024414062,521.260009765625
EBND,2026-07-28,20.81999969482422,20.790000915527344
EEM,2026-07-28,62.060001373291016,63.619998931884766
EFA,2026-07-28,103.19000244140625,103.91000366210938
EMB,2026-07-28,94.88999938964844,94.95999908447266
EMHY,2026-07-28,40.220001220703125,40.22999954223633
EMLC,2026-07-28,25.309999465942383,25.290000915527344
EPI,2026-07-28,42.290000915527344,42.34999847412109
EWA,2026-07-28,29.11000061035156,28.8799991607666
EWC,2026-07-28,59.43000030517578,59.38999938964844
EWG,2026-07-28,41.540000915527344,41.77999877929688
EWJ,2026-07-28,89.36000061035156,91.51000213623048
EWL,2026-07-28,62.68000030517578,62.43999862670898
EWN,2026-07-28,64.91000366210938,65.87000274658203
EWQ,2026-07-28,45.25,45.29999923706055
EWT,2026-07-28,93.37999725341795,97.80999755859376
EWU,2026-07-28,47.5,47.369998931884766
EWW,2026-07-28,76.51000213623047,76.54000091552734
EWY,2026-07-28,152.08999633789062,161.1999969482422
EWZ,2026-07-28,36.08000183105469,35.869998931884766
EZA,2026-07-28,61.56999969482422,61.93999862670898
EZU,2026-07-28,67.7300033569336,68.26000213623047
FALN,2026-07-28,26.93000030517578,26.88999938964844
FDN,2026-07-28,264.5400085449219,264.0400085449219
FXI,2026-07-28,35.40999984741211,35.279998779296875
GIGB,2026-07-28,45.06999969482422,45.060001373291016
GLD,2026-07-28,369.6099853515625,374.6300048828125
GLTR,2026-07-28,179.67999267578125,182.8999938964844
GOVT,2026-07-28,22.540000915527344,22.520000457763672
HYG,2026-07-28,79.31999969482422,79.2699966430664
IAU,2026-07-28,75.76000213623047,76.77999877929688
IEF,2026-07-28,93.37000274658203,93.27999877929688
IEI,2026-07-28,116.58999633789062,116.45999908447266
IGIB,2026-07-28,52.369998931884766,52.33000183105469
IGV,2026-07-28,90.97000122070312,90.91000366210938
IHI,2026-07-28,52.18000030517578,51.369998931884766
INDA,2026-07-28,48.93999862670898,48.88999938964844
ITB,2026-07-28,99.52999877929688,97.9800033569336
IWM,2026-07-28,293.1600036621094,292.9100036621094
IYR,2026-07-28,107.83999633789062,106.63999938964844
IYT,2026-07-28,87.12000274658203,87.18000030517578
JMBS,2026-07-28,44.54999923706055,44.54999923706055
JNK,2026-07-28,95.52999877929688,95.45999908447266
KRE,2026-07-28,75.77999877929688,75.5199966430664
LEMB,2026-07-28,42.310001373291016,42.290000915527344
LIT,2026-07-28,67.04000091552734,68.62999725341797
LMBS,2026-07-28,49.5,49.44900131225586
LQD,2026-07-28,106.62000274658203,106.51000213623047
MBB,2026-07-28,93.5,93.37000274658203
MDY,2026-07-28,691.2000122070312,692.8499755859375
PALL,2026-07-28,22.829999923706055,23.420000076293945
PCY,2026-07-28,21.040000915527344,21.06999969482422
PFF,2026-07-28,30.309999465942383,30.280000686645508
PPLT,2026-07-28,14.5,14.729999542236328
QLTA,2026-07-28,46.65999984741211,46.619998931884766
QQQ,2026-07-28,676.22998046875,682.1199951171875
REM,2026-07-28,21.71999931335449,21.670000076293945
REMX,2026-07-28,66.6500015258789,68.72000122070312
RSP,2026-07-28,216.1699981689453,215.17999267578125
RWR,2026-07-28,119.41999816894533,118.6500015258789
RWX,2026-07-28,27.799999237060547,27.690000534057617
SCHH,2026-07-28,24.940000534057617,24.76000022888184
SCHO,2026-07-28,24.07999992370605,24.059999465942383
SCHP,2026-07-28,26.06999969482422,26.049999237060547
SGOL,2026-07-28,38.34999847412109,38.869998931884766
SHY,2026-07-28,81.91000366210938,81.87000274658203
SHYG,2026-07-28,42.09999847412109,42.08000183105469
SIVR,2026-07-28,54.220001220703125,55.63999938964844
SKYY,2026-07-28,135.6999969482422,135.83999633789062
SLQD,2026-07-28,50.119998931884766,50.11000061035156
SLV,2026-07-28,51.61000061035156,52.93000030517578
SLX,2026-07-28,103.6999969482422,104.0999984741211
SMH,2026-07-28,531.6500244140625,548.5499877929688
SOXX,2026-07-28,496.739990234375,516.22998046875
SOYB,2026-07-28,25.579999923706055,25.59000015258789
SPIB,2026-07-28,33.150001525878906,33.119998931884766
SPMB,2026-07-28,22.059999465942383,22.030000686645508
SPTL,2026-07-28,25.530000686645508,25.489999771118164
SPY,2026-07-28,739.1900024414062,739.0900268554688
SRLN,2026-07-28,40.36000061035156,40.380001068115234
STIP,2026-07-28,101.16000366210938,101.11000061035156
TIP,2026-07-28,107.5,107.38999938964844
TLH,2026-07-28,97.93000030517578,97.77999877929688
TLT,2026-07-28,83.86000061035156,83.75
TUR,2026-07-28,38.68999862670898,38.70000076293945
UGA,2026-07-28,119.08000183105469,119.20999908447266
UNG,2026-07-28,10.029999732971191,10.109999656677246
UNL,2026-07-28,5.96999979019165,6.010000228881836
USHY,2026-07-28,36.720001220703125,36.68999862670898
USIG,2026-07-28,50.41999816894531,50.38999938964844
USO,2026-07-28,123.66999816894531,124.76000213623047
VCIT,2026-07-28,81.41000366210938,81.31999969482422
VCSH,2026-07-28,78.56999969482422,78.5
VDC,2026-07-28,235.2700042724609,230.91000366210935
VGIT,2026-07-28,58.459999084472656,58.400001525878906
VGLT,2026-07-28,53.68999862670898,53.619998931884766
VHT,2026-07-28,310.3299865722656,306.6700134277344
VMBS,2026-07-28,46.27999877929688,46.27999877929688
VNQ,2026-07-28,101.2699966430664,100.54000091552734
VNQI,2026-07-28,45.81999969482422,45.790000915527344
VPU,2026-07-28,197.67999267578125,197.00999450683597
VTIP,2026-07-28,49.54999923706055,49.52000045776367
VWOB,2026-07-28,65.98999786376953,66.0199966430664
WEAT,2026-07-28,24.3799991607666,24.520000457763672
XBI,2026-07-28,150.5,150.58999633789062
XLB,2026-07-28,52.0,51.38999938964844
XLC,2026-07-28,108.33000183105469,107.66000366210938
XLE,2026-07-28,58.40999984741211,58.36000061035156
XLF,2026-07-28,57.130001068115234,56.880001068115234
XLI,2026-07-28,182.6300048828125,183.1999969482422
XLK,2026-07-28,171.2100067138672,174.3000030517578
XLP,2026-07-28,87.06999969482422,85.36000061035156
XLRE,2026-07-28,46.16999816894531,45.7599983215332
XLU,2026-07-28,45.86000061035156,45.68000030517578
XLV,2026-07-28,165.99000549316406,163.39999389648438
XLY,2026-07-28,111.66000366210938,110.83999633789062
XME,2026-07-28,102.0199966430664,103.11000061035156
XPH,2026-07-28,68.9800033569336,68.54000091552734
XRT,2026-07-28,90.31999969482422,89.54000091552734
ANGL,2026-07-29,28.93000030517578,28.920000076293945
BKLN,2026-07-29,20.399999618530273,20.399999618530273
BNO,2026-07-29,49.560001373291016,46.7400016784668
BWX,2026-07-29,21.46999931335449,21.46999931335449
CANE,2026-07-29,9.649999618530272,9.56999969482422
CEMB,2026-07-29,45.2400016784668,45.290000915527344
CIBR,2026-07-29,89.16000366210938,89.27999877929688
CORN,2026-07-29,18.0,18.079999923706055
CPER,2026-07-29,38.22999954223633,38.33000183105469
DBA,2026-07-29,27.829999923706055,27.84000015258789
DBB,2026-07-29,24.670000076293945,24.59000015258789
DBC,2026-07-29,29.25,28.600000381469727
DBE,2026-07-29,30.82999992370605,29.399999618530277
DBO,2026-07-29,21.299999237060547,20.030000686645508
DIA,2026-07-29,522.4600219726562,526.8900146484375
EBND,2026-07-29,20.799999237060547,20.8700008392334
EEM,2026-07-29,61.72999954223633,62.36000061035156
EFA,2026-07-29,103.72000122070312,103.88999938964844
EMB,2026-07-29,94.97000122070312,95.19000244140625
EMHY,2026-07-29,40.220001220703125,40.27000045776367
EMLC,2026-07-29,25.299999237060547,25.36000061035156
EPI,2026-07-29,42.5,42.619998931884766
EWA,2026-07-29,29.299999237060547,29.31999969482422
EWC,2026-07-29,59.86000061035156,59.84000015258789
EWG,2026-07-29,41.959999084472656,41.91999816894531
EWJ,2026-07-29,89.94000244140625,89.83000183105469
EWL,2026-07-29,62.86000061035156,63.22999954223633
EWN,2026-07-29,65.0199966430664,65.11000061035156
EWQ,2026-07-29,45.29999923706055,45.68000030517578
EWT,2026-07-29,90.8499984741211,93.9499969482422
EWU,2026-07-29,47.95000076293945,47.81999969482422
EWW,2026-07-29,76.62000274658203,76.77999877929688
EWY,2026-07-29,148.8300018310547,151.4499969482422
EWZ,2026-07-29,35.959999084472656,36.04999923706055
EZA,2026-07-29,62.150001525878906,61.97999954223633
EZU,2026-07-29,67.8499984741211,68.16999816894531
FALN,2026-07-29,26.96999931335449,26.950000762939453
FDN,2026-07-29,267.75,268.239990234375
FXI,2026-07-29,35.91999816894531,35.650001525878906
GIGB,2026-07-29,45.11000061035156,45.17399978637695
GLD,2026-07-29,368.2900085449219,369.3699951171875
GLTR,2026-07-29,179.3000030517578,179.74000549316406
GOVT,2026-07-29,22.559999465942383,22.57999992370605
HYG,2026-07-29,79.37000274658203,79.41999816894531
IAU,2026-07-29,75.4800033569336,75.69999694824219
IEF,2026-07-29,93.41000366210938,93.55999755859375
IEI,2026-07-29,116.56999969482422,116.68000030517578
IGIB,2026-07-29,52.400001525878906,52.45000076293945
IGV,2026-07-29,91.83999633789062,91.77999877929688
IHI,2026-07-29,52.4900016784668,52.68999862670898
INDA,2026-07-29,49.25,49.380001068115234
ITB,2026-07-29,98.4800033569336,100.33000183105467
IWM,2026-07-29,292.489990234375,293.3699951171875
IYR,2026-07-29,107.20999908447266,107.26000213623048
IYT,2026-07-29,86.37999725341797,86.97000122070312
JMBS,2026-07-29,44.58000183105469,44.630001068115234
JNK,2026-07-29,95.58000183105469,95.61000061035156
KRE,2026-07-29,76.36000061035156,76.79000091552734
LEMB,2026-07-29,42.25,42.29999923706055
LIT,2026-07-29,66.94000244140625,66.95999908447266
LMBS,2026-07-29,49.47999954223633,49.459999084472656
LQD,2026-07-29,106.72000122070312,106.83000183105469
MBB,2026-07-29,93.51000213623047,93.66999816894531
MDY,2026-07-29,691.1500244140625,692.969970703125
PALL,2026-07-29,22.75,22.90999984741211
PCY,2026-07-29,21.06999969482422,21.100000381469727
PFF,2026-07-29,30.360000610351562,30.360000610351562
PPLT,2026-07-29,14.390000343322754,14.539999961853027
QLTA,2026-07-29,46.70000076293945,46.72999954223633
QQQ,2026-07-29,675.510009765625,675.489990234375
REM,2026-07-29,21.989999771118164,22.07999992370605
REMX,2026-07-29,65.68000030517578,66.08999633789062
RSP,2026-07-29,217.1999969482422,217.69000244140625
RWR,2026-07-29,118.87000274658205,118.7699966430664
RWX,2026-07-29,27.899999618530277,27.88999938964844
SCHH,2026-07-29,24.850000381469727,24.81999969482422
SCHO,2026-07-29,24.06999969482422,24.07999992370605
SCHP,2026-07-29,26.11000061035156,26.11000061035156
SGOL,2026-07-29,38.209999084472656,38.34000015258789
SHY,2026-07-29,81.9000015258789,81.94000244140625
SHYG,2026-07-29,42.09000015258789,42.11000061035156
SIVR,2026-07-29,54.34999847412109,54.33000183105469
SKYY,2026-07-29,137.7100067138672,137.89999389648438
SLQD,2026-07-29,50.11000061035156,50.150001525878906
SLV,2026-07-29,51.720001220703125,51.70000076293945
SLX,2026-07-29,106.0,104.41000366210938
SMH,2026-07-29,525.989990234375,529.5999755859375
SOXX,2026-07-29,488.6499938964844,491.4599914550781
SOYB,2026-07-29,25.489999771118164,25.709999084472656
SPIB,2026-07-29,33.15999984741211,33.16999816894531
SPMB,2026-07-29,22.06999969482422,22.100000381469727
SPTL,2026-07-29,25.59000015258789,25.6299991607666
SPY,2026-07-29,739.969970703125,740.8599853515625
SRLN,2026-07-29,40.38999938964844,40.380001068115234
STIP,2026-07-29,101.19000244140624,101.18000030517578
TIP,2026-07-29,107.63999938964844,107.66000366210938
TLH,2026-07-29,98.0999984741211,98.27999877929688
TLT,2026-07-29,84.0999984741211,84.23999786376953
TUR,2026-07-29,38.290000915527344,38.77000045776367
UGA,2026-07-29,120.88999938964844,118.30000305175781
UNG,2026-07-29,9.819999694824219,9.800000190734863
UNL,2026-07-29,5.96999979019165,5.940000057220459
USHY,2026-07-29,36.75,36.7400016784668
USIG,2026-07-29,50.47999954223633,50.5099983215332
USO,2026-07-29,128.4600067138672,120.48999786376953
VCIT,2026-07-29,81.44000244140625,81.51000213623047
VCSH,2026-07-29,78.56999969482422,78.62000274658203
VDC,2026-07-29,233.92999267578125,235.42999267578125
VGIT,2026-07-29,58.459999084472656,58.540000915527344
VGLT,2026-07-29,53.810001373291016,53.90999984741211
VHT,2026-07-29,312.6700134277344,313.2300109863281
VMBS,2026-07-29,46.290000915527344,46.369998931884766
VNQ,2026-07-29,101.0,100.9499969482422
VNQI,2026-07-29,46.0099983215332,46.11000061035156
VPU,2026-07-29,197.2400054931641,196.22000122070312
VTIP,2026-07-29,49.560001373291016,49.56999969482422
VWOB,2026-07-29,66.08000183105469,66.12999725341797
WEAT,2026-07-29,24.639999389648438,24.6200008392334
XBI,2026-07-29,149.22999572753906,149.77999877929688
XLB,2026-07-29,52.34000015258789,52.34000015258789
XLC,2026-07-29,109.51000213623047,109.66999816894531
XLE,2026-07-29,59.08000183105469,57.56999969482422
XLF,2026-07-29,57.290000915527344,57.599998474121094
XLI,2026-07-29,181.0,182.49000549316406
XLK,2026-07-29,171.1199951171875,171.08999633789062
XLP,2026-07-29,86.33999633789062,87.05999755859375
XLRE,2026-07-29,46.04499816894531,46.0099983215332
XLU,2026-07-29,45.7599983215332,45.52000045776367
XLV,2026-07-29,167.14999389648438,167.25999450683594
XLY,2026-07-29,111.94999694824219,112.4800033569336
XME,2026-07-29,101.12999725341795,101.44000244140624
XPH,2026-07-29,68.91999816894531,69.0
XRT,2026-07-29,90.9800033569336,91.5199966430664
ANGL,2026-07-30,28.8700008392334,28.84000015258789
BKLN,2026-07-30,20.389999389648438,20.3700008392334
BNO,2026-07-30,49.52000045776367,50.43000030517578
BWX,2026-07-30,21.59000015258789,21.5
CANE,2026-07-30,9.520000457763672,9.550000190734863
CEMB,2026-07-30,45.220001220703125,45.18999862670898
CIBR,2026-07-30,89.79000091552734,88.79000091552734
CORN,2026-07-30,17.860000610351562,17.829999923706055
CPER,2026-07-30,38.9900016784668,38.349998474121094
DBA,2026-07-30,27.610000610351562,27.489999771118164
DBB,2026-07-30,24.899999618530273,24.709999084472656
DBC,2026-07-30,29.299999237060547,29.420000076293945
DBE,2026-07-30,30.770000457763672,31.36000061035156
DBO,2026-07-30,21.149999618530277,21.46999931335449
DIA,2026-07-30,518.8400268554688,515.4099731445312
EBND,2026-07-30,20.940000534057617,20.799999237060547
EEM,2026-07-30,62.47999954223633,61.06999969482422
EFA,2026-07-30,105.01000213623047,103.37000274658203
EMB,2026-07-30,94.62000274658203,94.55999755859375
EMHY,2026-07-30,40.13999938964844,40.040000915527344
EMLC,2026-07-30,25.440000534057617,25.309999465942383
EPI,2026-07-30,42.93000030517578,42.4900016784668
EWA,2026-07-30,29.5,29.11000061035156
EWC,2026-07-30,59.66999816894531,59.290000915527344
EWG,2026-07-30,42.470001220703125,41.93999862670898
EWJ,2026-07-30,90.5999984741211,89.3499984741211
EWL,2026-07-30,63.290000915527344,62.790000915527344
EWN,2026-07-30,66.79000091552734,64.52999877929688
EWQ,2026-07-30,46.13999938964844,45.5099983215332
EWT,2026-07-30,92.3499984741211,89.41000366210938
EWU,2026-07-30,48.52000045776367,47.900001525878906
EWW,2026-07-30,75.73999786376953,75.56999969482422
EWY,2026-07-30,152.27000427246094,144.2100067138672
EWZ,2026-07-30,35.779998779296875,35.470001220703125
EZA,2026-07-30,63.400001525878906,62.08000183105469
EZU,2026-07-30,69.08999633789062,67.70999908447266
FALN,2026-07-30,26.920000076293945,26.86000061035156
FDN,2026-07-30,264.5899963378906,267.7699890136719
FXI,2026-07-30,36.33000183105469,36.119998931884766
GIGB,2026-07-30,45.02000045776367,44.95000076293945
GLD,2026-07-30,374.1600036621094,371.0799865722656
GLTR,2026-07-30,182.22999572753903,180.4600067138672
GOVT,2026-07-30,22.5,22.5
HYG,2026-07-30,79.37999725341797,79.23999786376953
IAU,2026-07-30,76.69000244140625,76.04000091552734
IEF,2026-07-30,93.23999786376953,93.16999816894531
IEI,2026-07-30,116.68000030517578,116.56999969482422
IGIB,2026-07-30,52.34000015258789,52.27000045776367
IGV,2026-07-30,92.45999908447266,92.37000274658205
IHI,2026-07-30,52.93000030517578,53.29999923706055
INDA,2026-07-30,49.650001525878906,49.16999816894531
ITB,2026-07-30,96.88999938964844,96.58000183105467
IWM,2026-07-30,291.1499938964844,288.57000732421875
IYR,2026-07-30,107.1500015258789,107.01000213623048
IYT,2026-07-30,85.80999755859375,85.76000213623047
JMBS,2026-07-30,44.56999969482422,44.47999954223633
JNK,2026-07-30,95.5199966430664,95.38999938964844
KRE,2026-07-30,76.55999755859375,76.18000030517578
LEMB,2026-07-30,42.52000045776367,42.31999969482422
LIT,2026-07-30,68.5,66.73999786376953
LMBS,2026-07-30,49.52999877929688,49.48699951171875
LQD,2026-07-30,106.3499984741211,106.22000122070312
MBB,2026-07-30,93.4000015258789,93.2300033569336
MDY,2026-07-30,687.6099853515625,681.1599731445312
PALL,2026-07-30,23.280000686645508,22.8799991607666
PCY,2026-07-30,20.90999984741211,20.8799991607666
PFF,2026-07-30,30.18000030517578,30.100000381469727
PPLT,2026-07-30,14.649999618530273,14.59000015258789
QLTA,2026-07-30,46.560001373291016,46.5099983215332
QQQ,2026-07-30,674.760009765625,661.72998046875
REM,2026-07-30,21.899999618530277,21.899999618530277
REMX,2026-07-30,65.30999755859375,64.58999633789062
RSP,2026-07-30,215.8300018310547,215.72999572753903
RWR,2026-07-30,118.29000091552734,118.26000213623048
RWX,2026-07-30,28.149999618530277,27.899999618530277
SCHH,2026-07-30,24.780000686645508,24.76000022888184
SCHO,2026-07-30,24.100000381469727,24.09000015258789
SCHP,2026-07-30,26.13999938964844,26.13999938964844
SGOL,2026-07-30,38.84000015258789,38.5099983215332
SHY,2026-07-30,82.0199966430664,81.98999786376953
SHYG,2026-07-30,42.119998931884766,42.040000915527344
SIVR,2026-07-30,55.02000045776367,54.43000030517578
SKYY,2026-07-30,138.61000061035156,138.55999755859375
SLQD,2026-07-30,50.18000030517578,50.150001525878906
SLV,2026-07-30,52.349998474121094,51.77000045776367
SLX,2026-07-30,104.7699966430664,103.62999725341795
SMH,2026-07-30,529.8599853515625,504.2200012207031
SOXX,2026-07-30,491.5700073242188,465.0
SOYB,2026-07-30,25.290000915527344,25.209999084472656
SPIB,2026-07-30,33.15999984741211,33.130001068115234
SPMB,2026-07-30,22.030000686645508,22.01000022888184
SPTL,2026-07-30,25.26000022888184,25.26000022888184
SPY,2026-07-30,736.0499877929688,729.4600219726562
SRLN,2026-07-30,40.38999938964844,40.34999847412109
STIP,2026-07-30,101.43000030517578,101.41000366210938
TIP,2026-07-30,107.83000183105469,107.7699966430664
TLH,2026-07-30,97.11000061035156,97.11000061035156
TLT,2026-07-30,82.80999755859375,82.8499984741211
TUR,2026-07-30,37.43000030517578,38.209999084472656
UGA,2026-07-30,118.83000183105469,121.4800033569336
UNG,2026-07-30,9.890000343322754,9.930000305175781
UNL,2026-07-30,6.019999980926514,6.03000020980835
USHY,2026-07-30,36.7400016784668,36.66999816894531
USIG,2026-07-30,50.34000015258789,50.310001373291016
USO,2026-07-30,127.12000274658203,129.30999755859375
VCIT,2026-07-30,81.33999633789062,81.26000213623047
VCSH,2026-07-30,78.68000030517578,78.61000061035156
VDC,2026-07-30,232.55999755859372,236.0800018310547
VGIT,2026-07-30,58.4900016784668,58.43000030517578
VGLT,2026-07-30,53.09999847412109,53.130001068115234
VHT,2026-07-30,306.44000244140625,311.32000732421875
VMBS,2026-07-30,46.20000076293945,46.18999862670898
VNQ,2026-07-30,100.86000061035156,100.66000366210938
VNQI,2026-07-30,46.2400016784668,45.93000030517578
VPU,2026-07-30,194.5,193.47000122070312
VTIP,2026-07-30,49.68000030517578,49.68000030517578
VWOB,2026-07-30,65.77999877929688,65.73999786376953
WEAT,2026-07-30,24.899999618530273,24.5
XBI,2026-07-30,148.0,147.91000366210938
XLB,2026-07-30,52.209999084472656,51.7400016784668
XLC,2026-07-30,106.47000122070312,109.51000213623047
XLE,2026-07-30,58.08000183105469,58.650001525878906
XLF,2026-07-30,56.81999969482422,56.68000030517578
XLI,2026-07-30,178.92999267578125,176.66000366210938
XLK,2026-07-30,172.80999755859375,166.57000732421875
XLP,2026-07-30,86.0,87.36000061035156
XLRE,2026-07-30,45.939998626708984,45.959999084472656
XLU,2026-07-30,45.20000076293945,44.90999984741211
XLV,2026-07-30,163.25,166.24000549316406
XLY,2026-07-30,112.16999816894531,111.61000061035156
XME,2026-07-30,99.62999725341795,97.58000183105467
XPH,2026-07-30,68.61000061035156,68.69999694824219
XRT,2026-07-30,91.01000213623047,91.4000015258789
ANGL,2026-07-31,28.920000076293945,28.93000030517578
BKLN,2026-07-31,20.399999618530273,20.3799991607666
BNO,2026-07-31,50.529998779296875,49.65999984741211
BWX,2026-07-31,21.739999771118164,21.770000457763672
CANE,2026-07-31,9.630000114440918,9.529999732971191
CEMB,2026-07-31,45.22999954223633,45.25
CIBR,2026-07-31,90.74500274658205,90.0199966430664
CORN,2026-07-31,17.739999771118164,17.760000228881836
CPER,2026-07-31,39.2400016784668,39.34000015258789
DBA,2026-07-31,27.600000381469727,27.479999542236328
DBB,2026-07-31,25.059999465942383,25.040000915527344
DBC,2026-07-31,29.540000915527344,29.31999969482422
DBE,2026-07-31,31.32999992370605,30.88999938964844
DBO,2026-07-31,21.700000762939453,21.200000762939453
DIA,2026-07-31,524.0800170898438,521.510009765625
EBND,2026-07-31,20.940000534057617,20.989999771118164
EEM,2026-07-31,64.93000030517578,63.59000015258789
EFA,2026-07-31,105.75,106.23999786376953
EMB,2026-07-31,94.73999786376953,94.79000091552734
EMHY,2026-07-31,40.209999084472656,40.18999862670898
EMLC,2026-07-31,25.46999931335449,25.51000022888184
EPI,2026-07-31,42.93000030517578,42.959999084472656
EWA,2026-07-31,29.36000061035156,29.81999969482422
EWC,2026-07-31,59.630001068115234,59.790000915527344
EWG,2026-07-31,42.650001525878906,42.880001068115234
EWJ,2026-07-31,92.5999984741211,93.29000091552734
EWL,2026-07-31,63.29999923706055,63.91999816894531
EWN,2026-07-31,67.36000061035156,67.44999694824219
EWQ,2026-07-31,46.36000061035156,46.470001220703125
EWT,2026-07-31,97.83000183105467,94.0
EWU,2026-07-31,48.38999938964844,48.68000030517578
EWW,2026-07-31,77.25,77.11000061035156
EWY,2026-07-31,164.61000061035156,161.2100067138672
EWZ,2026-07-31,36.5099983215332,36.52999877929688
EZA,2026-07-31,63.4900016784668,64.11000061035156
EZU,2026-07-31,69.69000244140625,69.6500015258789
FALN,2026-07-31,26.940000534057617,26.950000762939453
FDN,2026-07-31,271.69000244140625,267.8500061035156
FXI,2026-07-31,36.27999877929688,36.52000045776367
GIGB,2026-07-31,44.97999954223633,45.040000915527344
GLD,2026-07-31,370.8399963378906,377.1600036621094
GLTR,2026-07-31,180.8000030517578,184.63999938964844
GOVT,2026-07-31,22.459999084472656,22.51000022888184
HYG,2026-07-31,79.45999908447266,79.47000122070312
IAU,2026-07-31,76.01000213623047,77.30000305175781
IEF,2026-07-31,92.9800033569336,93.20999908447266
IEI,2026-07-31,116.44000244140625,116.63999938964844
IGIB,2026-07-31,52.27999877929688,52.34999847412109
IGV,2026-07-31,93.25,93.30999755859376
IHI,2026-07-31,52.20000076293945,52.7400016784668
INDA,2026-07-31,49.77999877929688,49.70000076293945
ITB,2026-07-31,95.54000091552734,95.47000122070312
IWM,2026-07-31,293.55999755859375,292.5899963378906
IYR,2026-07-31,105.5500030517578,105.66999816894533
IYT,2026-07-31,84.83999633789062,84.87999725341797
JMBS,2026-07-31,44.209999084472656,44.5
JNK,2026-07-31,95.6500015258789,95.66000366210938
KRE,2026-07-31,76.05999755859375,75.9000015258789
LEMB,2026-07-31,42.59999847412109,42.619998931884766
LIT,2026-07-31,69.97000122070312,69.80999755859375
LMBS,2026-07-31,49.54999923706055,49.52999877929688
LQD,2026-07-31,106.23999786376953,106.41000366210938
MBB,2026-07-31,93.16000366210938,93.29000091552734
MDY,2026-07-31,690.0800170898438,687.1900024414062
PALL,2026-07-31,23.079999923706055,23.850000381469727
PCY,2026-07-31,20.950000762939453,20.93000030517578
PFF,2026-07-31,30.43000030517578,30.440000534057617
PPLT,2026-07-31,14.779999732971191,15.029999732971191
QLTA,2026-07-31,46.540000915527344,46.59999847412109
QQQ,2026-07-31,692.1099853515625,683.5499877929688
REM,2026-07-31,21.690000534057617,21.76000022888184
REMX,2026-07-31,66.80999755859375,66.44999694824219
RSP,2026-07-31,215.4199981689453,215.3800048828125
RWR,2026-07-31,116.47000122070312,116.4000015258789
RWX,2026-07-31,28.229999542236328,28.450000762939453
SCHH,2026-07-31,24.3799991607666,24.399999618530277
SCHO,2026-07-31,24.09000015258789,24.11000061035156
SCHP,2026-07-31,26.09000015258789,26.1200008392334
SGOL,2026-07-31,38.4900016784668,39.13999938964844
SHY,2026-07-31,81.97000122070312,82.01000213623047
SHYG,2026-07-31,42.13999938964844,42.13999938964844
SIVR,2026-07-31,54.619998931884766,56.220001220703125
SKYY,2026-07-31,140.57000732421875,140.02999877929688
SLQD,2026-07-31,50.150001525878906,50.18000030517578
SLV,2026-07-31,51.95000076293945,53.5
SLX,2026-07-31,105.06999969482422,106.43000030517578
SMH,2026-07-31,557.5,538.9000244140625
SOXX,2026-07-31,527.0999755859375,504.5299987792969
SOYB,2026-07-31,25.229999542236328,25.18000030517578
SPIB,2026-07-31,33.150001525878906,33.15999984741211
SPMB,2026-07-31,21.979999542236328,22.020000457763672
SPTL,2026-07-31,25.149999618530277,25.25
SPY,2026-07-31,744.6799926757812,741.6900024414062
SRLN,2026-07-31,40.43000030517578,40.38999938964844
STIP,2026-07-31,101.30999755859376,101.41000366210938
TIP,2026-07-31,107.55000305175781,107.73999786376953
TLH,2026-07-31,96.70999908447266,97.08999633789062
TLT,2026-07-31,82.44999694824219,82.80000305175781
TUR,2026-07-31,37.88999938964844,37.720001220703125
UGA,2026-07-31,117.63999938964844,117.94999694824219
UNG,2026-07-31,9.989999771118164,10.010000228881836
UNL,2026-07-31,5.980000019073486,5.980000019073486
USHY,2026-07-31,36.790000915527344,36.790000915527344
USIG,2026-07-31,50.33000183105469,50.369998931884766
USO,2026-07-31,130.17999267578125,127.4800033569336
VCIT,2026-07-31,81.27999877929688,81.37999725341797
VCSH,2026-07-31,78.66999816894531,78.66999816894531
VDC,2026-07-31,230.00999450683597,231.3699951171875
VGIT,2026-07-31,58.34999847412109,58.45000076293945
VGLT,2026-07-31,52.88999938964844,53.09999847412109
VHT,2026-07-31,305.3800048828125,307.1499938964844
VMBS,2026-07-31,46.18000030517578,46.25
VNQ,2026-07-31,99.45999908447266,99.48999786376952
VNQI,2026-07-31,46.06999969482422,46.560001373291016
VPU,2026-07-31,192.57000732421875,192.5800018310547
VTIP,2026-07-31,49.630001068115234,49.65999984741211
VWOB,2026-07-31,65.87999725341797,65.87000274658203
WEAT,2026-07-31,24.3700008392334,24.6200008392334
XBI,2026-07-31,151.1999969482422,151.4600067138672
XLB,2026-07-31,50.90999984741211,51.63999938964844
XLC,2026-07-31,106.82499694824219,106.58000183105469
XLE,2026-07-31,58.93000030517578,58.959999084472656
XLF,2026-07-31,56.810001373291016,57.0
XLI,2026-07-31,180.5,178.38999938964844
XLK,2026-07-31,177.4600067138672,175.72999572753906
XLP,2026-07-31,84.8499984741211,85.47000122070312
XLRE,2026-07-31,45.279998779296875,45.29999923706055
XLU,2026-07-31,44.61000061035156,44.65999984741211
XLV,2026-07-31,162.30999755859375,163.52000427246094
XLY,2026-07-31,115.44000244140625,112.38999938964844
XME,2026-07-31,101.8499984741211,101.86000061035156
XPH,2026-07-31,69.0999984741211,69.73999786376953
XRT,2026-07-31,90.44999694824219,90.58000183105469
