ticker,day,open,prev_close
ANGL,2026-06-01,29.030000686645508,29.229999542236328
BKLN,2026-06-01,20.489999771118164,20.469999313354492
BNO,2026-06-01,52.79999923706055,50.59000015258789
BWX,2026-06-01,21.989999771118164,22.170000076293945
CANE,2026-06-01,9.739999771118164,9.5600004196167
CEMB,2026-06-01,45.560001373291016,45.81999969482422
CIBR,2026-06-01,90.33999633789062,89.04000091552734
CORN,2026-06-01,17.940000534057617,17.93000030517578
CPER,2026-06-01,39.45000076293945,38.86000061035156
DBA,2026-06-01,27.420000076293945,27.25
DBB,2026-06-01,26.18000030517578,25.969999313354492
DBC,2026-06-01,30.040000915527344,29.479999542236328
DBE,2026-06-01,31.15999984741211,30.06999969482422
DBO,2026-06-01,21.920000076293945,21.13999938964844
DIA,2026-06-01,509.8500061035156,510.7799987792969
EBND,2026-06-01,20.850000381469727,21.020000457763672
EEM,2026-06-01,69.37999725341797,68.5999984741211
EFA,2026-06-01,103.98999786376953,104.80000305175781
EMB,2026-06-01,95.95999908447266,96.43000030517578
EMHY,2026-06-01,40.41999816894531,40.63999938964844
EMLC,2026-06-01,25.459999084472656,25.6200008392334
EPI,2026-06-01,42.06999969482422,42.560001373291016
EWA,2026-06-01,29.030000686645508,29.25
EWC,2026-06-01,58.630001068115234,58.810001373291016
EWG,2026-06-01,43.31999969482422,43.43000030517578
EWJ,2026-06-01,92.7699966430664,92.95999908447266
EWL,2026-06-01,62.0099983215332,63.130001068115234
EWN,2026-06-01,66.63999938964844,67.04000091552734
EWQ,2026-06-01,45.61000061035156,45.970001220703125
EWT,2026-06-01,105.18000030517578,102.77999877929688
EWU,2026-06-01,46.54999923706055,46.93000030517578
EWW,2026-06-01,78.16999816894531,78.43000030517578
EWY,2026-06-01,211.47000122070312,205.8300018310547
EWZ,2026-06-01,35.619998931884766,35.90999984741211
EZA,2026-06-01,67.61000061035156,69.41000366210938
EZU,2026-06-01,68.44999694824219,68.77999877929688
FALN,2026-06-01,27.0,27.200000762939453
FDN,2026-06-01,284.07000732421875,283.3800048828125
FXI,2026-06-01,35.22999954223633,35.04999923706055
GIGB,2026-06-01,45.69499969482422,45.979000091552734
GLD,2026-06-01,409.8599853515625,417.1199951171875
GLTR,2026-06-01,210.9199981689453,214.1999969482422
GOVT,2026-06-01,22.649999618530277,22.780000686645508
HYG,2026-06-01,79.79000091552734,80.30999755859375
IAU,2026-06-01,84.01000213623047,85.48999786376953
IEF,2026-06-01,93.91000366210938,94.6500015258789
IEI,2026-06-01,117.0199966430664,117.73999786376953
IGIB,2026-06-01,52.900001525878906,53.31999969482422
IGV,2026-06-01,104.0199966430664,101.66000366210938
IHI,2026-06-01,48.75,48.959999084472656
INDA,2026-06-01,47.810001373291016,48.560001373291016
ITB,2026-06-01,94.18000030517578,93.05999755859376
IWM,2026-06-01,288.3699951171875,290.42999267578125
IYR,2026-06-01,100.68000030517578,101.43000030517578
IYT,2026-06-01,83.54000091552734,83.80000305175781
JMBS,2026-06-01,44.900001525878906,45.11000061035156
JNK,2026-06-01,96.13999938964844,96.7699966430664
KRE,2026-06-01,68.94999694824219,69.61000061035156
LEMB,2026-06-01,42.06999969482422,42.119998931884766
LIT,2026-06-01,85.9800033569336,87.1500015258789
LMBS,2026-06-01,49.810001373291016,49.83000183105469
LQD,2026-06-01,108.55999755859375,109.36000061035156
MBB,2026-06-01,94.0999984741211,94.79000091552734
MDY,2026-06-01,677.2000122070312,680.6099853515625
PALL,2026-06-01,24.3700008392334,24.690000534057617
PCY,2026-06-01,21.56999969482422,21.59000015258789
PFF,2026-06-01,31.3700008392334,31.559999465942383
PPLT,2026-06-01,17.440000534057617,17.450000762939453
QLTA,2026-06-01,47.310001373291016,47.65999984741211
QQQ,2026-06-01,737.0399780273438,738.3099975585938
REM,2026-06-01,21.86000061035156,22.11000061035156
REMX,2026-06-01,98.43000030517578,99.62999725341795
RSP,2026-06-01,208.0500030517578,208.8300018310547
RWR,2026-06-01,109.2699966430664,109.83999633789062
RWX,2026-06-01,27.309999465942383,27.649999618530277
SCHH,2026-06-01,23.309999465942383,23.450000762939453
SCHO,2026-06-01,24.100000381469727,24.200000762939453
SCHP,2026-06-01,26.61000061035156,26.82999992370605
SGOL,2026-06-01,42.52999877929688,43.27999877929688
SHY,2026-06-01,81.9800033569336,82.30000305175781
SHYG,2026-06-01,42.29999923706055,42.59000015258789
SIVR,2026-06-01,70.94000244140625,71.79000091552734
SKYY,2026-06-01,147.60000610351562,144.57000732421875
SLQD,2026-06-01,50.209999084472656,50.459999084472656
SLV,2026-06-01,67.48999786376953,68.33000183105469
SLX,2026-06-01,110.43000030517578,110.86000061035156
SMH,2026-06-01,596.0999755859375,598.9299926757812
SOXX,2026-06-01,563.6699829101562,569.0800170898438
SOYB,2026-06-01,25.25,25.149999618530273
SPIB,2026-06-01,33.34000015258789,33.54999923706055
SPMB,2026-06-01,22.190000534057617,22.32999992370605
SPTL,2026-06-01,25.81999969482422,26.040000915527344
SPY,2026-06-01,755.3599853515625,756.47998046875
SRLN,2026-06-01,40.369998931884766,40.54999923706055
STIP,2026-06-01,102.54000091552734,103.66999816894533
TIP,2026-06-01,109.87000274658203,111.20999908447266
TLH,2026-06-01,98.97000122070312,99.91000366210938
TLT,2026-06-01,84.93000030517578,85.76000213623047
TUR,2026-06-01,39.060001373291016,38.20000076293945
UGA,2026-06-01,108.08000183105469,105.20999908447266
UNG,2026-06-01,11.609999656677246,11.930000305175781
UNL,2026-06-01,6.510000228881836,6.590000152587891
USHY,2026-06-01,36.90999984741211,37.16999816894531
USIG,2026-06-01,51.0099983215332,51.38999938964844
USO,2026-06-01,135.64999389648438,129.08999633789062
VCIT,2026-06-01,82.2300033569336,82.8499984741211
VCSH,2026-06-01,78.80000305175781,79.19000244140625
VDC,2026-06-01,222.2700042724609,223.75
VGIT,2026-06-01,58.70000076293945,59.09000015258789
VGLT,2026-06-01,54.33000183105469,54.84000015258789
VHT,2026-06-01,277.82000732421875,279.6099853515625
VMBS,2026-06-01,46.560001373291016,46.90999984741211
VNQ,2026-06-01,95.12999725341795,95.6999969482422
VNQI,2026-06-01,45.43999862670898,46.0099983215332
VPU,2026-06-01,190.63999938964844,192.66000366210935
VTIP,2026-06-01,50.43000030517578,50.43000030517578
VWOB,2026-06-01,66.81999969482422,67.25
WEAT,2026-06-01,23.469999313354492,23.3799991607666
XBI,2026-06-01,135.6199951171875,136.69000244140625
XLB,2026-06-01,50.650001525878906,51.150001525878906
XLC,2026-06-01,115.42500305175781,115.69000244140625
XLE,2026-06-01,57.029998779296875,56.290000915527344
XLF,2026-06-01,51.22999954223633,51.58000183105469
XLI,2026-06-01,171.58999633789062,173.1300048828125
XLK,2026-06-01,192.32000732421875,191.02000427246094
XLP,2026-06-01,82.51000213623047,82.91000366210938
XLRE,2026-06-01,43.720001220703125,43.9900016784668
XLU,2026-06-01,43.900001525878906,44.41999816894531
XLV,2026-06-01,148.52000427246094,149.47000122070312
XLY,2026-06-01,119.69000244140625,120.87000274658203
XME,2026-06-01,124.0,125.20999908447266
XPH,2026-06-01,58.16999816894531,58.25
XRT,2026-06-01,83.38999938964844,83.98999786376953
ANGL,2026-06-02,29.06999969482422,29.059999465942383
BKLN,2026-06-02,20.510000228881836,20.510000228881836
BNO,2026-06-02,52.22999954223633,52.4900016784668
BWX,2026-06-02,22.059999465942383,22.030000686645508
CANE,2026-06-02,9.739999771118164,9.760000228881836
CEMB,2026-06-02,45.63999938964844,45.68999862670898
CIBR,2026-06-02,92.68000030517578,94.1500015258789
CORN,2026-06-02,17.850000381469727,17.899999618530273
CPER,2026-06-02,40.529998779296875,39.959999084472656
DBA,2026-06-02,27.239999771118164,27.239999771118164
DBB,2026-06-02,26.65999984741211,26.40999984741211
DBC,2026-06-02,30.0,29.989999771118164
DBE,2026-06-02,30.950000762939453,31.100000381469727
DBO,2026-06-02,21.76000022888184,21.809999465942383
DIA,2026-06-02,509.0799865722656,511.4400024414063
EBND,2026-06-02,20.920000076293945,20.920000076293945
EEM,2026-06-02,70.29000091552734,70.08000183105469
EFA,2026-06-02,104.58999633789062,104.44000244140625
EMB,2026-06-02,96.26000213623047,96.01000213623047
EMHY,2026-06-02,40.4900016784668,40.45000076293945
EMLC,2026-06-02,25.540000915527344,25.51000022888184
EPI,2026-06-02,42.209999084472656,42.220001220703125
EWA,2026-06-02,29.32999992370605,29.1299991607666
EWC,2026-06-02,58.7599983215332,58.709999084472656
EWG,2026-06-02,43.630001068115234,43.47999954223633
EWJ,2026-06-02,92.61000061035156,92.93000030517578
EWL,2026-06-02,61.86000061035156,61.9900016784668
EWN,2026-06-02,68.08000183105469,67.45999908447266
EWQ,2026-06-02,45.869998931884766,45.81999969482422
EWT,2026-06-02,105.98999786376952,106.41999816894533
EWU,2026-06-02,46.70000076293945,46.68999862670898
EWW,2026-06-02,78.20999908447266,77.87000274658203
EWY,2026-06-02,211.1699981689453,216.6999969482422
EWZ,2026-06-02,35.52000045776367,35.66999816894531
EZA,2026-06-02,68.54000091552734,67.62000274658203
EZU,2026-06-02,69.25,68.83999633789062
FALN,2026-06-02,27.040000915527344,27.040000915527344
FDN,2026-06-02,285.1300048828125,289.760009765625
FXI,2026-06-02,36.43000030517578,35.34000015258789
GIGB,2026-06-02,45.869998931884766,45.810001373291016
GLD,2026-06-02,414.0799865722656,411.260009765625
GLTR,2026-06-02,213.7700042724609,211.8500061035156
GOVT,2026-06-02,22.71999931335449,22.690000534057617
HYG,2026-06-02,79.83999633789062,79.83999633789062
IAU,2026-06-02,84.87000274658203,84.2699966430664
IEF,2026-06-02,94.33000183105469,94.16999816894531
IEI,2026-06-02,117.30000305175781,117.2300033569336
IGIB,2026-06-02,53.09000015258789,53.02999877929688
IGV,2026-06-02,104.56999969482422,107.6999969482422
IHI,2026-06-02,48.540000915527344,48.84000015258789
INDA,2026-06-02,48.040000915527344,47.9900016784668
ITB,2026-06-02,93.08999633789062,93.0199966430664
IWM,2026-06-02,288.4599914550781,288.9800109863281
IYR,2026-06-02,99.58999633789062,99.5999984741211
IYT,2026-06-02,84.30999755859375,84.83000183105469
JMBS,2026-06-02,45.11000061035156,45.0
JNK,2026-06-02,96.19999694824219,96.16999816894531
KRE,2026-06-02,68.01000213623047,68.30999755859375
LEMB,2026-06-02,42.310001373291016,42.22999954223633
LIT,2026-06-02,85.69000244140625,86.08999633789062
LMBS,2026-06-02,49.81999969482422,49.810001373291016
LQD,2026-06-02,109.05999755859375,108.93000030517578
MBB,2026-06-02,94.38999938964844,94.31999969482422
MDY,2026-06-02,678.72998046875,680.02001953125
PALL,2026-06-02,24.8799991607666,24.81999969482422
PCY,2026-06-02,21.600000381469727,21.57999992370605
PFF,2026-06-02,31.440000534057617,31.399999618530273
PPLT,2026-06-02,17.649999618530273,17.450000762939453
QLTA,2026-06-02,47.52000045776367,47.43999862670898
QQQ,2026-06-02,742.4000244140625,742.739990234375
REM,2026-06-02,21.780000686645508,21.780000686645508
REMX,2026-06-02,100.3000030517578,99.4499969482422
RSP,2026-06-02,209.1100006103516,209.2100067138672
RWR,2026-06-02,107.73999786376952,107.62999725341795
RWX,2026-06-02,27.290000915527344,27.239999771118164
SCHH,2026-06-02,23.030000686645508,23.01000022888184
SCHO,2026-06-02,24.11000061035156,24.11000061035156
SCHP,2026-06-02,26.65999984741211,26.6299991607666
SGOL,2026-06-02,42.959999084472656,42.65999984741211
SHY,2026-06-02,82.04000091552734,82.01000213623047
SHYG,2026-06-02,42.31999969482422,42.31999969482422
SIVR,2026-06-02,72.19000244140625,71.0999984741211
SKYY,2026-06-02,153.0,155.1699981689453
SLQD,2026-06-02,50.27000045776367,50.25
SLV,2026-06-02,68.69000244140625,67.66999816894531
SLX,2026-06-02,112.01000213623048,111.62999725341795
SMH,2026-06-02,619.5999755859375,607.8099975585938
SOXX,2026-06-02,585.1699829101562,571.9299926757812
SOYB,2026-06-02,25.110000610351562,25.139999389648438
SPIB,2026-06-02,33.41999816894531,33.400001525878906
SPMB,2026-06-02,22.25,22.239999771118164
SPTL,2026-06-02,26.059999465942383,25.959999084472656
SPY,2026-06-02,757.030029296875,758.5399780273438
SRLN,2026-06-02,40.40999984741211,40.369998931884766
STIP,2026-06-02,102.58999633789062,102.55999755859376
TIP,2026-06-02,110.11000061035156,109.9800033569336
TLH,2026-06-02,99.83000183105469,99.4800033569336
TLT,2026-06-02,85.80000305175781,85.47000122070312
TUR,2026-06-02,39.90999984741211,38.869998931884766
UGA,2026-06-02,107.48999786376953,106.68000030517578
UNG,2026-06-02,11.34000015258789,11.539999961853027
UNL,2026-06-02,6.449999809265137,6.53000020980835
USHY,2026-06-02,36.93000030517578,36.93999862670898
USIG,2026-06-02,51.220001220703125,51.15999984741211
USO,2026-06-02,135.07000732421875,135.5
VCIT,2026-06-02,82.52999877929688,82.44999694824219
VCSH,2026-06-02,78.87000274658203,78.86000061035156
VDC,2026-06-02,220.9900054931641,221.47000122070312
VGIT,2026-06-02,58.86000061035156,58.810001373291016
VGLT,2026-06-02,54.84000015258789,54.619998931884766
VHT,2026-06-02,274.3599853515625,276.3299865722656
VMBS,2026-06-02,46.7400016784668,46.720001220703125
VNQ,2026-06-02,94.12999725341795,94.08999633789062
VNQI,2026-06-02,45.290000915527344,45.27999877929688
VPU,2026-06-02,187.6000061035156,187.1100006103516
VTIP,2026-06-02,50.459999084472656,50.43999862670898
VWOB,2026-06-02,66.98999786376953,66.87000274658203
WEAT,2026-06-02,23.100000381469727,23.309999465942383
XBI,2026-06-02,131.5399932861328,133.6199951171875
XLB,2026-06-02,50.81999969482422,50.91999816894531
XLC,2026-06-02,114.75499725341797,115.61000061035156
XLE,2026-06-02,57.189998626708984,57.29999923706055
XLF,2026-06-02,51.22999954223633,51.43000030517578
XLI,2026-06-02,172.94000244140625,172.39999389648438
XLK,2026-06-02,196.4499969482422,195.75999450683594
XLP,2026-06-02,81.91999816894531,82.02999877929688
XLRE,2026-06-02,43.29999923706055,43.27000045776367
XLU,2026-06-02,43.209999084472656,43.099998474121094
XLV,2026-06-02,146.75,147.83999633789062
XLY,2026-06-02,117.5199966430664,118.19000244140625
XME,2026-06-02,128.1300048828125,127.45999908447266
XPH,2026-06-02,56.90999984741211,57.38999938964844
XRT,2026-06-02,83.75,83.31999969482422
ANGL,2026-06-03,29.049999237060547,29.09000015258789
BKLN,2026-06-03,20.5,20.510000228881836
BNO,2026-06-03,53.68000030517578,52.88999938964844
BWX,2026-06-03,21.940000534057617,22.020000457763672
CANE,2026-06-03,9.779999732971191,9.779999732971191
CEMB,2026-06-03,45.56999969482422,45.66999816894531
CIBR,2026-06-03,93.18499755859376,94.31999969482422
CORN,2026-06-03,17.790000915527344,17.709999084472656
CPER,2026-06-03,39.869998931884766,40.599998474121094
DBA,2026-06-03,27.18000030517578,27.1200008392334
DBB,2026-06-03,26.309999465942383,26.6299991607666
DBC,2026-06-03,30.299999237060547,30.1200008392334
DBE,2026-06-03,31.86000061035156,31.350000381469727
DBO,2026-06-03,22.3799991607666,22.040000915527344
DIA,2026-06-03,511.1700134277344,514.0499877929688
EBND,2026-06-03,20.850000381469727,20.940000534057617
EEM,2026-06-03,70.41999816894531,70.80000305175781
EFA,2026-06-03,104.58000183105469,105.0199966430664
EMB,2026-06-03,95.97000122070312,96.26000213623047
EMHY,2026-06-03,40.41999816894531,40.540000915527344
EMLC,2026-06-03,25.440000534057617,25.540000915527344
EPI,2026-06-03,42.0099983215332,42.2400016784668
EWA,2026-06-03,29.290000915527344,29.46999931335449
EWC,2026-06-03,59.36000061035156,59.459999084472656
EWG,2026-06-03,43.0099983215332,43.56999969482422
EWJ,2026-06-03,94.25,93.58000183105467
EWL,2026-06-03,61.02000045776367,61.7599983215332
EWN,2026-06-03,67.80999755859375,68.2300033569336
EWQ,2026-06-03,45.72999954223633,46.08000183105469
EWT,2026-06-03,107.20999908447266,107.11000061035156
EWU,2026-06-03,46.70000076293945,46.93000030517578
EWW,2026-06-03,78.4000015258789,79.08000183105469
EWY,2026-06-03,214.13999938964844,214.52999877929688
EWZ,2026-06-03,35.0099983215332,35.779998779296875
EZA,2026-06-03,67.63999938964844,68.55000305175781
EZU,2026-06-03,68.97000122070312,69.33999633789062
FALN,2026-06-03,27.01000022888184,27.040000915527344
FDN,2026-06-03,283.8399963378906,285.8399963378906
FXI,2026-06-03,35.77000045776367,36.36000061035156
GIGB,2026-06-03,45.68000030517578,45.810001373291016
GLD,2026-06-03,408.3800048828125,411.95001220703125
GLTR,2026-06-03,209.88999938964844,212.47000122070312
GOVT,2026-06-03,22.65999984741211,22.700000762939453
HYG,2026-06-03,79.75,79.9000015258789
IAU,2026-06-03,83.68000030517578,84.41999816894531
IEF,2026-06-03,93.98999786376953,94.23999786376953
IEI,2026-06-03,117.02999877929688,117.22000122070312
IGIB,2026-06-03,52.900001525878906,53.02000045776367
IGV,2026-06-03,103.33000183105467,104.7300033569336
IHI,2026-06-03,48.27999877929688,48.18999862670898
INDA,2026-06-03,47.79999923706055,48.02999877929688
ITB,2026-06-03,92.5199966430664,93.25
IWM,2026-06-03,289.989990234375,291.6600036621094
IYR,2026-06-03,99.75,99.98999786376952
IYT,2026-06-03,83.41999816894531,83.9800033569336
JMBS,2026-06-03,44.95000076293945,45.06999969482422
JNK,2026-06-03,96.08000183105469,96.20999908447266
KRE,2026-06-03,69.08000183105469,69.54000091552734
LEMB,2026-06-03,42.13999938964844,42.310001373291016
LIT,2026-06-03,85.51000213623047,86.4000015258789
LMBS,2026-06-03,49.790000915527344,49.80500030517578
LQD,2026-06-03,108.58999633789062,108.91999816894531
MBB,2026-06-03,94.18000030517578,94.33000183105469
MDY,2026-06-03,683.0900268554688,686.1500244140625
PALL,2026-06-03,24.479999542236328,24.950000762939453
PCY,2026-06-03,21.59000015258789,21.65999984741211
PFF,2026-06-03,31.3799991607666,31.440000534057617
PPLT,2026-06-03,17.329999923706055,17.530000686645508
QLTA,2026-06-03,47.310001373291016,47.43000030517578
QQQ,2026-06-03,747.3099975585938,746.1599731445312
REM,2026-06-03,21.700000762939453,21.81999969482422
REMX,2026-06-03,100.58000183105467,102.18000030517578
RSP,2026-06-03,209.42999267578125,210.0399932861328
RWR,2026-06-03,107.9499969482422,108.1500015258789
RWX,2026-06-03,26.979999542236328,27.149999618530277
SCHH,2026-06-03,23.020000457763672,23.06999969482422
SCHO,2026-06-03,24.09000015258789,24.100000381469727
SCHP,2026-06-03,26.600000381469727,26.6299991607666
SGOL,2026-06-03,42.369998931884766,42.720001220703125
SHY,2026-06-03,81.97000122070312,82.01000213623047
SHYG,2026-06-03,42.290000915527344,42.34000015258789
SIVR,2026-06-03,70.41000366210938,71.44000244140625
SKYY,2026-06-03,151.77000427246094,153.08999633789062
SLQD,2026-06-03,50.209999084472656,50.25
SLV,2026-06-03,67.0,67.98999786376953
SLX,2026-06-03,112.66999816894533,113.56999969482422
SMH,2026-06-03,640.7999877929688,632.2100219726562
SOXX,2026-06-03,616.2100219726562,605.02001953125
SOYB,2026-06-03,24.899999618530273,24.93000030517578
SPIB,2026-06-03,33.34000015258789,33.380001068115234
SPMB,2026-06-03,22.200000762939453,22.229999542236328
SPTL,2026-06-03,25.899999618530277,26.020000457763672
SPY,2026-06-03,758.1500244140625,759.5700073242188
SRLN,2026-06-03,40.40999984741211,40.400001525878906
STIP,2026-06-03,102.52999877929688,102.5500030517578
TIP,2026-06-03,109.80999755859375,109.97000122070312
TLH,2026-06-03,99.25,99.66999816894531
TLT,2026-06-03,85.29000091552734,85.6500015258789
TUR,2026-06-03,39.560001373291016,40.11000061035156
UGA,2026-06-03,109.19000244140625,108.54000091552734
UNG,2026-06-03,11.4399995803833,11.470000267028809
UNL,2026-06-03,6.480000019073486,6.489999771118164
USHY,2026-06-03,36.900001525878906,36.959999084472656
USIG,2026-06-03,51.02000045776367,51.16999816894531
USO,2026-06-03,139.4600067138672,137.27000427246094
VCIT,2026-06-03,82.23999786376953,82.44000244140625
VCSH,2026-06-03,78.77999877929688,78.8499984741211
VDC,2026-06-03,220.6999969482422,220.82000732421875
VGIT,2026-06-03,58.709999084472656,58.83000183105469
VGLT,2026-06-03,54.5,54.75
VHT,2026-06-03,272.44000244140625,272.9800109863281
VMBS,2026-06-03,46.560001373291016,46.650001525878906
VNQ,2026-06-03,94.33999633789062,94.5199966430664
VNQI,2026-06-03,44.880001068115234,45.34999847412109
VPU,2026-06-03,190.80999755859372,190.77999877929688
VTIP,2026-06-03,50.43999862670898,50.45000076293945
VWOB,2026-06-03,66.83000183105469,67.04000091552734
WEAT,2026-06-03,23.239999771118164,23.149999618530273
XBI,2026-06-03,127.56999969482422,127.76000213623048
XLB,2026-06-03,51.349998474121094,51.52000045776367
XLC,2026-06-03,113.23999786376953,113.56999969482422
XLE,2026-06-03,58.2400016784668,57.959999084472656
XLF,2026-06-03,51.13999938964844,51.459999084472656
XLI,2026-06-03,173.72999572753906,174.19000244140625
XLK,2026-06-03,198.3699951171875,198.2100067138672
XLP,2026-06-03,81.79000091552734,81.83000183105469
XLRE,2026-06-03,43.380001068115234,43.4900016784668
XLU,2026-06-03,43.959999084472656,43.900001525878906
XLV,2026-06-03,146.16000366210938,146.39999389648438
XLY,2026-06-03,116.62999725341797,117.58999633789062
XME,2026-06-03,131.4600067138672,132.8300018310547
XPH,2026-06-03,55.56999969482422,55.70000076293945
XRT,2026-06-03,83.4000015258789,83.69999694824219
ANGL,2026-06-04,29.06999969482422,29.030000686645508
BKLN,2026-06-04,20.510000228881836,20.510000228881836
BNO,2026-06-04,52.5099983215332,53.939998626708984
BWX,2026-06-04,21.959999084472656,21.88999938964844
CANE,2026-06-04,9.649999618530272,9.68000030517578
CEMB,2026-06-04,45.65999984741211,45.58000183105469
CIBR,2026-06-04,88.86499786376953,91.66999816894533
CORN,2026-06-04,17.40999984741211,17.469999313354492
CPER,2026-06-04,39.810001373291016,39.41999816894531
DBA,2026-06-04,26.809999465942383,26.860000610351562
DBB,2026-06-04,26.190000534057617,26.209999084472656
DBC,2026-06-04,29.959999084472656,30.290000915527344
DBE,2026-06-04,31.31999969482422,32.08000183105469
DBO,2026-06-04,21.950000762939453,22.540000915527344
DIA,2026-06-04,513.6900024414062,508.260009765625
EBND,2026-06-04,20.86000061035156,20.81999969482422
EEM,2026-06-04,68.5199966430664,69.91999816894531
EFA,2026-06-04,104.54000091552734,104.12000274658203
EMB,2026-06-04,96.1500015258789,95.9000015258789
EMHY,2026-06-04,40.43999862670898,40.38999938964844
EMLC,2026-06-04,25.450000762939453,25.399999618530277
EPI,2026-06-04,42.2599983215332,41.650001525878906
EWA,2026-06-04,29.07999992370605,29.13999938964844
EWC,2026-06-04,58.75,58.63999938964844
EWG,2026-06-04,43.25,42.77000045776367
EWJ,2026-06-04,93.8499984741211,93.94000244140624
EWL,2026-06-04,61.86000061035156,60.900001525878906
EWN,2026-06-04,67.0999984741211,67.3499984741211
EWQ,2026-06-04,46.310001373291016,45.52999877929688
EWT,2026-06-04,104.48999786376952,106.9000015258789
EWU,2026-06-04,46.59999847412109,46.41999816894531
EWW,2026-06-04,78.2300033569336,78.08000183105469
EWY,2026-06-04,199.8800048828125,212.9600067138672
EWZ,2026-06-04,34.900001525878906,34.63999938964844
EZA,2026-06-04,68.04000091552734,67.04000091552734
EZU,2026-06-04,69.19999694824219,68.55000305175781
FALN,2026-06-04,27.020000457763672,26.979999542236328
FDN,2026-06-04,279.8399963378906,280.4200134277344
FXI,2026-06-04,35.68000030517578,35.540000915527344
GIGB,2026-06-04,45.810001373291016,45.720001220703125
GLD,2026-06-04,413.3699951171875,407.8699951171875
GLTR,2026-06-04,211.75999450683597,208.6199951171875
GOVT,2026-06-04,22.700000762939453,22.65999984741211
HYG,2026-06-04,79.75,79.68000030517578
IAU,2026-06-04,84.72000122070312,83.58999633789062
IEF,2026-06-04,94.19999694824219,94.0
IEI,2026-06-04,117.26000213623047,117.06999969482422
IGIB,2026-06-04,53.02000045776367,52.91999816894531
IGV,2026-06-04,100.0500030517578,100.1999969482422
IHI,2026-06-04,49.310001373291016,48.52999877929688
INDA,2026-06-04,47.97999954223633,47.36000061035156
ITB,2026-06-04,93.63999938964844,92.45999908447266
IWM,2026-06-04,287.55999755859375,287.6700134277344
IYR,2026-06-04,101.27999877929688,100.0
IYT,2026-06-04,84.30999755859375,83.55999755859375
JMBS,2026-06-04,45.02999877929688,44.93999862670898
JNK,2026-06-04,96.06999969482422,96.0
KRE,2026-06-04,68.98999786376953,67.87999725341797
LEMB,2026-06-04,42.20000076293945,42.06999969482422
LIT,2026-06-04,83.16999816894531,84.86000061035156
LMBS,2026-06-04,49.81999969482422,49.755001068115234
LQD,2026-06-04,108.87999725341797,108.62000274658203
MBB,2026-06-04,94.26000213623047,94.11000061035156
MDY,2026-06-04,685.4000244140625,685.5
PALL,2026-06-04,23.969999313354492,23.729999542236328
PCY,2026-06-04,21.600000381469727,21.600000381469727
PFF,2026-06-04,31.260000228881836,31.229999542236328
PPLT,2026-06-04,17.170000076293945,16.8799991607666
QLTA,2026-06-04,47.43999862670898,47.34000015258789
QQQ,2026-06-04,735.47998046875,744.2100219726562
REM,2026-06-04,21.6299991607666,21.549999237060547
REMX,2026-06-04,97.38999938964844,98.31999969482422
RSP,2026-06-04,210.0200042724609,209.25
RWR,2026-06-04,109.91000366210938,108.44000244140624
RWX,2026-06-04,26.940000534057617,26.8799991607666
SCHH,2026-06-04,23.350000381469727,23.07999992370605
SCHO,2026-06-04,24.1200008392334,24.09000015258789
SCHP,2026-06-04,26.600000381469727,26.59000015258789
SGOL,2026-06-04,42.900001525878906,42.29999923706055
SHY,2026-06-04,82.05000305175781,81.97000122070312
SHYG,2026-06-04,42.27999877929688,42.2400016784668
SIVR,2026-06-04,70.93000030517578,69.56999969482422
SKYY,2026-06-04,146.25999450683594,147.74000549316406
SLQD,2026-06-04,50.27999877929688,50.209999084472656
SLV,2026-06-04,67.5,66.20999908447266
SLX,2026-06-04,111.62999725341795,112.26000213623048
SMH,2026-06-04,613.0,637.9000244140625
SOXX,2026-06-04,587.6400146484375,615.6799926757812
SOYB,2026-06-04,24.579999923706055,24.68000030517578
SPIB,2026-06-04,33.400001525878906,33.349998474121094
SPMB,2026-06-04,22.229999542236328,22.18000030517578
SPTL,2026-06-04,26.01000022888184,25.920000076293945
SPY,2026-06-04,752.0999755859375,754.239990234375
SRLN,2026-06-04,40.380001068115234,40.34999847412109
STIP,2026-06-04,102.54000091552734,102.5500030517578
TIP,2026-06-04,109.83999633789062,109.7699966430664
TLH,2026-06-04,99.58999633789062,99.29000091552734
TLT,2026-06-04,85.61000061035156,85.30999755859375
TUR,2026-06-04,39.08000183105469,39.16999816894531
UGA,2026-06-04,104.69000244140625,108.33000183105469
UNG,2026-06-04,11.989999771118164,11.710000038146973
UNL,2026-06-04,6.639999866485596,6.570000171661377
USHY,2026-06-04,36.90999984741211,36.86000061035156
USIG,2026-06-04,51.15999984741211,51.04999923706055
USO,2026-06-04,136.6699981689453,140.86000061035156
VCIT,2026-06-04,82.38999938964844,82.26000213623047
VCSH,2026-06-04,78.87000274658203,78.79000091552734
VDC,2026-06-04,225.50999450683597,222.1699981689453
VGIT,2026-06-04,58.83000183105469,58.720001220703125
VGLT,2026-06-04,54.70000076293945,54.52999877929688
VHT,2026-06-04,279.7799987792969,275.2699890136719
VMBS,2026-06-04,46.65999984741211,46.58000183105469
VNQ,2026-06-04,95.56999969482422,94.41000366210938
VNQI,2026-06-04,44.869998931884766,44.65999984741211
VPU,2026-06-04,190.5,189.67999267578125
VTIP,2026-06-04,50.43999862670898,50.45000076293945
VWOB,2026-06-04,66.91000366210938,66.83000183105469
WEAT,2026-06-04,22.709999084472656,22.670000076293945
XBI,2026-06-04,130.44000244140625,129.8300018310547
XLB,2026-06-04,51.83000183105469,51.630001068115234
XLC,2026-06-04,112.73999786376953,112.08000183105469
XLE,2026-06-04,58.5,58.709999084472656
XLF,2026-06-04,51.540000915527344,50.869998931884766
XLI,2026-06-04,174.92999267578125,174.0500030517578
XLK,2026-06-04,191.52000427246094,196.22999572753906
XLP,2026-06-04,83.33999633789062,82.16000366210938
XLRE,2026-06-04,44.15999984741211,43.5099983215332
XLU,2026-06-04,43.869998931884766,43.709999084472656
XLV,2026-06-04,150.3800048828125,147.5500030517578
XLY,2026-06-04,117.95999908447266,116.7300033569336
XME,2026-06-04,127.54000091552734,128.52999877929688
XPH,2026-06-04,56.70000076293945,56.31999969482422
XRT,2026-06-04,84.23999786376953,83.37000274658203
ANGL,2026-06-05,29.020000457763672,29.09000015258789
BKLN,2026-06-05,20.510000228881836,20.5
BNO,2026-06-05,51.970001220703125,52.47999954223633
BWX,2026-06-05,21.82999992370605,21.93000030517578
CANE,2026-06-05,9.68000030517578,9.699999809265137
CEMB,2026-06-05,45.54999923706055,45.59999847412109
CIBR,2026-06-05,89.6449966430664,90.6999969482422
CORN,2026-06-05,17.1299991607666,17.229999542236328
CPER,2026-06-05,38.810001373291016,39.72999954223633
DBA,2026-06-05,26.610000610351562,26.690000534057617
DBB,2026-06-05,25.8799991607666,26.219999313354492
DBC,2026-06-05,29.61000061035156,29.8799991607666
DBE,2026-06-05,30.959999084472656,31.270000457763672
DBO,2026-06-05,21.739999771118164,21.940000534057617
DIA,2026-06-05,517.7100219726562,516.7000122070312
EBND,2026-06-05,20.700000762939453,20.850000381469727
EEM,2026-06-05,66.7300033569336,69.0999984741211
EFA,2026-06-05,104.13999938964844,104.94999694824219
EMB,2026-06-05,95.75,96.0999984741211
EMHY,2026-06-05,40.369998931884766,40.5
EMLC,2026-06-05,25.309999465942383,25.43000030517578
EPI,2026-06-05,42.040000915527344,42.209999084472656
EWA,2026-06-05,28.549999237060547,29.040000915527344
EWC,2026-06-05,59.02999877929688,59.41999816894531
EWG,2026-06-05,42.88999938964844,43.06999969482422
EWJ,2026-06-05,93.12999725341795,94.12999725341795
EWL,2026-06-05,61.7400016784668,61.86000061035156
EWN,2026-06-05,66.94000244140625,68.19999694824219
EWQ,2026-06-05,46.15999984741211,46.290000915527344
EWT,2026-06-05,101.47000122070312,105.75
EWU,2026-06-05,46.790000915527344,46.880001068115234
EWW,2026-06-05,76.68000030517578,77.37000274658203
EWY,2026-06-05,189.1499938964844,203.97000122070312
EWZ,2026-06-05,34.290000915527344,34.779998779296875
EZA,2026-06-05,66.54000091552734,67.69000244140625
EZU,2026-06-05,68.97000122070312,69.30999755859375
FALN,2026-06-05,26.96999931335449,27.030000686645508
FDN,2026-06-05,278.739990234375,280.8800048828125
FXI,2026-06-05,35.290000915527344,35.470001220703125
GIGB,2026-06-05,45.650001525878906,45.78200149536133
GLD,2026-06-05,404.3800048828125,411.2699890136719
GLTR,2026-06-05,205.25,210.5500030517578
GOVT,2026-06-05,22.6200008392334,22.690000534057617
HYG,2026-06-05,79.69999694824219,79.83000183105469
IAU,2026-06-05,82.87000274658203,84.27999877929688
IEF,2026-06-05,93.70999908447266,94.12000274658203
IEI,2026-06-05,116.80999755859375,117.18000030517578
IGIB,2026-06-05,52.810001373291016,52.9900016784668
IGV,2026-06-05,99.41000366210938,100.05999755859376
IHI,2026-06-05,50.16999816894531,49.869998931884766
INDA,2026-06-05,48.0099983215332,48.02000045776367
ITB,2026-06-05,92.63999938964844,93.37999725341795
IWM,2026-06-05,289.1000061035156,292.010009765625
IYR,2026-06-05,101.44000244140624,101.79000091552734
IYT,2026-06-05,83.94999694824219,84.38999938964844
JMBS,2026-06-05,44.83000183105469,45.02000045776367
JNK,2026-06-05,96.0199966430664,96.1500015258789
KRE,2026-06-05,69.8499984741211,69.9800033569336
LEMB,2026-06-05,41.959999084472656,42.18000030517578
LIT,2026-06-05,81.55000305175781,83.27999877929688
LMBS,2026-06-05,49.75,49.78499984741211
LQD,2026-06-05,108.41000366210938,108.8499984741211
MBB,2026-06-05,93.91999816894531,94.20999908447266
MDY,2026-06-05,683.6099853515625,687.97998046875
PALL,2026-06-05,23.760000228881836,23.8700008392334
PCY,2026-06-05,21.530000686645508,21.649999618530277
PFF,2026-06-05,31.149999618530273,31.25
PPLT,2026-06-05,16.899999618530273,17.209999084472656
QLTA,2026-06-05,47.27999877929688,47.43000030517578
QQQ,2026-06-05,730.0599975585938,740.6099853515625
REM,2026-06-05,21.71999931335449,21.82999992370605
REMX,2026-06-05,94.0999984741211,97.0
RSP,2026-06-05,209.8699951171875,210.8300018310547
RWR,2026-06-05,109.5999984741211,109.94000244140624
RWX,2026-06-05,26.82999992370605,26.899999618530277
SCHH,2026-06-05,23.40999984741211,23.46999931335449
SCHO,2026-06-05,24.07999992370605,24.11000061035156
SCHP,2026-06-05,26.5,26.59000015258789
SGOL,2026-06-05,41.959999084472656,42.65999984741211
SHY,2026-06-05,81.91999816894531,82.02999877929688
SHYG,2026-06-05,42.2599983215332,42.29999923706055
SIVR,2026-06-05,67.33999633789062,70.37999725341797
SKYY,2026-06-05,146.7100067138672,147.99000549316406
SLQD,2026-06-05,50.18999862670898,50.2599983215332
SLV,2026-06-05,64.05999755859375,66.9800033569336
SLX,2026-06-05,110.0500030517578,111.76000213623048
SMH,2026-06-05,605.0900268554688,627.530029296875
SOXX,2026-06-05,577.8599853515625,602.719970703125
SOYB,2026-06-05,24.280000686645508,24.190000534057617
SPIB,2026-06-05,33.310001373291016,33.38999938964844
SPMB,2026-06-05,22.13999938964844,22.209999084472656
SPTL,2026-06-05,25.81999969482422,25.96999931335449
SPY,2026-06-05,752.3099975585938,757.0900268554688
SRLN,2026-06-05,40.400001525878906,40.369998931884766
STIP,2026-06-05,102.37999725341795,102.5199966430664
TIP,2026-06-05,109.41999816894531,109.77999877929688
TLH,2026-06-05,98.88999938964844,99.47000122070312
TLT,2026-06-05,84.98999786376953,85.5
TUR,2026-06-05,38.58000183105469,39.16999816894531
UGA,2026-06-05,105.30999755859375,105.37000274658203
UNG,2026-06-05,11.880000114440918,12.119999885559082
UNL,2026-06-05,6.639999866485596,6.699999809265137
USHY,2026-06-05,36.869998931884766,36.93999862670898
USIG,2026-06-05,50.970001220703125,51.13999938964844
USO,2026-06-05,135.13999938964844,136.74000549316406
VCIT,2026-06-05,82.12000274658203,82.37000274658203
VCSH,2026-06-05,78.69999694824219,78.83999633789062
VDC,2026-06-05,223.5399932861328,221.91000366210935
VGIT,2026-06-05,58.59000015258789,58.79999923706055
VGLT,2026-06-05,54.310001373291016,54.65999984741211
VHT,2026-06-05,285.19000244140625,283.3800048828125
VMBS,2026-06-05,46.43000030517578,46.59999847412109
VNQ,2026-06-05,95.79000091552734,96.0999984741211
VNQI,2026-06-05,44.5,44.86000061035156
VPU,2026-06-05,191.0200042724609,190.8500061035156
VTIP,2026-06-05,50.36000061035156,50.40999984741211
VWOB,2026-06-05,66.69000244140625,66.98999786376953
WEAT,2026-06-05,22.469999313354492,22.469999313354492
XBI,2026-06-05,132.77000427246094,133.4199981689453
XLB,2026-06-05,51.40999984741211,51.619998931884766
XLC,2026-06-05,112.79000091552734,113.11000061035156
XLE,2026-06-05,58.66999816894531,58.75
XLF,2026-06-05,52.380001068115234,52.189998626708984
XLI,2026-06-05,175.61000061035156,176.16000366210938
XLK,2026-06-05,188.88999938964844,193.1699981689453
XLP,2026-06-05,82.58999633789062,82.04000091552734
XLRE,2026-06-05,44.33000183105469,44.400001525878906
XLU,2026-06-05,44.040000915527344,43.939998626708984
XLV,2026-06-05,153.3800048828125,152.0800018310547
XLY,2026-06-05,117.4000015258789,117.26000213623047
XME,2026-06-05,126.48999786376952,128.64999389648438
XPH,2026-06-05,57.880001068115234,57.88999938964844
XRT,2026-06-05,83.55000305175781,83.52999877929688
ANGL,2026-06-08,28.989999771118164,28.940000534057617
BKLN,2026-06-08,20.459999084472656,20.459999084472656
BNO,2026-06-08,51.880001068115234,51.20000076293945
BWX,2026-06-08,21.780000686645508,21.739999771118164
CANE,2026-06-08,9.640000343322754,9.640000343322754
CEMB,2026-06-08,45.5,45.38999938964844
CIBR,2026-06-08,87.05999755859375,86.69999694824219
CORN,2026-06-08,17.0,17.059999465942383
CPER,2026-06-08,38.790000915527344,38.08000183105469
DBA,2026-06-08,26.420000076293945,26.399999618530273
DBB,2026-06-08,25.65999984741211,25.549999237060547
DBC,2026-06-08,29.479999542236328,29.229999542236328
DBE,2026-06-08,30.979999542236328,30.649999618530277
DBO,2026-06-08,21.96999931335449,21.489999771118164
DIA,2026-06-08,510.7699890136719,509.7000122070313
EBND,2026-06-08,20.65999984741211,20.57999992370605
EEM,2026-06-08,66.06999969482422,64.58999633789062
EFA,2026-06-08,103.2699966430664,102.26000213623047
EMB,2026-06-08,95.69999694824219,95.4000015258789
EMHY,2026-06-08,40.310001373291016,40.2599983215332
EMLC,2026-06-08,25.15999984741211,25.149999618530277
EPI,2026-06-08,41.52000045776367,41.52000045776367
EWA,2026-06-08,28.26000022888184,28.059999465942383
EWC,2026-06-08,58.40999984741211,58.02999877929688
EWG,2026-06-08,42.31999969482422,42.11000061035156
EWJ,2026-06-08,91.91000366210938,90.72000122070312
EWL,2026-06-08,61.18999862670898,61.0099983215332
EWN,2026-06-08,67.23999786376953,65.5999984741211
EWQ,2026-06-08,45.70000076293945,45.36000061035156
EWT,2026-06-08,100.86000061035156,98.08000183105467
EWU,2026-06-08,46.65999984741211,46.380001068115234
EWW,2026-06-08,75.5999984741211,75.0999984741211
EWY,2026-06-08,186.8800048828125,175.19000244140625
EWZ,2026-06-08,33.97999954223633,34.0099983215332
EZA,2026-06-08,65.12000274658203,64.37000274658203
EZU,2026-06-08,68.33000183105469,67.62999725341797
FALN,2026-06-08,26.940000534057617,26.88999938964844
FDN,2026-06-08,272.2900085449219,271.7900085449219
FXI,2026-06-08,35.0,34.75
GIGB,2026-06-08,45.650001525878906,45.540000915527344
GLD,2026-06-08,397.5199890136719,396.239990234375
GLTR,2026-06-08,199.8699951171875,199.3800048828125
GOVT,2026-06-08,22.63999938964844,22.61000061035156
HYG,2026-06-08,79.5999984741211,79.43000030517578
IAU,2026-06-08,81.45999908447266,81.22000122070312
IEF,2026-06-08,93.80000305175781,93.62000274658203
IEI,2026-06-08,116.88999938964844,116.7300033569336
IGIB,2026-06-08,52.77999877929688,52.68999862670898
IGV,2026-06-08,96.04000091552734,95.8499984741211
IHI,2026-06-08,49.91999816894531,50.08000183105469
INDA,2026-06-08,47.43000030517578,47.34000015258789
ITB,2026-06-08,92.5500030517578,92.9000015258789
IWM,2026-06-08,285.510009765625,281.6499938964844
IYR,2026-06-08,102.52999877929688,102.54000091552734
IYT,2026-06-08,84.79000091552734,84.61000061035156
JMBS,2026-06-08,44.880001068115234,44.77999877929688
JNK,2026-06-08,95.9000015258789,95.7300033569336
KRE,2026-06-08,70.4000015258789,70.16999816894531
LEMB,2026-06-08,41.77000045776367,41.709999084472656
LIT,2026-06-08,78.37000274658203,78.30000305175781
LMBS,2026-06-08,49.720001220703125,49.70000076293945
LQD,2026-06-08,108.43000030517578,108.16999816894531
MBB,2026-06-08,93.98999786376953,93.73999786376953
MDY,2026-06-08,679.3200073242188,674.5900268554688
PALL,2026-06-08,22.020000457763672,22.350000381469727
PCY,2026-06-08,21.530000686645508,21.46999931335449
PFF,2026-06-08,31.020000457763672,30.90999984741211
PPLT,2026-06-08,15.930000305175781,16.18000030517578
QLTA,2026-06-08,47.2599983215332,47.16999816894531
QQQ,2026-06-08,717.8099975585938,705.0599975585938
REM,2026-06-08,21.790000915527344,21.68000030517578
REMX,2026-06-08,89.31999969482422,88.58999633789062
RSP,2026-06-08,208.63999938964844,207.8300018310547
RWR,2026-06-08,111.0999984741211,111.0999984741211
RWX,2026-06-08,26.90999984741211,26.420000076293945
SCHH,2026-06-08,23.709999084472656,23.68000030517578
SCHO,2026-06-08,24.07999992370605,24.059999465942383
SCHP,2026-06-08,26.5,26.46999931335449
SGOL,2026-06-08,41.22999954223633,41.119998931884766
SHY,2026-06-08,81.93000030517578,81.86000061035156
SHYG,2026-06-08,42.22999954223633,42.16999816894531
SIVR,2026-06-08,65.16999816894531,64.68000030517578
SKYY,2026-06-08,141.47000122070312,140.75999450683594
SLQD,2026-06-08,50.18000030517578,50.130001068115234
SLV,2026-06-08,62.029998779296875,61.56999969482422
SLX,2026-06-08,107.80999755859376,106.66999816894533
SMH,2026-06-08,597.2100219726562,569.6900024414062
SOXX,2026-06-08,569.77001953125,539.77001953125
SOYB,2026-06-08,24.1299991607666,24.18000030517578
SPIB,2026-06-08,33.279998779296875,33.2400016784668
SPMB,2026-06-08,22.170000076293945,22.11000061035156
SPTL,2026-06-08,25.8799991607666,25.82999992370605
SPY,2026-06-08,743.3599853515625,737.5499877929688
SRLN,2026-06-08,40.310001373291016,40.29999923706055
STIP,2026-06-08,102.37000274658205,102.27999877929688
TIP,2026-06-08,109.5,109.25
TLH,2026-06-08,99.11000061035156,98.8499984741211
TLT,2026-06-08,85.2300033569336,85.05999755859375
TUR,2026-06-08,39.04999923706055,38.09000015258789
UGA,2026-06-08,106.0199966430664,105.08999633789062
UNG,2026-06-08,11.399999618530273,11.670000076293945
UNL,2026-06-08,6.449999809265137,6.539999961853027
USHY,2026-06-08,36.84999847412109,36.77999877929688
USIG,2026-06-08,50.970001220703125,50.880001068115234
USO,2026-06-08,134.9499969482422,133.02000427246094
VCIT,2026-06-08,82.08000183105469,81.91000366210938
VCSH,2026-06-08,78.68000030517578,78.61000061035156
VDC,2026-06-08,224.5399932861328,225.75
VGIT,2026-06-08,58.63999938964844,58.560001373291016
VGLT,2026-06-08,54.470001220703125,54.34000015258789
VHT,2026-06-08,284.3099975585937,284.1300048828125
VMBS,2026-06-08,46.5099983215332,46.380001068115234
VNQ,2026-06-08,96.83000183105467,96.79000091552734
VNQI,2026-06-08,44.40999984741211,43.959999084472656
VPU,2026-06-08,191.8999938964844,192.3600006103516
VTIP,2026-06-08,50.34000015258789,50.310001373291016
VWOB,2026-06-08,66.55999755859375,66.55999755859375
WEAT,2026-06-08,22.260000228881836,22.280000686645508
XBI,2026-06-08,130.2100067138672,128.6699981689453
XLB,2026-06-08,50.61000061035156,50.630001068115234
XLC,2026-06-08,111.41000366210938,111.66999816894531
XLE,2026-06-08,58.08000183105469,57.66999816894531
XLF,2026-06-08,52.2400016784668,52.29999923706055
XLI,2026-06-08,174.9199981689453,174.17999267578125
XLK,2026-06-08,185.22000122070312,180.3000030517578
XLP,2026-06-08,82.97000122070312,83.44000244140625
XLRE,2026-06-08,44.689998626708984,44.70000076293945
XLU,2026-06-08,44.31999969482422,44.349998474121094
XLV,2026-06-08,153.24000549316406,153.00999450683594
XLY,2026-06-08,114.7699966430664,114.86000061035156
XME,2026-06-08,120.70999908447266,118.5999984741211
XPH,2026-06-08,57.56999969482422,57.040000915527344
XRT,2026-06-08,82.76000213623047,82.62999725341797
ANGL,2026-06-09,29.01000022888184,28.950000762939453
BKLN,2026-06-09,20.469999313354492,20.459999084472656
BNO,2026-06-09,50.68000030517578,51.88999938964844
BWX,2026-06-09,21.790000915527344,21.700000762939453
CANE,2026-06-09,9.550000190734863,9.640000343322754
CEMB,2026-06-09,45.47999954223633,45.36000061035156
CIBR,2026-06-09,86.1449966430664,86.12999725341797
CORN,2026-06-09,17.1200008392334,17.020000457763672
CPER,2026-06-09,39.15999984741211,38.54999923706055
DBA,2026-06-09,26.360000610351562,26.329999923706055
DBB,2026-06-09,25.75,25.670000076293945
DBC,2026-06-09,29.270000457763672,29.46999931335449
DBE,2026-06-09,30.6200008392334,31.18000030517578
DBO,2026-06-09,21.450000762939453,21.950000762939453
DIA,2026-06-09,511.4800109863281,508.9100036621094
EBND,2026-06-09,20.729999542236328,20.61000061035156
EEM,2026-06-09,67.20999908447266,65.75
EFA,2026-06-09,103.88999938964844,102.87999725341797
EMB,2026-06-09,95.61000061035156,95.27999877929688
EMHY,2026-06-09,40.380001068115234,40.2599983215332
EMLC,2026-06-09,25.25,25.11000061035156
EPI,2026-06-09,41.959999084472656,41.45000076293945
EWA,2026-06-09,28.479999542236328,28.06999969482422
EWC,2026-06-09,58.4900016784668,58.060001373291016
EWG,2026-06-09,42.560001373291016,42.13999938964844
EWJ,2026-06-09,92.2300033569336,91.9499969482422
EWL,2026-06-09,61.58000183105469,60.93000030517578
EWN,2026-06-09,67.76000213623047,66.63999938964844
EWQ,2026-06-09,46.15999984741211,45.54999923706055
EWT,2026-06-09,103.2699966430664,100.43000030517578
EWU,2026-06-09,46.54999923706055,46.43000030517578
EWW,2026-06-09,75.62999725341797,74.9000015258789
EWY,2026-06-09,193.3000030517578,185.63999938964844
EWZ,2026-06-09,33.9900016784668,33.689998626708984
EZA,2026-06-09,65.76000213623047,64.83000183105469
EZU,2026-06-09,69.05000305175781,68.08000183105469
FALN,2026-06-09,26.96999931335449,26.915000915527344
FDN,2026-06-09,270.92999267578125,270.5799865722656
FXI,2026-06-09,34.970001220703125,34.68000030517578
GIGB,2026-06-09,45.619998931884766,45.52899932861328
GLD,2026-06-09,397.57000732421875,397.2699890136719
GLTR,2026-06-09,199.9199981689453,199.4199981689453
GOVT,2026-06-09,22.61000061035156,22.59000015258789
HYG,2026-06-09,79.62000274658203,79.54000091552734
IAU,2026-06-09,81.45999908447266,81.37999725341797
IEF,2026-06-09,93.70999908447266,93.5199966430664
IEI,2026-06-09,116.8499984741211,116.70999908447266
IGIB,2026-06-09,52.77999877929688,52.68000030517578
IGV,2026-06-09,95.06999969482422,95.6500015258789
IHI,2026-06-09,50.119998931884766,49.86000061035156
INDA,2026-06-09,47.83000183105469,47.209999084472656
ITB,2026-06-09,93.0199966430664,92.5500030517578
IWM,2026-06-09,287.17999267578125,284.1099853515625
IYR,2026-06-09,101.66999816894533,101.08000183105467
IYT,2026-06-09,85.44000244140625,84.79000091552734
JMBS,2026-06-09,44.83000183105469,44.7599983215332
JNK,2026-06-09,95.91999816894531,95.80000305175781
KRE,2026-06-09,70.77999877929688,70.36000061035156
LEMB,2026-06-09,41.84000015258789,41.650001525878906
LIT,2026-06-09,80.0199966430664,77.08999633789062
LMBS,2026-06-09,49.7599983215332,49.69499969482422
LQD,2026-06-09,108.31999969482422,108.05999755859375
MBB,2026-06-09,93.87999725341797,93.69999694824219
MDY,2026-06-09,681.47998046875,676.25
PALL,2026-06-09,22.700000762939453,22.049999237060547
PCY,2026-06-09,21.530000686645508,21.399999618530277
PFF,2026-06-09,30.979999542236328,30.969999313354492
PPLT,2026-06-09,16.079999923706055,15.920000076293945
QLTA,2026-06-09,47.220001220703125,47.119998931884766
QQQ,2026-06-09,722.97998046875,716.0700073242188
REM,2026-06-09,21.51000022888184,21.440000534057617
REMX,2026-06-09,90.37000274658205,87.41999816894531
RSP,2026-06-09,208.63999938964844,207.6100006103516
RWR,2026-06-09,110.3499984741211,109.80999755859376
RWX,2026-06-09,26.850000381469727,26.56999969482422
SCHH,2026-06-09,23.51000022888184,23.36000061035156
SCHO,2026-06-09,24.07999992370605,24.06999969482422
SCHP,2026-06-09,26.46999931335449,26.420000076293945
SGOL,2026-06-09,41.2400016784668,41.209999084472656
SHY,2026-06-09,81.94000244140625,81.9000015258789
SHYG,2026-06-09,42.22999954223633,42.18999862670898
SIVR,2026-06-09,64.95999908447266,64.69000244140625
SKYY,2026-06-09,139.61000061035156,139.9499969482422
SLQD,2026-06-09,50.18000030517578,50.15999984741211
SLV,2026-06-09,61.81999969482422,61.58000183105469
SLX,2026-06-09,107.0,106.33999633789062
SMH,2026-06-09,609.47998046875,598.1599731445312
SOXX,2026-06-09,585.4500122070312,571.4500122070312
SOYB,2026-06-09,24.09000015258789,24.1299991607666
SPIB,2026-06-09,33.290000915527344,33.25
SPMB,2026-06-09,22.149999618530277,22.09000015258789
SPTL,2026-06-09,25.799999237060547,25.71999931335449
SPY,2026-06-09,743.6300048828125,739.219970703125
SRLN,2026-06-09,40.33000183105469,40.33000183105469
STIP,2026-06-09,102.37000274658205,102.29000091552734
TIP,2026-06-09,109.33999633789062,109.12999725341797
TLH,2026-06-09,98.86000061035156,98.52999877929688
TLT,2026-06-09,84.97000122070312,84.62000274658203
TUR,2026-06-09,38.66999816894531,38.56999969482422
UGA,2026-06-09,104.88999938964844,105.88999938964844
UNG,2026-06-09,11.34000015258789,11.369999885559082
UNL,2026-06-09,6.449999809265137,6.46999979019165
USHY,2026-06-09,36.84999847412109,36.810001373291016
USIG,2026-06-09,50.91999816894531,50.84000015258789
USO,2026-06-09,132.00999450683594,135.14999389648438
VCIT,2026-06-09,82.06999969482422,81.9000015258789
VCSH,2026-06-09,78.72000122070312,78.62999725341797
VDC,2026-06-09,225.2899932861328,225.19000244140625
VGIT,2026-06-09,58.59999847412109,58.52999877929688
VGLT,2026-06-09,54.29999923706055,54.119998931884766
VHT,2026-06-09,285.0899963378906,283.32000732421875
VMBS,2026-06-09,46.470001220703125,46.400001525878906
VNQ,2026-06-09,96.01000213623048,95.47000122070312
VNQI,2026-06-09,44.40999984741211,44.040000915527344
VPU,2026-06-09,189.4499969482422,188.75999450683597
VTIP,2026-06-09,50.34999847412109,50.310001373291016
VWOB,2026-06-09,66.62999725341797,66.44000244140625
WEAT,2026-06-09,22.600000381469727,22.350000381469727
XBI,2026-06-09,131.1300048828125,128.42999267578125
XLB,2026-06-09,50.59000015258789,49.959999084472656
XLC,2026-06-09,111.4800033569336,111.08999633789062
XLE,2026-06-09,58.08000183105469,58.33000183105469
XLF,2026-06-09,52.18000030517578,51.970001220703125
XLI,2026-06-09,174.3699951171875,173.6300048828125
XLK,2026-06-09,185.91000366210938,184.17999267578125
XLP,2026-06-09,83.18000030517578,83.06999969482422
XLRE,2026-06-09,44.279998779296875,44.029998779296875
XLU,2026-06-09,43.63999938964844,43.52000045776367
XLV,2026-06-09,153.47999572753906,152.64999389648438
XLY,2026-06-09,116.16000366210938,115.38999938964844
XME,2026-06-09,119.56999969482422,118.58999633789062
XPH,2026-06-09,57.650001525878906,57.09000015258789
XRT,2026-06-09,84.22000122070312,83.75
ANGL,2026-06-10,28.96999931335449,29.0
BKLN,2026-06-10,20.450000762939453,20.469999313354492
BNO,2026-06-10,50.900001525878906,50.459999084472656
BWX,2026-06-10,21.790000915527344,21.780000686645508
CANE,2026-06-10,9.510000228881836,9.579999923706056
CEMB,2026-06-10,45.45000076293945,45.470001220703125
CIBR,2026-06-10,83.21499633789062,84.33999633789062
CORN,2026-06-10,17.170000076293945,17.040000915527344
CPER,2026-06-10,38.29999923706055,38.599998474121094
DBA,2026-06-10,26.3799991607666,26.280000686645508
DBB,2026-06-10,25.25,25.420000076293945
DBC,2026-06-10,29.1200008392334,29.06999969482422
DBE,2026-06-10,30.899999618530277,30.6200008392334
DBO,2026-06-10,21.63999938964844,21.3700008392334
DIA,2026-06-10,507.489990234375,509.4100036621094
EBND,2026-06-10,20.690000534057617,20.709999084472656
EEM,2026-06-10,65.30999755859375,65.81999969482422
EFA,2026-06-10,102.2300033569336,102.9000015258789
EMB,2026-06-10,95.2699966430664,95.66999816894531
EMHY,2026-06-10,40.27000045776367,40.36000061035156
EMLC,2026-06-10,25.209999084472656,25.21999931335449
EPI,2026-06-10,41.560001373291016,41.65999984741211
EWA,2026-06-10,28.420000076293945,28.25
EWC,2026-06-10,57.75,58.02999877929688
EWG,2026-06-10,41.619998931884766,42.040000915527344
EWJ,2026-06-10,89.88999938964844,90.9499969482422
EWL,2026-06-10,61.34999847412109,61.43000030517578
EWN,2026-06-10,66.91000366210938,67.47000122070312
EWQ,2026-06-10,45.63999938964844,45.880001068115234
EWT,2026-06-10,99.12999725341795,100.8000030517578
EWU,2026-06-10,46.09000015258789,46.27999877929688
EWW,2026-06-10,74.66999816894531,74.76000213623047
EWY,2026-06-10,183.02999877929688,184.0500030517578
EWZ,2026-06-10,33.7400016784668,33.91999816894531
EZA,2026-06-10,63.709999084472656,65.08999633789062
EZU,2026-06-10,68.36000061035156,68.5
FALN,2026-06-10,26.90999984741211,26.968000411987305
FDN,2026-06-10,265.7300109863281,267.6199951171875
FXI,2026-06-10,34.86000061035156,34.689998626708984
GIGB,2026-06-10,45.619998931884766,45.63999938964844
GLD,2026-06-10,380.75,390.7799987792969
GLTR,2026-06-10,190.55999755859372,194.52999877929688
GOVT,2026-06-10,22.63999938964844,22.63999938964844
HYG,2026-06-10,79.55999755859375,79.62000274658203
IAU,2026-06-10,78.0199966430664,80.06999969482422
IEF,2026-06-10,93.81999969482422,93.77999877929688
IEI,2026-06-10,116.95999908447266,116.88999938964844
IGIB,2026-06-10,52.81999969482422,52.79999923706055
IGV,2026-06-10,91.22000122070312,92.9499969482422
IHI,2026-06-10,50.7599983215332,50.93999862670898
INDA,2026-06-10,47.58000183105469,47.540000915527344
ITB,2026-06-10,95.69000244140624,96.2699966430664
IWM,2026-06-10,284.5899963378906,285.0199890136719
IYR,2026-06-10,103.7699966430664,103.48999786376952
IYT,2026-06-10,84.22000122070312,85.93000030517578
JMBS,2026-06-10,44.91999816894531,44.86000061035156
JNK,2026-06-10,95.83000183105469,95.91999816894531
KRE,2026-06-10,71.5,71.23999786376953
LEMB,2026-06-10,41.81999969482422,41.84999847412109
LIT,2026-06-10,77.6500015258789,78.61000061035156
LMBS,2026-06-10,49.790000915527344,49.7400016784668
LQD,2026-06-10,108.3499984741211,108.41000366210938
MBB,2026-06-10,93.9800033569336,93.88999938964844
MDY,2026-06-10,679.2999877929688,681.6799926757812
PALL,2026-06-10,22.5,22.299999237060547
PCY,2026-06-10,21.420000076293945,21.51000022888184
PFF,2026-06-10,30.760000228881836,30.889999389648438
PPLT,2026-06-10,15.239999771118164,15.630000114440918
QLTA,2026-06-10,47.2599983215332,47.2599983215332
QQQ,2026-06-10,701.6599731445312,707.8300170898438
REM,2026-06-10,21.799999237060547,21.899999618530277
REMX,2026-06-10,86.62999725341797,88.02999877929688
RSP,2026-06-10,208.52999877929688,209.19000244140625
RWR,2026-06-10,112.80999755859376,112.5199966430664
RWX,2026-06-10,27.040000915527344,26.84000015258789
SCHH,2026-06-10,23.979999542236328,23.90999984741211
SCHO,2026-06-10,24.09000015258789,24.07999992370605
SCHP,2026-06-10,26.5,26.479999542236328
SGOL,2026-06-10,39.5,40.54999923706055
SHY,2026-06-10,81.97000122070312,81.94000244140625
SHYG,2026-06-10,42.20000076293945,42.22999954223633
SIVR,2026-06-10,61.18000030517578,61.97999954223633
SKYY,2026-06-10,133.77999877929688,136.3000030517578
SLQD,2026-06-10,50.20000076293945,50.20000076293945
SLV,2026-06-10,58.189998626708984,59.0099983215332
SLX,2026-06-10,105.2699966430664,106.41000366210938
SMH,2026-06-10,580.760009765625,591.010009765625
SOXX,2026-06-10,551.6599731445312,562.1400146484375
SOYB,2026-06-10,24.149999618530273,24.09000015258789
SPIB,2026-06-10,33.31999969482422,33.310001373291016
SPMB,2026-06-10,22.170000076293945,22.149999618530277
SPTL,2026-06-10,25.850000381469727,25.850000381469727
SPY,2026-06-10,733.3900146484375,737.0499877929688
SRLN,2026-06-10,40.29999923706055,40.34000015258789
STIP,2026-06-10,102.4000015258789,102.33000183105467
TIP,2026-06-10,109.45999908447266,109.31999969482422
TLH,2026-06-10,99.04000091552734,98.98999786376953
TLT,2026-06-10,85.12000274658203,85.12000274658203
TUR,2026-06-10,38.52000045776367,38.45000076293945
UGA,2026-06-10,106.0,104.68000030517578
UNG,2026-06-10,11.649999618530273,11.390000343322754
UNL,2026-06-10,6.519999980926514,6.449999809265137
USHY,2026-06-10,36.81999969482422,36.84999847412109
USIG,2026-06-10,50.97999954223633,50.970001220703125
USO,2026-06-10,132.92999267578125,131.3000030517578
VCIT,2026-06-10,82.0999984741211,82.08000183105469
VCSH,2026-06-10,78.75,78.72000122070312
VDC,2026-06-10,228.97000122070312,227.5200042724609
VGIT,2026-06-10,58.65999984741211,58.63999938964844
VGLT,2026-06-10,54.400001525878906,54.38999938964844
VHT,2026-06-10,287.7799987792969,287.3900146484375
VMBS,2026-06-10,46.540000915527344,46.5099983215332
VNQ,2026-06-10,97.93000030517578,97.66999816894533
VNQI,2026-06-10,44.7400016784668,44.36000061035156
VPU,2026-06-10,191.4600067138672,190.6000061035156
VTIP,2026-06-10,50.369998931884766,50.31999969482422
VWOB,2026-06-10,66.55999755859375,66.66999816894531
WEAT,2026-06-10,22.690000534057617,22.3799991607666
XBI,2026-06-10,130.44000244140625,131.3800048828125
XLB,2026-06-10,50.75,50.77000045776367
XLC,2026-06-10,111.58999633789062,111.4800033569336
XLE,2026-06-10,57.939998626708984,57.38999938964844
XLF,2026-06-10,52.5,52.459999084472656
XLI,2026-06-10,174.57000732421875,175.60000610351562
XLK,2026-06-10,178.16000366210938,180.77000427246094
XLP,2026-06-10,84.76000213623047,84.0999984741211
XLRE,2026-06-10,45.11000061035156,44.970001220703125
XLU,2026-06-10,44.220001220703125,43.97999954223633
XLV,2026-06-10,154.9600067138672,154.57000732421875
XLY,2026-06-10,115.45999908447266,115.87000274658203
XME,2026-06-10,115.08000183105467,116.0999984741211
XPH,2026-06-10,58.09999847412109,58.290000915527344
XRT,2026-06-10,84.48999786376953,84.83000183105469
ANGL,2026-06-11,28.950000762939453,28.920000076293945
BKLN,2026-06-11,20.420000076293945,20.420000076293945
BNO,2026-06-11,51.31999969482422,51.459999084472656
BWX,2026-06-11,21.739999771118164,21.71999931335449
CANE,2026-06-11,9.43000030517578,9.460000038146973
CEMB,2026-06-11,45.4900016784668,45.369998931884766
CIBR,2026-06-11,83.18499755859375,83.25
CORN,2026-06-11,16.959999084472656,17.06999969482422
CPER,2026-06-11,37.97999954223633,37.720001220703125
DBA,2026-06-11,26.31999969482422,26.329999923706055
DBB,2026-06-11,25.079999923706055,25.049999237060547
DBC,2026-06-11,29.170000076293945,29.170000076293945
DBE,2026-06-11,31.059999465942383,31.15999984741211
DBO,2026-06-11,21.88999938964844,21.86000061035156
DIA,2026-06-11,503.1900024414063,500.25
EBND,2026-06-11,20.68000030517578,20.670000076293945
EEM,2026-06-11,65.2699966430664,64.66000366210938
EFA,2026-06-11,102.4800033569336,101.56999969482422
EMB,2026-06-11,95.54000091552734,95.3499984741211
EMHY,2026-06-11,40.34000015258789,40.220001220703125
EMLC,2026-06-11,25.200000762939453,25.190000534057617
EPI,2026-06-11,41.119998931884766,41.29999923706055
EWA,2026-06-11,28.38999938964844,28.18000030517578
EWC,2026-06-11,57.90999984741211,57.709999084472656
EWG,2026-06-11,41.43999862670898,41.27000045776367
EWJ,2026-06-11,89.9800033569336,89.29000091552734
EWL,2026-06-11,61.880001068115234,61.08000183105469
EWN,2026-06-11,67.56999969482422,66.52999877929688
EWQ,2026-06-11,45.75,45.2599983215332
EWT,2026-06-11,99.0999984741211,98.0
EWU,2026-06-11,46.369998931884766,45.810001373291016
EWW,2026-06-11,74.33000183105469,74.41000366210938
EWY,2026-06-11,185.22000122070312,178.4499969482422
EWZ,2026-06-11,34.0,33.779998779296875
EZA,2026-06-11,63.83000183105469,63.16999816894531
EZU,2026-06-11,68.22000122070312,67.44000244140625
FALN,2026-06-11,26.920000076293945,26.88999938964844
FDN,2026-06-11,261.7699890136719,262.8399963378906
FXI,2026-06-11,34.41999816894531,34.75
GIGB,2026-06-11,45.63999938964844,45.56999969482422
GLD,2026-06-11,373.9599914550781,374.5799865722656
GLTR,2026-06-11,187.69000244140625,188.0
GOVT,2026-06-11,22.6299991607666,22.61000061035156
HYG,2026-06-11,79.56999969482422,79.47000122070312
IAU,2026-06-11,76.62000274658203,76.79000091552734
IEF,2026-06-11,93.80999755859375,93.69000244140625
IEI,2026-06-11,116.91000366210938,116.8499984741211
IGIB,2026-06-11,52.81999969482422,52.720001220703125
IGV,2026-06-11,90.0,91.58000183105467
IHI,2026-06-11,49.68999862670898,49.720001220703125
INDA,2026-06-11,47.04999923706055,47.29999923706055
ITB,2026-06-11,94.1999969482422,93.58999633789062
IWM,2026-06-11,284.44000244140625,282.04998779296875
IYR,2026-06-11,103.76000213623048,103.5199966430664
IYT,2026-06-11,83.41999816894531,83.2300033569336
JMBS,2026-06-11,44.86000061035156,44.84999847412109
JNK,2026-06-11,95.8499984741211,95.7300033569336
KRE,2026-06-11,72.02999877929688,71.63999938964844
LEMB,2026-06-11,41.83000183105469,41.75
LIT,2026-06-11,78.0,76.54000091552734
LMBS,2026-06-11,49.77000045776367,49.75
LQD,2026-06-11,108.43000030517578,108.16000366210938
MBB,2026-06-11,93.94000244140625,93.91000366210938
MDY,2026-06-11,676.3499755859375,671.8400268554688
PALL,2026-06-11,22.520000457763672,22.1299991607666
PCY,2026-06-11,21.479999542236328,21.40999984741211
PFF,2026-06-11,30.799999237060547,30.770000457763672
PPLT,2026-06-11,15.1899995803833,15.130000114440918
QLTA,2026-06-11,47.2599983215332,47.18000030517578
QQQ,2026-06-11,699.2899780273438,693.6900024414062
REM,2026-06-11,21.82999992370605,21.690000534057617
REMX,2026-06-11,88.54000091552734,85.12999725341797
RSP,2026-06-11,207.33999633789065,206.52999877929688
RWR,2026-06-11,113.01000213623048,112.6500015258789
RWX,2026-06-11,27.1200008392334,26.989999771118164
SCHH,2026-06-11,24.0,23.93000030517578
SCHO,2026-06-11,24.07999992370605,24.07999992370605
SCHP,2026-06-11,26.46999931335449,26.440000534057617
SGOL,2026-06-11,38.790000915527344,38.880001068115234
SHY,2026-06-11,81.95999908447266,81.94000244140625
SHYG,2026-06-11,42.209999084472656,42.15999984741211
SIVR,2026-06-11,60.38999938964844,60.61000061035156
SKYY,2026-06-11,132.13999938964844,133.6300048828125
SLQD,2026-06-11,50.20000076293945,50.18999862670898
SLV,2026-06-11,57.45000076293945,57.65999984741211
SLX,2026-06-11,106.04000091552734,104.20999908447266
SMH,2026-06-11,582.6099853515625,570.9099731445312
SOXX,2026-06-11,555.4199829101562,541.510009765625
SOYB,2026-06-11,24.200000762939453,24.190000534057617
SPIB,2026-06-11,33.29999923706055,33.27000045776367
SPMB,2026-06-11,22.170000076293945,22.149999618530277
SPTL,2026-06-11,25.86000061035156,25.780000686645508
SPY,2026-06-11,728.760009765625,725.4299926757812
SRLN,2026-06-11,40.2599983215332,40.22999954223633
STIP,2026-06-11,102.33000183105467,102.29000091552734
TIP,2026-06-11,109.33000183105469,109.20999908447266
TLH,2026-06-11,99.04000091552734,98.79000091552734
TLT,2026-06-11,85.16999816894531,84.87999725341797
TUR,2026-06-11,38.15999984741211,38.560001373291016
UGA,2026-06-11,107.5999984741211,107.44000244140625
UNG,2026-06-11,11.34000015258789,11.539999961853027
UNL,2026-06-11,6.429999828338623,6.460000038146973
USHY,2026-06-11,36.81999969482422,36.790000915527344
USIG,2026-06-11,50.9900016784668,50.900001525878906
USO,2026-06-11,134.27000427246094,134.3000030517578
VCIT,2026-06-11,82.0999984741211,81.97000122070312
VCSH,2026-06-11,78.73999786376953,78.69999694824219
VDC,2026-06-11,231.5500030517578,231.3300018310547
VGIT,2026-06-11,58.63999938964844,58.59000015258789
VGLT,2026-06-11,54.43000030517578,54.25
VHT,2026-06-11,285.0,284.1400146484375
VMBS,2026-06-11,46.5,46.5
VNQ,2026-06-11,97.86000061035156,97.68000030517578
VNQI,2026-06-11,44.619998931884766,44.54999923706055
VPU,2026-06-11,191.3800048828125,190.57000732421875
VTIP,2026-06-11,50.34000015258789,50.310001373291016
VWOB,2026-06-11,66.6500015258789,66.44000244140625
WEAT,2026-06-11,22.520000457763672,22.540000915527344
XBI,2026-06-11,129.13999938964844,128.85000610351562
XLB,2026-06-11,50.06999969482422,49.599998474121094
XLC,2026-06-11,110.88999938964844,111.01000213623047
XLE,2026-06-11,58.779998779296875,58.25
XLF,2026-06-11,52.349998474121094,52.22999954223633
XLI,2026-06-11,171.27999877929688,169.66000366210938
XLK,2026-06-11,177.7899932861328,176.6300048828125
XLP,2026-06-11,85.68000030517578,85.48999786376953
XLRE,2026-06-11,45.060001373291016,44.9900016784668
XLU,2026-06-11,44.220001220703125,44.0
XLV,2026-06-11,153.4600067138672,152.85000610351562
XLY,2026-06-11,114.12000274658203,113.48999786376953
XME,2026-06-11,113.62999725341795,112.43000030517578
XPH,2026-06-11,58.72999954223633,58.36000061035156
XRT,2026-06-11,85.44000244140625,84.98999786376953
ANGL,2026-06-12,29.13999938964844,29.11000061035156
BKLN,2026-06-12,20.459999084472656,20.440000534057617
BNO,2026-06-12,48.599998474121094,49.130001068115234
BWX,2026-06-12,21.920000076293945,21.940000534057617
CANE,2026-06-12,9.510000228881836,9.4399995803833
CEMB,2026-06-12,45.59000015258789,45.58000183105469
CIBR,2026-06-12,85.4800033569336,85.47000122070312
CORN,2026-06-12,16.770000457763672,16.719999313354492
CPER,2026-06-12,38.939998626708984,38.939998626708984
DBA,2026-06-12,26.309999465942383,26.299999237060547
DBB,2026-06-12,25.510000228881836,25.459999084472656
DBC,2026-06-12,28.6299991607666,28.850000381469727
DBE,2026-06-12,29.690000534057617,30.07999992370605
DBO,2026-06-12,20.75,21.06999969482422
DIA,2026-06-12,512.8900146484375,509.3599853515625
EBND,2026-06-12,20.93000030517578,20.88999938964844
EEM,2026-06-12,67.52999877929688,67.5
EFA,2026-06-12,104.6500015258789,104.7300033569336
EMB,2026-06-12,96.30000305175781,96.2699966430664
EMHY,2026-06-12,40.560001373291016,40.560001373291016
EMLC,2026-06-12,25.51000022888184,25.450000762939453
EPI,2026-06-12,42.220001220703125,41.79999923706055
EWA,2026-06-12,29.13999938964844,28.959999084472656
EWC,2026-06-12,58.59999847412109,58.4900016784668
EWG,2026-06-12,42.130001068115234,42.27000045776367
EWJ,2026-06-12,92.48999786376952,92.18000030517578
EWL,2026-06-12,62.59000015258789,62.90999984741211
EWN,2026-06-12,69.12999725341797,69.7300033569336
EWQ,2026-06-12,46.560001373291016,46.540000915527344
EWT,2026-06-12,101.9499969482422,102.4499969482422
EWU,2026-06-12,46.95000076293945,46.900001525878906
EWW,2026-06-12,77.80000305175781,77.33999633789062
EWY,2026-06-12,195.1499938964844,198.94000244140625
EWZ,2026-06-12,34.9900016784668,34.810001373291016
EZA,2026-06-12,66.54000091552734,66.27999877929688
EZU,2026-06-12,69.56999969482422,69.93000030517578
FALN,2026-06-12,27.09000015258789,27.07999992370605
FDN,2026-06-12,266.9100036621094,265.07000732421875
FXI,2026-06-12,35.34000015258789,34.90999984741211
GIGB,2026-06-12,45.86000061035156,45.869998931884766
GLD,2026-06-12,385.7300109863281,386.32000732421875
GLTR,2026-06-12,195.0500030517578,195.44000244140625
GOVT,2026-06-12,22.700000762939453,22.729999542236328
HYG,2026-06-12,79.94000244140625,79.94000244140625
IAU,2026-06-12,79.05000305175781,79.12999725341797
IEF,2026-06-12,94.16000366210938,94.33999633789062
IEI,2026-06-12,117.20999908447266,117.3499984741211
IGIB,2026-06-12,52.9900016784668,53.060001373291016
IGV,2026-06-12,90.62999725341795,90.91999816894533
IHI,2026-06-12,49.90999984741211,49.66999816894531
INDA,2026-06-12,48.380001068115234,47.790000915527344
ITB,2026-06-12,97.48999786376952,97.73999786376952
IWM,2026-06-12,291.6300048828125,290.4100036621094
IYR,2026-06-12,103.68000030517578,103.4499969482422
IYT,2026-06-12,86.66000366210938,86.12000274658203
JMBS,2026-06-12,45.15999984741211,45.150001525878906
JNK,2026-06-12,96.31999969482422,96.27999877929688
KRE,2026-06-12,72.70999908447266,72.3499984741211
LEMB,2026-06-12,42.2400016784668,42.16999816894531
LIT,2026-06-12,81.5,80.73999786376953
LMBS,2026-06-12,49.869998931884766,49.83000183105469
LQD,2026-06-12,108.87999725341797,109.08000183105469
MBB,2026-06-12,94.30999755859375,94.5199966430664
MDY,2026-06-12,692.0999755859375,688.8499755859375
PALL,2026-06-12,23.219999313354492,23.209999084472656
PCY,2026-06-12,21.700000762939453,21.65999984741211
PFF,2026-06-12,30.920000076293945,31.020000457763672
PPLT,2026-06-12,15.539999961853027,15.630000114440918
QLTA,2026-06-12,47.45000076293945,47.4900016784668
QQQ,2026-06-12,717.6099853515625,717.1199951171875
REM,2026-06-12,21.93000030517578,21.88999938964844
REMX,2026-06-12,94.20999908447266,92.95999908447266
RSP,2026-06-12,210.6999969482422,209.75
RWR,2026-06-12,113.08999633789062,112.8499984741211
RWX,2026-06-12,27.56999969482422,27.38999938964844
SCHH,2026-06-12,24.030000686645508,23.93000030517578
SCHO,2026-06-12,24.1200008392334,24.1200008392334
SCHP,2026-06-12,26.51000022888184,26.530000686645508
SGOL,2026-06-12,40.02000045776367,40.060001373291016
SHY,2026-06-12,82.06999969482422,82.08999633789062
SHYG,2026-06-12,42.38999938964844,42.34000015258789
SIVR,2026-06-12,63.630001068115234,63.93000030517578
SKYY,2026-06-12,134.0500030517578,133.77999877929688
SLQD,2026-06-12,50.27999877929688,50.310001373291016
SLV,2026-06-12,60.529998779296875,60.81999969482422
SLX,2026-06-12,109.91000366210938,109.04000091552734
SMH,2026-06-12,607.9500122070312,609.4500122070312
SOXX,2026-06-12,584.1099853515625,586.9299926757812
SOYB,2026-06-12,24.1200008392334,24.1200008392334
SPIB,2026-06-12,33.400001525878906,33.41999816894531
SPMB,2026-06-12,22.270000457763672,22.299999237060547
SPTL,2026-06-12,26.01000022888184,26.100000381469727
SPY,2026-06-12,740.7100219726562,737.760009765625
SRLN,2026-06-12,40.33000183105469,40.27999877929688
STIP,2026-06-12,102.33999633789062,102.4000015258789
TIP,2026-06-12,109.4800033569336,109.5999984741211
TLH,2026-06-12,99.58000183105469,99.9000015258789
TLT,2026-06-12,85.63999938964844,85.9800033569336
TUR,2026-06-12,39.41999816894531,39.13999938964844
UGA,2026-06-12,105.30000305175781,106.05999755859375
UNG,2026-06-12,11.180000305175781,11.15999984741211
UNL,2026-06-12,6.349999904632568,6.360000133514404
USHY,2026-06-12,37.0,36.970001220703125
USIG,2026-06-12,51.15999984741211,51.220001220703125
USO,2026-06-12,127.02999877929688,128.8300018310547
VCIT,2026-06-12,82.41000366210938,82.51000213623047
VCSH,2026-06-12,78.93000030517578,78.93000030517578
VDC,2026-06-12,231.2100067138672,230.7400054931641
VGIT,2026-06-12,58.81999969482422,58.88999938964844
VGLT,2026-06-12,54.720001220703125,54.91999816894531
VHT,2026-06-12,288.29998779296875,286.79998779296875
VMBS,2026-06-12,46.63999938964844,46.77000045776367
VNQ,2026-06-12,97.86000061035156,97.61000061035156
VNQI,2026-06-12,45.650001525878906,45.380001068115234
VPU,2026-06-12,191.3600006103516,190.6999969482422
VTIP,2026-06-12,50.34000015258789,50.369998931884766
VWOB,2026-06-12,67.0999984741211,67.06999969482422
WEAT,2026-06-12,22.34000015258789,22.43000030517578
XBI,2026-06-12,132.97999572753906,132.74000549316406
XLB,2026-06-12,51.709999084472656,51.220001220703125
XLC,2026-06-12,112.91000366210938,112.12000274658203
XLE,2026-06-12,56.790000915527344,57.119998931884766
XLF,2026-06-12,52.959999084472656,52.619998931884766
XLI,2026-06-12,176.02000427246094,175.14999389648438
XLK,2026-06-12,183.24000549316406,183.2100067138672
XLP,2026-06-12,85.45999908447266,85.2699966430664
XLRE,2026-06-12,45.040000915527344,44.91999816894531
XLU,2026-06-12,44.189998626708984,44.04999923706055
XLV,2026-06-12,154.97000122070312,154.08999633789062
XLY,2026-06-12,117.0199966430664,116.30000305175781
XME,2026-06-12,119.29000091552734,118.3499984741211
XPH,2026-06-12,59.91999816894531,59.77000045776367
XRT,2026-06-12,87.81999969482422,87.66999816894531
ANGL,2026-06-15,29.229999542236328,29.1200008392334
BKLN,2026-06-15,20.450000762939453,20.43000030517578
BNO,2026-06-15,45.810001373291016,47.81999969482422
BWX,2026-06-15,22.020000457763672,21.940000534057617
CANE,2026-06-15,9.359999656677246,9.390000343322754
CEMB,2026-06-15,45.709999084472656,45.59999847412109
CIBR,2026-06-15,86.41000366210938,85.33000183105469
CORN,2026-06-15,16.600000381469727,16.799999237060547
CPER,2026-06-15,39.619998931884766,39.54999923706055
DBA,2026-06-15,26.170000076293945,26.239999771118164
DBB,2026-06-15,25.5,25.729999542236328
DBC,2026-06-15,28.18000030517578,28.549999237060547
DBE,2026-06-15,28.459999084472656,29.350000381469727
DBO,2026-06-15,19.68000030517578,20.459999084472656
DIA,2026-06-15,519.22998046875,513.0599975585938
EBND,2026-06-15,21.13999938964844,20.959999084472656
EEM,2026-06-15,69.61000061035156,67.87999725341797
EFA,2026-06-15,104.69000244140625,105.0199966430664
EMB,2026-06-15,96.68000030517578,96.36000061035156
EMHY,2026-06-15,40.7400016784668,40.59999847412109
EMLC,2026-06-15,25.790000915527344,25.520000457763672
EPI,2026-06-15,42.810001373291016,42.06999969482422
EWA,2026-06-15,28.979999542236328,29.21999931335449
EWC,2026-06-15,59.09999847412109,58.7599983215332
EWG,2026-06-15,42.20000076293945,42.310001373291016
EWJ,2026-06-15,94.19000244140624,92.70999908447266
EWL,2026-06-15,62.29999923706055,62.720001220703125
EWN,2026-06-15,70.37000274658203,69.7300033569336
EWQ,2026-06-15,46.220001220703125,46.619998931884766
EWT,2026-06-15,106.0500030517578,102.62000274658205
EWU,2026-06-15,46.61000061035156,47.15999984741211
EWW,2026-06-15,78.66999816894531,78.47000122070312
EWY,2026-06-15,207.8600006103516,197.4499969482422
EWZ,2026-06-15,35.459999084472656,35.099998474121094
EZA,2026-06-15,68.51000213623047,66.87000274658203
EZU,2026-06-15,70.30999755859375,69.93000030517578
FALN,2026-06-15,27.18000030517578,27.09499931335449
FDN,2026-06-15,268.8800048828125,264.3699951171875
FXI,2026-06-15,35.20000076293945,35.290000915527344
GIGB,2026-06-15,45.91999816894531,45.86000061035156
GLD,2026-06-15,399.489990234375,386.5400085449219
GLTR,2026-06-15,204.08999633789065,196.0200042724609
GOVT,2026-06-15,22.739999771118164,22.709999084472656
HYG,2026-06-15,80.13999938964844,79.94000244140625
IAU,2026-06-15,81.88999938964844,79.19000244140625
IEF,2026-06-15,94.38999938964844,94.18000030517578
IEI,2026-06-15,117.43000030517578,117.20999908447266
IGIB,2026-06-15,53.16999816894531,53.02999877929688
IGV,2026-06-15,92.18000030517578,90.6999969482422
IHI,2026-06-15,49.880001068115234,49.66999816894531
INDA,2026-06-15,49.310001373291016,48.33000183105469
ITB,2026-06-15,98.5999984741211,96.9499969482422
IWM,2026-06-15,296.55999755859375,292.95001220703125
IYR,2026-06-15,103.9000015258789,104.37000274658205
IYT,2026-06-15,87.5199966430664,86.51000213623047
JMBS,2026-06-15,45.20000076293945,45.18000030517578
JNK,2026-06-15,96.58999633789062,96.30000305175781
KRE,2026-06-15,73.79000091552734,73.41000366210938
LEMB,2026-06-15,42.59999847412109,42.290000915527344
LIT,2026-06-15,84.02999877929688,82.37000274658203
LMBS,2026-06-15,49.900001525878906,49.84000015258789
LQD,2026-06-15,109.27999877929688,109.01000213623047
MBB,2026-06-15,94.62999725341797,94.37999725341797
MDY,2026-06-15,702.5399780273438,693.739990234375
PALL,2026-06-15,24.56999969482422,23.229999542236328
PCY,2026-06-15,21.799999237060547,21.690000534057617
PFF,2026-06-15,31.149999618530273,31.06999969482422
PPLT,2026-06-15,16.43000030517578,15.539999961853027
QLTA,2026-06-15,47.56999969482422,47.47999954223633
QQQ,2026-06-15,738.0999755859375,721.3400268554688
REM,2026-06-15,21.6299991607666,21.959999084472656
REMX,2026-06-15,98.5999984741211,95.5
RSP,2026-06-15,213.6000061035156,211.6499938964844
RWR,2026-06-15,114.0,113.9000015258789
RWX,2026-06-15,27.6299991607666,27.65999984741211
SCHH,2026-06-15,24.149999618530277,24.170000076293945
SCHO,2026-06-15,24.13999938964844,24.1200008392334
SCHP,2026-06-15,26.56999969482422,26.540000915527344
SGOL,2026-06-15,41.459999084472656,40.09999847412109
SHY,2026-06-15,82.13999938964844,82.06999969482422
SHYG,2026-06-15,42.470001220703125,42.36000061035156
SIVR,2026-06-15,67.58999633789062,64.43000030517578
SKYY,2026-06-15,136.8000030517578,134.02000427246094
SLQD,2026-06-15,50.310001373291016,50.29999923706055
SLV,2026-06-15,64.27999877929688,61.290000915527344
SLX,2026-06-15,112.73999786376952,110.8499984741211
SMH,2026-06-15,643.5,619.9600219726562
SOXX,2026-06-15,622.6099853515625,596.25
SOYB,2026-06-15,23.889999389648438,24.1299991607666
SPIB,2026-06-15,33.459999084472656,33.400001525878906
SPMB,2026-06-15,22.309999465942383,22.270000457763672
SPTL,2026-06-15,26.11000061035156,26.020000457763672
SPY,2026-06-15,751.8499755859375,741.75
SRLN,2026-06-15,40.34000015258789,40.27999877929688
STIP,2026-06-15,102.37999725341795,102.37999725341795
TIP,2026-06-15,109.70999908447266,109.61000061035156
TLH,2026-06-15,99.94000244140625,99.63999938964844
TLT,2026-06-15,85.95999908447266,85.7699966430664
TUR,2026-06-15,40.27999877929688,39.459999084472656
UGA,2026-06-15,102.62999725341797,105.13999938964844
UNG,2026-06-15,11.210000038146973,11.350000381469727
UNL,2026-06-15,6.320000171661377,6.409999847412109
USHY,2026-06-15,37.08000183105469,36.97999954223633
USIG,2026-06-15,51.33000183105469,51.20000076293945
USO,2026-06-15,119.83999633789062,125.43000030517578
VCIT,2026-06-15,82.62000274658203,82.44999694824219
VCSH,2026-06-15,79.01000213623047,78.91000366210938
VDC,2026-06-15,231.0,232.25
VGIT,2026-06-15,58.93000030517578,58.81999969482422
VGLT,2026-06-15,54.93000030517578,54.77000045776367
VHT,2026-06-15,286.95001220703125,286.4599914550781
VMBS,2026-06-15,46.7400016784668,46.68000030517578
VNQ,2026-06-15,98.51000213623048,98.51000213623048
VNQI,2026-06-15,45.97999954223633,45.68999862670898
VPU,2026-06-15,192.8500061035156,192.88999938964844
VTIP,2026-06-15,50.34999847412109,50.34999847412109
VWOB,2026-06-15,67.41999816894531,67.18000030517578
WEAT,2026-06-15,21.940000534057617,22.34000015258789
XBI,2026-06-15,135.75,133.7899932861328
XLB,2026-06-15,52.869998931884766,52.18000030517578
XLC,2026-06-15,111.91999816894531,111.6500015258789
XLE,2026-06-15,55.20000076293945,57.54999923706055
XLF,2026-06-15,53.7599983215332,53.34000015258789
XLI,2026-06-15,178.8000030517578,176.17999267578125
XLK,2026-06-15,190.3699951171875,184.8000030517578
XLP,2026-06-15,85.47000122070312,85.81999969482422
XLRE,2026-06-15,45.314998626708984,45.36000061035156
XLU,2026-06-15,44.47999954223633,44.529998779296875
XLV,2026-06-15,153.7100067138672,153.80999755859375
XLY,2026-06-15,118.61000061035156,116.5999984741211
XME,2026-06-15,123.58000183105467,120.44000244140624
XPH,2026-06-15,60.79999923706055,60.27000045776367
XRT,2026-06-15,88.54000091552734,87.7300033569336
ANGL,2026-06-16,29.190000534057617,29.18000030517578
BKLN,2026-06-16,20.479999542236328,20.459999084472656
BNO,2026-06-16,44.290000915527344,46.04999923706055
BWX,2026-06-16,22.049999237060547,22.0
CANE,2026-06-16,9.31999969482422,9.31999969482422
CEMB,2026-06-16,45.70000076293945,45.709999084472656
CIBR,2026-06-16,86.16999816894531,86.2699966430664
CORN,2026-06-16,16.850000381469727,16.860000610351562
CPER,2026-06-16,39.61000061035156,39.650001525878906
DBA,2026-06-16,26.459999084472656,26.3799991607666
DBB,2026-06-16,25.459999084472656,25.43000030517578
DBC,2026-06-16,27.899999618530277,28.21999931335449
DBE,2026-06-16,27.82999992370605,28.57999992370605
DBO,2026-06-16,19.149999618530277,19.809999465942383
DIA,2026-06-16,520.3200073242188,518.4400024414062
EBND,2026-06-16,21.13999938964844,21.11000061035156
EEM,2026-06-16,69.33000183105469,69.75
EFA,2026-06-16,104.72000122070312,104.08000183105469
EMB,2026-06-16,96.5,96.70999908447266
EMHY,2026-06-16,40.790000915527344,40.7599983215332
EMLC,2026-06-16,25.790000915527344,25.75
EPI,2026-06-16,42.84000015258789,42.77000045776367
EWA,2026-06-16,29.040000915527344,28.600000381469727
EWC,2026-06-16,59.060001373291016,58.93000030517578
EWG,2026-06-16,42.06999969482422,41.84000015258789
EWJ,2026-06-16,94.41000366210938,94.05999755859376
EWL,2026-06-16,61.869998931884766,61.68000030517578
EWN,2026-06-16,69.75,70.05999755859375
EWQ,2026-06-16,46.220001220703125,45.75
EWT,2026-06-16,105.8499984741211,106.37000274658205
EWU,2026-06-16,46.650001525878906,46.209999084472656
EWW,2026-06-16,77.83999633789062,77.76000213623047
EWY,2026-06-16,210.22000122070312,211.4499969482422
EWZ,2026-06-16,34.439998626708984,34.63999938964844
EZA,2026-06-16,67.87000274658203,67.75
EZU,2026-06-16,69.56999969482422,69.27999877929688
FALN,2026-06-16,27.170000076293945,27.149999618530277
FDN,2026-06-16,271.5899963378906,271.2200012207031
FXI,2026-06-16,34.4900016784668,35.11000061035156
GIGB,2026-06-16,45.900001525878906,45.84999847412109
GLD,2026-06-16,397.8299865722656,396.54998779296875
GLTR,2026-06-16,202.83999633789065,202.00999450683597
GOVT,2026-06-16,22.729999542236328,22.729999542236328
HYG,2026-06-16,80.02999877929688,80.04000091552734
IAU,2026-06-16,81.5199966430664,81.26000213623047
IEF,2026-06-16,94.37999725341797,94.27999877929688
IEI,2026-06-16,117.38999938964844,117.33999633789062
IGIB,2026-06-16,53.119998931884766,53.08000183105469
IGV,2026-06-16,92.27999877929688,92.68000030517578
IHI,2026-06-16,49.91999816894531,49.650001525878906
INDA,2026-06-16,49.380001068115234,49.2599983215332
ITB,2026-06-16,97.3000030517578,97.08999633789062
IWM,2026-06-16,295.5,294.6400146484375
IYR,2026-06-16,103.83000183105467,103.08000183105467
IYT,2026-06-16,86.76000213623047,86.51000213623047
JMBS,2026-06-16,45.209999084472656,45.16999816894531
JNK,2026-06-16,96.44999694824219,96.44999694824219
KRE,2026-06-16,72.77999877929688,72.2300033569336
LEMB,2026-06-16,42.619998931884766,42.52999877929688
LIT,2026-06-16,84.0,84.08000183105469
LMBS,2026-06-16,49.91999816894531,49.88999938964844
LQD,2026-06-16,109.11000061035156,108.98999786376953
MBB,2026-06-16,94.55000305175781,94.5199966430664
MDY,2026-06-16,698.0800170898438,696.4099731445312
PALL,2026-06-16,24.75,24.399999618530273
PCY,2026-06-16,21.81999969482422,21.790000915527344
PFF,2026-06-16,31.219999313354492,31.299999237060547
PPLT,2026-06-16,16.420000076293945,16.059999465942383
QLTA,2026-06-16,47.52999877929688,47.47999954223633
QQQ,2026-06-16,742.25,744.0
REM,2026-06-16,21.600000381469727,21.520000457763672
REMX,2026-06-16,97.0500030517578,96.88999938964844
RSP,2026-06-16,213.4900054931641,212.8800048828125
RWR,2026-06-16,113.44000244140624,112.98999786376952
RWX,2026-06-16,27.420000076293945,27.5
SCHH,2026-06-16,24.06999969482422,23.979999542236328
SCHO,2026-06-16,24.1299991607666,24.1299991607666
SCHP,2026-06-16,26.559999465942383,26.56999969482422
SGOL,2026-06-16,41.290000915527344,41.150001525878906
SHY,2026-06-16,82.0999984741211,82.11000061035156
SHYG,2026-06-16,42.40999984741211,42.43000030517578
SIVR,2026-06-16,66.91000366210938,66.69000244140625
SKYY,2026-06-16,136.5,136.72999572753906
SLQD,2026-06-16,50.31999969482422,50.29999923706055
SLV,2026-06-16,63.70000076293945,63.470001220703125
SLX,2026-06-16,111.4800033569336,111.08000183105467
SMH,2026-06-16,643.52001953125,647.0999755859375
SOXX,2026-06-16,623.8400268554688,628.4500122070312
SOYB,2026-06-16,24.040000915527344,24.139999389648438
SPIB,2026-06-16,33.45000076293945,33.43000030517578
SPMB,2026-06-16,22.309999465942383,22.290000915527344
SPTL,2026-06-16,26.11000061035156,26.030000686645508
SPY,2026-06-16,754.5499877929688,754.8300170898438
SRLN,2026-06-16,40.38999938964844,40.38999938964844
STIP,2026-06-16,102.37000274658205,102.41999816894533
TIP,2026-06-16,109.7300033569336,109.76000213623047
TLH,2026-06-16,99.94999694824219,99.69999694824219
TLT,2026-06-16,85.95999908447266,85.72000122070312
TUR,2026-06-16,40.33000183105469,40.15999984741211
UGA,2026-06-16,100.69999694824219,102.55999755859375
UNG,2026-06-16,11.460000038146973,11.430000305175781
UNL,2026-06-16,6.380000114440918,6.369999885559082
USHY,2026-06-16,37.04999923706055,37.02999877929688
USIG,2026-06-16,51.27000045776367,51.209999084472656
USO,2026-06-16,116.33999633789062,121.20999908447266
VCIT,2026-06-16,82.58999633789062,82.5
VCSH,2026-06-16,78.95999908447266,78.95999908447266
VDC,2026-06-16,232.1000061035156,231.47999572753903
VGIT,2026-06-16,58.90999984741211,58.880001068115234
VGLT,2026-06-16,54.91999816894531,54.77999877929688
VHT,2026-06-16,286.04998779296875,285.6199951171875
VMBS,2026-06-16,46.79999923706055,46.77000045776367
VNQ,2026-06-16,98.45999908447266,97.81999969482422
VNQI,2026-06-16,45.709999084472656,45.70000076293945
VPU,2026-06-16,194.3300018310547,194.0
VTIP,2026-06-16,50.34999847412109,50.380001068115234
VWOB,2026-06-16,67.4800033569336,67.37000274658203
WEAT,2026-06-16,22.6200008392334,22.540000915527344
XBI,2026-06-16,136.42999267578125,136.39999389648438
XLB,2026-06-16,52.689998626708984,52.5
XLC,2026-06-16,112.23999786376953,112.19000244140625
XLE,2026-06-16,55.0,55.54999923706055
XLF,2026-06-16,54.0099983215332,53.560001373291016
XLI,2026-06-16,179.5800018310547,178.67999267578125
XLK,2026-06-16,191.22999572753906,191.7899932861328
XLP,2026-06-16,85.79000091552734,85.4800033569336
XLRE,2026-06-16,45.209999084472656,44.9900016784668
XLU,2026-06-16,44.84000015258789,44.7400016784668
XLV,2026-06-16,153.60000610351562,152.88999938964844
XLY,2026-06-16,118.66999816894531,118.56999969482422
XME,2026-06-16,121.18000030517578,120.62999725341795
XPH,2026-06-16,60.45000076293945,60.310001373291016
XRT,2026-06-16,87.62999725341797,87.44000244140625
ANGL,2026-06-17,29.200000762939453,29.18000030517578
BKLN,2026-06-17,20.489999771118164,20.5
BNO,2026-06-17,44.029998779296875,43.88999938964844
BWX,2026-06-17,22.059999465942383,22.059999465942383
CANE,2026-06-17,9.40999984741211,9.43000030517578
CEMB,2026-06-17,45.68999862670898,45.68000030517578
CIBR,2026-06-17,85.08000183105469,85.08000183105469
CORN,2026-06-17,17.030000686645508,16.93000030517578
CPER,2026-06-17,39.560001373291016,39.54999923706055
DBA,2026-06-17,26.809999465942383,26.65999984741211
DBB,2026-06-17,25.549999237060547,25.479999542236328
DBC,2026-06-17,27.96999931335449,27.899999618530277
DBE,2026-06-17,27.65999984741211,27.68000030517578
DBO,2026-06-17,19.0,19.0
DIA,2026-06-17,521.260009765625,521.4400024414062
EBND,2026-06-17,21.18000030517578,21.15999984741211
EEM,2026-06-17,69.56999969482422,68.63999938964844
EFA,2026-06-17,105.04000091552734,104.30999755859375
EMB,2026-06-17,96.62000274658203,96.66999816894531
EMHY,2026-06-17,40.7400016784668,40.75
EMLC,2026-06-17,25.81999969482422,25.809999465942383
EPI,2026-06-17,43.09999847412109,42.869998931884766
EWA,2026-06-17,29.059999465942383,28.979999542236328
EWC,2026-06-17,59.08000183105469,59.11000061035156
EWG,2026-06-17,41.810001373291016,41.77000045776367
EWJ,2026-06-17,95.19000244140624,94.12000274658205
EWL,2026-06-17,62.15999984741211,61.93000030517578
EWN,2026-06-17,70.27999877929688,69.11000061035156
EWQ,2026-06-17,46.16999816894531,46.13999938964844
EWT,2026-06-17,106.58999633789062,103.79000091552734
EWU,2026-06-17,46.470001220703125,46.5099983215332
EWW,2026-06-17,78.20999908447266,77.9800033569336
EWY,2026-06-17,210.6699981689453,205.91000366210935
EWZ,2026-06-17,34.7599983215332,34.40999984741211
EZA,2026-06-17,68.16999816894531,68.04000091552734
EZU,2026-06-17,69.86000061035156,69.33999633789062
FALN,2026-06-17,27.149999618530277,27.170000076293945
FDN,2026-06-17,269.010009765625,270.5899963378906
FXI,2026-06-17,34.130001068115234,34.560001373291016
GIGB,2026-06-17,45.90999984741211,45.88999938964844
GLD,2026-06-17,397.82000732421875,397.6300048828125
GLTR,2026-06-17,202.55999755859372,202.58999633789065
GOVT,2026-06-17,22.76000022888184,22.770000457763672
HYG,2026-06-17,79.98999786376953,80.02999877929688
IAU,2026-06-17,81.52999877929688,81.5
IEF,2026-06-17,94.52999877929688,94.5199966430664
IEI,2026-06-17,117.4800033569336,117.48999786376953
IGIB,2026-06-17,53.130001068115234,53.130001068115234
IGV,2026-06-17,90.83999633789062,91.37000274658205
IHI,2026-06-17,49.58000183105469,49.90999984741211
INDA,2026-06-17,49.65999984741211,49.40999984741211
ITB,2026-06-17,98.38999938964844,98.26000213623048
IWM,2026-06-17,292.4700012207031,292.0799865722656
IYR,2026-06-17,103.08999633789062,103.33999633789062
IYT,2026-06-17,85.94000244140625,86.0999984741211
JMBS,2026-06-17,45.22999954223633,45.25
JNK,2026-06-17,96.37999725341797,96.43000030517578
KRE,2026-06-17,72.29000091552734,72.48999786376953
LEMB,2026-06-17,42.68999862670898,42.59999847412109
LIT,2026-06-17,83.69000244140625,83.5999984741211
LMBS,2026-06-17,49.959999084472656,49.93999862670898
LQD,2026-06-17,109.08000183105469,109.12000274658203
MBB,2026-06-17,94.80000305175781,94.69999694824219
MDY,2026-06-17,694.5999755859375,694.3200073242188
PALL,2026-06-17,24.6200008392334,24.579999923706055
PCY,2026-06-17,21.790000915527344,21.809999465942383
PFF,2026-06-17,31.200000762939453,31.190000534057617
PPLT,2026-06-17,16.190000534057617,16.420000076293945
QLTA,2026-06-17,47.52000045776367,47.52000045776367
QQQ,2026-06-17,735.1900024414062,729.8599853515625
REM,2026-06-17,21.729999542236328,21.75
REMX,2026-06-17,97.08000183105467,96.77999877929688
RSP,2026-06-17,212.1100006103516,212.1699981689453
RWR,2026-06-17,112.81999969482422,113.12999725341795
RWX,2026-06-17,27.3700008392334,27.34000015258789
SCHH,2026-06-17,23.90999984741211,24.01000022888184
SCHO,2026-06-17,24.13999938964844,24.149999618530277
SCHP,2026-06-17,26.57999992370605,26.56999969482422
SGOL,2026-06-17,41.27000045776367,41.27000045776367
SHY,2026-06-17,82.11000061035156,82.12999725341797
SHYG,2026-06-17,42.40999984741211,42.43000030517578
SIVR,2026-06-17,66.79000091552734,66.5999984741211
SKYY,2026-06-17,134.72000122070312,135.32000732421875
SLQD,2026-06-17,50.31999969482422,50.31999969482422
SLV,2026-06-17,63.540000915527344,63.38999938964844
SLX,2026-06-17,110.0,110.43000030517578
SMH,2026-06-17,633.4600219726562,616.0
SOXX,2026-06-17,611.5599975585938,591.239990234375
SOYB,2026-06-17,24.56999969482422,24.34000015258789
SPIB,2026-06-17,33.439998626708984,33.439998626708984
SPMB,2026-06-17,22.36000061035156,22.32999992370605
SPTL,2026-06-17,26.200000762939453,26.18000030517578
SPY,2026-06-17,751.2899780273438,750.3300170898438
SRLN,2026-06-17,40.380001068115234,40.36000061035156
STIP,2026-06-17,102.3499984741211,102.33000183105467
TIP,2026-06-17,109.81999969482422,109.76000213623047
TLH,2026-06-17,100.27999877929688,100.16999816894531
TLT,2026-06-17,86.33000183105469,86.19000244140625
TUR,2026-06-17,40.34000015258789,40.310001373291016
UGA,2026-06-17,99.75,100.2699966430664
UNG,2026-06-17,11.4399995803833,11.760000228881836
UNL,2026-06-17,6.400000095367432,6.5
USHY,2026-06-17,37.0099983215332,37.02999877929688
USIG,2026-06-17,51.25,51.27999877929688
USO,2026-06-17,115.44000244140625,115.47000122070312
VCIT,2026-06-17,82.56999969482422,82.58999633789062
VCSH,2026-06-17,78.97000122070312,79.0
VDC,2026-06-17,230.4900054931641,231.63999938964844
VGIT,2026-06-17,58.959999084472656,58.97999954223633
VGLT,2026-06-17,55.119998931884766,55.04999923706055
VHT,2026-06-17,284.260009765625,285.2200012207031
VMBS,2026-06-17,46.84000015258789,46.84999847412109
VNQ,2026-06-17,97.7300033569336,98.05999755859376
VNQI,2026-06-17,45.54999923706055,45.70000076293945
VPU,2026-06-17,194.1499938964844,195.08999633789065
VTIP,2026-06-17,50.34999847412109,50.33000183105469
VWOB,2026-06-17,67.4000015258789,67.38999938964844
WEAT,2026-06-17,23.06999969482422,22.75
XBI,2026-06-17,136.52000427246094,135.33999633789062
XLB,2026-06-17,52.52000045776367,52.720001220703125
XLC,2026-06-17,111.47899627685547,112.31999969482422
XLE,2026-06-17,55.2599983215332,55.36000061035156
XLF,2026-06-17,54.290000915527344,54.349998474121094
XLI,2026-06-17,179.97000122070312,179.85000610351562
XLK,2026-06-17,189.00999450683594,186.44000244140625
XLP,2026-06-17,85.19000244140625,85.58999633789062
XLRE,2026-06-17,44.959999084472656,45.099998474121094
XLU,2026-06-17,44.81999969482422,45.060001373291016
XLV,2026-06-17,152.0500030517578,152.94000244140625
XLY,2026-06-17,117.80999755859375,118.45999908447266
XME,2026-06-17,119.23999786376952,119.33000183105467
XPH,2026-06-17,60.2400016784668,60.220001220703125
XRT,2026-06-17,87.0,87.08000183105469
ANGL,2026-06-18,29.15999984741211,29.09000015258789
BKLN,2026-06-18,20.489999771118164,20.469999313354492
BNO,2026-06-18,43.060001373291016,43.4900016784668
BWX,2026-06-18,21.8799991607666,21.8700008392334
CANE,2026-06-18,9.420000076293944,9.5
CEMB,2026-06-18,45.70000076293945,45.59000015258789
CIBR,2026-06-18,84.51000213623047,84.2300033569336
CORN,2026-06-18,17.049999237060547,17.149999618530273
CPER,2026-06-18,39.209999084472656,38.63999938964844
DBA,2026-06-18,26.75,26.84000015258789
DBB,2026-06-18,25.469999313354492,25.229999542236328
DBC,2026-06-18,27.530000686645508,27.709999084472656
DBE,2026-06-18,27.020000457763672,27.399999618530277
DBO,2026-06-18,18.540000915527344,18.790000915527344
DIA,2026-06-18,518.4299926757812,516.2999877929688
EBND,2026-06-18,21.01000022888184,21.01000022888184
EEM,2026-06-18,70.18000030517578,68.55999755859375
EFA,2026-06-18,104.58000183105469,103.77999877929688
EMB,2026-06-18,96.80999755859375,96.27999877929688
EMHY,2026-06-18,40.77000045776367,40.59999847412109
EMLC,2026-06-18,25.600000381469727,25.59000015258789
EPI,2026-06-18,43.2599983215332,42.58000183105469
EWA,2026-06-18,28.690000534057617,28.649999618530277
EWC,2026-06-18,58.38999938964844,58.18999862670898
EWG,2026-06-18,41.52999877929688,41.36000061035156
EWJ,2026-06-18,96.2300033569336,94.4499969482422
EWL,2026-06-18,61.40999984741211,61.4900016784668
EWN,2026-06-18,70.87000274658203,69.86000061035156
EWQ,2026-06-18,45.66999816894531,45.34999847412109
EWT,2026-06-18,108.55999755859376,105.11000061035156
EWU,2026-06-18,45.65999984741211,45.91999816894531
EWW,2026-06-18,78.23999786376953,77.30999755859375
EWY,2026-06-18,215.0,205.0800018310547
EWZ,2026-06-18,33.90999984741211,34.11000061035156
EZA,2026-06-18,66.94999694824219,66.51000213623047
EZU,2026-06-18,69.5,68.97000122070312
FALN,2026-06-18,27.15999984741211,27.100000381469727
FDN,2026-06-18,264.6000061035156,262.760009765625
FXI,2026-06-18,33.400001525878906,33.650001525878906
GIGB,2026-06-18,45.970001220703125,45.7599983215332
GLD,2026-06-18,391.239990234375,388.6000061035156
GLTR,2026-06-18,196.97999572753903,196.1999969482422
GOVT,2026-06-18,22.76000022888184,22.700000762939453
HYG,2026-06-18,80.02999877929688,79.7300033569336
IAU,2026-06-18,80.19999694824219,79.63999938964844
IEF,2026-06-18,94.43000030517578,94.0199966430664
IEI,2026-06-18,117.20999908447266,116.9000015258789
IGIB,2026-06-18,53.150001525878906,52.900001525878906
IGV,2026-06-18,89.55999755859375,89.16000366210938
IHI,2026-06-18,48.66999816894531,48.400001525878906
INDA,2026-06-18,49.84000015258789,49.060001373291016
ITB,2026-06-18,97.33999633789062,95.79000091552734
IWM,2026-06-18,294.54998779296875,289.8800048828125
IYR,2026-06-18,101.54000091552734,100.62000274658205
IYT,2026-06-18,84.0,83.31999969482422
JMBS,2026-06-18,45.08000183105469,44.9900016784668
JNK,2026-06-18,96.31999969482422,96.05999755859375
KRE,2026-06-18,71.76000213623047,71.1500015258789
LEMB,2026-06-18,42.5,42.43000030517578
LIT,2026-06-18,82.4800033569336,83.06999969482422
LMBS,2026-06-18,49.83000183105469,49.82500076293945
LQD,2026-06-18,109.44000244140625,108.7699966430664
MBB,2026-06-18,94.5199966430664,94.19000244140625
MDY,2026-06-18,691.0399780273438,685.8699951171875
PALL,2026-06-18,23.6200008392334,23.709999084472656
PCY,2026-06-18,21.8799991607666,21.71999931335449
PFF,2026-06-18,31.219999313354492,31.09000015258789
PPLT,2026-06-18,15.65999984741211,15.670000076293945
QLTA,2026-06-18,47.630001068115234,47.38999938964844
QQQ,2026-06-18,737.2000122070312,722.510009765625
REM,2026-06-18,21.450000762939453,21.32999992370605
REMX,2026-06-18,96.72000122070312,96.04000091552734
RSP,2026-06-18,211.22000122070312,208.9900054931641
RWR,2026-06-18,111.16999816894533,110.25
RWX,2026-06-18,26.96999931335449,26.93000030517578
SCHH,2026-06-18,23.57999992370605,23.399999618530277
SCHO,2026-06-18,24.11000061035156,24.07999992370605
SCHP,2026-06-18,26.46999931335449,26.399999618530277
SGOL,2026-06-18,40.59999847412109,40.31999969482422
SHY,2026-06-18,81.98999786376953,81.87999725341797
SHYG,2026-06-18,42.400001525878906,42.310001373291016
SIVR,2026-06-18,63.84000015258789,63.68999862670898
SKYY,2026-06-18,132.36000061035156,131.9199981689453
SLQD,2026-06-18,50.29999923706055,50.18000030517578
SLV,2026-06-18,60.7400016784668,60.61000061035156
SLX,2026-06-18,107.37999725341795,107.62999725341795
SMH,2026-06-18,648.5499877929688,623.969970703125
SOXX,2026-06-18,626.52001953125,599.72998046875
SOYB,2026-06-18,24.299999237060547,24.440000534057617
SPIB,2026-06-18,33.41999816894531,33.31999969482422
SPMB,2026-06-18,22.309999465942383,22.239999771118164
SPTL,2026-06-18,26.3700008392334,26.170000076293945
SPY,2026-06-18,747.760009765625,740.9600219726562
SRLN,2026-06-18,40.380001068115234,40.34000015258789
STIP,2026-06-18,101.95999908447266,101.87999725341795
TIP,2026-06-18,109.30999755859375,109.02999877929688
TLH,2026-06-18,100.70999908447266,99.94999694824219
TLT,2026-06-18,87.06999969482422,86.33000183105469
TUR,2026-06-18,40.86000061035156,39.95000076293945
UGA,2026-06-18,99.8499984741211,100.16000366210938
UNG,2026-06-18,11.40999984741211,11.569999694824219
UNL,2026-06-18,6.409999847412109,6.460000038146973
USHY,2026-06-18,37.0099983215332,36.93000030517578
USIG,2026-06-18,51.36000061035156,51.09999847412109
USO,2026-06-18,112.47000122070312,114.2300033569336
VCIT,2026-06-18,82.5999984741211,82.22000122070312
VCSH,2026-06-18,78.9000015258789,78.70999908447266
VDC,2026-06-18,227.19000244140625,227.00999450683597
VGIT,2026-06-18,58.86000061035156,58.68000030517578
VGLT,2026-06-18,55.4900016784668,55.040000915527344
VHT,2026-06-18,283.19000244140625,281.989990234375
VMBS,2026-06-18,46.86000061035156,46.61000061035156
VNQ,2026-06-18,96.30999755859376,95.61000061035156
VNQI,2026-06-18,44.9900016784668,44.88999938964844
VPU,2026-06-18,193.2700042724609,192.6000061035156
VTIP,2026-06-18,50.13999938964844,50.09999847412109
VWOB,2026-06-18,67.41000366210938,67.12000274658203
WEAT,2026-06-18,23.09000015258789,23.200000762939453
XBI,2026-06-18,142.0,139.38999938964844
XLB,2026-06-18,52.220001220703125,52.02000045776367
XLC,2026-06-18,109.86000061035156,109.19999694824219
XLE,2026-06-18,54.13999938964844,54.66999816894531
XLF,2026-06-18,54.54999923706055,54.04999923706055
XLI,2026-06-18,182.5,179.60000610351562
XLK,2026-06-18,190.4199981689453,185.8000030517578
XLP,2026-06-18,83.83999633789062,83.68000030517578
XLRE,2026-06-18,44.380001068115234,43.970001220703125
XLU,2026-06-18,44.599998474121094,44.459999084472656
XLV,2026-06-18,151.27000427246094,150.7100067138672
XLY,2026-06-18,116.6500015258789,115.48999786376953
XME,2026-06-18,119.22000122070312,118.38999938964844
XPH,2026-06-18,61.459999084472656,60.58000183105469
XRT,2026-06-18,85.37999725341797,84.55000305175781
ANGL,2026-06-22,29.170000076293945,29.18000030517578
BKLN,2026-06-22,20.389999389648438,20.459999084472656
BNO,2026-06-22,43.16999816894531,43.880001068115234
BWX,2026-06-22,21.75,21.81999969482422
CANE,2026-06-22,9.279999732971191,9.350000381469728
CEMB,2026-06-22,45.65999984741211,45.7400016784668
CIBR,2026-06-22,84.12999725341797,84.54000091552734
CORN,2026-06-22,16.899999618530273,16.950000762939453
CPER,2026-06-22,38.849998474121094,38.86000061035156
DBA,2026-06-22,26.729999542236328,26.6299991607666
DBB,2026-06-22,25.309999465942383,25.299999237060547
DBC,2026-06-22,27.51000022888184,27.6299991607666
DBE,2026-06-22,27.18000030517578,27.46999931335449
DBO,2026-06-22,18.559999465942383,18.88999938964844
DIA,2026-06-22,516.8400268554688,515.52001953125
EBND,2026-06-22,20.90999984741211,20.96999931335449
EEM,2026-06-22,71.29000091552734,70.79000091552734
EFA,2026-06-22,104.58999633789062,104.41000366210938
EMB,2026-06-22,96.48999786376953,96.7300033569336
EMHY,2026-06-22,40.65999984741211,40.75
EMLC,2026-06-22,25.56999969482422,25.57999992370605
EPI,2026-06-22,43.22999954223633,43.02000045776367
EWA,2026-06-22,28.530000686645508,28.559999465942383
EWC,2026-06-22,57.5,57.869998931884766
EWG,2026-06-22,41.54999923706055,41.52000045776367
EWJ,2026-06-22,96.83999633789062,96.26000213623048
EWL,2026-06-22,61.0099983215332,61.33000183105469
EWN,2026-06-22,71.01000213623047,70.83999633789062
EWQ,2026-06-22,45.25,45.810001373291016
EWT,2026-06-22,112.20999908447266,109.98999786376952
EWU,2026-06-22,45.7400016784668,45.459999084472656
EWW,2026-06-22,76.97000122070312,77.33000183105469
EWY,2026-06-22,218.27999877929688,219.1999969482422
EWZ,2026-06-22,34.220001220703125,33.72999954223633
EZA,2026-06-22,65.18000030517578,66.73999786376953
EZU,2026-06-22,69.44999694824219,69.30999755859375
FALN,2026-06-22,27.190000534057617,27.190000534057617
FDN,2026-06-22,262.8599853515625,265.67999267578125
FXI,2026-06-22,33.43000030517578,33.29999923706055
GIGB,2026-06-22,45.78400039672852,45.880001068115234
GLD,2026-06-22,384.25,387.1199951171875
GLTR,2026-06-22,193.7899932861328,194.1199951171875
GOVT,2026-06-22,22.709999084472656,22.75
HYG,2026-06-22,79.94000244140625,80.01000213623047
IAU,2026-06-22,78.75,79.33000183105469
IEF,2026-06-22,94.11000061035156,94.36000061035156
IEI,2026-06-22,117.0,117.19000244140625
IGIB,2026-06-22,52.90999984741211,53.04999923706055
IGV,2026-06-22,88.18000030517578,89.08999633789062
IHI,2026-06-22,48.70000076293945,49.06999969482422
INDA,2026-06-22,49.70000076293945,49.58000183105469
ITB,2026-06-22,98.58000183105467,99.25
IWM,2026-06-22,297.1300048828125,295.5899963378906
IYR,2026-06-22,100.91999816894533,100.4499969482422
IYT,2026-06-22,84.19000244140625,83.94000244140625
JMBS,2026-06-22,45.0,45.08000183105469
JNK,2026-06-22,96.3499984741211,96.38999938964844
KRE,2026-06-22,71.33000183105469,71.72000122070312
LEMB,2026-06-22,42.400001525878906,42.41999816894531
LIT,2026-06-22,82.47000122070312,82.1500015258789
LMBS,2026-06-22,49.84999847412109,49.84999847412109
LQD,2026-06-22,108.7300033569336,109.06999969482422
MBB,2026-06-22,94.3499984741211,94.4800033569336
MDY,2026-06-22,693.219970703125,691.0
PALL,2026-06-22,22.940000534057617,23.229999542236328
PCY,2026-06-22,21.670000076293945,21.850000381469727
PFF,2026-06-22,31.110000610351562,31.229999542236328
PPLT,2026-06-22,15.199999809265137,15.369999885559082
QLTA,2026-06-22,47.38999938964844,47.5
QQQ,2026-06-22,742.02001953125,740.6199951171875
REM,2026-06-22,21.43000030517578,21.450000762939453
REMX,2026-06-22,97.47000122070312,95.5500030517578
RSP,2026-06-22,209.52999877929688,209.9600067138672
RWR,2026-06-22,109.94000244140624,110.5199966430664
RWX,2026-06-22,26.489999771118164,26.88999938964844
SCHH,2026-06-22,23.5,23.3799991607666
SCHO,2026-06-22,24.07999992370605,24.100000381469727
SCHP,2026-06-22,26.459999084472656,26.489999771118164
SGOL,2026-06-22,39.869998931884766,40.15999984741211
SHY,2026-06-22,81.93000030517578,81.98999786376953
SHYG,2026-06-22,42.40999984741211,42.43000030517578
SIVR,2026-06-22,63.119998931884766,62.54999923706055
SKYY,2026-06-22,130.5800018310547,131.8800048828125
SLQD,2026-06-22,50.220001220703125,50.2599983215332
SLV,2026-06-22,60.09000015258789,59.5099983215332
SLX,2026-06-22,104.56999969482422,105.3499984741211
SMH,2026-06-22,670.3499755859375,659.8800048828125
SOXX,2026-06-22,653.9600219726562,639.4500122070312
SOYB,2026-06-22,24.34000015258789,24.270000457763672
SPIB,2026-06-22,33.34000015258789,33.38999938964844
SPMB,2026-06-22,22.229999542236328,22.290000915527344
SPTL,2026-06-22,26.170000076293945,26.299999237060547
SPY,2026-06-22,747.7000122070312,746.739990234375
SRLN,2026-06-22,40.380001068115234,40.380001068115234
STIP,2026-06-22,102.0199966430664,102.05999755859376
TIP,2026-06-22,109.25,109.38999938964844
TLH,2026-06-22,100.04000091552734,100.47000122070312
TLT,2026-06-22,86.30000305175781,86.75
TUR,2026-06-22,40.810001373291016,40.959999084472656
UGA,2026-06-22,102.29000091552734,102.29000091552734
UNG,2026-06-22,11.869999885559082,11.739999771118164
UNL,2026-06-22,6.550000190734863,6.539999961853027
USHY,2026-06-22,37.02000045776367,37.0099983215332
USIG,2026-06-22,51.09999847412109,51.22999954223633
USO,2026-06-22,112.62999725341797,114.87000274658203
VCIT,2026-06-22,82.2300033569336,82.4800033569336
VCSH,2026-06-22,78.7699966430664,78.8499984741211
VDC,2026-06-22,225.8699951171875,226.1100006103516
VGIT,2026-06-22,58.720001220703125,58.84000015258789
VGLT,2026-06-22,55.060001373291016,55.310001373291016
VHT,2026-06-22,281.5899963378906,280.4100036621094
VMBS,2026-06-22,46.66999816894531,46.7400016784668
VNQ,2026-06-22,95.91000366210938,95.55999755859376
VNQI,2026-06-22,44.650001525878906,44.84000015258789
VPU,2026-06-22,193.94000244140625,193.9499969482422
VTIP,2026-06-22,50.18000030517578,50.18999862670898
VWOB,2026-06-22,67.2300033569336,67.44000244140625
WEAT,2026-06-22,22.799999237060547,22.940000534057617
XBI,2026-06-22,143.52999877929688,140.72000122070312
XLB,2026-06-22,51.18000030517578,51.810001373291016
XLC,2026-06-22,108.125,109.44999694824219
XLE,2026-06-22,53.529998779296875,53.77000045776367
XLF,2026-06-22,53.619998931884766,53.56999969482422
XLI,2026-06-22,180.77999877929688,180.91000366210938
XLK,2026-06-22,192.9499969482422,191.44000244140625
XLP,2026-06-22,82.66000366210938,83.30000305175781
XLRE,2026-06-22,43.66999816894531,43.86000061035156
XLU,2026-06-22,44.47999954223633,44.7599983215332
XLV,2026-06-22,149.3300018310547,149.39999389648438
XLY,2026-06-22,115.98999786376953,117.16000366210938
XME,2026-06-22,115.9499969482422,117.0199966430664
XPH,2026-06-22,62.0099983215332,61.040000915527344
XRT,2026-06-22,86.16000366210938,86.38999938964844
ANGL,2026-06-23,29.1200008392334,29.170000076293945
BKLN,2026-06-23,20.350000381469727,20.360000610351562
BNO,2026-06-23,42.4900016784668,43.119998931884766
BWX,2026-06-23,21.709999084472656,21.71999931335449
CANE,2026-06-23,9.15999984741211,9.1899995803833
CEMB,2026-06-23,45.59999847412109,45.63999938964844
CIBR,2026-06-23,82.86000061035156,83.58000183105469
CORN,2026-06-23,16.829999923706055,16.770000457763672
CPER,2026-06-23,37.58000183105469,38.810001373291016
DBA,2026-06-23,26.6200008392334,26.649999618530273
DBB,2026-06-23,24.5,25.239999771118164
DBC,2026-06-23,27.09000015258789,27.40999984741211
DBE,2026-06-23,26.770000457763672,27.059999465942383
DBO,2026-06-23,18.25,18.530000686645508
DIA,2026-06-23,514.6799926757812,517.0800170898438
EBND,2026-06-23,20.81999969482422,20.90999984741211
EEM,2026-06-23,67.25,71.20999908447266
EFA,2026-06-23,102.37999725341797,104.58000183105469
EMB,2026-06-23,96.2699966430664,96.4000015258789
EMHY,2026-06-23,40.54999923706055,40.630001068115234
EMLC,2026-06-23,25.43000030517578,25.559999465942383
EPI,2026-06-23,42.7599983215332,43.43999862670898
EWA,2026-06-23,28.059999465942383,28.450000762939453
EWC,2026-06-23,57.27000045776367,57.88999938964844
EWG,2026-06-23,41.0,41.540000915527344
EWJ,2026-06-23,92.47000122070312,96.97000122070312
EWL,2026-06-23,61.310001373291016,61.25
EWN,2026-06-23,68.02999877929688,70.66999816894531
EWQ,2026-06-23,44.79999923706055,45.209999084472656
EWT,2026-06-23,105.5999984741211,111.52999877929688
EWU,2026-06-23,45.5,45.68999862670898
EWW,2026-06-23,74.6500015258789,75.95999908447266
EWY,2026-06-23,193.6000061035156,219.0200042724609
EWZ,2026-06-23,33.790000915527344,34.27000045776367
EZA,2026-06-23,63.7599983215332,65.13999938964844
EZU,2026-06-23,68.22000122070312,69.3499984741211
FALN,2026-06-23,27.100000381469727,27.15999984741211
FDN,2026-06-23,256.4700012207031,259.7300109863281
FXI,2026-06-23,32.7599983215332,33.43000030517578
GIGB,2026-06-23,45.77999877929688,45.75400161743164
GLD,2026-06-23,377.7200012207031,384.5899963378906
GLTR,2026-06-23,187.1699981689453,192.5800018310547
GOVT,2026-06-23,22.700000762939453,22.68000030517578
HYG,2026-06-23,79.83000183105469,79.94000244140625
IAU,2026-06-23,77.4000015258789,78.80000305175781
IEF,2026-06-23,94.16000366210938,94.0
IEI,2026-06-23,117.0999984741211,116.91999816894531
IGIB,2026-06-23,52.93999862670898,52.95000076293945
IGV,2026-06-23,87.4800033569336,87.30999755859375
IHI,2026-06-23,48.75,48.34000015258789
INDA,2026-06-23,49.060001373291016,49.91999816894531
ITB,2026-06-23,96.9800033569336,97.33999633789062
IWM,2026-06-23,293.260009765625,298.17999267578125
IYR,2026-06-23,101.76000213623048,101.61000061035156
IYT,2026-06-23,84.05000305175781,84.5999984741211
JMBS,2026-06-23,45.040000915527344,44.9900016784668
JNK,2026-06-23,96.20999908447266,96.30000305175781
KRE,2026-06-23,71.94999694824219,71.98999786376953
LEMB,2026-06-23,42.20000076293945,42.400001525878906
LIT,2026-06-23,78.6500015258789,82.56999969482422
LMBS,2026-06-23,49.84000015258789,49.84000015258789
LQD,2026-06-23,108.77999877929688,108.77999877929688
MBB,2026-06-23,94.30000305175781,94.25
MDY,2026-06-23,683.9099731445312,693.8300170898438
PALL,2026-06-23,22.399999618530273,22.889999389648438
PCY,2026-06-23,21.59000015258789,21.63999938964844
PFF,2026-06-23,30.670000076293945,30.84000015258789
PPLT,2026-06-23,14.979999542236328,15.180000305175781
QLTA,2026-06-23,47.40999984741211,47.38999938964844
QQQ,2026-06-23,715.739990234375,737.9500122070312
REM,2026-06-23,21.26000022888184,21.280000686645508
REMX,2026-06-23,91.91000366210938,97.29000091552734
RSP,2026-06-23,208.33999633789065,209.6100006103516
RWR,2026-06-23,111.08000183105467,110.94000244140624
RWX,2026-06-23,26.309999465942383,26.40999984741211
SCHH,2026-06-23,23.709999084472656,23.670000076293945
SCHO,2026-06-23,24.100000381469727,24.09000015258789
SCHP,2026-06-23,26.3799991607666,26.3799991607666
SGOL,2026-06-23,39.18000030517578,39.88999938964844
SHY,2026-06-23,81.97000122070312,81.91000366210938
SHYG,2026-06-23,42.34999847412109,42.38999938964844
SIVR,2026-06-23,59.0,61.93000030517578
SKYY,2026-06-23,127.77999877929688,129.5399932861328
SLQD,2026-06-23,50.2599983215332,50.209999084472656
SLV,2026-06-23,56.15999984741211,58.90999984741211
SLX,2026-06-23,102.61000061035156,104.77999877929688
SMH,2026-06-23,625.9299926757812,668.9099731445312
SOXX,2026-06-23,607.6400146484375,655.010009765625
SOYB,2026-06-23,24.389999389648438,24.34000015258789
SPIB,2026-06-23,33.369998931884766,33.349998474121094
SPMB,2026-06-23,22.280000686645508,22.239999771118164
SPTL,2026-06-23,26.1200008392334,26.1200008392334
SPY,2026-06-23,733.8099975585938,744.3900146484375
SRLN,2026-06-23,40.31999969482422,40.33000183105469
STIP,2026-06-23,101.87000274658205,101.83999633789062
TIP,2026-06-23,108.94000244140625,108.94000244140625
TLH,2026-06-23,99.94000244140625,99.83999633789062
TLT,2026-06-23,86.12000274658203,86.08999633789062
TUR,2026-06-23,40.09000015258789,40.5099983215332
UGA,2026-06-23,100.22000122070312,102.44000244140625
UNG,2026-06-23,11.579999923706055,11.770000457763672
UNL,2026-06-23,6.449999809265137,6.519999980926514
USHY,2026-06-23,36.95000076293945,36.9900016784668
USIG,2026-06-23,51.119998931884766,51.130001068115234
USO,2026-06-23,110.91999816894531,112.69000244140625
VCIT,2026-06-23,82.30000305175781,82.29000091552734
VCSH,2026-06-23,78.80000305175781,78.7699966430664
VDC,2026-06-23,227.97999572753903,224.5
VGIT,2026-06-23,58.77000045776367,58.68999862670898
VGLT,2026-06-23,54.97999954223633,54.93999862670898
VHT,2026-06-23,285.1300048828125,283.0199890136719
VMBS,2026-06-23,46.630001068115234,46.65999984741211
VNQ,2026-06-23,96.76000213623048,96.58999633789062
VNQI,2026-06-23,44.18999862670898,44.68999862670898
VPU,2026-06-23,194.77999877929688,194.82000732421875
VTIP,2026-06-23,50.11000061035156,50.09999847412109
VWOB,2026-06-23,67.08000183105469,67.19000244140625
WEAT,2026-06-23,22.709999084472656,22.75
XBI,2026-06-23,144.11000061035156,145.86000061035156
XLB,2026-06-23,51.06999969482422,51.619998931884766
XLC,2026-06-23,106.5199966430664,106.86000061035156
XLE,2026-06-23,54.13999938964844,54.060001373291016
XLF,2026-06-23,53.630001068115234,53.70000076293945
XLI,2026-06-23,179.16000366210938,181.8000030517578
XLK,2026-06-23,184.67999267578125,192.14999389648438
XLP,2026-06-23,83.62000274658203,82.18000030517578
XLRE,2026-06-23,44.130001068115234,44.02000045776367
XLU,2026-06-23,44.75,44.720001220703125
XLV,2026-06-23,151.49000549316406,150.05999755859375
XLY,2026-06-23,113.94999694824219,114.94000244140625
XME,2026-06-23,111.52999877929688,115.22000122070312
XPH,2026-06-23,61.75,62.11000061035156
XRT,2026-06-23,85.19000244140625,85.51000213623047
ANGL,2026-06-24,29.190000534057617,29.149999618530277
BKLN,2026-06-24,20.34000015258789,20.34000015258789
BNO,2026-06-24,40.810001373291016,42.540000915527344
BWX,2026-06-24,21.65999984741211,21.670000076293945
CANE,2026-06-24,9.270000457763672,9.239999771118164
CEMB,2026-06-24,45.65999984741211,45.52999877929688
CIBR,2026-06-24,83.97000122070312,84.20999908447266
CORN,2026-06-24,16.780000686645508,16.739999771118164
CPER,2026-06-24,36.529998779296875,37.31999969482422
DBA,2026-06-24,26.649999618530273,26.600000381469727
DBB,2026-06-24,23.8700008392334,24.469999313354492
DBC,2026-06-24,26.530000686645508,27.1200008392334
DBE,2026-06-24,26.06999969482422,26.88999938964844
DBO,2026-06-24,17.56999969482422,18.31999969482422
DIA,2026-06-24,516.1900024414062,516.6199951171875
EBND,2026-06-24,20.799999237060547,20.81999969482422
EEM,2026-06-24,67.37999725341797,67.16999816894531
EFA,2026-06-24,102.23999786376953,102.45999908447266
EMB,2026-06-24,96.5199966430664,96.26000213623047
EMHY,2026-06-24,40.61000061035156,40.56999969482422
EMLC,2026-06-24,25.3799991607666,25.40999984741211
EPI,2026-06-24,43.04999923706055,42.65999984741211
EWA,2026-06-24,28.0,28.020000457763672
EWC,2026-06-24,57.22999954223633,57.66999816894531
EWG,2026-06-24,40.34999847412109,40.97999954223633
EWJ,2026-06-24,92.56999969482422,92.75
EWL,2026-06-24,62.04999923706055,61.47999954223633
EWN,2026-06-24,67.83999633789062,67.91000366210938
EWQ,2026-06-24,44.66999816894531,44.75
EWT,2026-06-24,104.27999877929688,105.23999786376952
EWU,2026-06-24,45.380001068115234,45.56999969482422
EWW,2026-06-24,74.48999786376953,74.7300033569336
EWY,2026-06-24,199.3500061035156,192.1999969482422
EWZ,2026-06-24,33.9900016784668,34.150001525878906
EZA,2026-06-24,62.209999084472656,63.93000030517578
EZU,2026-06-24,67.5999984741211,67.98999786376953
FALN,2026-06-24,27.200000762939453,27.15999984741211
FDN,2026-06-24,257.8800048828125,258.45001220703125
FXI,2026-06-24,32.400001525878906,32.83000183105469
GIGB,2026-06-24,45.9900016784668,45.810001373291016
GLD,2026-06-24,364.80999755859375,377.32000732421875
GLTR,2026-06-24,179.25,186.6699981689453
GOVT,2026-06-24,22.790000915527344,22.709999084472656
HYG,2026-06-24,79.94000244140625,79.87000274658203
IAU,2026-06-24,74.77999877929688,77.33000183105469
IEF,2026-06-24,94.56999969482422,94.12000274658203
IEI,2026-06-24,117.33999633789062,117.06999969482422
IGIB,2026-06-24,53.15999984741211,52.9900016784668
IGV,2026-06-24,86.76000213623047,87.31999969482422
IHI,2026-06-24,49.40999984741211,49.119998931884766
INDA,2026-06-24,49.65999984741211,49.06999969482422
ITB,2026-06-24,98.77999877929688,97.33000183105467
IWM,2026-06-24,295.8800048828125,295.32000732421875
IYR,2026-06-24,103.47000122070312,102.98999786376952
IYT,2026-06-24,84.37999725341797,83.94000244140625
JMBS,2026-06-24,45.22999954223633,45.060001373291016
JNK,2026-06-24,96.31999969482422,96.25
KRE,2026-06-24,73.12999725341797,73.12000274658203
LEMB,2026-06-24,42.150001525878906,42.2400016784668
LIT,2026-06-24,79.16999816894531,78.43000030517578
LMBS,2026-06-24,49.880001068115234,49.85499954223633
LQD,2026-06-24,109.38999938964844,108.91000366210938
MBB,2026-06-24,94.73999786376953,94.33999633789062
MDY,2026-06-24,687.9400024414062,686.8200073242188
PALL,2026-06-24,21.350000381469727,22.34000015258789
PCY,2026-06-24,21.32999992370605,21.600000381469727
PFF,2026-06-24,30.8700008392334,30.780000686645508
PPLT,2026-06-24,14.34000015258789,14.960000038146973
QLTA,2026-06-24,47.619998931884766,47.459999084472656
QQQ,2026-06-24,715.3699951171875,713.6500244140625
REM,2026-06-24,21.46999931335449,21.479999542236328
REMX,2026-06-24,92.12999725341795,91.81999969482422
RSP,2026-06-24,209.3800048828125,208.88999938964844
RWR,2026-06-24,112.8000030517578,112.38999938964844
RWX,2026-06-24,26.700000762939453,26.299999237060547
SCHH,2026-06-24,23.90999984741211,23.979999542236328
SCHO,2026-06-24,24.11000061035156,24.09000015258789
SCHP,2026-06-24,26.420000076293945,26.3799991607666
SGOL,2026-06-24,37.84999847412109,39.150001525878906
SHY,2026-06-24,82.05000305175781,81.97000122070312
SHYG,2026-06-24,42.38999938964844,42.36000061035156
SIVR,2026-06-24,55.65999984741211,58.58000183105469
SKYY,2026-06-24,128.97000122070312,129.36000061035156
SLQD,2026-06-24,50.29999923706055,50.27000045776367
SLV,2026-06-24,52.939998626708984,55.72999954223633
SLX,2026-06-24,100.97000122070312,101.77999877929688
SMH,2026-06-24,622.280029296875,622.0499877929688
SOXX,2026-06-24,606.1900024414062,603.3900146484375
SOYB,2026-06-24,24.25,24.270000457763672
SPIB,2026-06-24,33.45000076293945,33.380001068115234
SPMB,2026-06-24,22.34000015258789,22.26000022888184
SPTL,2026-06-24,26.420000076293945,26.13999938964844
SPY,2026-06-24,735.1699829101562,733.5800170898438
SRLN,2026-06-24,40.290000915527344,40.27000045776367
STIP,2026-06-24,101.8499984741211,101.8499984741211
TIP,2026-06-24,109.12000274658203,108.9000015258789
TLH,2026-06-24,100.87999725341797,100.0199966430664
TLT,2026-06-24,87.1500015258789,86.19999694824219
TUR,2026-06-24,39.619998931884766,40.0099983215332
UGA,2026-06-24,98.33999633789062,101.29000091552734
UNG,2026-06-24,11.520000457763672,11.5
UNL,2026-06-24,6.420000076293945,6.389999866485596
USHY,2026-06-24,37.040000915527344,36.959999084472656
USIG,2026-06-24,51.34000015258789,51.18999862670898
USO,2026-06-24,106.29000091552734,111.26000213623047
VCIT,2026-06-24,82.62000274658203,82.37000274658203
VCSH,2026-06-24,78.88999938964844,78.8499984741211
VDC,2026-06-24,228.00999450683597,228.6999969482422
VGIT,2026-06-24,58.91999816894531,58.7599983215332
VGLT,2026-06-24,55.560001373291016,55.02000045776367
VHT,2026-06-24,287.2200012207031,286.69000244140625
VMBS,2026-06-24,46.86000061035156,46.70000076293945
VNQ,2026-06-24,97.26000213623048,97.86000061035156
VNQI,2026-06-24,44.58000183105469,44.2599983215332
VPU,2026-06-24,195.6499938964844,196.2899932861328
VTIP,2026-06-24,50.09999847412109,50.11000061035156
VWOB,2026-06-24,67.25,67.08000183105469
WEAT,2026-06-24,22.489999771118164,22.420000076293945
XBI,2026-06-24,147.32000732421875,147.02999877929688
XLB,2026-06-24,50.869998931884766,50.869998931884766
XLC,2026-06-24,107.5250015258789,107.2699966430664
XLE,2026-06-24,53.5,54.459999084472656
XLF,2026-06-24,53.86000061035156,53.880001068115234
XLI,2026-06-24,179.07000732421875,178.14999389648438
XLK,2026-06-24,184.07000732421875,184.19000244140625
XLP,2026-06-24,84.04000091552734,83.72000122070312
XLRE,2026-06-24,44.779998779296875,44.63999938964844
XLU,2026-06-24,45.290000915527344,45.06999969482422
XLV,2026-06-24,153.1300048828125,152.17999267578125
XLY,2026-06-24,114.1500015258789,113.76000213623047
XME,2026-06-24,108.95999908447266,110.9000015258789
XPH,2026-06-24,63.79999923706055,63.209999084472656
XRT,2026-06-24,86.33000183105469,85.77999877929688
ANGL,2026-06-25,29.209999084472656,29.190000534057617
BKLN,2026-06-25,20.31999969482422,20.31999969482422
BNO,2026-06-25,40.7599983215332,40.7400016784668
BWX,2026-06-25,21.71999931335449,21.65999984741211
CANE,2026-06-25,9.350000381469728,9.300000190734863
CEMB,2026-06-25,45.720001220703125,45.68999862670898
CIBR,2026-06-25,84.01000213623047,83.80000305175781
CORN,2026-06-25,16.639999389648438,16.6200008392334
CPER,2026-06-25,36.95000076293945,36.310001373291016
DBA,2026-06-25,26.6299991607666,26.559999465942383
DBB,2026-06-25,24.110000610351562,23.790000915527344
DBC,2026-06-25,26.549999237060547,26.450000762939453
DBE,2026-06-25,26.040000915527344,26.0
DBO,2026-06-25,17.540000915527344,17.559999465942383
DIA,2026-06-25,521.1900024414062,518.52001953125
EBND,2026-06-25,20.899999618530277,20.809999465942383
EEM,2026-06-25,68.91000366210938,67.25
EFA,2026-06-25,103.4800033569336,102.26000213623047
EMB,2026-06-25,96.80000305175781,96.56999969482422
EMHY,2026-06-25,40.66999816894531,40.63999938964844
EMLC,2026-06-25,25.459999084472656,25.3700008392334
EPI,2026-06-25,42.970001220703125,43.119998931884766
EWA,2026-06-25,28.049999237060547,27.90999984741211
EWC,2026-06-25,57.68000030517578,57.290000915527344
EWG,2026-06-25,41.040000915527344,40.54999923706055
EWJ,2026-06-25,94.06999969482422,92.61000061035156
EWL,2026-06-25,62.560001373291016,62.18999862670898
EWN,2026-06-25,68.7300033569336,67.62000274658203
EWQ,2026-06-25,45.08000183105469,44.84000015258789
EWT,2026-06-25,107.18000030517578,104.72000122070312
EWU,2026-06-25,45.959999084472656,45.45000076293945
EWW,2026-06-25,74.37000274658203,73.79000091552734
EWY,2026-06-25,209.3600006103516,197.25999450683597
EWZ,2026-06-25,34.099998474121094,33.849998474121094
EZA,2026-06-25,63.70000076293945,62.18000030517578
EZU,2026-06-25,68.4800033569336,67.5199966430664
FALN,2026-06-25,27.21999931335449,27.18000030517578
FDN,2026-06-25,258.4700012207031,258.8999938964844
FXI,2026-06-25,31.84000015258789,32.36000061035156
GIGB,2026-06-25,46.06999969482422,46.005001068115234
GLD,2026-06-25,368.989990234375,365.9200134277344
GLTR,2026-06-25,180.3999938964844,178.1999969482422
GOVT,2026-06-25,22.850000381469727,22.81999969482422
HYG,2026-06-25,79.91999816894531,79.8499984741211
IAU,2026-06-25,75.62999725341797,74.98999786376953
IEF,2026-06-25,94.86000061035156,94.7300033569336
IEI,2026-06-25,117.62999725341797,117.47000122070312
IGIB,2026-06-25,53.27000045776367,53.18000030517578
IGV,2026-06-25,85.75,86.16999816894531
IHI,2026-06-25,49.7599983215332,49.619998931884766
INDA,2026-06-25,49.52999877929688,49.630001068115234
ITB,2026-06-25,103.73999786376952,103.31999969482422
IWM,2026-06-25,299.5199890136719,296.69000244140625
IYR,2026-06-25,103.37000274658205,102.8499984741211
IYT,2026-06-25,85.52999877929688,85.30000305175781
JMBS,2026-06-25,45.369998931884766,45.27999877929688
JNK,2026-06-25,96.29000091552734,96.19000244140625
KRE,2026-06-25,74.0,73.97000122070312
LEMB,2026-06-25,42.310001373291016,42.18999862670898
LIT,2026-06-25,79.02999877929688,78.91000366210938
LMBS,2026-06-25,49.84000015258789,49.935001373291016
LQD,2026-06-25,109.58000183105469,109.41000366210938
MBB,2026-06-25,95.0,94.75
MDY,2026-06-25,696.530029296875,691.0499877929688
PALL,2026-06-25,21.6200008392334,21.1200008392334
PCY,2026-06-25,21.739999771118164,21.690000534057617
PFF,2026-06-25,30.700000762939453,30.68000030517578
PPLT,2026-06-25,14.510000228881836,14.229999542236328
QLTA,2026-06-25,47.709999084472656,47.63999938964844
QQQ,2026-06-25,725.9000244140625,710.6199951171875
REM,2026-06-25,21.51000022888184,21.530000686645508
REMX,2026-06-25,90.29000091552734,90.66999816894533
RSP,2026-06-25,211.88999938964844,210.3800048828125
RWR,2026-06-25,112.86000061035156,112.66999816894533
RWX,2026-06-25,26.950000762939453,26.690000534057617
SCHH,2026-06-25,23.920000076293945,23.82999992370605
SCHO,2026-06-25,24.13999938964844,24.1299991607666
SCHP,2026-06-25,26.540000915527344,26.46999931335449
SGOL,2026-06-25,38.27999877929688,37.959999084472656
SHY,2026-06-25,82.11000061035156,82.06999969482422
SHYG,2026-06-25,42.38999938964844,42.34999847412109
SIVR,2026-06-25,55.400001525878906,54.41999816894531
SKYY,2026-06-25,128.83999633789062,129.0800018310547
SLQD,2026-06-25,50.369998931884766,50.31999969482422
SLV,2026-06-25,52.709999084472656,51.779998779296875
SLX,2026-06-25,100.44000244140624,100.18000030517578
SMH,2026-06-25,649.3699951171875,618.9199829101562
SOXX,2026-06-25,637.3300170898438,601.5
SOYB,2026-06-25,24.1200008392334,24.09000015258789
SPIB,2026-06-25,33.4900016784668,33.459999084472656
SPMB,2026-06-25,22.399999618530277,22.36000061035156
SPTL,2026-06-25,26.530000686645508,26.46999931335449
SPY,2026-06-25,738.9099731445312,733.239990234375
SRLN,2026-06-25,40.25,40.18999862670898
STIP,2026-06-25,102.0199966430664,101.9000015258789
TIP,2026-06-25,109.56999969482422,109.31999969482422
TLH,2026-06-25,101.33000183105469,101.0999984741211
TLT,2026-06-25,87.58000183105469,87.37999725341797
TUR,2026-06-25,39.29999923706055,39.560001373291016
UGA,2026-06-25,99.66999816894531,98.48999786376953
UNG,2026-06-25,11.9399995803833,11.729999542236328
UNL,2026-06-25,6.53000020980835,6.480000019073486
USHY,2026-06-25,37.0,36.959999084472656
USIG,2026-06-25,51.43999862670898,51.369998931884766
USO,2026-06-25,106.02999877929688,106.29000091552734
VCIT,2026-06-25,82.77999877929688,82.69000244140625
VCSH,2026-06-25,79.05000305175781,78.9800033569336
VDC,2026-06-25,227.9900054931641,229.2400054931641
VGIT,2026-06-25,59.08000183105469,59.0
VGLT,2026-06-25,55.83000183105469,55.709999084472656
VHT,2026-06-25,290.0,288.7300109863281
VMBS,2026-06-25,47.0,46.91999816894531
VNQ,2026-06-25,97.48999786376952,97.01000213623048
VNQI,2026-06-25,44.97999954223633,44.630001068115234
VPU,2026-06-25,197.22000122070312,196.8600006103516
VTIP,2026-06-25,50.16999816894531,50.119998931884766
VWOB,2026-06-25,67.44000244140625,67.29000091552734
WEAT,2026-06-25,22.270000457763672,22.360000610351562
XBI,2026-06-25,149.88999938964844,149.7100067138672
XLB,2026-06-25,51.40999984741211,51.15999984741211
XLC,2026-06-25,105.68000030517578,106.54000091552734
XLE,2026-06-25,53.20000076293945,53.56999969482422
XLF,2026-06-25,53.91999816894531,53.720001220703125
XLI,2026-06-25,182.24000549316406,180.2100067138672
XLK,2026-06-25,188.14999389648438,183.0500030517578
XLP,2026-06-25,83.94999694824219,84.44000244140625
XLRE,2026-06-25,44.70000076293945,44.5099983215332
XLU,2026-06-25,45.65999984741211,45.540000915527344
XLV,2026-06-25,153.9499969482422,153.35000610351562
XLY,2026-06-25,114.6500015258789,115.06999969482422
XME,2026-06-25,109.0,107.22000122070312
XPH,2026-06-25,64.44000244140625,64.44999694824219
XRT,2026-06-25,88.20999908447266,88.22000122070312
ANGL,2026-06-26,29.209999084472656,29.239999771118164
BKLN,2026-06-26,20.299999237060547,20.309999465942383
BNO,2026-06-26,40.45000076293945,41.880001068115234
BWX,2026-06-26,21.76000022888184,21.68000030517578
CANE,2026-06-26,9.609999656677246,9.34000015258789
CEMB,2026-06-26,45.63999938964844,45.68000030517578
CIBR,2026-06-26,83.55999755859375,83.66000366210938
CORN,2026-06-26,16.90999984741211,16.950000762939453
CPER,2026-06-26,37.2599983215332,36.97999954223633
DBA,2026-06-26,26.790000915527344,26.920000076293945
DBB,2026-06-26,24.219999313354492,24.15999984741211
DBC,2026-06-26,26.61000061035156,26.93000030517578
DBE,2026-06-26,25.920000076293945,26.65999984741211
DBO,2026-06-26,17.5,18.06999969482422
DIA,2026-06-26,517.0,519.260009765625
EBND,2026-06-26,20.90999984741211,20.8700008392334
EEM,2026-06-26,66.33999633789062,67.95999908447266
EFA,2026-06-26,102.45999908447266,103.1500015258789
EMB,2026-06-26,96.54000091552734,96.55999755859375
EMHY,2026-06-26,40.61000061035156,40.63999938964844
EMLC,2026-06-26,25.540000915527344,25.450000762939453
EPI,2026-06-26,42.790000915527344,42.83000183105469
EWA,2026-06-26,27.93000030517578,27.93000030517578
EWC,2026-06-26,57.59000015258789,57.619998931884766
EWG,2026-06-26,40.65999984741211,41.06999969482422
EWJ,2026-06-26,92.47000122070312,93.38999938964844
EWL,2026-06-26,62.34999847412109,62.79999923706055
EWN,2026-06-26,67.41999816894531,68.44000244140625
EWQ,2026-06-26,45.09999847412109,45.13999938964844
EWT,2026-06-26,101.5199966430664,104.91000366210938
EWU,2026-06-26,45.59999847412109,45.880001068115234
EWW,2026-06-26,75.41000366210938,75.52999877929688
EWY,2026-06-26,195.2100067138672,205.0
EWZ,2026-06-26,34.13999938964844,34.18000030517578
EZA,2026-06-26,63.2599983215332,63.16999816894531
EZU,2026-06-26,67.94000244140625,68.4000015258789
FALN,2026-06-26,27.200000762939453,27.21999931335449
FDN,2026-06-26,254.1000061035156,255.3000030517578
FXI,2026-06-26,31.200000762939453,31.68000030517578
GIGB,2026-06-26,45.970001220703125,46.0369987487793
GLD,2026-06-26,372.2699890136719,369.4599914550781
GLTR,2026-06-26,181.6999969482422,180.19000244140625
GOVT,2026-06-26,22.82999992370605,22.82999992370605
HYG,2026-06-26,79.81999969482422,79.87999725341797
IAU,2026-06-26,76.29000091552734,75.70999908447266
IEF,2026-06-26,94.83000183105469,94.79000091552734
IEI,2026-06-26,117.66999816894531,117.56999969482422
IGIB,2026-06-26,53.22999954223633,53.25
IGV,2026-06-26,85.1500015258789,84.76000213623047
IHI,2026-06-26,50.27000045776367,50.150001525878906
INDA,2026-06-26,49.369998931884766,49.43000030517578
ITB,2026-06-26,104.69000244140624,104.25
IWM,2026-06-26,296.6000061035156,298.9100036621094
IYR,2026-06-26,103.98999786376952,103.0999984741211
IYT,2026-06-26,86.72000122070312,86.63999938964844
JMBS,2026-06-26,45.27000045776367,45.33000183105469
JNK,2026-06-26,96.19999694824219,96.27999877929688
KRE,2026-06-26,74.94000244140625,74.7699966430664
LEMB,2026-06-26,42.369998931884766,42.2599983215332
LIT,2026-06-26,76.01000213623047,78.44999694824219
LMBS,2026-06-26,49.79999923706055,49.79999923706055
LQD,2026-06-26,109.29000091552734,109.5
MBB,2026-06-26,94.88999938964844,94.91999816894531
MDY,2026-06-26,693.3800048828125,697.3800048828125
PALL,2026-06-26,21.90999984741211,21.520000457763672
PCY,2026-06-26,21.670000076293945,21.670000076293945
PFF,2026-06-26,30.350000381469727,30.440000534057617
PPLT,2026-06-26,14.65999984741211,14.489999771118164
QLTA,2026-06-26,47.619998931884766,47.66999816894531
QQQ,2026-06-26,707.1300048828125,716.3800048828125
REM,2026-06-26,21.57999992370605,21.6299991607666
REMX,2026-06-26,86.52999877929688,89.20999908447266
RSP,2026-06-26,211.3500061035156,211.75
RWR,2026-06-26,113.9499969482422,113.41000366210938
RWX,2026-06-26,27.09000015258789,26.959999084472656
SCHH,2026-06-26,24.020000457763672,23.88999938964844
SCHO,2026-06-26,24.149999618530277,24.1299991607666
SCHP,2026-06-26,26.520000457763672,26.520000457763672
SGOL,2026-06-26,38.630001068115234,38.34000015258789
SHY,2026-06-26,82.16000366210938,82.08999633789062
SHYG,2026-06-26,42.34999847412109,42.380001068115234
SIVR,2026-06-26,55.59000015258789,55.0099983215332
SKYY,2026-06-26,125.58000183105467,126.5199966430664
SLQD,2026-06-26,50.36000061035156,50.34000015258789
SLV,2026-06-26,52.869998931884766,52.36000061035156
SLX,2026-06-26,100.29000091552734,101.0500030517578
SMH,2026-06-26,616.7899780273438,636.8800048828125
SOXX,2026-06-26,601.4400024414062,625.2000122070312
SOYB,2026-06-26,24.399999618530273,24.559999465942383
SPIB,2026-06-26,33.5,33.4900016784668
SPMB,2026-06-26,22.3799991607666,22.3799991607666
SPTL,2026-06-26,26.38999938964844,26.459999084472656
SPY,2026-06-26,728.9500122070312,734.2999877929688
SRLN,2026-06-26,40.220001220703125,40.18999862670898
STIP,2026-06-26,102.11000061035156,102.04000091552734
TIP,2026-06-26,109.55000305175781,109.5
TLH,2026-06-26,100.9000015258789,101.11000061035156
TLT,2026-06-26,87.01000213623047,87.3499984741211
TUR,2026-06-26,38.93999862670898,39.25
UGA,2026-06-26,99.97000122070312,102.55999755859375
UNG,2026-06-26,12.010000228881836,11.75
UNL,2026-06-26,6.559999942779541,6.489999771118164
USHY,2026-06-26,36.970001220703125,36.9900016784668
USIG,2026-06-26,51.34000015258789,51.40999984741211
USO,2026-06-26,105.83000183105469,109.30999755859375
VCIT,2026-06-26,82.75,82.79000091552734
VCSH,2026-06-26,79.04000091552734,79.02999877929688
VDC,2026-06-26,229.1100006103516,227.22999572753903
VGIT,2026-06-26,59.08000183105469,59.04999923706055
VGLT,2026-06-26,55.52999877929688,55.68000030517578
VHT,2026-06-26,294.04998779296875,293.0299987792969
VMBS,2026-06-26,46.93000030517578,46.959999084472656
VNQ,2026-06-26,97.81999969482422,97.19000244140624
VNQI,2026-06-26,45.060001373291016,44.810001373291016
VPU,2026-06-26,198.5200042724609,198.16000366210935
VTIP,2026-06-26,50.22999954223633,50.20000076293945
VWOB,2026-06-26,67.30000305175781,67.29000091552734
WEAT,2026-06-26,22.209999084472656,22.559999465942383
XBI,2026-06-26,151.22999572753906,151.58999633789062
XLB,2026-06-26,51.56999969482422,51.84000015258789
XLC,2026-06-26,105.66000366210938,105.58000183105469
XLE,2026-06-26,54.0,54.09000015258789
XLF,2026-06-26,53.560001373291016,53.45000076293945
XLI,2026-06-26,182.63999938964844,184.1199951171875
XLK,2026-06-26,181.0,184.57000732421875
XLP,2026-06-26,84.6500015258789,83.94000244140625
XLRE,2026-06-26,44.88999938964844,44.59000015258789
XLU,2026-06-26,46.0,45.849998474121094
XLV,2026-06-26,156.32000732421875,155.6300048828125
XLY,2026-06-26,113.19999694824219,113.3499984741211
XME,2026-06-26,107.58000183105467,108.73999786376952
XPH,2026-06-26,64.19000244140625,64.52999877929688
XRT,2026-06-26,87.48999786376953,87.55999755859375
ANGL,2026-06-29,29.229999542236328,29.21999931335449
BKLN,2026-06-29,20.299999237060547,20.299999237060547
BNO,2026-06-29,40.689998626708984,40.310001373291016
BWX,2026-06-29,21.739999771118164,21.729999542236328
CANE,2026-06-29,9.789999961853027,9.619999885559082
CEMB,2026-06-29,45.68000030517578,45.650001525878906
CIBR,2026-06-29,86.55999755859375,85.36000061035156
CORN,2026-06-29,16.690000534057617,16.860000610351562
CPER,2026-06-29,37.22999954223633,37.33000183105469
DBA,2026-06-29,26.739999771118164,26.799999237060547
DBB,2026-06-29,24.100000381469727,24.270000457763672
DBC,2026-06-29,26.6200008392334,26.56999969482422
DBE,2026-06-29,26.149999618530277,25.86000061035156
DBO,2026-06-29,17.670000076293945,17.489999771118164
DIA,2026-06-29,520.6300048828125,517.75
EBND,2026-06-29,20.950000762939453,20.93000030517578
EEM,2026-06-29,66.98999786376953,67.19000244140625
EFA,2026-06-29,102.87000274658203,102.54000091552734
EMB,2026-06-29,96.79000091552734,96.54000091552734
EMHY,2026-06-29,40.650001525878906,40.59000015258789
EMLC,2026-06-29,25.540000915527344,25.530000686645508
EPI,2026-06-29,42.65999984741211,42.90999984741211
EWA,2026-06-29,28.1200008392334,27.96999931335449
EWC,2026-06-29,57.810001373291016,57.79999923706055
EWG,2026-06-29,40.810001373291016,40.630001068115234
EWJ,2026-06-29,92.62000274658205,92.8000030517578
EWL,2026-06-29,62.77999877929688,62.400001525878906
EWN,2026-06-29,67.79000091552734,67.23999786376953
EWQ,2026-06-29,45.09000015258789,44.81999969482422
EWT,2026-06-29,104.12999725341795,102.80999755859376
EWU,2026-06-29,46.0099983215332,45.7599983215332
EWW,2026-06-29,76.08999633789062,75.37000274658203
EWY,2026-06-29,195.9600067138672,197.27999877929688
EWZ,2026-06-29,34.599998474121094,34.66999816894531
EZA,2026-06-29,63.4900016784668,63.0099983215332
EZU,2026-06-29,67.95999908447266,67.73999786376953
FALN,2026-06-29,27.200000762939453,27.190000534057617
FDN,2026-06-29,262.1000061035156,258.42999267578125
FXI,2026-06-29,31.709999084472656,31.59000015258789
GIGB,2026-06-29,46.060001373291016,46.06499862670898
GLD,2026-06-29,370.5799865722656,373.6300048828125
GLTR,2026-06-29,181.00999450683597,182.6300048828125
GOVT,2026-06-29,22.850000381469727,22.86000061035156
HYG,2026-06-29,79.94999694824219,79.83000183105469
IAU,2026-06-29,75.95999908447266,76.55999755859375
IEF,2026-06-29,94.9800033569336,95.02999877929688
IEI,2026-06-29,117.75,117.80999755859375
IGIB,2026-06-29,53.33000183105469,53.310001373291016
IGV,2026-06-29,89.83999633789062,88.19999694824219
IHI,2026-06-29,51.20000076293945,51.02999877929688
INDA,2026-06-29,49.09999847412109,49.560001373291016
ITB,2026-06-29,104.44000244140624,104.9000015258789
IWM,2026-06-29,298.1099853515625,299.8299865722656
IYR,2026-06-29,104.37000274658205,104.63999938964844
IYT,2026-06-29,87.5999984741211,87.18000030517578
JMBS,2026-06-29,45.380001068115234,45.36000061035156
JNK,2026-06-29,96.30999755859375,96.22000122070312
KRE,2026-06-29,74.79000091552734,75.16999816894531
LEMB,2026-06-29,42.38999938964844,42.33000183105469
LIT,2026-06-29,76.94000244140625,75.93000030517578
LMBS,2026-06-29,49.84999847412109,49.81499862670898
LQD,2026-06-29,109.62000274658203,109.5
MBB,2026-06-29,94.9000015258789,94.93000030517578
MDY,2026-06-29,696.280029296875,695.2899780273438
PALL,2026-06-29,21.90999984741211,22.040000915527344
PCY,2026-06-29,21.700000762939453,21.670000076293945
PFF,2026-06-29,30.399999618530273,30.360000610351562
PPLT,2026-06-29,14.34000015258789,14.770000457763672
QLTA,2026-06-29,47.72999954223633,47.68999862670898
QQQ,2026-06-29,713.989990234375,706.52001953125
REM,2026-06-29,21.940000534057617,21.950000762939453
REMX,2026-06-29,86.83000183105469,86.52999877929688
RSP,2026-06-29,213.0200042724609,210.30999755859372
RWR,2026-06-29,114.54000091552734,114.72000122070312
RWX,2026-06-29,27.059999465942383,27.13999938964844
SCHH,2026-06-29,24.149999618530277,24.21999931335449
SCHO,2026-06-29,24.15999984741211,24.149999618530277
SCHP,2026-06-29,26.59000015258789,26.56999969482422
SGOL,2026-06-29,38.45000076293945,38.77000045776367
SHY,2026-06-29,82.16999816894531,82.19000244140625
SHYG,2026-06-29,42.40999984741211,42.34999847412109
SIVR,2026-06-29,55.4900016784668,56.0099983215332
SKYY,2026-06-29,131.6999969482422,129.57000732421875
SLQD,2026-06-29,50.380001068115234,50.400001525878906
SLV,2026-06-29,52.779998779296875,53.279998779296875
SLX,2026-06-29,99.69000244140624,99.13999938964844
SMH,2026-06-29,615.030029296875,611.6099853515625
SOXX,2026-06-29,593.7100219726562,589.9400024414062
SOYB,2026-06-29,24.389999389648438,24.5
SPIB,2026-06-29,33.52000045776367,33.529998779296875
SPMB,2026-06-29,22.399999618530277,22.40999984741211
SPTL,2026-06-29,26.479999542236328,26.489999771118164
SPY,2026-06-29,736.530029296875,728.989990234375
SRLN,2026-06-29,40.20000076293945,40.16999816894531
STIP,2026-06-29,102.18000030517578,102.13999938964844
TIP,2026-06-29,109.77999877929688,109.69999694824219
TLH,2026-06-29,101.25,101.2300033569336
TLT,2026-06-29,87.36000061035156,87.36000061035156
TUR,2026-06-29,38.86000061035156,39.20000076293945
UGA,2026-06-29,101.80000305175781,100.5199966430664
UNG,2026-06-29,11.520000457763672,11.869999885559082
UNL,2026-06-29,6.409999847412109,6.5
USHY,2026-06-29,37.01499938964844,36.95000076293945
USIG,2026-06-29,51.459999084472656,51.43000030517578
USO,2026-06-29,106.6500015258789,105.4800033569336
VCIT,2026-06-29,82.9000015258789,82.91000366210938
VCSH,2026-06-29,79.0999984741211,79.12000274658203
VDC,2026-06-29,229.9199981689453,229.6499938964844
VGIT,2026-06-29,59.130001068115234,59.15999984741211
VGLT,2026-06-29,55.72999954223633,55.720001220703125
VHT,2026-06-29,302.0199890136719,301.42999267578125
VMBS,2026-06-29,46.9900016784668,46.97999954223633
VNQ,2026-06-29,98.38999938964844,98.66999816894533
VNQI,2026-06-29,45.220001220703125,45.209999084472656
VPU,2026-06-29,199.47000122070312,199.66000366210935
VTIP,2026-06-29,50.25,50.2400016784668
VWOB,2026-06-29,67.37000274658203,67.23999786376953
WEAT,2026-06-29,22.149999618530273,22.170000076293945
XBI,2026-06-29,155.5,155.3800048828125
XLB,2026-06-29,51.279998779296875,51.599998474121094
XLC,2026-06-29,108.30000305175781,106.18000030517578
XLE,2026-06-29,53.97999954223633,53.84000015258789
XLF,2026-06-29,53.70000076293945,53.56999969482422
XLI,2026-06-29,181.50999450683594,181.1999969482422
XLK,2026-06-29,183.1199951171875,181.11000061035156
XLP,2026-06-29,84.91000366210938,84.70999908447266
XLRE,2026-06-29,45.13999938964844,45.2400016784668
XLU,2026-06-29,46.20000076293945,46.20000076293945
XLV,2026-06-29,160.6999969482422,160.33999633789062
XLY,2026-06-29,115.20999908447266,114.37000274658203
XME,2026-06-29,107.72000122070312,108.01000213623048
XPH,2026-06-29,65.75,65.91999816894531
XRT,2026-06-29,88.77999877929688,88.72000122070312
ANGL,2026-06-30,29.26000022888184,29.25
BKLN,2026-06-30,20.299999237060547,20.299999237060547
BNO,2026-06-30,41.29999923706055,40.849998474121094
BWX,2026-06-30,21.700000762939453,21.75
CANE,2026-06-30,9.8100004196167,9.789999961853027
CEMB,2026-06-30,45.68999862670898,45.7400016784668
CIBR,2026-06-30,87.81999969482422,88.5
CORN,2026-06-30,16.530000686645508,16.469999313354492
CPER,2026-06-30,37.63999938964844,37.22999954223633
DBA,2026-06-30,26.6200008392334,26.510000228881836
DBB,2026-06-30,24.100000381469727,23.979999542236328
DBC,2026-06-30,26.76000022888184,26.559999465942383
DBE,2026-06-30,26.3700008392334,26.190000534057617
DBO,2026-06-30,17.90999984741211,17.75
DIA,2026-06-30,522.3499755859375,521.6799926757812
EBND,2026-06-30,20.93000030517578,20.96999931335449
EEM,2026-06-30,67.58999633789062,67.43000030517578
EFA,2026-06-30,103.31999969482422,103.44999694824219
EMB,2026-06-30,96.73999786376953,96.81999969482422
EMHY,2026-06-30,40.72999954223633,40.70000076293945
EMLC,2026-06-30,25.51000022888184,25.59000015258789
EPI,2026-06-30,42.630001068115234,42.630001068115234
EWA,2026-06-30,28.0,28.11000061035156
EWC,2026-06-30,57.4900016784668,57.4900016784668
EWG,2026-06-30,41.02999877929688,40.93000030517578
EWJ,2026-06-30,92.72000122070312,93.20999908447266
EWL,2026-06-30,62.97999954223633,63.25
EWN,2026-06-30,69.2300033569336,69.08000183105469
EWQ,2026-06-30,45.130001068115234,45.16999816894531
EWT,2026-06-30,106.83999633789062,105.79000091552734
EWU,2026-06-30,46.18999862670898,46.150001525878906
EWW,2026-06-30,76.16000366210938,76.12000274658203
EWY,2026-06-30,197.19000244140625,197.5
EWZ,2026-06-30,34.11000061035156,34.54999923706055
EZA,2026-06-30,63.290000915527344,63.41999816894531
EZU,2026-06-30,68.73999786376953,68.5999984741211
FALN,2026-06-30,27.270000457763672,27.23699951171875
FDN,2026-06-30,262.70001220703125,264.1700134277344
FXI,2026-06-30,31.59000015258789,31.709999084472656
GIGB,2026-06-30,46.04999923706055,46.119998931884766
GLD,2026-06-30,369.2200012207031,368.5799865722656
GLTR,2026-06-30,181.1499938964844,180.38999938964844
GOVT,2026-06-30,22.84000015258789,22.8700008392334
HYG,2026-06-30,80.0,80.01000213623047
IAU,2026-06-30,75.66000366210938,75.52999877929688
IEF,2026-06-30,94.87999725341797,95.05999755859375
IEI,2026-06-30,117.66000366210938,117.77999877929688
IGIB,2026-06-30,53.290000915527344,53.380001068115234
IGV,2026-06-30,89.08999633789062,89.88999938964844
IHI,2026-06-30,50.54999923706055,50.66999816894531
INDA,2026-06-30,49.22999954223633,49.18000030517578
ITB,2026-06-30,104.58000183105467,103.97000122070312
IWM,2026-06-30,298.55999755859375,298.9700012207031
IYR,2026-06-30,102.91999816894533,104.08999633789062
IYT,2026-06-30,87.55000305175781,87.62999725341797
JMBS,2026-06-30,45.15999984741211,45.380001068115234
JNK,2026-06-30,96.38999938964844,96.4000015258789
KRE,2026-06-30,74.6500015258789,74.75
LEMB,2026-06-30,42.38999938964844,42.43000030517578
LIT,2026-06-30,77.86000061035156,77.30999755859375
LMBS,2026-06-30,49.84000015258789,49.80500030517578
LQD,2026-06-30,109.5,109.69999694824219
MBB,2026-06-30,94.87000274658203,94.97000122070312
MDY,2026-06-30,698.2899780273438,697.9199829101562
PALL,2026-06-30,22.06999969482422,22.139999389648438
PCY,2026-06-30,21.71999931335449,21.739999771118164
PFF,2026-06-30,30.549999237060547,30.610000610351562
PPLT,2026-06-30,14.199999809265137,14.329999923706055
QLTA,2026-06-30,47.68000030517578,47.7599983215332
QQQ,2026-06-30,724.1799926757812,724.0800170898438
REM,2026-06-30,21.93000030517578,22.020000457763672
REMX,2026-06-30,87.69999694824219,86.37999725341797
RSP,2026-06-30,212.7899932861328,213.0500030517578
RWR,2026-06-30,113.76000213623048,114.70999908447266
RWX,2026-06-30,26.8799991607666,27.190000534057617
SCHH,2026-06-30,23.8799991607666,24.11000061035156
SCHO,2026-06-30,24.149999618530277,24.15999984741211
SCHP,2026-06-30,26.59000015258789,26.600000381469727
SGOL,2026-06-30,38.310001373291016,38.2400016784668
SHY,2026-06-30,82.1500015258789,82.16999816894531
SHYG,2026-06-30,42.41999816894531,42.43000030517578
SIVR,2026-06-30,56.02999877929688,55.34000015258789
SKYY,2026-06-30,131.75999450683594,132.89999389648438
SLQD,2026-06-30,50.380001068115234,50.40999984741211
SLV,2026-06-30,53.33000183105469,52.68000030517578
SLX,2026-06-30,98.9000015258789,99.1999969482422
SMH,2026-06-30,636.0700073242188,631.97998046875
SOXX,2026-06-30,616.1500244140625,614.3499755859375
SOYB,2026-06-30,24.18000030517578,24.219999313354492
SPIB,2026-06-30,33.5099983215332,33.54999923706055
SPMB,2026-06-30,22.3799991607666,22.40999984741211
SPTL,2026-06-30,26.43000030517578,26.520000457763672
SPY,2026-06-30,741.2899780273438,741.0
SRLN,2026-06-30,40.209999084472656,40.18999862670898
STIP,2026-06-30,102.2300033569336,102.20999908447266
TIP,2026-06-30,109.83999633789062,109.9000015258789
TLH,2026-06-30,101.05000305175781,101.31999969482422
TLT,2026-06-30,87.1500015258789,87.44999694824219
TUR,2026-06-30,38.7599983215332,39.02000045776367
UGA,2026-06-30,103.56999969482422,102.51000213623047
UNG,2026-06-30,11.720000267028809,11.430000305175781
UNL,2026-06-30,6.409999847412109,6.360000133514404
USHY,2026-06-30,37.02999877929688,37.02999877929688
USIG,2026-06-30,51.43000030517578,51.5099983215332
USO,2026-06-30,108.1500015258789,107.08000183105469
VCIT,2026-06-30,82.8499984741211,82.95999908447266
VCSH,2026-06-30,79.08999633789062,79.13999938964844
VDC,2026-06-30,228.0800018310547,228.7899932861328
VGIT,2026-06-30,59.09999847412109,59.16999816894531
VGLT,2026-06-30,55.59999847412109,55.77999877929688
VHT,2026-06-30,302.8399963378906,302.42999267578125
VMBS,2026-06-30,46.93999862670898,47.0099983215332
VNQ,2026-06-30,97.02999877929688,98.1500015258789
VNQI,2026-06-30,44.86000061035156,45.220001220703125
VPU,2026-06-30,198.1000061035156,198.77999877929688
VTIP,2026-06-30,50.290000915527344,50.290000915527344
VWOB,2026-06-30,67.41999816894531,67.4800033569336
WEAT,2026-06-30,21.920000076293945,21.809999465942383
XBI,2026-06-30,158.80999755859375,158.30999755859375
XLB,2026-06-30,51.06999969482422,50.65999984741211
XLC,2026-06-30,107.5250015258789,107.87999725341797
XLE,2026-06-30,53.619998931884766,53.58000183105469
XLF,2026-06-30,53.65999984741211,53.720001220703125
XLI,2026-06-30,183.32000732421875,182.75999450683594
XLK,2026-06-30,185.75999450683594,185.41000366210938
XLP,2026-06-30,83.98999786376953,84.37000274658203
XLRE,2026-06-30,44.375,44.91999816894531
XLU,2026-06-30,45.86000061035156,46.02000045776367
XLV,2026-06-30,161.00999450683594,160.74000549316406
XLY,2026-06-30,116.2300033569336,117.12000274658203
XME,2026-06-30,106.75,106.5199966430664
XPH,2026-06-30,66.38999938964844,66.41000366210938
XRT,2026-06-30,87.70999908447266,87.94000244140625
