ticker,day,open,prev_close
ANGL,2026-02-02,29.420000076293945,29.59000015258789
BKLN,2026-02-02,20.729999542236328,20.739999771118164
BNO,2026-02-02,31.25,32.95000076293945
BWX,2026-02-02,22.690000534057617,22.84000015258789
CANE,2026-02-02,9.18000030517578,9.239999771118164
CEMB,2026-02-02,45.97999954223633,46.15999984741211
CIBR,2026-02-02,68.9000015258789,69.05999755859375
CORN,2026-02-02,17.329999923706055,17.479999542236328
CPER,2026-02-02,35.68000030517578,36.43000030517578
DBA,2026-02-02,25.549999237060547,25.65999984741211
DBB,2026-02-02,23.479999542236328,24.0
DBC,2026-02-02,23.65999984741211,24.43000030517578
DBE,2026-02-02,19.149999618530277,20.299999237060547
DBO,2026-02-02,13.329999923706056,14.029999732971191
DIA,2026-02-02,488.8699951171875,489.0299987792969
EBND,2026-02-02,21.56999969482422,21.65999984741211
EEM,2026-02-02,58.58000183105469,59.099998474121094
EFA,2026-02-02,100.87999725341797,100.73999786376953
EMB,2026-02-02,96.20999908447266,96.58000183105469
EMHY,2026-02-02,40.61000061035156,40.77000045776367
EMLC,2026-02-02,26.190000534057617,26.299999237060547
EPI,2026-02-02,44.13999938964844,44.77999877929688
EWA,2026-02-02,27.809999465942383,27.75
EWC,2026-02-02,54.02999877929688,54.2599983215332
EWG,2026-02-02,43.40999984741211,43.11000061035156
EWJ,2026-02-02,85.33000183105469,85.72000122070312
EWL,2026-02-02,61.79999923706055,61.540000915527344
EWN,2026-02-02,61.959999084472656,62.27000045776367
EWQ,2026-02-02,45.619998931884766,45.34999847412109
EWT,2026-02-02,68.25,68.05999755859375
EWU,2026-02-02,46.40999984741211,46.15999984741211
EWW,2026-02-02,75.04000091552734,75.12000274658203
EWY,2026-02-02,118.76000213623048,122.41000366210938
EWZ,2026-02-02,37.0,37.040000915527344
EZA,2026-02-02,72.87999725341797,73.19999694824219
EZU,2026-02-02,66.95999908447266,66.66000366210938
FALN,2026-02-02,27.405000686645508,27.56999969482422
FDN,2026-02-02,260.5400085449219,260.6300048828125
FXI,2026-02-02,39.150001525878906,39.61000061035156
GIGB,2026-02-02,46.290000915527344,46.41999816894531
GLD,2026-02-02,434.010009765625,444.95001220703125
GLTR,2026-02-02,228.3999938964844,233.83999633789065
GOVT,2026-02-02,22.96999931335449,23.040000915527344
HYG,2026-02-02,80.66999816894531,81.12000274658203
IAU,2026-02-02,88.91999816894531,91.1999969482422
IEF,2026-02-02,95.66999816894531,95.94000244140625
IEI,2026-02-02,119.0,119.3499984741211
IGIB,2026-02-02,53.81999969482422,54.0099983215332
IGV,2026-02-02,91.13999938964844,90.30999755859376
IHI,2026-02-02,59.93000030517578,60.08000183105469
INDA,2026-02-02,51.25,51.7400016784668
ITB,2026-02-02,102.08000183105467,102.02999877929688
IWM,2026-02-02,258.4800109863281,259.6499938964844
IYR,2026-02-02,96.4499969482422,96.20999908447266
IYT,2026-02-02,76.63999938964844,76.56999969482422
JMBS,2026-02-02,45.70000076293945,45.75
JNK,2026-02-02,97.23999786376953,97.81999969482422
KRE,2026-02-02,68.81999969482422,68.80999755859375
LEMB,2026-02-02,42.29999923706055,42.34000015258789
LIT,2026-02-02,69.87999725341797,69.94999694824219
LMBS,2026-02-02,50.20000076293945,50.16999816894531
LQD,2026-02-02,110.1500015258789,110.56999969482422
MBB,2026-02-02,95.33000183105469,95.69000244140625
MDY,2026-02-02,625.3599853515625,627.5700073242188
PALL,2026-02-02,31.559999465942383,30.77199935913086
PCY,2026-02-02,21.59000015258789,21.559999465942383
PFF,2026-02-02,31.530000686645508,31.690000534057617
PPLT,2026-02-02,19.391000747680664,19.503999710083008
QLTA,2026-02-02,48.04999923706055,48.209999084472656
QQQ,2026-02-02,618.7000122070312,621.8699951171875
REM,2026-02-02,22.799999237060547,22.76000022888184
REMX,2026-02-02,85.80000305175781,85.62999725341797
RSP,2026-02-02,197.69000244140625,198.0800018310547
RWR,2026-02-02,101.0500030517578,100.91999816894533
RWX,2026-02-02,28.96999931335449,29.11000061035156
SCHH,2026-02-02,21.450000762939453,21.40999984741211
SCHO,2026-02-02,24.32999992370605,24.420000076293945
SCHP,2026-02-02,26.6200008392334,26.63999938964844
SGOL,2026-02-02,44.970001220703125,46.25
SHY,2026-02-02,82.73999786376953,82.98999786376953
SHYG,2026-02-02,42.81999969482422,43.09999847412109
SIVR,2026-02-02,77.54000091552734,79.19999694824219
SKYY,2026-02-02,119.0500030517578,119.12999725341795
SLQD,2026-02-02,50.709999084472656,50.900001525878906
SLV,2026-02-02,73.80000305175781,75.44000244140625
SLX,2026-02-02,94.47000122070312,94.01000213623048
SMH,2026-02-02,398.8599853515625,403.4599914550781
SOXX,2026-02-02,342.3699951171875,346.29998779296875
SOYB,2026-02-02,22.100000381469727,22.239999771118164
SPIB,2026-02-02,33.79999923706055,33.90999984741211
SPMB,2026-02-02,22.450000762939453,22.5
SPTL,2026-02-02,26.38999938964844,26.440000534057617
SPY,2026-02-02,689.5800170898438,691.969970703125
SRLN,2026-02-02,40.7599983215332,40.959999084472656
STIP,2026-02-02,102.83999633789062,102.9499969482422
TIP,2026-02-02,110.43000030517578,110.4800033569336
TLH,2026-02-02,101.27999877929688,101.5999984741211
TLT,2026-02-02,87.0199966430664,87.12999725341797
TUR,2026-02-02,41.0099983215332,41.25
UGA,2026-02-02,66.56999969482422,69.37000274658203
UNG,2026-02-02,13.760000228881836,16.899999618530273
UNL,2026-02-02,7.789999961853027,8.6899995803833
USHY,2026-02-02,37.40999984741211,37.63999938964844
USIG,2026-02-02,51.77999877929688,51.959999084472656
USO,2026-02-02,75.5,79.5199966430664
VCIT,2026-02-02,83.7300033569336,83.94999694824219
VCSH,2026-02-02,79.73999786376953,80.05000305175781
VDC,2026-02-02,227.5,226.92999267578125
VGIT,2026-02-02,59.720001220703125,59.900001525878906
VGLT,2026-02-02,55.630001068115234,55.72999954223633
VHT,2026-02-02,286.2300109863281,287.2799987792969
VMBS,2026-02-02,47.119998931884766,47.2400016784668
VNQ,2026-02-02,90.9000015258789,90.8000030517578
VNQI,2026-02-02,47.81999969482422,47.93999862670898
VPU,2026-02-02,188.07000732421875,187.9900054931641
VTIP,2026-02-02,49.68999862670898,49.72999954223633
VWOB,2026-02-02,67.3499984741211,67.66000366210938
WEAT,2026-02-02,20.709999084472656,20.969999313354492
XBI,2026-02-02,124.0500030517578,124.75
XLB,2026-02-02,49.25,49.27000045776367
XLC,2026-02-02,119.58000183105469,120.08000183105469
XLE,2026-02-02,50.099998474121094,51.04999923706055
XLF,2026-02-02,53.45000076293945,53.439998626708984
XLI,2026-02-02,165.22000122070312,165.44000244140625
XLK,2026-02-02,143.52999877929688,143.8800048828125
XLP,2026-02-02,83.76000213623047,83.51000213623047
XLRE,2026-02-02,41.5,41.43000030517578
XLU,2026-02-02,43.29999923706055,43.25
XLV,2026-02-02,154.5800018310547,154.74000549316406
XLY,2026-02-02,120.73999786376953,121.16999816894531
XME,2026-02-02,118.68000030517578,118.72000122070312
XPH,2026-02-02,55.45000076293945,55.43000030517578
XRT,2026-02-02,86.33000183105469,86.33000183105469
ANGL,2026-02-03,29.440000534057617,29.459999084472656
BKLN,2026-02-03,20.790000915527344,20.770000457763672
BNO,2026-02-03,31.459999084472656,31.280000686645508
BWX,2026-02-03,22.65999984741211,22.690000534057617
CANE,2026-02-03,9.390000343322754,9.210000038146973
CEMB,2026-02-03,45.95000076293945,45.93999862670898
CIBR,2026-02-03,69.27999877929688,69.58999633789062
CORN,2026-02-03,17.3700008392334,17.280000686645508
CPER,2026-02-03,37.25,35.880001068115234
DBA,2026-02-03,25.709999084472656,25.649999618530273
DBB,2026-02-03,24.049999237060547,23.540000915527344
DBC,2026-02-03,23.96999931335449,23.540000915527344
DBE,2026-02-03,19.01000022888184,18.950000762939453
DBO,2026-02-03,13.380000114440918,13.279999732971191
DIA,2026-02-03,493.1400146484375,494.0299987792969
EBND,2026-02-03,21.670000076293945,21.61000061035156
EEM,2026-02-03,59.93000030517578,59.279998779296875
EFA,2026-02-03,101.13999938964844,101.4000015258789
EMB,2026-02-03,96.30000305175781,96.13999938964844
EMHY,2026-02-03,40.619998931884766,40.59999847412109
EMLC,2026-02-03,26.31999969482422,26.209999084472656
EPI,2026-02-03,46.25,46.13999938964844
EWA,2026-02-03,28.040000915527344,27.950000762939453
EWC,2026-02-03,54.84000015258789,54.54999923706055
EWG,2026-02-03,43.369998931884766,43.47999954223633
EWJ,2026-02-03,86.31999969482422,85.88999938964844
EWL,2026-02-03,61.650001525878906,62.25
EWN,2026-02-03,62.470001220703125,62.77000045776367
EWQ,2026-02-03,45.29999923706055,45.68000030517578
EWT,2026-02-03,69.37000274658203,68.94000244140625
EWU,2026-02-03,46.09999847412109,46.540000915527344
EWW,2026-02-03,76.36000061035156,75.43000030517578
EWY,2026-02-03,126.11000061035156,120.93000030517578
EWZ,2026-02-03,38.47999954223633,37.45000076293945
EZA,2026-02-03,74.7300033569336,73.25
EZU,2026-02-03,66.91000366210938,67.2699966430664
FALN,2026-02-03,27.43000030517578,27.450000762939453
FDN,2026-02-03,260.8099975585937,262.0599975585937
FXI,2026-02-03,38.720001220703125,39.16999816894531
GIGB,2026-02-03,46.209999084472656,46.2400016784668
GLD,2026-02-03,452.6300048828125,427.1300048828125
GLTR,2026-02-03,242.92999267578125,224.8500061035156
GOVT,2026-02-03,22.90999984741211,22.93000030517578
HYG,2026-02-03,80.76000213623047,80.7699966430664
IAU,2026-02-03,92.6999969482422,87.56999969482422
IEF,2026-02-03,95.38999938964844,95.44000244140625
IEI,2026-02-03,118.7300033569336,118.81999969482422
IGIB,2026-02-03,53.720001220703125,53.7400016784668
IGV,2026-02-03,89.37000274658203,89.5199966430664
IHI,2026-02-03,59.33000183105469,59.63999938964844
INDA,2026-02-03,53.5099983215332,53.27999877929688
ITB,2026-02-03,102.41000366210938,102.68000030517578
IWM,2026-02-03,263.05999755859375,262.17999267578125
IYR,2026-02-03,95.05999755859376,95.2300033569336
IYT,2026-02-03,78.86000061035156,78.83000183105469
JMBS,2026-02-03,45.619998931884766,45.630001068115234
JNK,2026-02-03,97.37999725341797,97.37999725341797
KRE,2026-02-03,70.02999877929688,70.04000091552734
LEMB,2026-02-03,42.540000915527344,42.400001525878906
LIT,2026-02-03,71.8499984741211,70.12000274658203
LMBS,2026-02-03,50.15999984741211,50.119998931884766
LQD,2026-02-03,110.04000091552734,110.05999755859375
MBB,2026-02-03,95.18000030517578,95.2300033569336
MDY,2026-02-03,634.7000122070312,632.6900024414062
PALL,2026-02-03,33.0,31.22800064086914
PCY,2026-02-03,21.57999992370605,21.56999969482422
PFF,2026-02-03,31.489999771118164,31.459999084472656
PPLT,2026-02-03,20.399999618530273,19.464000701904297
QLTA,2026-02-03,47.93999862670898,47.97999954223633
QQQ,2026-02-03,628.2999877929688,626.1400146484375
REM,2026-02-03,22.68000030517578,22.56999969482422
REMX,2026-02-03,88.94999694824219,84.80999755859375
RSP,2026-02-03,198.72999572753903,199.1000061035156
RWR,2026-02-03,100.02999877929688,100.02999877929688
RWX,2026-02-03,28.899999618530277,28.88999938964844
SCHH,2026-02-03,21.200000762939453,21.229999542236328
SCHO,2026-02-03,24.309999465942383,24.31999969482422
SCHP,2026-02-03,26.56999969482422,26.56999969482422
SGOL,2026-02-03,46.91999816894531,44.34000015258789
SHY,2026-02-03,82.68000030517578,82.69999694824219
SHYG,2026-02-03,42.86000061035156,42.880001068115234
SIVR,2026-02-03,83.02999877929688,76.0999984741211
SKYY,2026-02-03,118.9000015258789,119.3000030517578
SLQD,2026-02-03,50.65999984741211,50.68999862670898
SLV,2026-02-03,79.05000305175781,72.44000244140625
SLX,2026-02-03,96.26000213623048,95.0199966430664
SMH,2026-02-03,411.0299987792969,407.9700012207031
SOXX,2026-02-03,355.9100036621094,352.69000244140625
SOYB,2026-02-03,22.270000457763672,22.1200008392334
SPIB,2026-02-03,33.7599983215332,33.77000045776367
SPMB,2026-02-03,22.420000076293945,22.420000076293945
SPTL,2026-02-03,26.239999771118164,26.270000457763672
SPY,2026-02-03,696.2100219726562,695.4099731445312
SRLN,2026-02-03,40.88999938964844,40.88999938964844
STIP,2026-02-03,102.7699966430664,102.7699966430664
TIP,2026-02-03,110.23999786376953,110.19000244140625
TLH,2026-02-03,100.81999969482422,100.93000030517578
TLT,2026-02-03,86.48999786376953,86.55000305175781
TUR,2026-02-03,41.369998931884766,41.13999938964844
UGA,2026-02-03,66.69000244140625,65.75
UNG,2026-02-03,12.699999809265137,12.699999809265137
UNL,2026-02-03,7.309999942779541,7.289999961853027
USHY,2026-02-03,37.435001373291016,37.459999084472656
USIG,2026-02-03,51.68000030517578,51.70000076293945
USO,2026-02-03,75.8499984741211,75.33000183105469
VCIT,2026-02-03,83.5199966430664,83.5199966430664
VCSH,2026-02-03,79.68000030517578,79.69000244140625
VDC,2026-02-03,229.44000244140625,230.0500030517578
VGIT,2026-02-03,59.58000183105469,59.630001068115234
VGLT,2026-02-03,55.31999969482422,55.380001068115234
VHT,2026-02-03,287.6600036621094,289.010009765625
VMBS,2026-02-03,47.06999969482422,47.02999877929688
VNQ,2026-02-03,89.75,89.86000061035156
VNQI,2026-02-03,48.060001373291016,47.90999984741211
VPU,2026-02-03,185.42999267578125,185.22000122070312
VTIP,2026-02-03,49.63999938964844,49.63999938964844
VWOB,2026-02-03,67.37000274658203,67.29000091552734
WEAT,2026-02-03,20.649999618530273,20.56999969482422
XBI,2026-02-03,127.29000091552734,127.3499984741211
XLB,2026-02-03,50.18000030517578,49.650001525878906
XLC,2026-02-03,119.3949966430664,119.66999816894531
XLE,2026-02-03,50.2400016784668,50.04999923706055
XLF,2026-02-03,53.720001220703125,54.029998779296875
XLI,2026-02-03,167.52999877929688,167.52999877929688
XLK,2026-02-03,145.8800048828125,145.25999450683594
XLP,2026-02-03,84.12000274658203,84.5
XLRE,2026-02-03,40.869998931884766,40.959999084472656
XLU,2026-02-03,42.65999984741211,42.619998931884766
XLV,2026-02-03,154.77999877929688,155.69000244140625
XLY,2026-02-03,122.08000183105469,121.97000122070312
XME,2026-02-03,122.9800033569336,118.62000274658205
XPH,2026-02-03,56.93000030517578,57.040000915527344
XRT,2026-02-03,87.77999877929688,87.94999694824219
ANGL,2026-02-04,29.46999931335449,29.450000762939453
BKLN,2026-02-04,20.700000762939453,20.709999084472656
BNO,2026-02-04,31.969999313354492,32.119998931884766
BWX,2026-02-04,22.709999084472656,22.700000762939453
CANE,2026-02-04,9.43000030517578,9.4399995803833
CEMB,2026-02-04,45.97999954223633,45.959999084472656
CIBR,2026-02-04,66.5,67.08999633789062
CORN,2026-02-04,17.350000381469727,17.3700008392334
CPER,2026-02-04,36.959999084472656,37.47999954223633
DBA,2026-02-04,25.670000076293945,25.75
DBB,2026-02-04,24.040000915527344,24.149999618530273
DBC,2026-02-04,24.18000030517578,24.149999618530277
DBE,2026-02-04,19.31999969482422,19.40999984741211
DBO,2026-02-04,13.479999542236328,13.68000030517578
DIA,2026-02-04,493.9200134277344,492.30999755859375
EBND,2026-02-04,21.649999618530277,21.65999984741211
EEM,2026-02-04,59.88999938964844,59.599998474121094
EFA,2026-02-04,102.47000122070312,101.44999694824219
EMB,2026-02-04,96.37000274658203,96.16000366210938
EMHY,2026-02-04,40.630001068115234,40.54999923706055
EMLC,2026-02-04,26.31999969482422,26.290000915527344
EPI,2026-02-04,45.959999084472656,45.83000183105469
EWA,2026-02-04,28.6299991607666,28.1200008392334
EWC,2026-02-04,55.040000915527344,54.84000015258789
EWG,2026-02-04,43.34999847412109,43.5099983215332
EWJ,2026-02-04,87.66999816894531,86.68000030517578
EWL,2026-02-04,62.84999847412109,61.88999938964844
EWN,2026-02-04,62.20000076293945,61.900001525878906
EWQ,2026-02-04,46.0,45.68999862670898
EWT,2026-02-04,69.55999755859375,68.83000183105469
EWU,2026-02-04,47.27999877929688,46.470001220703125
EWW,2026-02-04,78.9000015258789,78.76000213623047
EWY,2026-02-04,126.45999908447266,124.31999969482422
EWZ,2026-02-04,37.83000183105469,38.040000915527344
EZA,2026-02-04,75.44000244140625,74.55999755859375
EZU,2026-02-04,67.45999908447266,67.06999969482422
FALN,2026-02-04,27.450000762939453,27.450000762939453
FDN,2026-02-04,253.2400054931641,253.3500061035156
FXI,2026-02-04,38.720001220703125,38.720001220703125
GIGB,2026-02-04,46.18000030517578,46.220001220703125
GLD,2026-02-04,462.4700012207031,454.2900085449219
GLTR,2026-02-04,247.6999969482422,238.1499938964844
GOVT,2026-02-04,22.93000030517578,22.940000534057617
HYG,2026-02-04,80.69999694824219,80.72000122070312
IAU,2026-02-04,94.70999908447266,93.02999877929688
IEF,2026-02-04,95.44999694824219,95.52999877929688
IEI,2026-02-04,118.79000091552734,118.86000061035156
IGIB,2026-02-04,53.709999084472656,53.7400016784668
IGV,2026-02-04,84.05000305175781,85.38999938964844
IHI,2026-02-04,58.380001068115234,59.04999923706055
INDA,2026-02-04,53.25,53.150001525878906
ITB,2026-02-04,105.83999633789062,105.08999633789062
IWM,2026-02-04,264.1600036621094,262.7799987792969
IYR,2026-02-04,95.5199966430664,95.0
IYT,2026-02-04,79.83999633789062,79.75
JMBS,2026-02-04,45.63999938964844,45.650001525878906
JNK,2026-02-04,97.25,97.29000091552734
KRE,2026-02-04,71.72000122070312,71.23999786376953
LEMB,2026-02-04,42.5099983215332,42.4900016784668
LIT,2026-02-04,72.63999938964844,71.94999694824219
LMBS,2026-02-04,50.13999938964844,50.11000061035156
LQD,2026-02-04,109.97000122070312,110.11000061035156
MBB,2026-02-04,95.19999694824219,95.25
MDY,2026-02-04,637.2999877929688,633.8800048828125
PALL,2026-02-04,33.29600143432617,31.944000244140625
PCY,2026-02-04,21.57999992370605,21.559999465942383
PFF,2026-02-04,31.3799991607666,31.34000015258789
PPLT,2026-02-04,20.916000366210938,20.259000778198242
QLTA,2026-02-04,47.93000030517578,47.959999084472656
QQQ,2026-02-04,615.02001953125,616.52001953125
REM,2026-02-04,22.8700008392334,22.81999969482422
REMX,2026-02-04,90.05000305175781,90.1999969482422
RSP,2026-02-04,199.22000122070312,198.57000732421875
RWR,2026-02-04,101.06999969482422,100.55999755859376
RWX,2026-02-04,29.31999969482422,29.06999969482422
SCHH,2026-02-04,21.40999984741211,21.299999237060547
SCHO,2026-02-04,24.309999465942383,24.31999969482422
SCHP,2026-02-04,26.56999969482422,26.600000381469727
SGOL,2026-02-04,47.93000030517578,47.09999847412109
SHY,2026-02-04,82.69000244140625,82.69000244140625
SHYG,2026-02-04,42.810001373291016,42.79999923706055
SIVR,2026-02-04,86.76000213623047,80.83999633789062
SKYY,2026-02-04,112.6500015258789,113.9800033569336
SLQD,2026-02-04,50.65999984741211,50.68999862670898
SLV,2026-02-04,82.5999984741211,76.95999908447266
SLX,2026-02-04,98.58000183105467,97.73999786376952
SMH,2026-02-04,394.6700134277344,397.6799926757813
SOXX,2026-02-04,342.17999267578125,345.6400146484375
SOYB,2026-02-04,22.190000534057617,22.25
SPIB,2026-02-04,33.7400016784668,33.7599983215332
SPMB,2026-02-04,22.40999984741211,22.43000030517578
SPTL,2026-02-04,26.280000686645508,26.32999992370605
SPY,2026-02-04,690.3499755859375,689.530029296875
SRLN,2026-02-04,40.75,40.790000915527344
STIP,2026-02-04,102.7699966430664,102.83000183105467
TIP,2026-02-04,110.22000122070312,110.37000274658203
TLH,2026-02-04,100.94000244140625,101.0999984741211
TLT,2026-02-04,86.62999725341797,86.76000213623047
TUR,2026-02-04,41.77000045776367,41.540000915527344
UGA,2026-02-04,67.93000030517578,68.13999938964844
UNG,2026-02-04,13.59000015258789,12.979999542236328
UNL,2026-02-04,7.559999942779541,7.389999866485596
USHY,2026-02-04,37.41999816894531,37.41999816894531
USIG,2026-02-04,51.68999862670898,51.72999954223633
USO,2026-02-04,76.5199966430664,77.47000122070312
VCIT,2026-02-04,83.48999786376953,83.54000091552734
VCSH,2026-02-04,79.66999816894531,79.68000030517578
VDC,2026-02-04,234.5,233.63999938964844
VGIT,2026-02-04,59.61000061035156,59.650001525878906
VGLT,2026-02-04,55.38999938964844,55.470001220703125
VHT,2026-02-04,287.8299865722656,286.3399963378906
VMBS,2026-02-04,47.060001373291016,47.02999877929688
VNQ,2026-02-04,90.23999786376952,89.66000366210938
VNQI,2026-02-04,48.7599983215332,48.34999847412109
VPU,2026-02-04,188.8699951171875,187.94000244140625
VTIP,2026-02-04,49.630001068115234,49.66999816894531
VWOB,2026-02-04,67.36000061035156,67.27999877929688
WEAT,2026-02-04,20.540000915527344,20.670000076293945
XBI,2026-02-04,127.87000274658205,127.6500015258789
XLB,2026-02-04,51.0099983215332,50.70000076293945
XLC,2026-02-04,118.25,117.73999786376953
XLE,2026-02-04,51.81999969482422,51.66999816894531
XLF,2026-02-04,53.5099983215332,53.529998779296875
XLI,2026-02-04,169.97999572753906,168.94000244140625
XLK,2026-02-04,140.8300018310547,142.0800018310547
XLP,2026-02-04,86.31999969482422,85.87000274658203
XLRE,2026-02-04,41.04999923706055,40.810001373291016
XLU,2026-02-04,43.470001220703125,43.2400016784668
XLV,2026-02-04,154.80999755859375,154.10000610351562
XLY,2026-02-04,121.0999984741211,120.98999786376953
XME,2026-02-04,126.4499969482422,124.58000183105467
XPH,2026-02-04,57.400001525878906,57.06999969482422
XRT,2026-02-04,88.62999725341797,88.11000061035156
ANGL,2026-02-05,29.440000534057617,29.440000534057617
BKLN,2026-02-05,20.6200008392334,20.639999389648438
BNO,2026-02-05,31.93000030517578,32.310001373291016
BWX,2026-02-05,22.63999938964844,22.63999938964844
CANE,2026-02-05,9.220000267028809,9.350000381469728
CEMB,2026-02-05,45.9900016784668,45.95000076293945
CIBR,2026-02-05,66.4000015258789,66.52999877929688
CORN,2026-02-05,17.3799991607666,17.389999389648438
CPER,2026-02-05,35.7599983215332,36.290000915527344
DBA,2026-02-05,25.739999771118164,25.709999084472656
DBB,2026-02-05,23.520000457763672,23.690000534057617
DBC,2026-02-05,23.86000061035156,24.190000534057617
DBE,2026-02-05,19.32999992370605,19.520000457763672
DBO,2026-02-05,13.56999969482422,13.720000267028809
DIA,2026-02-05,492.510009765625,494.75
EBND,2026-02-05,21.59000015258789,21.6200008392334
EEM,2026-02-05,58.54999923706055,58.79999923706055
EFA,2026-02-05,100.62000274658203,101.77999877929688
EMB,2026-02-05,96.33999633789062,96.19999694824219
EMHY,2026-02-05,40.52000045776367,40.56999969482422
EMLC,2026-02-05,26.229999542236328,26.270000457763672
EPI,2026-02-05,45.810001373291016,46.119998931884766
EWA,2026-02-05,28.01000022888184,28.350000381469727
EWC,2026-02-05,54.47999954223633,55.0099983215332
EWG,2026-02-05,42.7400016784668,43.25
EWJ,2026-02-05,86.33000183105469,87.48999786376953
EWL,2026-02-05,62.34999847412109,62.470001220703125
EWN,2026-02-05,60.86000061035156,61.06999969482422
EWQ,2026-02-05,45.77000045776367,46.02999877929688
EWT,2026-02-05,67.48999786376953,68.1500015258789
EWU,2026-02-05,46.2400016784668,47.04999923706055
EWW,2026-02-05,76.58999633789062,77.22000122070312
EWY,2026-02-05,118.9000015258789,120.26000213623048
EWZ,2026-02-05,37.209999084472656,36.97999954223633
EZA,2026-02-05,72.0,73.9800033569336
EZU,2026-02-05,66.19000244140625,66.87999725341797
FALN,2026-02-05,27.420000076293945,27.43000030517578
FDN,2026-02-05,244.6499938964844,248.38999938964844
FXI,2026-02-05,38.59999847412109,38.27000045776367
GIGB,2026-02-05,46.2599983215332,46.22999954223633
GLD,2026-02-05,444.2900085449219,453.9700012207031
GLTR,2026-02-05,224.97999572753903,240.6999969482422
GOVT,2026-02-05,22.989999771118164,22.940000534057617
HYG,2026-02-05,80.55999755859375,80.62000274658203
IAU,2026-02-05,90.98999786376952,92.91999816894533
IEF,2026-02-05,95.80000305175781,95.51000213623047
IEI,2026-02-05,119.1500015258789,118.86000061035156
IGIB,2026-02-05,53.83000183105469,53.72999954223633
IGV,2026-02-05,83.04000091552734,83.83999633789062
IHI,2026-02-05,58.13999938964844,57.959999084472656
INDA,2026-02-05,53.06999969482422,53.43999862670898
ITB,2026-02-05,108.72000122070312,108.73999786376952
IWM,2026-02-05,258.5,260.5199890136719
IYR,2026-02-05,96.1500015258789,96.36000061035156
IYT,2026-02-05,80.83999633789062,80.95999908447266
JMBS,2026-02-05,45.709999084472656,45.63999938964844
JNK,2026-02-05,97.08000183105469,97.11000061035156
KRE,2026-02-05,72.0,72.3499984741211
LEMB,2026-02-05,42.400001525878906,42.459999084472656
LIT,2026-02-05,69.25,70.79000091552734
LMBS,2026-02-05,50.16999816894531,50.09000015258789
LQD,2026-02-05,110.19000244140625,109.97000122070312
MBB,2026-02-05,95.4000015258789,95.19999694824219
MDY,2026-02-05,633.4199829101562,638.3200073242188
PALL,2026-02-05,30.393999099731445,32.060001373291016
PCY,2026-02-05,21.57999992370605,21.559999465942383
PFF,2026-02-05,31.389999389648438,31.440000534057617
PPLT,2026-02-05,18.309999465942383,20.141000747680664
QLTA,2026-02-05,48.0,47.93999862670898
QQQ,2026-02-05,600.2100219726562,605.75
REM,2026-02-05,22.940000534057617,23.0
REMX,2026-02-05,83.45999908447266,87.05999755859375
RSP,2026-02-05,199.63999938964844,200.3000030517578
RWR,2026-02-05,101.88999938964844,102.02999877929688
RWX,2026-02-05,29.06999969482422,29.32999992370605
SCHH,2026-02-05,21.59000015258789,21.63999938964844
SCHO,2026-02-05,24.350000381469727,24.32999992370605
SCHP,2026-02-05,26.6200008392334,26.57999992370605
SGOL,2026-02-05,46.040000915527344,47.06999969482422
SHY,2026-02-05,82.81999969482422,82.7300033569336
SHYG,2026-02-05,42.72999954223633,42.7599983215332
SIVR,2026-02-05,71.62000274658203,83.13999938964844
SKYY,2026-02-05,110.06999969482422,111.91000366210938
SLQD,2026-02-05,50.75,50.68999862670898
SLV,2026-02-05,68.2300033569336,79.18000030517578
SLX,2026-02-05,96.5199966430664,97.9800033569336
SMH,2026-02-05,379.1400146484375,382.0199890136719
SOXX,2026-02-05,326.5400085449219,330.3800048828125
SOYB,2026-02-05,22.780000686645508,22.6200008392334
SPIB,2026-02-05,33.79999923706055,33.77000045776367
SPMB,2026-02-05,22.459999084472656,22.40999984741211
SPTL,2026-02-05,26.38999938964844,26.280000686645508
SPY,2026-02-05,680.9400024414062,686.1900024414062
SRLN,2026-02-05,40.630001068115234,40.63999938964844
STIP,2026-02-05,102.83999633789062,102.76000213623048
TIP,2026-02-05,110.41000366210938,110.25
TLH,2026-02-05,101.37999725341797,100.95999908447266
TLT,2026-02-05,86.93000030517578,86.54000091552734
TUR,2026-02-05,40.75,41.369998931884766
UGA,2026-02-05,68.9000015258789,69.23999786376953
UNG,2026-02-05,13.539999961853027,13.460000038146973
UNL,2026-02-05,7.489999771118164,7.53000020980835
USHY,2026-02-05,37.34999847412109,37.380001068115234
USIG,2026-02-05,51.77000045776367,51.70000076293945
USO,2026-02-05,76.86000061035156,77.87999725341797
VCIT,2026-02-05,83.66000366210938,83.51000213623047
VCSH,2026-02-05,79.79000091552734,79.70999908447266
VDC,2026-02-05,237.92999267578125,236.0200042724609
VGIT,2026-02-05,59.790000915527344,59.650001525878906
VGLT,2026-02-05,55.61000061035156,55.34999847412109
VHT,2026-02-05,287.6499938964844,288.8500061035156
VMBS,2026-02-05,47.130001068115234,47.040000915527344
VNQ,2026-02-05,90.76000213623048,90.9499969482422
VNQI,2026-02-05,48.540000915527344,48.72999954223633
VPU,2026-02-05,187.4600067138672,186.9600067138672
VTIP,2026-02-05,49.65999984741211,49.630001068115234
VWOB,2026-02-05,67.37000274658203,67.2300033569336
WEAT,2026-02-05,20.579999923706055,20.600000381469727
XBI,2026-02-05,124.2300033569336,125.29000091552734
XLB,2026-02-05,51.380001068115234,51.88999938964844
XLC,2026-02-05,115.19999694824219,116.80000305175781
XLE,2026-02-05,52.2599983215332,52.83000183105469
XLF,2026-02-05,53.939998626708984,53.959999084472656
XLI,2026-02-05,168.25,169.38999938964844
XLK,2026-02-05,137.22000122070312,138.1199951171875
XLP,2026-02-05,87.58000183105469,86.98999786376953
XLRE,2026-02-05,41.34000015258789,41.459999084472656
XLU,2026-02-05,43.220001220703125,43.08000183105469
XLV,2026-02-05,155.4600067138672,156.02999877929688
XLY,2026-02-05,118.55000305175781,120.0999984741211
XME,2026-02-05,117.97000122070312,121.63999938964844
XPH,2026-02-05,56.34000015258789,56.810001373291016
XRT,2026-02-05,88.8499984741211,89.37999725341797
ANGL,2026-02-06,29.43000030517578,29.40999984741211
BKLN,2026-02-06,20.639999389648438,20.600000381469727
BNO,2026-02-06,31.690000534057617,31.829999923706055
BWX,2026-02-06,22.670000076293945,22.63999938964844
CANE,2026-02-06,9.170000076293944,9.239999771118164
CEMB,2026-02-06,46.02000045776367,45.9900016784668
CIBR,2026-02-06,65.91000366210938,64.94999694824219
CORN,2026-02-06,17.56999969482422,17.600000381469727
CPER,2026-02-06,35.720001220703125,35.2400016784668
DBA,2026-02-06,25.790000915527344,25.770000457763672
DBB,2026-02-06,23.5,23.260000228881836
DBC,2026-02-06,23.84000015258789,23.76000022888184
DBE,2026-02-06,19.309999465942383,19.350000381469727
DBO,2026-02-06,13.43000030517578,13.510000228881836
DIA,2026-02-06,492.3699951171875,488.9100036621094
EBND,2026-02-06,21.63999938964844,21.559999465942383
EEM,2026-02-06,59.2400016784668,58.529998779296875
EFA,2026-02-06,101.69000244140625,100.33000183105469
EMB,2026-02-06,96.5999984741211,96.44000244140625
EMHY,2026-02-06,40.619998931884766,40.58000183105469
EMLC,2026-02-06,26.290000915527344,26.170000076293945
EPI,2026-02-06,45.70000076293945,45.68000030517578
EWA,2026-02-06,27.93000030517578,27.84000015258789
EWC,2026-02-06,54.650001525878906,54.13999938964844
EWG,2026-02-06,43.2599983215332,42.84000015258789
EWJ,2026-02-06,88.7699966430664,86.0999984741211
EWL,2026-02-06,62.41999816894531,62.2400016784668
EWN,2026-02-06,61.20000076293945,60.560001373291016
EWQ,2026-02-06,46.06999969482422,45.72999954223633
EWT,2026-02-06,69.0,67.86000061035156
EWU,2026-02-06,46.5,45.93999862670898
EWW,2026-02-06,78.05000305175781,76.83000183105469
EWY,2026-02-06,121.3499984741211,120.20999908447266
EWZ,2026-02-06,37.40999984741211,36.90999984741211
EZA,2026-02-06,73.61000061035156,71.5999984741211
EZU,2026-02-06,66.83999633789062,66.16000366210938
FALN,2026-02-06,27.40999984741211,27.399999618530277
FDN,2026-02-06,243.08999633789065,243.30999755859372
FXI,2026-02-06,38.810001373291016,38.20000076293945
GIGB,2026-02-06,46.43999862670898,46.40999984741211
GLD,2026-02-06,450.7300109863281,441.8800048828125
GLTR,2026-02-06,225.83999633789065,220.67999267578125
GOVT,2026-02-06,23.049999237060547,23.049999237060547
HYG,2026-02-06,80.66999816894531,80.52999877929688
IAU,2026-02-06,92.29000091552734,90.52999877929688
IEF,2026-02-06,96.12000274658203,96.06999969482422
IEI,2026-02-06,119.41000366210938,119.36000061035156
IGIB,2026-02-06,53.95000076293945,53.93999862670898
IGV,2026-02-06,81.56999969482422,79.66999816894531
IHI,2026-02-06,58.2400016784668,57.93000030517578
INDA,2026-02-06,53.0099983215332,52.95000076293945
ITB,2026-02-06,108.5999984741211,108.19000244140624
IWM,2026-02-06,259.739990234375,255.8300018310547
IYR,2026-02-06,96.83000183105467,96.13999938964844
IYT,2026-02-06,80.95999908447266,80.66000366210938
JMBS,2026-02-06,45.869998931884766,45.79999923706055
JNK,2026-02-06,97.26000213623047,97.05999755859375
KRE,2026-02-06,72.94000244140625,72.30000305175781
LEMB,2026-02-06,42.5,42.310001373291016
LIT,2026-02-06,69.9000015258789,68.04000091552734
LMBS,2026-02-06,50.20000076293945,50.16999816894531
LQD,2026-02-06,110.47000122070312,110.5
MBB,2026-02-06,95.56999969482422,95.48999786376953
MDY,2026-02-06,642.989990234375,634.9400024414062
PALL,2026-02-06,30.600000381469727,30.011999130249023
PCY,2026-02-06,21.649999618530277,21.6299991607666
PFF,2026-02-06,31.25,31.15999984741211
PPLT,2026-02-06,18.545000076293945,18.177000045776367
QLTA,2026-02-06,48.119998931884766,48.15999984741211
QQQ,2026-02-06,600.1900024414062,597.030029296875
REM,2026-02-06,22.8700008392334,22.75
REMX,2026-02-06,84.62000274658203,81.66000366210938
RSP,2026-02-06,200.07000732421875,198.55999755859372
RWR,2026-02-06,103.1500015258789,102.44000244140624
RWX,2026-02-06,29.25,28.989999771118164
SCHH,2026-02-06,21.799999237060547,21.63999938964844
SCHO,2026-02-06,24.3700008392334,24.3700008392334
SCHP,2026-02-06,26.65999984741211,26.649999618530277
SGOL,2026-02-06,46.709999084472656,45.81999969482422
SHY,2026-02-06,82.88999938964844,82.86000061035156
SHYG,2026-02-06,42.77999877929688,42.720001220703125
SIVR,2026-02-06,71.19999694824219,70.0
SKYY,2026-02-06,109.12000274658205,108.01000213623048
SLQD,2026-02-06,50.79999923706055,50.77999877929688
SLV,2026-02-06,67.72000122070312,66.69000244140625
SLX,2026-02-06,97.33000183105467,95.62000274658205
SMH,2026-02-06,389.2000122070313,381.0700073242188
SOXX,2026-02-06,337.3999938964844,330.8299865722656
SOYB,2026-02-06,23.030000686645508,22.959999084472656
SPIB,2026-02-06,33.86000061035156,33.869998931884766
SPMB,2026-02-06,22.5,22.51000022888184
SPTL,2026-02-06,26.540000915527344,26.530000686645508
SPY,2026-02-06,681.4600219726562,677.6199951171875
SRLN,2026-02-06,40.619998931884766,40.56999969482422
STIP,2026-02-06,102.87999725341795,102.8499984741211
TIP,2026-02-06,110.58999633789062,110.55999755859375
TLH,2026-02-06,101.9000015258789,101.87000274658203
TLT,2026-02-06,87.44999694824219,87.4800033569336
TUR,2026-02-06,40.36000061035156,40.65999984741211
UGA,2026-02-06,68.31999969482422,68.48999786376953
UNG,2026-02-06,13.6899995803833,13.520000457763672
UNL,2026-02-06,7.539999961853027,7.519999980926514
USHY,2026-02-06,37.40999984741211,37.34999847412109
USIG,2026-02-06,51.90999984741211,51.88999938964844
USO,2026-02-06,76.23999786376953,76.69000244140625
VCIT,2026-02-06,83.83999633789062,83.83999633789062
VCSH,2026-02-06,79.9000015258789,79.87999725341797
VDC,2026-02-06,236.1499938964844,236.1300048828125
VGIT,2026-02-06,59.93999862670898,59.93000030517578
VGLT,2026-02-06,55.91999816894531,55.90999984741211
VHT,2026-02-06,288.3599853515625,285.9200134277344
VMBS,2026-02-06,47.220001220703125,47.20000076293945
VNQ,2026-02-06,91.52999877929688,90.81999969482422
VNQI,2026-02-06,48.650001525878906,48.43000030517578
VPU,2026-02-06,189.02999877929688,187.1100006103516
VTIP,2026-02-06,49.68000030517578,49.68000030517578
VWOB,2026-02-06,67.5,67.4800033569336
WEAT,2026-02-06,20.889999389648438,20.8700008392334
XBI,2026-02-06,122.8499984741211,120.72000122070312
XLB,2026-02-06,50.86000061035156,50.5
XLC,2026-02-06,116.12999725341797,116.20999908447266
XLE,2026-02-06,52.5,52.209999084472656
XLF,2026-02-06,53.83000183105469,53.290000915527344
XLI,2026-02-06,169.88999938964844,168.3699951171875
XLK,2026-02-06,138.00999450683594,135.6300048828125
XLP,2026-02-06,86.8499984741211,86.91999816894531
XLRE,2026-02-06,41.58000183105469,41.22999954223633
XLU,2026-02-06,43.4900016784668,43.099998474121094
XLV,2026-02-06,156.0399932861328,154.83999633789062
XLY,2026-02-06,115.69000244140625,117.51000213623047
XME,2026-02-06,118.61000061035156,115.66000366210938
XPH,2026-02-06,56.310001373291016,55.66999816894531
XRT,2026-02-06,87.88999938964844,87.26000213623047
ANGL,2026-02-09,29.520000457763672,29.5
BKLN,2026-02-09,20.68000030517578,20.68000030517578
BNO,2026-02-09,31.989999771118164,32.02000045776367
BWX,2026-02-09,22.790000915527344,22.68000030517578
CANE,2026-02-09,9.270000457763672,9.170000076293944
CEMB,2026-02-09,46.0099983215332,46.04999923706055
CIBR,2026-02-09,67.23999786376953,67.12999725341797
CORN,2026-02-09,17.43000030517578,17.5
CPER,2026-02-09,36.25,36.2400016784668
DBA,2026-02-09,25.75,25.770000457763672
DBB,2026-02-09,23.889999389648438,23.84000015258789
DBC,2026-02-09,23.979999542236328,24.01000022888184
DBE,2026-02-09,19.190000534057617,19.38999938964844
DBO,2026-02-09,13.550000190734863,13.5600004196167
DIA,2026-02-09,500.1099853515625,501.0299987792969
EBND,2026-02-09,21.709999084472656,21.649999618530277
EEM,2026-02-09,59.970001220703125,60.06999969482422
EFA,2026-02-09,103.2300033569336,102.61000061035156
EMB,2026-02-09,96.6500015258789,96.69000244140625
EMHY,2026-02-09,40.619998931884766,40.65999984741211
EMLC,2026-02-09,26.43000030517578,26.32999992370605
EPI,2026-02-09,45.9900016784668,46.02000045776367
EWA,2026-02-09,28.549999237060547,28.229999542236328
EWC,2026-02-09,55.369998931884766,55.0099983215332
EWG,2026-02-09,44.0,43.52999877929688
EWJ,2026-02-09,90.3000030517578,89.4000015258789
EWL,2026-02-09,63.43999862670898,63.09000015258789
EWN,2026-02-09,62.36000061035156,62.02999877929688
EWQ,2026-02-09,46.66999816894531,46.400001525878906
EWT,2026-02-09,69.91000366210938,70.05000305175781
EWU,2026-02-09,46.63999938964844,46.900001525878906
EWW,2026-02-09,80.0199966430664,79.87000274658203
EWY,2026-02-09,123.9800033569336,124.70999908447266
EWZ,2026-02-09,37.81999969482422,37.560001373291016
EZA,2026-02-09,74.23999786376953,74.7699966430664
EZU,2026-02-09,67.93000030517578,67.3499984741211
FALN,2026-02-09,27.450000762939453,27.450000762939453
FDN,2026-02-09,244.88999938964844,245.6000061035156
FXI,2026-02-09,39.15999984741211,39.220001220703125
GIGB,2026-02-09,46.34000015258789,46.40999984741211
GLD,2026-02-09,461.3900146484375,455.4599914550781
GLTR,2026-02-09,235.22999572753903,230.19000244140625
GOVT,2026-02-09,23.030000686645508,23.040000915527344
HYG,2026-02-09,80.76000213623047,80.80999755859375
IAU,2026-02-09,94.47000122070312,93.23999786376952
IEF,2026-02-09,96.01000213623047,96.06999969482422
IEI,2026-02-09,119.33999633789062,119.30999755859375
IGIB,2026-02-09,53.91999816894531,53.970001220703125
IGV,2026-02-09,82.5999984741211,82.45999908447266
IHI,2026-02-09,58.13999938964844,58.36000061035156
INDA,2026-02-09,53.29999923706055,53.27999877929688
ITB,2026-02-09,109.06999969482422,109.23999786376952
IWM,2026-02-09,264.8399963378906,265.0199890136719
IYR,2026-02-09,97.5,97.66000366210938
IYT,2026-02-09,82.05000305175781,82.27999877929688
JMBS,2026-02-09,45.83000183105469,45.84999847412109
JNK,2026-02-09,97.37999725341797,97.4000015258789
KRE,2026-02-09,73.2699966430664,73.62999725341797
LEMB,2026-02-09,42.68000030517578,42.52999877929688
LIT,2026-02-09,71.20999908447266,71.08999633789062
LMBS,2026-02-09,50.20000076293945,50.20000076293945
LQD,2026-02-09,110.37000274658203,110.55999755859375
MBB,2026-02-09,95.47000122070312,95.52999877929688
MDY,2026-02-09,653.9199829101562,655.3200073242188
PALL,2026-02-09,31.31399917602539,30.97800064086914
PCY,2026-02-09,21.65999984741211,21.700000762939453
PFF,2026-02-09,31.3799991607666,31.469999313354492
PPLT,2026-02-09,19.170000076293945,19.1299991607666
QLTA,2026-02-09,48.09999847412109,48.15999984741211
QQQ,2026-02-09,607.5399780273438,609.6500244140625
REM,2026-02-09,22.700000762939453,22.75
REMX,2026-02-09,87.37000274658203,86.62999725341797
RSP,2026-02-09,201.6100006103516,202.25999450683597
RWR,2026-02-09,103.8499984741211,103.9800033569336
RWX,2026-02-09,29.540000915527344,29.350000381469727
SCHH,2026-02-09,21.920000076293945,21.96999931335449
SCHO,2026-02-09,24.3700008392334,24.350000381469727
SCHP,2026-02-09,26.649999618530277,26.670000076293945
SGOL,2026-02-09,47.81999969482422,47.18000030517578
SHY,2026-02-09,82.87999725341797,82.86000061035156
SHYG,2026-02-09,42.84000015258789,42.84000015258789
SIVR,2026-02-09,76.44000244140625,73.66999816894531
SKYY,2026-02-09,112.36000061035156,112.66999816894533
SLQD,2026-02-09,50.77999877929688,50.77000045776367
SLV,2026-02-09,72.87999725341797,70.19000244140625
SLX,2026-02-09,98.73999786376952,98.23999786376952
SMH,2026-02-09,398.9100036621094,401.6499938964844
SOXX,2026-02-09,344.8399963378906,348.510009765625
SOYB,2026-02-09,22.959999084472656,23.010000228881836
SPIB,2026-02-09,33.849998474121094,33.869998931884766
SPMB,2026-02-09,22.489999771118164,22.520000457763672
SPTL,2026-02-09,26.46999931335449,26.540000915527344
SPY,2026-02-09,689.4199829101562,690.6199951171875
SRLN,2026-02-09,40.650001525878906,40.70000076293945
STIP,2026-02-09,102.91999816894533,102.9000015258789
TIP,2026-02-09,110.5999984741211,110.66999816894531
TLH,2026-02-09,101.66000366210938,101.88999938964844
TLT,2026-02-09,87.19999694824219,87.54000091552734
TUR,2026-02-09,41.38999938964844,40.84000015258789
UGA,2026-02-09,69.83999633789062,69.43000030517578
UNG,2026-02-09,12.199999809265137,13.270000457763672
UNL,2026-02-09,7.079999923706055,7.389999866485596
USHY,2026-02-09,37.459999084472656,37.470001220703125
USIG,2026-02-09,51.869998931884766,51.91999816894531
USO,2026-02-09,76.83000183105469,76.98999786376953
VCIT,2026-02-09,83.83000183105469,83.87000274658203
VCSH,2026-02-09,79.87999725341797,79.87000274658203
VDC,2026-02-09,239.1999969482422,239.32000732421875
VGIT,2026-02-09,59.900001525878906,59.900001525878906
VGLT,2026-02-09,55.77000045776367,55.91999816894531
VHT,2026-02-09,290.9800109863281,291.20001220703125
VMBS,2026-02-09,47.20000076293945,47.220001220703125
VNQ,2026-02-09,92.16000366210938,92.25
VNQI,2026-02-09,49.400001525878906,48.970001220703125
VPU,2026-02-09,188.16000366210935,188.1100006103516
VTIP,2026-02-09,49.70000076293945,49.70000076293945
VWOB,2026-02-09,67.51000213623047,67.58000183105469
WEAT,2026-02-09,20.65999984741211,20.700000762939453
XBI,2026-02-09,125.1999969482422,125.51000213623048
XLB,2026-02-09,51.470001220703125,51.5099983215332
XLC,2026-02-09,115.63999938964844,115.76000213623047
XLE,2026-02-09,53.209999084472656,53.25
XLF,2026-02-09,54.08000183105469,54.2599983215332
XLI,2026-02-09,172.80999755859375,173.17999267578125
XLK,2026-02-09,140.60000610351562,141.1300048828125
XLP,2026-02-09,87.91000366210938,87.94000244140625
XLRE,2026-02-09,41.91999816894531,41.9900016784668
XLU,2026-02-09,43.369998931884766,43.349998474121094
XLV,2026-02-09,157.57000732421875,157.7100067138672
XLY,2026-02-09,117.43000030517578,117.98999786376953
XME,2026-02-09,122.18000030517578,122.5
XPH,2026-02-09,57.34999847412109,57.27000045776367
XRT,2026-02-09,89.5,89.7300033569336
ANGL,2026-02-10,29.6299991607666,29.549999237060547
BKLN,2026-02-10,20.690000534057617,20.68000030517578
BNO,2026-02-10,32.5,32.52000045776367
BWX,2026-02-10,22.959999084472656,22.82999992370605
CANE,2026-02-10,9.239999771118164,9.289999961853027
CEMB,2026-02-10,46.11000061035156,46.11000061035156
CIBR,2026-02-10,68.41000366210938,68.33999633789062
CORN,2026-02-10,17.450000762939453,17.420000076293945
CPER,2026-02-10,36.529998779296875,36.77000045776367
DBA,2026-02-10,25.75,25.75
DBB,2026-02-10,23.920000076293945,24.139999389648438
DBC,2026-02-10,24.229999542236328,24.25
DBE,2026-02-10,19.51000022888184,19.479999542236328
DBO,2026-02-10,13.800000190734863,13.770000457763672
DIA,2026-02-10,502.3399963378906,501.2200012207031
EBND,2026-02-10,21.770000457763672,21.739999771118164
EEM,2026-02-10,60.720001220703125,60.5099983215332
EFA,2026-02-10,104.58000183105469,103.98999786376953
EMB,2026-02-10,97.06999969482422,96.72000122070312
EMHY,2026-02-10,40.72999954223633,40.650001525878906
EMLC,2026-02-10,26.5,26.46999931335449
EPI,2026-02-10,46.29999923706055,46.18000030517578
EWA,2026-02-10,28.739999771118164,28.82999992370605
EWC,2026-02-10,56.47999954223633,56.27000045776367
EWG,2026-02-10,44.27000045776367,44.31999969482422
EWJ,2026-02-10,93.1999969482422,91.29000091552734
EWL,2026-02-10,63.84999847412109,63.45000076293945
EWN,2026-02-10,63.43000030517578,62.9900016784668
EWQ,2026-02-10,46.9900016784668,46.9900016784668
EWT,2026-02-10,71.58999633789062,70.76000213623047
EWU,2026-02-10,46.88999938964844,47.02000045776367
EWW,2026-02-10,80.91000366210938,80.66999816894531
EWY,2026-02-10,125.45999908447266,126.0500030517578
EWZ,2026-02-10,38.29999923706055,38.41999816894531
EZA,2026-02-10,75.63999938964844,75.72000122070312
EZU,2026-02-10,68.55000305175781,68.38999938964844
FALN,2026-02-10,27.57999992370605,27.51000022888184
FDN,2026-02-10,249.32000732421875,248.1300048828125
FXI,2026-02-10,39.40999984741211,39.400001525878906
GIGB,2026-02-10,46.540000915527344,46.43000030517578
GLD,2026-02-10,465.9599914550781,467.0299987792969
GLTR,2026-02-10,238.9199981689453,240.57000732421875
GOVT,2026-02-10,23.11000061035156,23.049999237060547
HYG,2026-02-10,80.94999694824219,80.91999816894531
IAU,2026-02-10,95.4499969482422,95.62999725341795
IEF,2026-02-10,96.43000030517578,96.08999633789062
IEI,2026-02-10,119.58999633789062,119.37999725341797
IGIB,2026-02-10,54.09000015258789,53.959999084472656
IGV,2026-02-10,85.70999908447266,85.05999755859375
IHI,2026-02-10,58.22999954223633,58.09000015258789
INDA,2026-02-10,53.58000183105469,53.43999862670898
ITB,2026-02-10,109.23999786376952,108.41999816894533
IWM,2026-02-10,267.2300109863281,266.8800048828125
IYR,2026-02-10,98.0,98.05999755859376
IYT,2026-02-10,81.80000305175781,81.93000030517578
JMBS,2026-02-10,45.970001220703125,45.86000061035156
JNK,2026-02-10,97.5999984741211,97.54000091552734
KRE,2026-02-10,73.25,73.41999816894531
LEMB,2026-02-10,42.79999923706055,42.77000045776367
LIT,2026-02-10,72.01000213623047,72.29000091552734
LMBS,2026-02-10,50.33000183105469,50.22999954223633
LQD,2026-02-10,110.9000015258789,110.55999755859375
MBB,2026-02-10,95.80000305175781,95.55000305175781
MDY,2026-02-10,655.9400024414062,655.6699829101562
PALL,2026-02-10,31.714000701904297,31.610000610351562
PCY,2026-02-10,21.790000915527344,21.739999771118164
PFF,2026-02-10,31.59000015258789,31.510000228881836
PPLT,2026-02-10,19.299999237060547,19.461000442504883
QLTA,2026-02-10,48.29999923706055,48.16999816894531
QQQ,2026-02-10,615.3099975585938,614.3200073242188
REM,2026-02-10,22.530000686645508,22.5
REMX,2026-02-10,89.1500015258789,88.73999786376953
RSP,2026-02-10,202.5500030517578,202.3800048828125
RWR,2026-02-10,104.16000366210938,104.12999725341795
RWX,2026-02-10,29.899999618530277,29.700000762939453
SCHH,2026-02-10,22.049999237060547,22.030000686645508
SCHO,2026-02-10,24.3799991607666,24.36000061035156
SCHP,2026-02-10,26.75,26.700000762939453
SGOL,2026-02-10,48.310001373291016,48.400001525878906
SHY,2026-02-10,82.93000030517578,82.87999725341797
SHYG,2026-02-10,42.90999984741211,42.869998931884766
SIVR,2026-02-10,78.51000213623047,79.80999755859375
SKYY,2026-02-10,115.76000213623048,114.72000122070312
SLQD,2026-02-10,50.81999969482422,50.79999923706055
SLV,2026-02-10,74.72000122070312,76.04000091552734
SLX,2026-02-10,100.08999633789062,99.68000030517578
SMH,2026-02-10,408.1799926757813,406.6499938964844
SOXX,2026-02-10,353.5199890136719,352.7699890136719
SOYB,2026-02-10,23.040000915527344,22.959999084472656
SPIB,2026-02-10,33.93000030517578,33.880001068115234
SPMB,2026-02-10,22.59000015258789,22.530000686645508
SPTL,2026-02-10,26.739999771118164,26.540000915527344
SPY,2026-02-10,694.9500122070312,693.9500122070312
SRLN,2026-02-10,40.70000076293945,40.709999084472656
STIP,2026-02-10,102.98999786376952,102.9800033569336
TIP,2026-02-10,111.0,110.76000213623047
TLH,2026-02-10,102.55000305175781,101.9000015258789
TLT,2026-02-10,88.23999786376953,87.5199966430664
TUR,2026-02-10,41.18000030517578,41.540000915527344
UGA,2026-02-10,70.66000366210938,70.63999938964844
UNG,2026-02-10,12.300000190734863,12.170000076293945
UNL,2026-02-10,7.190000057220459,7.099999904632568
USHY,2026-02-10,37.52000045776367,37.5099983215332
USIG,2026-02-10,52.060001373291016,51.91999816894531
USO,2026-02-10,78.30000305175781,78.0199966430664
VCIT,2026-02-10,84.0999984741211,83.9000015258789
VCSH,2026-02-10,79.97000122070312,79.87999725341797
VDC,2026-02-10,236.8500061035156,237.3600006103516
VGIT,2026-02-10,60.04999923706055,59.93000030517578
VGLT,2026-02-10,56.34999847412109,55.93999862670898
VHT,2026-02-10,289.489990234375,288.95001220703125
VMBS,2026-02-10,47.38999938964844,47.25
VNQ,2026-02-10,92.76000213623048,92.63999938964844
VNQI,2026-02-10,50.119998931884766,49.75
VPU,2026-02-10,189.77999877929688,188.6999969482422
VTIP,2026-02-10,49.75,49.72999954223633
VWOB,2026-02-10,67.86000061035156,67.62000274658203
WEAT,2026-02-10,20.690000534057617,20.649999618530273
XBI,2026-02-10,125.8000030517578,126.11000061035156
XLB,2026-02-10,52.150001525878906,52.18000030517578
XLC,2026-02-10,117.12999725341797,116.87999725341797
XLE,2026-02-10,53.77000045776367,53.63999938964844
XLF,2026-02-10,53.70000076293945,53.939998626708984
XLI,2026-02-10,173.7100067138672,173.6999969482422
XLK,2026-02-10,143.82000732421875,143.35000610351562
XLP,2026-02-10,87.33000183105469,87.43000030517578
XLRE,2026-02-10,42.275001525878906,42.25
XLU,2026-02-10,43.75,43.47999954223633
XLV,2026-02-10,156.66000366210938,156.32000732421875
XLY,2026-02-10,117.76000213623047,117.55000305175781
XME,2026-02-10,124.80999755859376,125.47000122070312
XPH,2026-02-10,57.18999862670898,56.9900016784668
XRT,2026-02-10,88.88999938964844,89.04000091552734
ANGL,2026-02-11,29.61000061035156,29.57999992370605
BKLN,2026-02-11,20.690000534057617,20.670000076293945
BNO,2026-02-11,33.279998779296875,32.59000015258789
BWX,2026-02-11,22.86000061035156,22.93000030517578
CANE,2026-02-11,9.0600004196167,9.15999984741211
CEMB,2026-02-11,46.06999969482422,46.11000061035156
CIBR,2026-02-11,69.33000183105469,68.83000183105469
CORN,2026-02-11,17.40999984741211,17.459999084472656
CPER,2026-02-11,36.790000915527344,36.33000183105469
DBA,2026-02-11,25.770000457763672,25.729999542236328
DBB,2026-02-11,24.190000534057617,23.8700008392334
DBC,2026-02-11,24.43000030517578,24.13999938964844
DBE,2026-02-11,19.81999969482422,19.479999542236328
DBO,2026-02-11,14.039999961853027,13.75
DIA,2026-02-11,504.2099914550781,501.8999938964844
EBND,2026-02-11,21.75,21.739999771118164
EEM,2026-02-11,61.18000030517578,60.599998474121094
EFA,2026-02-11,104.83999633789062,104.23999786376953
EMB,2026-02-11,96.94999694824219,96.97000122070312
EMHY,2026-02-11,40.75,40.70000076293945
EMLC,2026-02-11,26.450000762939453,26.459999084472656
EPI,2026-02-11,46.27000045776367,46.5
EWA,2026-02-11,29.350000381469727,28.63999938964844
EWC,2026-02-11,57.34000015258789,56.720001220703125
EWG,2026-02-11,44.11000061035156,44.220001220703125
EWJ,2026-02-11,93.91000366210938,93.0999984741211
EWL,2026-02-11,63.13999938964844,63.43000030517578
EWN,2026-02-11,63.2400016784668,63.06999969482422
EWQ,2026-02-11,46.86000061035156,46.83000183105469
EWT,2026-02-11,72.86000061035156,71.44000244140625
EWU,2026-02-11,47.22999954223633,46.7400016784668
EWW,2026-02-11,80.83000183105469,80.4800033569336
EWY,2026-02-11,127.68000030517578,124.4499969482422
EWZ,2026-02-11,39.11000061035156,38.31999969482422
EZA,2026-02-11,76.37999725341797,75.41000366210938
EZU,2026-02-11,68.25,68.19999694824219
FALN,2026-02-11,27.530000686645508,27.530000686645508
FDN,2026-02-11,249.77999877929688,248.17999267578125
FXI,2026-02-11,39.29999923706055,39.52999877929688
GIGB,2026-02-11,46.43000030517578,46.525001525878906
GLD,2026-02-11,466.0,462.3999938964844
GLTR,2026-02-11,241.41000366210935,235.97999572753903
GOVT,2026-02-11,23.059999465942383,23.1299991607666
HYG,2026-02-11,80.9000015258789,80.83999633789062
IAU,2026-02-11,95.4499969482422,94.70999908447266
IEF,2026-02-11,96.18000030517578,96.51000213623047
IEI,2026-02-11,119.33999633789062,119.63999938964844
IGIB,2026-02-11,53.970001220703125,54.060001373291016
IGV,2026-02-11,85.33999633789062,85.41000366210938
IHI,2026-02-11,58.290000915527344,58.41999816894531
INDA,2026-02-11,53.540000915527344,53.7400016784668
ITB,2026-02-11,111.22000122070312,112.47000122070312
IWM,2026-02-11,268.4700012207031,266.1600036621094
IYR,2026-02-11,99.63999938964844,99.31999969482422
IYT,2026-02-11,82.62000274658203,82.12000274658203
JMBS,2026-02-11,45.93000030517578,45.97999954223633
JNK,2026-02-11,97.58999633789062,97.48999786376953
KRE,2026-02-11,73.18000030517578,72.63999938964844
LEMB,2026-02-11,42.720001220703125,42.720001220703125
LIT,2026-02-11,72.83999633789062,71.91000366210938
LMBS,2026-02-11,50.34999847412109,50.27999877929688
LQD,2026-02-11,110.62999725341797,110.81999969482422
MBB,2026-02-11,95.66999816894531,95.83999633789062
MDY,2026-02-11,658.8300170898438,655.3599853515625
PALL,2026-02-11,32.01599884033203,31.01799964904785
PCY,2026-02-11,21.82999992370605,21.82999992370605
PFF,2026-02-11,31.549999237060547,31.520000457763672
PPLT,2026-02-11,19.618000030517578,19.01300048828125
QLTA,2026-02-11,48.18999862670898,48.27999877929688
QQQ,2026-02-11,616.3800048828125,611.469970703125
REM,2026-02-11,22.65999984741211,22.57999992370605
REMX,2026-02-11,91.0500030517578,88.73999786376953
RSP,2026-02-11,203.88999938964844,203.1000061035156
RWR,2026-02-11,105.81999969482422,105.54000091552734
RWX,2026-02-11,30.09000015258789,29.940000534057617
SCHH,2026-02-11,22.420000076293945,22.350000381469727
SCHO,2026-02-11,24.36000061035156,24.38999938964844
SCHP,2026-02-11,26.71999931335449,26.76000022888184
SGOL,2026-02-11,48.310001373291016,47.93000030517578
SHY,2026-02-11,82.8499984741211,82.93000030517578
SHYG,2026-02-11,42.880001068115234,42.86000061035156
SIVR,2026-02-11,80.73999786376953,77.06999969482422
SKYY,2026-02-11,117.23999786376952,115.77999877929688
SLQD,2026-02-11,50.77000045776367,50.81999969482422
SLV,2026-02-11,76.91999816894531,73.41000366210938
SLX,2026-02-11,101.91999816894533,100.0
SMH,2026-02-11,413.8399963378906,404.760009765625
SOXX,2026-02-11,358.82000732421875,351.42999267578125
SOYB,2026-02-11,23.18000030517578,23.209999084472656
SPIB,2026-02-11,33.86000061035156,33.90999984741211
SPMB,2026-02-11,22.559999465942383,22.59000015258789
SPTL,2026-02-11,26.670000076293945,26.81999969482422
SPY,2026-02-11,696.3900146484375,692.1199951171875
SRLN,2026-02-11,40.68000030517578,40.65999984741211
STIP,2026-02-11,102.91000366210938,102.97000122070312
TIP,2026-02-11,110.83999633789062,110.98999786376953
TLH,2026-02-11,102.29000091552734,102.7699966430664
TLT,2026-02-11,88.04000091552734,88.52999877929688
TUR,2026-02-11,41.310001373291016,40.970001220703125
UGA,2026-02-11,71.33000183105469,69.9800033569336
UNG,2026-02-11,12.0600004196167,12.130000114440918
UNL,2026-02-11,7.099999904632568,7.150000095367432
USHY,2026-02-11,37.5,37.4900016784668
USIG,2026-02-11,51.95000076293945,52.02999877929688
USO,2026-02-11,79.68000030517578,78.02999877929688
VCIT,2026-02-11,83.88999938964844,84.02999877929688
VCSH,2026-02-11,79.87000274658203,79.94000244140625
VDC,2026-02-11,235.75,235.80999755859372
VGIT,2026-02-11,59.93000030517578,60.08000183105469
VGLT,2026-02-11,56.220001220703125,56.5
VHT,2026-02-11,287.3099975585937,287.5599975585937
VMBS,2026-02-11,47.27999877929688,47.38999938964844
VNQ,2026-02-11,94.06999969482422,93.87999725341795
VNQI,2026-02-11,50.470001220703125,50.27000045776367
VPU,2026-02-11,192.44000244140625,191.6300048828125
VTIP,2026-02-11,49.70000076293945,49.7400016784668
VWOB,2026-02-11,67.83000183105469,67.83000183105469
WEAT,2026-02-11,20.6299991607666,20.670000076293945
XBI,2026-02-11,125.27999877929688,125.33999633789062
XLB,2026-02-11,53.11000061035156,52.90999984741211
XLC,2026-02-11,117.37000274658203,117.58000183105469
XLE,2026-02-11,54.279998779296875,53.58000183105469
XLF,2026-02-11,53.66999816894531,53.54999923706055
XLI,2026-02-11,175.4199981689453,173.91000366210938
XLK,2026-02-11,144.50999450683594,142.5500030517578
XLP,2026-02-11,86.98999786376953,87.1500015258789
XLRE,2026-02-11,42.939998626708984,42.84000015258789
XLU,2026-02-11,44.36000061035156,44.20000076293945
XLV,2026-02-11,155.17999267578125,155.3300018310547
XLY,2026-02-11,118.44999694824219,118.33000183105469
XME,2026-02-11,125.43000030517578,123.0999984741211
XPH,2026-02-11,57.84000015258789,57.65999984741211
XRT,2026-02-11,87.91000366210938,87.47000122070312
ANGL,2026-02-12,29.63999938964844,29.6200008392334
BKLN,2026-02-12,20.700000762939453,20.68000030517578
BNO,2026-02-12,32.529998779296875,32.900001525878906
BWX,2026-02-12,23.020000457763672,22.96999931335449
CANE,2026-02-12,9.020000457763672,9.029999732971191
CEMB,2026-02-12,46.15999984741211,46.11000061035156
CIBR,2026-02-12,67.125,67.62000274658203
CORN,2026-02-12,17.5,17.450000762939453
CPER,2026-02-12,36.650001525878906,36.79999923706055
DBA,2026-02-12,25.8700008392334,25.81999969482422
DBB,2026-02-12,24.110000610351562,24.15999984741211
DBC,2026-02-12,24.280000686645508,24.3700008392334
DBE,2026-02-12,19.520000457763672,19.63999938964844
DBO,2026-02-12,13.760000228881836,13.890000343322754
DIA,2026-02-12,503.1300048828125,501.3299865722656
EBND,2026-02-12,21.86000061035156,21.790000915527344
EEM,2026-02-12,61.84000015258789,61.560001373291016
EFA,2026-02-12,105.08999633789062,104.94000244140625
EMB,2026-02-12,97.19999694824219,96.9800033569336
EMHY,2026-02-12,40.810001373291016,40.75
EMLC,2026-02-12,26.540000915527344,26.489999771118164
EPI,2026-02-12,46.04999923706055,46.25
EWA,2026-02-12,29.56999969482422,29.299999237060547
EWC,2026-02-12,56.66999816894531,56.58000183105469
EWG,2026-02-12,44.5099983215332,44.04999923706055
EWJ,2026-02-12,94.0,93.97000122070312
EWL,2026-02-12,63.650001525878906,63.2400016784668
EWN,2026-02-12,62.709999084472656,63.060001373291016
EWQ,2026-02-12,47.13999938964844,47.08000183105469
EWT,2026-02-12,73.87999725341797,73.3499984741211
EWU,2026-02-12,47.31999969482422,47.43000030517578
EWW,2026-02-12,81.41000366210938,80.69999694824219
EWY,2026-02-12,133.3300018310547,130.60000610351562
EWZ,2026-02-12,39.220001220703125,39.15999984741211
EZA,2026-02-12,77.05000305175781,76.52999877929688
EZU,2026-02-12,68.43000030517578,68.26000213623047
FALN,2026-02-12,27.56999969482422,27.530000686645508
FDN,2026-02-12,241.97999572753903,243.02999877929688
FXI,2026-02-12,39.20000076293945,39.470001220703125
GIGB,2026-02-12,46.55500030517578,46.4900016784668
GLD,2026-02-12,464.8999938964844,467.6300048828125
GLTR,2026-02-12,238.8999938964844,241.07000732421875
GOVT,2026-02-12,23.100000381469727,23.07999992370605
HYG,2026-02-12,80.91000366210938,80.83000183105469
IAU,2026-02-12,95.22000122070312,95.76000213623048
IEF,2026-02-12,96.4000015258789,96.23999786376953
IEI,2026-02-12,119.4800033569336,119.4000015258789
IGIB,2026-02-12,54.09000015258789,54.0099983215332
IGV,2026-02-12,82.91000366210938,83.2300033569336
IHI,2026-02-12,58.5,58.619998931884766
INDA,2026-02-12,53.380001068115234,53.52999877929688
ITB,2026-02-12,113.8000030517578,112.8000030517578
IWM,2026-02-12,267.0199890136719,264.95001220703125
IYR,2026-02-12,100.18000030517578,98.93000030517578
IYT,2026-02-12,82.05999755859375,81.44999694824219
JMBS,2026-02-12,45.95000076293945,45.88999938964844
JNK,2026-02-12,97.58000183105469,97.4800033569336
KRE,2026-02-12,72.30999755859375,71.80999755859375
LEMB,2026-02-12,42.810001373291016,42.7400016784668
LIT,2026-02-12,73.95999908447266,73.75
LMBS,2026-02-12,50.31999969482422,50.27000045776367
LQD,2026-02-12,110.98999786376953,110.69999694824219
MBB,2026-02-12,95.83000183105469,95.69000244140625
MDY,2026-02-12,658.0399780273438,653.7100219726562
PALL,2026-02-12,31.18000030517578,31.197999954223633
PCY,2026-02-12,21.920000076293945,21.86000061035156
PFF,2026-02-12,31.6200008392334,31.579999923706055
PPLT,2026-02-12,19.29400062561035,19.43899917602539
QLTA,2026-02-12,48.33000183105469,48.22999954223633
QQQ,2026-02-12,614.7100219726562,613.1099853515625
REM,2026-02-12,22.780000686645508,22.71999931335449
REMX,2026-02-12,92.29000091552734,91.91999816894533
RSP,2026-02-12,204.2700042724609,203.4600067138672
RWR,2026-02-12,106.83000183105467,105.8000030517578
RWX,2026-02-12,30.18000030517578,30.18000030517578
SCHH,2026-02-12,22.68000030517578,22.459999084472656
SCHO,2026-02-12,24.3700008392334,24.3700008392334
SCHP,2026-02-12,26.729999542236328,26.71999931335449
SGOL,2026-02-12,48.18999862670898,48.470001220703125
SHY,2026-02-12,82.87999725341797,82.8499984741211
SHYG,2026-02-12,42.88999938964844,42.869998931884766
SIVR,2026-02-12,78.9800033569336,80.41000366210938
SKYY,2026-02-12,113.02999877929688,113.06999969482422
SLQD,2026-02-12,50.79999923706055,50.77999877929688
SLV,2026-02-12,75.19000244140625,76.55999755859375
SLX,2026-02-12,103.0,102.45999908447266
SMH,2026-02-12,418.3299865722656,414.7799987792969
SOXX,2026-02-12,363.4599914550781,360.20001220703125
SOYB,2026-02-12,23.389999389648438,23.25
SPIB,2026-02-12,33.91999816894531,33.880001068115234
SPMB,2026-02-12,22.59000015258789,22.549999237060547
SPTL,2026-02-12,26.76000022888184,26.690000534057617
SPY,2026-02-12,694.239990234375,691.9600219726562
SRLN,2026-02-12,40.72999954223633,40.709999084472656
STIP,2026-02-12,102.91000366210938,102.87000274658205
TIP,2026-02-12,110.9000015258789,110.80999755859375
TLH,2026-02-12,102.62000274658203,102.33999633789062
TLT,2026-02-12,88.36000061035156,88.05999755859375
TUR,2026-02-12,42.20000076293945,41.209999084472656
UGA,2026-02-12,69.47000122070312,70.69999694824219
UNG,2026-02-12,12.739999771118164,12.319999694824219
UNL,2026-02-12,7.28000020980835,7.190000057220459
USHY,2026-02-12,37.5,37.47999954223633
USIG,2026-02-12,52.060001373291016,51.97999954223633
USO,2026-02-12,78.0,78.88999938964844
VCIT,2026-02-12,84.08000183105469,83.95999908447266
VCSH,2026-02-12,79.88999938964844,79.87999725341797
VDC,2026-02-12,239.07000732421875,238.82000732421875
VGIT,2026-02-12,60.0099983215332,59.959999084472656
VGLT,2026-02-12,56.40999984741211,56.22999954223633
VHT,2026-02-12,288.8599853515625,288.7799987792969
VMBS,2026-02-12,47.380001068115234,47.27000045776367
VNQ,2026-02-12,94.47000122070312,93.36000061035156
VNQI,2026-02-12,50.65999984741211,50.4900016784668
VPU,2026-02-12,193.88999938964844,193.22999572753903
VTIP,2026-02-12,49.709999084472656,49.68999862670898
VWOB,2026-02-12,67.98999786376953,67.83000183105469
WEAT,2026-02-12,20.93000030517578,20.8799991607666
XBI,2026-02-12,125.16000366210938,124.6500015258789
XLB,2026-02-12,53.66999816894531,53.619998931884766
XLC,2026-02-12,116.80999755859375,116.73999786376953
XLE,2026-02-12,54.939998626708984,54.97999954223633
XLF,2026-02-12,52.900001525878906,52.7400016784668
XLI,2026-02-12,175.77999877929688,174.83999633789062
XLK,2026-02-12,143.30999755859375,142.97000122070312
XLP,2026-02-12,88.48999786376953,88.4000015258789
XLRE,2026-02-12,43.33000183105469,42.79999923706055
XLU,2026-02-12,44.790000915527344,44.59000015258789
XLV,2026-02-12,156.2100067138672,156.25
XLY,2026-02-12,118.41000366210938,117.76000213623047
XME,2026-02-12,123.4499969482422,123.73999786376952
XPH,2026-02-12,57.43000030517578,57.400001525878906
XRT,2026-02-12,87.81999969482422,87.2699966430664
ANGL,2026-02-13,29.68000030517578,29.65999984741211
BKLN,2026-02-13,20.6299991607666,20.6200008392334
BNO,2026-02-13,31.81999969482422,31.8799991607666
BWX,2026-02-13,23.049999237060547,23.040000915527344
CANE,2026-02-13,9.020000457763672,9.039999961853027
CEMB,2026-02-13,46.220001220703125,46.119998931884766
CIBR,2026-02-13,65.41999816894531,65.0999984741211
CORN,2026-02-13,17.600000381469727,17.6200008392334
CPER,2026-02-13,35.56999969482422,35.5099983215332
DBA,2026-02-13,25.850000381469727,25.889999389648438
DBB,2026-02-13,23.5,23.59000015258789
DBC,2026-02-13,23.850000381469727,23.799999237060547
DBE,2026-02-13,19.06999969482422,19.15999984741211
DBO,2026-02-13,13.399999618530272,13.449999809265137
DIA,2026-02-13,495.0400085449219,494.6700134277344
EBND,2026-02-13,21.84000015258789,21.809999465942383
EEM,2026-02-13,60.720001220703125,60.86000061035156
EFA,2026-02-13,103.87999725341797,104.1500015258789
EMB,2026-02-13,97.4800033569336,97.25
EMHY,2026-02-13,40.84999847412109,40.79999923706055
EMLC,2026-02-13,26.520000457763672,26.5
EPI,2026-02-13,45.310001373291016,45.77000045776367
EWA,2026-02-13,29.06999969482422,29.100000381469727
EWC,2026-02-13,55.45000076293945,55.2599983215332
EWG,2026-02-13,43.91999816894531,43.959999084472656
EWJ,2026-02-13,93.66000366210938,93.37000274658205
EWL,2026-02-13,63.68000030517578,63.459999084472656
EWN,2026-02-13,61.560001373291016,61.52999877929688
EWQ,2026-02-13,46.66999816894531,46.68000030517578
EWT,2026-02-13,72.5199966430664,72.55999755859375
EWU,2026-02-13,46.91999816894531,47.0099983215332
EWW,2026-02-13,80.2300033569336,79.91999816894531
EWY,2026-02-13,131.69000244140625,130.8000030517578
EWZ,2026-02-13,37.88999938964844,38.4900016784668
EZA,2026-02-13,74.94999694824219,74.1500015258789
EZU,2026-02-13,67.58000183105469,67.62999725341797
FALN,2026-02-13,27.59000015258789,27.559999465942383
FDN,2026-02-13,235.67999267578125,234.4499969482422
FXI,2026-02-13,38.13999938964844,38.65999984741211
GIGB,2026-02-13,46.75,46.63999938964844
GLD,2026-02-13,459.7300109863281,451.3900146484375
GLTR,2026-02-13,232.3600006103516,225.57000732421875
GOVT,2026-02-13,23.229999542236328,23.190000534057617
HYG,2026-02-13,80.83000183105469,80.79000091552734
IAU,2026-02-13,94.19000244140624,92.4800033569336
IEF,2026-02-13,97.12000274658203,96.83000183105469
IEI,2026-02-13,120.08000183105469,119.81999969482422
IGIB,2026-02-13,54.31999969482422,54.20000076293945
IGV,2026-02-13,81.5199966430664,80.95999908447266
IHI,2026-02-13,57.52000045776367,57.36000061035156
INDA,2026-02-13,52.70000076293945,53.11000061035156
ITB,2026-02-13,113.04000091552734,112.4000015258789
IWM,2026-02-13,260.6000061035156,259.5400085449219
IYR,2026-02-13,99.26000213623048,98.87000274658205
IYT,2026-02-13,79.37000274658203,79.33000183105469
JMBS,2026-02-13,46.22999954223633,46.11000061035156
JNK,2026-02-13,97.44000244140625,97.37000274658203
KRE,2026-02-13,70.6500015258789,70.69999694824219
LEMB,2026-02-13,42.84000015258789,42.79999923706055
LIT,2026-02-13,71.6500015258789,71.75
LMBS,2026-02-13,50.43000030517578,50.34999847412109
LQD,2026-02-13,111.55000305175781,111.22000122070312
MBB,2026-02-13,96.38999938964844,96.13999938964844
MDY,2026-02-13,644.469970703125,644.5
PALL,2026-02-13,30.13800048828125,29.399999618530273
PCY,2026-02-13,21.959999084472656,21.940000534057617
PFF,2026-02-13,31.530000686645508,31.479999542236328
PPLT,2026-02-13,18.7810001373291,18.152999877929688
QLTA,2026-02-13,48.540000915527344,48.41999816894531
QQQ,2026-02-13,600.4299926757812,600.6400146484375
REM,2026-02-13,22.729999542236328,22.690000534057617
REMX,2026-02-13,87.41000366210938,87.19999694824219
RSP,2026-02-13,201.1999969482422,200.7899932861328
RWR,2026-02-13,105.79000091552734,105.45999908447266
RWX,2026-02-13,30.030000686645508,30.030000686645508
SCHH,2026-02-13,22.530000686645508,22.5
SCHO,2026-02-13,24.399999618530277,24.38999938964844
SCHP,2026-02-13,26.850000381469727,26.81999969482422
SGOL,2026-02-13,47.65999984741211,46.79999923706055
SHY,2026-02-13,83.04000091552734,82.93000030517578
SHYG,2026-02-13,42.84999847412109,42.810001373291016
SIVR,2026-02-13,74.83999633789062,71.06999969482422
SKYY,2026-02-13,112.04000091552734,111.4499969482422
SLQD,2026-02-13,50.88999938964844,50.83000183105469
SLV,2026-02-13,71.20999908447266,67.7300033569336
SLX,2026-02-13,97.83000183105467,99.76000213623048
SMH,2026-02-13,408.1499938964844,406.1099853515625
SOXX,2026-02-13,352.79998779296875,351.5
SOYB,2026-02-13,23.34000015258789,23.459999084472656
SPIB,2026-02-13,34.029998779296875,33.970001220703125
SPMB,2026-02-13,22.71999931335449,22.670000076293945
SPTL,2026-02-13,27.1299991607666,27.01000022888184
SPY,2026-02-13,681.6900024414062,681.27001953125
SRLN,2026-02-13,40.59000015258789,40.56999969482422
STIP,2026-02-13,103.01000213623048,102.98999786376952
TIP,2026-02-13,111.37999725341797,111.25
TLH,2026-02-13,103.83000183105469,103.38999938964844
TLT,2026-02-13,89.62999725341797,89.2300033569336
TUR,2026-02-13,41.9900016784668,41.90999984741211
UGA,2026-02-13,67.87000274658203,68.11000061035156
UNG,2026-02-13,12.229999542236328,12.430000305175781
UNL,2026-02-13,7.090000152587891,7.159999847412109
USHY,2026-02-13,37.47999954223633,37.45000076293945
USIG,2026-02-13,52.310001373291016,52.13999938964844
USO,2026-02-13,76.12000274658203,76.37999725341797
VCIT,2026-02-13,84.45999908447266,84.22000122070312
VCSH,2026-02-13,80.08000183105469,79.97000122070312
VDC,2026-02-13,241.5200042724609,241.8600006103516
VGIT,2026-02-13,60.34000015258789,60.209999084472656
VGLT,2026-02-13,57.130001068115234,56.900001525878906
VHT,2026-02-13,288.75,287.8099975585937
VMBS,2026-02-13,47.63999938964844,47.560001373291016
VNQ,2026-02-13,93.58999633789062,93.25
VNQI,2026-02-13,50.31999969482422,50.459999084472656
VPU,2026-02-13,195.94000244140625,196.1300048828125
VTIP,2026-02-13,49.75,49.7400016784668
VWOB,2026-02-13,68.1500015258789,68.05000305175781
WEAT,2026-02-13,21.040000915527344,21.34000015258789
XBI,2026-02-13,123.5999984741211,123.18000030517578
XLB,2026-02-13,52.540000915527344,52.83000183105469
XLC,2026-02-13,114.37000274658203,114.63999938964844
XLE,2026-02-13,53.939998626708984,53.97999954223633
XLF,2026-02-13,51.54999923706055,51.689998626708984
XLI,2026-02-13,173.10000610351562,172.75
XLK,2026-02-13,139.55999755859375,139.2100067138672
XLP,2026-02-13,89.05000305175781,89.20999908447266
XLRE,2026-02-13,43.03499984741211,42.869998931884766
XLU,2026-02-13,45.20000076293945,45.25
XLV,2026-02-13,156.52000427246094,156.0
XLY,2026-02-13,116.0,116.12999725341797
XME,2026-02-13,115.2300033569336,116.68000030517578
XPH,2026-02-13,57.04999923706055,56.81999969482422
XRT,2026-02-13,87.23999786376953,86.43000030517578
ANGL,2026-02-17,29.68000030517578,29.700000762939453
BKLN,2026-02-17,20.649999618530273,20.639999389648438
BNO,2026-02-17,31.920000076293945,31.889999389648438
BWX,2026-02-17,23.020000457763672,23.07999992370605
CANE,2026-02-17,9.100000381469728,9.029999732971191
CEMB,2026-02-17,46.27000045776367,46.209999084472656
CIBR,2026-02-17,66.73999786376953,66.83000183105469
CORN,2026-02-17,17.5,17.649999618530273
CPER,2026-02-17,34.849998474121094,35.560001373291016
DBA,2026-02-17,25.639999389648438,25.790000915527344
DBB,2026-02-17,23.209999084472656,23.579999923706055
DBC,2026-02-17,23.65999984741211,23.8799991607666
DBE,2026-02-17,19.020000457763672,19.11000061035156
DBO,2026-02-17,13.43000030517578,13.4399995803833
DIA,2026-02-17,495.3299865722656,495.2799987792969
EBND,2026-02-17,21.809999465942383,21.82999992370605
EEM,2026-02-17,60.720001220703125,61.119998931884766
EFA,2026-02-17,103.36000061035156,104.23999786376953
EMB,2026-02-17,97.5999984741211,97.41999816894531
EMHY,2026-02-17,40.93000030517578,40.83000183105469
EMLC,2026-02-17,26.46999931335449,26.479999542236328
EPI,2026-02-17,45.59999847412109,45.5
EWA,2026-02-17,29.059999465942383,29.15999984741211
EWC,2026-02-17,55.65999984741211,56.16999816894531
EWG,2026-02-17,43.709999084472656,43.970001220703125
EWJ,2026-02-17,91.41000366210938,93.8499984741211
EWL,2026-02-17,64.06999969482422,63.790000915527344
EWN,2026-02-17,61.400001525878906,61.650001525878906
EWQ,2026-02-17,46.68000030517578,46.70000076293945
EWT,2026-02-17,71.80000305175781,73.05000305175781
EWU,2026-02-17,47.06999969482422,47.25
EWW,2026-02-17,80.94000244140625,81.02999877929688
EWY,2026-02-17,132.32000732421875,133.97000122070312
EWZ,2026-02-17,37.869998931884766,38.060001373291016
EZA,2026-02-17,73.80999755859375,75.31999969482422
EZU,2026-02-17,67.2300033569336,67.37000274658203
FALN,2026-02-17,27.600000381469727,27.59000015258789
FDN,2026-02-17,235.42999267578125,236.69000244140625
FXI,2026-02-17,38.47999954223633,38.33000183105469
GIGB,2026-02-17,46.75,46.7599983215332
GLD,2026-02-17,450.260009765625,462.6199951171875
GLTR,2026-02-17,225.07000732421875,231.8600006103516
GOVT,2026-02-17,23.26000022888184,23.239999771118164
HYG,2026-02-17,80.81999969482422,80.8499984741211
IAU,2026-02-17,92.19000244140624,94.75
IEF,2026-02-17,97.25,97.20999908447266
IEI,2026-02-17,120.12999725341797,120.13999938964844
IGIB,2026-02-17,54.34000015258789,54.34999847412109
IGV,2026-02-17,82.11000061035156,82.7699966430664
IHI,2026-02-17,58.06999969482422,57.9900016784668
INDA,2026-02-17,53.04999923706055,52.88999938964844
ITB,2026-02-17,113.48999786376952,113.56999969482422
IWM,2026-02-17,262.3800048828125,262.9599914550781
IYR,2026-02-17,100.62999725341795,100.22000122070312
IYT,2026-02-17,80.26000213623047,79.91000366210938
JMBS,2026-02-17,46.27000045776367,46.27999877929688
JNK,2026-02-17,97.43000030517578,97.4800033569336
KRE,2026-02-17,71.37000274658203,71.27999877929688
LEMB,2026-02-17,42.7599983215332,42.83000183105469
LIT,2026-02-17,71.9000015258789,72.69999694824219
LMBS,2026-02-17,50.47999954223633,50.43000030517578
LQD,2026-02-17,111.56999969482422,111.58999633789062
MBB,2026-02-17,96.44999694824219,96.55000305175781
MDY,2026-02-17,649.97998046875,650.6599731445312
PALL,2026-02-17,30.3799991607666,30.694000244140625
PCY,2026-02-17,22.06999969482422,21.989999771118164
PFF,2026-02-17,31.639999389648438,31.690000534057617
PPLT,2026-02-17,18.32699966430664,18.697999954223633
QLTA,2026-02-17,48.52999877929688,48.540000915527344
QQQ,2026-02-17,598.3800048828125,601.9199829101562
REM,2026-02-17,22.86000061035156,22.790000915527344
REMX,2026-02-17,88.20999908447266,89.69999694824219
RSP,2026-02-17,203.0800018310547,202.8699951171875
RWR,2026-02-17,107.33000183105467,106.76000213623048
RWX,2026-02-17,29.979999542236328,30.0
SCHH,2026-02-17,22.93000030517578,22.809999465942383
SCHO,2026-02-17,24.420000076293945,24.420000076293945
SCHP,2026-02-17,26.82999992370605,26.84000015258789
SGOL,2026-02-17,46.68000030517578,47.93999862670898
SHY,2026-02-17,83.04000091552734,83.05999755859375
SHYG,2026-02-17,42.83000183105469,42.84000015258789
SIVR,2026-02-17,70.61000061035156,73.22000122070312
SKYY,2026-02-17,113.30999755859376,114.26000213623048
SLQD,2026-02-17,50.88999938964844,50.88999938964844
SLV,2026-02-17,67.2699966430664,69.72000122070312
SLX,2026-02-17,97.27999877929688,98.6999969482422
SMH,2026-02-17,402.7099914550781,407.7200012207031
SOXX,2026-02-17,349.8099975585937,354.6600036621094
SOYB,2026-02-17,23.31999969482422,23.440000534057617
SPIB,2026-02-17,34.029998779296875,34.040000915527344
SPMB,2026-02-17,22.729999542236328,22.75
SPTL,2026-02-17,27.21999931335449,27.13999938964844
SPY,2026-02-17,680.1400146484375,681.75
SRLN,2026-02-17,40.59000015258789,40.619998931884766
STIP,2026-02-17,102.95999908447266,103.01000213623048
TIP,2026-02-17,111.31999969482422,111.38999938964844
TLH,2026-02-17,104.11000061035156,103.9000015258789
TLT,2026-02-17,89.93000030517578,89.72000122070312
TUR,2026-02-17,42.41999816894531,42.220001220703125
UGA,2026-02-17,68.05000305175781,67.70999908447266
UNG,2026-02-17,11.899999618530273,12.4399995803833
UNL,2026-02-17,6.989999771118164,7.130000114440918
USHY,2026-02-17,37.47999954223633,37.4900016784668
USIG,2026-02-17,52.310001373291016,52.29999923706055
USO,2026-02-17,76.20999908447266,76.22000122070312
VCIT,2026-02-17,84.47000122070312,84.48999786376953
VCSH,2026-02-17,80.02999877929688,80.0999984741211
VDC,2026-02-17,242.9600067138672,242.6300048828125
VGIT,2026-02-17,60.38999938964844,60.38999938964844
VGLT,2026-02-17,57.33000183105469,57.18000030517578
VHT,2026-02-17,290.6000061035156,290.3900146484375
VMBS,2026-02-17,47.630001068115234,47.70000076293945
VNQ,2026-02-17,94.94000244140624,94.58999633789062
VNQI,2026-02-17,50.33000183105469,50.43999862670898
VPU,2026-02-17,202.33999633789065,201.32000732421875
VTIP,2026-02-17,49.7400016784668,49.77000045776367
VWOB,2026-02-17,68.33999633789062,68.1500015258789
WEAT,2026-02-17,20.729999542236328,20.979999542236328
XBI,2026-02-17,122.6999969482422,122.86000061035156
XLB,2026-02-17,52.70000076293945,53.310001373291016
XLC,2026-02-17,114.37000274658203,114.58000183105469
XLE,2026-02-17,54.560001373291016,54.349998474121094
XLF,2026-02-17,51.81999969482422,51.650001525878906
XLI,2026-02-17,173.9199981689453,174.1699981689453
XLK,2026-02-17,138.63999938964844,139.55999755859375
XLP,2026-02-17,89.62999725341797,89.51000213623047
XLRE,2026-02-17,43.650001525878906,43.5
XLU,2026-02-17,46.79999923706055,46.5
XLV,2026-02-17,158.02999877929688,157.6699981689453
XLY,2026-02-17,115.9800033569336,116.18000030517578
XME,2026-02-17,115.6500015258789,117.83000183105467
XPH,2026-02-17,56.66999816894531,56.84000015258789
XRT,2026-02-17,88.0199966430664,87.83999633789062
ANGL,2026-02-18,29.700000762939453,29.670000076293945
BKLN,2026-02-18,20.670000076293945,20.649999618530273
BNO,2026-02-18,32.709999084472656,31.780000686645508
BWX,2026-02-18,22.96999931335449,23.06999969482422
CANE,2026-02-18,9.050000190734863,9.020000457763672
CEMB,2026-02-18,46.2599983215332,46.22999954223633
CIBR,2026-02-18,65.02999877929688,65.54000091552734
CORN,2026-02-18,17.459999084472656,17.450000762939453
CPER,2026-02-18,35.36000061035156,34.939998626708984
DBA,2026-02-18,25.760000228881836,25.709999084472656
DBB,2026-02-18,23.530000686645508,23.15999984741211
DBC,2026-02-18,23.96999931335449,23.59000015258789
DBE,2026-02-18,19.5,18.989999771118164
DBO,2026-02-18,13.729999542236328,13.359999656677246
DIA,2026-02-18,496.7799987792969,495.8500061035156
EBND,2026-02-18,21.790000915527344,21.850000381469727
EEM,2026-02-18,61.029998779296875,60.869998931884766
EFA,2026-02-18,104.37000274658203,104.22000122070312
EMB,2026-02-18,97.70999908447266,97.62000274658203
EMHY,2026-02-18,40.91999816894531,40.93000030517578
EMLC,2026-02-18,26.46999931335449,26.520000457763672
EPI,2026-02-18,45.790000915527344,45.790000915527344
EWA,2026-02-18,29.350000381469727,29.31999969482422
EWC,2026-02-18,55.95000076293945,55.86000061035156
EWG,2026-02-18,44.08000183105469,44.040000915527344
EWJ,2026-02-18,91.5500030517578,91.87000274658205
EWL,2026-02-18,64.43000030517578,64.44000244140625
EWN,2026-02-18,62.459999084472656,62.22999954223633
EWQ,2026-02-18,47.04999923706055,47.04999923706055
EWT,2026-02-18,72.81999969482422,72.88999938964844
EWU,2026-02-18,47.900001525878906,47.41999816894531
EWW,2026-02-18,81.25,80.76000213623047
EWY,2026-02-18,131.3800048828125,130.67999267578125
EWZ,2026-02-18,38.150001525878906,37.7400016784668
EZA,2026-02-18,74.9800033569336,74.70999908447266
EZU,2026-02-18,68.0199966430664,67.87999725341797
FALN,2026-02-18,27.57999992370605,27.56999969482422
FDN,2026-02-18,234.9199981689453,235.8300018310547
FXI,2026-02-18,38.7599983215332,38.52000045776367
GIGB,2026-02-18,46.75,46.81499862670898
GLD,2026-02-18,455.80999755859375,448.20001220703125
GLTR,2026-02-18,230.0200042724609,223.4499969482422
GOVT,2026-02-18,23.229999542236328,23.26000022888184
HYG,2026-02-18,80.83999633789062,80.80999755859375
IAU,2026-02-18,93.3499984741211,91.81999969482422
IEF,2026-02-18,97.02999877929688,97.19999694824219
IEI,2026-02-18,119.94000244140625,120.08000183105469
IGIB,2026-02-18,54.33000183105469,54.380001068115234
IGV,2026-02-18,80.97000122070312,80.95999908447266
IHI,2026-02-18,58.619998931884766,58.58000183105469
INDA,2026-02-18,53.22999954223633,53.27000045776367
ITB,2026-02-18,112.5500030517578,112.4000015258789
IWM,2026-02-18,263.0299987792969,263.0400085449219
IYR,2026-02-18,100.91000366210938,101.20999908447266
IYT,2026-02-18,80.30999755859375,80.80000305175781
JMBS,2026-02-18,46.150001525878906,46.22999954223633
JNK,2026-02-18,97.44999694824219,97.38999938964844
KRE,2026-02-18,71.4800033569336,71.52999877929688
LEMB,2026-02-18,42.77999877929688,42.84000015258789
LIT,2026-02-18,73.36000061035156,72.47000122070312
LMBS,2026-02-18,50.459999084472656,50.41999816894531
LQD,2026-02-18,111.56999969482422,111.69999694824219
MBB,2026-02-18,96.23999786376953,96.33999633789062
MDY,2026-02-18,651.9000244140625,651.760009765625
PALL,2026-02-18,31.413999557495117,30.70599937438965
PCY,2026-02-18,22.059999465942383,22.059999465942383
PFF,2026-02-18,31.790000915527344,31.829999923706055
PPLT,2026-02-18,18.864999771118164,18.292999267578125
QLTA,2026-02-18,48.54999923706055,48.56999969482422
QQQ,2026-02-18,602.1099853515625,601.2999877929688
REM,2026-02-18,22.670000076293945,22.670000076293945
REMX,2026-02-18,90.37000274658205,88.98999786376953
RSP,2026-02-18,202.8300018310547,202.5200042724609
RWR,2026-02-18,107.66000366210938,108.01000213623048
RWX,2026-02-18,30.11000061035156,30.209999084472656
SCHH,2026-02-18,22.96999931335449,23.059999465942383
SCHO,2026-02-18,24.399999618530277,24.399999618530277
SCHP,2026-02-18,26.809999465942383,26.81999969482422
SGOL,2026-02-18,47.27000045776367,46.470001220703125
SHY,2026-02-18,82.9800033569336,83.02999877929688
SHYG,2026-02-18,42.83000183105469,42.81999969482422
SIVR,2026-02-18,73.12999725341797,69.69999694824219
SKYY,2026-02-18,111.6999969482422,112.06999969482422
SLQD,2026-02-18,50.869998931884766,50.88999938964844
SLV,2026-02-18,69.66000366210938,66.37000274658203
SLX,2026-02-18,99.01000213623048,97.95999908447266
SMH,2026-02-18,411.4400024414063,407.510009765625
SOXX,2026-02-18,355.82000732421875,354.1000061035156
SOYB,2026-02-18,23.540000915527344,23.450000762939453
SPIB,2026-02-18,34.02000045776367,34.04999923706055
SPMB,2026-02-18,22.690000534057617,22.71999931335449
SPTL,2026-02-18,27.13999938964844,27.200000762939453
SPY,2026-02-18,684.02001953125,682.8499755859375
SRLN,2026-02-18,40.63999938964844,40.61000061035156
STIP,2026-02-18,102.91000366210938,102.9000015258789
TIP,2026-02-18,111.22000122070312,111.2300033569336
TLH,2026-02-18,103.8499984741211,104.02999877929688
TLT,2026-02-18,89.69000244140625,89.87000274658203
TUR,2026-02-18,42.619998931884766,42.34000015258789
UGA,2026-02-18,69.44999694824219,68.02999877929688
UNG,2026-02-18,11.779999732971191,11.899999618530273
UNL,2026-02-18,6.900000095367432,6.960000038146973
USHY,2026-02-18,37.47999954223633,37.43999862670898
USIG,2026-02-18,52.29999923706055,52.33000183105469
USO,2026-02-18,77.91999816894531,75.7300033569336
VCIT,2026-02-18,84.44999694824219,84.52999877929688
VCSH,2026-02-18,80.06999969482422,80.08999633789062
VDC,2026-02-18,238.8699951171875,239.3600006103516
VGIT,2026-02-18,60.27999877929688,60.34999847412109
VGLT,2026-02-18,57.18999862670898,57.290000915527344
VHT,2026-02-18,290.4200134277344,290.6000061035156
VMBS,2026-02-18,47.54999923706055,47.56999969482422
VNQ,2026-02-18,95.22000122070312,95.48999786376952
VNQI,2026-02-18,50.45000076293945,50.5099983215332
VPU,2026-02-18,200.88999938964844,200.8699951171875
VTIP,2026-02-18,49.709999084472656,49.68999862670898
VWOB,2026-02-18,68.30999755859375,68.30999755859375
WEAT,2026-02-18,20.940000534057617,20.770000457763672
XBI,2026-02-18,124.11000061035156,124.62999725341795
XLB,2026-02-18,53.0,52.70000076293945
XLC,2026-02-18,114.25,114.4000015258789
XLE,2026-02-18,54.529998779296875,53.75
XLF,2026-02-18,52.349998474121094,52.20000076293945
XLI,2026-02-18,175.3800048828125,175.0800018310547
XLK,2026-02-18,140.05999755859375,139.47999572753906
XLP,2026-02-18,87.93000030517578,88.19999694824219
XLRE,2026-02-18,43.81999969482422,43.939998626708984
XLU,2026-02-18,46.61000061035156,46.380001068115234
XLV,2026-02-18,157.1999969482422,157.3699951171875
XLY,2026-02-18,116.11000061035156,116.04000091552734
XME,2026-02-18,116.81999969482422,115.11000061035156
XPH,2026-02-18,57.38999938964844,57.4900016784668
XRT,2026-02-18,87.16000366210938,87.4000015258789
ANGL,2026-02-19,29.729999542236328,29.709999084472656
BKLN,2026-02-19,20.690000534057617,20.670000076293945
BNO,2026-02-19,33.720001220703125,33.27000045776367
BWX,2026-02-19,22.86000061035156,22.93000030517578
CANE,2026-02-19,9.119999885559082,9.170000076293944
CEMB,2026-02-19,46.18999862670898,46.290000915527344
CIBR,2026-02-19,65.58000183105469,65.93000030517578
CORN,2026-02-19,17.489999771118164,17.440000534057617
CPER,2026-02-19,35.150001525878906,35.58000183105469
DBA,2026-02-19,25.75,25.84000015258789
DBB,2026-02-19,23.360000610351562,23.6299991607666
DBC,2026-02-19,24.290000915527344,24.209999084472656
DBE,2026-02-19,20.06999969482422,19.84000015258789
DBO,2026-02-19,14.1899995803833,14.020000457763672
DIA,2026-02-19,495.55999755859375,497.0
EBND,2026-02-19,21.690000534057617,21.770000457763672
EEM,2026-02-19,60.83000183105469,61.189998626708984
EFA,2026-02-19,103.54000091552734,104.33999633789062
EMB,2026-02-19,97.45999908447266,97.66000366210938
EMHY,2026-02-19,40.83000183105469,40.959999084472656
EMLC,2026-02-19,26.350000381469727,26.440000534057617
EPI,2026-02-19,45.02000045776367,45.84999847412109
EWA,2026-02-19,29.239999771118164,29.309999465942383
EWC,2026-02-19,56.290000915527344,56.459999084472656
EWG,2026-02-19,43.75,44.119998931884766
EWJ,2026-02-19,90.83000183105467,91.37999725341795
EWL,2026-02-19,64.0,64.26000213623047
EWN,2026-02-19,62.41999816894531,62.93999862670898
EWQ,2026-02-19,46.68000030517578,47.02999877929688
EWT,2026-02-19,72.37999725341797,72.9800033569336
EWU,2026-02-19,47.369998931884766,47.880001068115234
EWW,2026-02-19,80.0,80.1500015258789
EWY,2026-02-19,134.17999267578125,132.92999267578125
EWZ,2026-02-19,38.09000015258789,38.02999877929688
EZA,2026-02-19,74.06999969482422,75.56999969482422
EZU,2026-02-19,67.41000366210938,68.12000274658203
FALN,2026-02-19,27.63999938964844,27.6299991607666
FDN,2026-02-19,237.3500061035156,238.6000061035156
FXI,2026-02-19,38.59000015258789,38.720001220703125
GIGB,2026-02-19,46.720001220703125,46.76499938964844
GLD,2026-02-19,457.3399963378906,458.2799987792969
GLTR,2026-02-19,231.19000244140625,230.83999633789065
GOVT,2026-02-19,23.209999084472656,23.21999931335449
HYG,2026-02-19,80.87999725341797,80.91000366210938
IAU,2026-02-19,93.70999908447266,93.8499984741211
IEF,2026-02-19,96.95999908447266,97.0
IEI,2026-02-19,119.91000366210938,119.91999816894531
IGIB,2026-02-19,54.290000915527344,54.33000183105469
IGV,2026-02-19,81.83000183105469,82.0
IHI,2026-02-19,59.2599983215332,59.45000076293945
INDA,2026-02-19,52.2599983215332,53.31999969482422
ITB,2026-02-19,111.70999908447266,112.0999984741211
IWM,2026-02-19,262.57000732421875,263.989990234375
IYR,2026-02-19,99.79000091552734,100.01000213623048
IYT,2026-02-19,81.52999877929688,81.80999755859375
JMBS,2026-02-19,46.119998931884766,46.15999984741211
JNK,2026-02-19,97.51000213623047,97.52999877929688
KRE,2026-02-19,71.0,71.37999725341797
LEMB,2026-02-19,42.61000061035156,42.709999084472656
LIT,2026-02-19,73.16999816894531,73.83999633789062
LMBS,2026-02-19,50.380001068115234,50.40999984741211
LQD,2026-02-19,111.41000366210938,111.58999633789062
MBB,2026-02-19,96.16000366210938,96.26000213623047
MDY,2026-02-19,651.52001953125,654.6300048828125
PALL,2026-02-19,30.493999481201172,31.327999114990234
PCY,2026-02-19,21.979999542236328,22.06999969482422
PFF,2026-02-19,31.780000686645508,31.780000686645508
PPLT,2026-02-19,18.790000915527344,18.927000045776367
QLTA,2026-02-19,48.4900016784668,48.54999923706055
QQQ,2026-02-19,602.8099975585938,605.7899780273438
REM,2026-02-19,22.649999618530277,22.65999984741211
REMX,2026-02-19,89.73999786376953,91.4499969482422
RSP,2026-02-19,203.08999633789065,203.57000732421875
RWR,2026-02-19,106.4000015258789,106.47000122070312
RWX,2026-02-19,29.81999969482422,29.950000762939453
SCHH,2026-02-19,22.670000076293945,22.670000076293945
SCHO,2026-02-19,24.399999618530277,24.40999984741211
SCHP,2026-02-19,26.790000915527344,26.799999237060547
SGOL,2026-02-19,47.43000030517578,47.4900016784668
SHY,2026-02-19,82.97000122070312,82.9800033569336
SHYG,2026-02-19,42.86000061035156,42.84999847412109
SIVR,2026-02-19,74.18000030517578,73.61000061035156
SKYY,2026-02-19,112.86000061035156,113.44000244140624
SLQD,2026-02-19,50.869998931884766,50.88999938964844
SLV,2026-02-19,70.68000030517578,70.08999633789062
SLX,2026-02-19,98.47000122070312,98.6500015258789
SMH,2026-02-19,408.7099914550781,412.5499877929688
SOXX,2026-02-19,354.17999267578125,357.9200134277344
SOYB,2026-02-19,23.420000076293945,23.420000076293945
SPIB,2026-02-19,34.0,34.02000045776367
SPMB,2026-02-19,22.670000076293945,22.690000534057617
SPTL,2026-02-19,27.059999465942383,27.100000381469727
SPY,2026-02-19,683.8400268554688,686.2899780273438
SRLN,2026-02-19,40.65999984741211,40.66999816894531
STIP,2026-02-19,102.91999816894533,102.9000015258789
TIP,2026-02-19,111.12999725341797,111.16000366210938
TLH,2026-02-19,103.61000061035156,103.69999694824219
TLT,2026-02-19,89.4000015258789,89.52999877929688
TUR,2026-02-19,40.95000076293945,42.40999984741211
UGA,2026-02-19,70.62999725341797,70.20999908447266
UNG,2026-02-19,12.039999961853027,11.869999885559082
UNL,2026-02-19,7.019999980926514,6.940000057220459
USHY,2026-02-19,37.505001068115234,37.52000045776367
USIG,2026-02-19,52.25,52.29999923706055
USO,2026-02-19,80.43000030517578,79.4000015258789
VCIT,2026-02-19,84.38999938964844,84.45999908447266
VCSH,2026-02-19,80.04000091552734,80.05999755859375
VDC,2026-02-19,238.92999267578125,238.3800048828125
VGIT,2026-02-19,60.25,60.27000045776367
VGLT,2026-02-19,57.02000045776367,57.09000015258789
VHT,2026-02-19,290.5299987792969,291.4200134277344
VMBS,2026-02-19,47.5099983215332,47.540000915527344
VNQ,2026-02-19,94.26000213623048,94.37000274658205
VNQI,2026-02-19,49.97999954223633,50.22999954223633
VPU,2026-02-19,198.1100006103516,197.38999938964844
VTIP,2026-02-19,49.709999084472656,49.709999084472656
VWOB,2026-02-19,68.18000030517578,68.33999633789062
WEAT,2026-02-19,21.280000686645508,21.139999389648438
XBI,2026-02-19,124.75,125.5999984741211
XLB,2026-02-19,52.650001525878906,53.02000045776367
XLC,2026-02-19,114.55999755859375,114.58999633789062
XLE,2026-02-19,55.459999084472656,54.779998779296875
XLF,2026-02-19,52.13999938964844,52.59000015258789
XLI,2026-02-19,175.05999755859375,175.0399932861328
XLK,2026-02-19,140.08999633789062,140.91000366210938
XLP,2026-02-19,88.0,88.04000091552734
XLRE,2026-02-19,43.290000915527344,43.349998474121094
XLU,2026-02-19,45.779998779296875,45.61000061035156
XLV,2026-02-19,157.1999969482422,157.6699981689453
XLY,2026-02-19,116.33000183105469,117.0199966430664
XME,2026-02-19,115.05999755859376,117.08999633789062
XPH,2026-02-19,57.209999084472656,57.400001525878906
XRT,2026-02-19,87.80999755859375,88.05999755859375
ANGL,2026-02-20,29.75,29.75
BKLN,2026-02-20,20.649999618530273,20.639999389648438
BNO,2026-02-20,33.75,34.0099983215332
BWX,2026-02-20,22.88999938964844,22.920000076293945
CANE,2026-02-20,9.229999542236328,9.119999885559082
CEMB,2026-02-20,46.290000915527344,46.2599983215332
CIBR,2026-02-20,65.22000122070312,65.91000366210938
CORN,2026-02-20,17.530000686645508,17.489999771118164
CPER,2026-02-20,35.459999084472656,35.540000915527344
DBA,2026-02-20,25.979999542236328,25.899999618530273
DBB,2026-02-20,23.600000381469727,23.540000915527344
DBC,2026-02-20,24.450000762939453,24.43000030517578
DBE,2026-02-20,20.1299991607666,20.239999771118164
DBO,2026-02-20,14.1899995803833,14.300000190734863
DIA,2026-02-20,492.5400085449219,494.3800048828125
EBND,2026-02-20,21.71999931335449,21.71999931335449
EEM,2026-02-20,61.0099983215332,61.040000915527344
EFA,2026-02-20,103.86000061035156,104.05000305175781
EMB,2026-02-20,97.55000305175781,97.55000305175781
EMHY,2026-02-20,40.900001525878906,40.88999938964844
EMLC,2026-02-20,26.399999618530277,26.3799991607666
EPI,2026-02-20,45.5,45.04999923706055
EWA,2026-02-20,29.32999992370605,29.3700008392334
EWC,2026-02-20,56.7599983215332,56.75
EWG,2026-02-20,43.91999816894531,43.880001068115234
EWJ,2026-02-20,90.4000015258789,91.1999969482422
EWL,2026-02-20,63.90999984741211,64.16000366210938
EWN,2026-02-20,62.650001525878906,62.65999984741211
EWQ,2026-02-20,47.11000061035156,46.90999984741211
EWT,2026-02-20,72.55000305175781,72.66999816894531
EWU,2026-02-20,47.77999877929688,47.68000030517578
EWW,2026-02-20,80.16000366210938,79.94000244140625
EWY,2026-02-20,137.6999969482422,135.2100067138672
EWZ,2026-02-20,38.47999954223633,38.61000061035156
EZA,2026-02-20,75.36000061035156,75.01000213623047
EZU,2026-02-20,67.94999694824219,67.80999755859375
FALN,2026-02-20,27.65999984741211,27.649999618530277
FDN,2026-02-20,235.7899932861328,237.4900054931641
FXI,2026-02-20,37.93999862670898,38.61000061035156
GIGB,2026-02-20,46.79499816894531,46.79499816894531
GLD,2026-02-20,463.25,459.55999755859375
GLTR,2026-02-20,236.13999938964844,232.3699951171875
GOVT,2026-02-20,23.239999771118164,23.229999542236328
HYG,2026-02-20,80.93000030517578,80.94000244140625
IAU,2026-02-20,94.88999938964844,94.12000274658205
IEF,2026-02-20,97.12999725341797,97.08999633789062
IEI,2026-02-20,120.0199966430664,119.95999908447266
IGIB,2026-02-20,54.369998931884766,54.36000061035156
IGV,2026-02-20,81.18000030517578,81.77999877929688
IHI,2026-02-20,58.9900016784668,59.119998931884766
INDA,2026-02-20,52.70000076293945,52.29999923706055
ITB,2026-02-20,110.26000213623048,110.3000030517578
IWM,2026-02-20,262.8500061035156,264.6000061035156
IYR,2026-02-20,99.88999938964844,99.83000183105467
IYT,2026-02-20,80.80999755859375,81.04000091552734
JMBS,2026-02-20,46.16999816894531,46.16999816894531
JNK,2026-02-20,97.54000091552734,97.55000305175781
KRE,2026-02-20,70.7300033569336,70.98999786376953
LEMB,2026-02-20,42.68000030517578,42.630001068115234
LIT,2026-02-20,72.4000015258789,73.12999725341797
LMBS,2026-02-20,50.290000915527344,50.40999984741211
LQD,2026-02-20,111.62000274658203,111.68000030517578
MBB,2026-02-20,96.27999877929688,96.30000305175781
MDY,2026-02-20,652.1199951171875,654.5
PALL,2026-02-20,31.1299991607666,30.583999633789062
PCY,2026-02-20,22.0,22.040000915527344
PFF,2026-02-20,31.639999389648438,31.709999084472656
PPLT,2026-02-20,19.270000457763672,18.844999313354492
QLTA,2026-02-20,48.560001373291016,48.560001373291016
QQQ,2026-02-20,600.1199951171875,603.469970703125
REM,2026-02-20,22.540000915527344,22.61000061035156
REMX,2026-02-20,88.4800033569336,90.08999633789062
RSP,2026-02-20,202.5,203.13999938964844
RWR,2026-02-20,106.4800033569336,106.44000244140624
RWX,2026-02-20,29.940000534057617,29.90999984741211
SCHH,2026-02-20,22.65999984741211,22.63999938964844
SCHO,2026-02-20,24.40999984741211,24.40999984741211
SCHP,2026-02-20,26.82999992370605,26.809999465942383
SGOL,2026-02-20,48.02000045776367,47.63999938964844
SHY,2026-02-20,83.01000213623047,82.9800033569336
SHYG,2026-02-20,42.86000061035156,42.880001068115234
SIVR,2026-02-20,76.7300033569336,74.58999633789062
SKYY,2026-02-20,112.2699966430664,113.3000030517578
SLQD,2026-02-20,50.900001525878906,50.880001068115234
SLV,2026-02-20,73.11000061035156,71.01000213623047
SLX,2026-02-20,98.12999725341795,98.37999725341795
SMH,2026-02-20,407.6600036621094,410.2000122070313
SOXX,2026-02-20,353.5899963378906,355.8399963378906
SOYB,2026-02-20,23.56999969482422,23.549999237060547
SPIB,2026-02-20,34.029998779296875,34.040000915527344
SPMB,2026-02-20,22.690000534057617,22.700000762939453
SPTL,2026-02-20,27.149999618530277,27.1299991607666
SPY,2026-02-20,682.3200073242188,684.47998046875
SRLN,2026-02-20,40.630001068115234,40.59999847412109
STIP,2026-02-20,103.0,102.97000122070312
TIP,2026-02-20,111.30999755859375,111.25
TLH,2026-02-20,103.87999725341797,103.81999969482422
TLT,2026-02-20,89.69999694824219,89.62000274658203
TUR,2026-02-20,41.22999954223633,41.2599983215332
UGA,2026-02-20,71.30000305175781,71.52999877929688
UNG,2026-02-20,11.880000114440918,11.800000190734863
UNL,2026-02-20,6.989999771118164,6.960000038146973
USHY,2026-02-20,37.52000045776367,37.52000045776367
USIG,2026-02-20,52.31999969482422,52.31999969482422
USO,2026-02-20,80.54000091552734,81.19000244140625
VCIT,2026-02-20,84.52999877929688,84.5199966430664
VCSH,2026-02-20,80.06999969482422,80.08999633789062
VDC,2026-02-20,237.16000366210935,237.6300048828125
VGIT,2026-02-20,60.33000183105469,60.29999923706055
VGLT,2026-02-20,57.20000076293945,57.15999984741211
VHT,2026-02-20,290.2300109863281,290.8699951171875
VMBS,2026-02-20,47.560001373291016,47.560001373291016
VNQ,2026-02-20,94.29000091552734,94.16999816894533
VNQI,2026-02-20,50.150001525878906,50.060001373291016
VPU,2026-02-20,200.2400054931641,199.50999450683597
VTIP,2026-02-20,49.75,49.7400016784668
VWOB,2026-02-20,68.2300033569336,68.26000213623047
WEAT,2026-02-20,21.799999237060547,21.81999969482422
XBI,2026-02-20,124.81999969482422,126.73999786376952
XLB,2026-02-20,52.619998931884766,52.83000183105469
XLC,2026-02-20,114.9000015258789,115.13999938964844
XLE,2026-02-20,55.0,55.18000030517578
XLF,2026-02-20,52.040000915527344,52.150001525878906
XLI,2026-02-20,176.1300048828125,176.33999633789062
XLK,2026-02-20,139.1999969482422,140.2100067138672
XLP,2026-02-20,87.66999816894531,87.66999816894531
XLRE,2026-02-20,43.25,43.20000076293945
XLU,2026-02-20,46.29999923706055,46.11000061035156
XLV,2026-02-20,157.0,157.25999450683594
XLY,2026-02-20,115.93000030517578,116.23999786376953
XME,2026-02-20,116.30999755859376,117.23999786376952
XPH,2026-02-20,57.040000915527344,57.43999862670898
XRT,2026-02-20,87.63999938964844,88.0199966430664
ANGL,2026-02-23,29.75,29.75
BKLN,2026-02-23,20.549999237060547,20.639999389648438
BNO,2026-02-23,34.099998474121094,33.880001068115234
BWX,2026-02-23,22.979999542236328,22.93000030517578
CANE,2026-02-23,9.270000457763672,9.229999542236328
CEMB,2026-02-23,46.36000061035156,46.310001373291016
CIBR,2026-02-23,63.220001220703125,63.900001525878906
CORN,2026-02-23,17.549999237060547,17.6200008392334
CPER,2026-02-23,35.790000915527344,36.16999816894531
DBA,2026-02-23,25.93000030517578,26.030000686645508
DBB,2026-02-23,23.780000686645508,23.81999969482422
DBC,2026-02-23,24.739999771118164,24.600000381469727
DBE,2026-02-23,20.36000061035156,20.15999984741211
DBO,2026-02-23,14.369999885559082,14.229999542236328
DIA,2026-02-23,494.5,496.0799865722656
EBND,2026-02-23,21.809999465942383,21.790000915527344
EEM,2026-02-23,62.02000045776367,62.34000015258789
EFA,2026-02-23,104.80999755859375,104.9000015258789
EMB,2026-02-23,97.72000122070312,97.6500015258789
EMHY,2026-02-23,40.959999084472656,40.93000030517578
EMLC,2026-02-23,26.51000022888184,26.46999931335449
EPI,2026-02-23,45.61000061035156,46.209999084472656
EWA,2026-02-23,29.520000457763672,29.700000762939453
EWC,2026-02-23,57.150001525878906,57.15999984741211
EWG,2026-02-23,44.209999084472656,44.31999969482422
EWJ,2026-02-23,91.63999938964844,91.47000122070312
EWL,2026-02-23,64.11000061035156,64.37999725341797
EWN,2026-02-23,63.119998931884766,63.18000030517578
EWQ,2026-02-23,47.70000076293945,47.68000030517578
EWT,2026-02-23,73.52999877929688,74.37999725341797
EWU,2026-02-23,48.0,48.040000915527344
EWW,2026-02-23,80.19999694824219,81.2300033569336
EWY,2026-02-23,140.6199951171875,141.8800048828125
EWZ,2026-02-23,39.220001220703125,39.369998931884766
EZA,2026-02-23,77.8499984741211,77.25
EZU,2026-02-23,68.77999877929688,68.68000030517578
FALN,2026-02-23,27.649999618530277,27.645000457763672
FDN,2026-02-23,236.22000122070312,238.3000030517578
FXI,2026-02-23,38.970001220703125,38.810001373291016
GIGB,2026-02-23,46.77999877929688,46.77000045776367
GLD,2026-02-23,474.6499938964844,468.6199951171875
GLTR,2026-02-23,245.69000244140625,241.63999938964844
GOVT,2026-02-23,23.229999542236328,23.209999084472656
HYG,2026-02-23,80.95999908447266,81.0
IAU,2026-02-23,97.22000122070312,95.9499969482422
IEF,2026-02-23,97.16999816894531,97.08999633789062
IEI,2026-02-23,120.08999633789062,120.0199966430664
IGIB,2026-02-23,54.40999984741211,54.369998931884766
IGV,2026-02-23,79.48999786376953,80.77999877929688
IHI,2026-02-23,59.16999816894531,59.36000061035156
INDA,2026-02-23,52.880001068115234,53.41999816894531
ITB,2026-02-23,110.87999725341795,110.91000366210938
IWM,2026-02-23,263.3999938964844,264.6099853515625
IYR,2026-02-23,100.33999633789062,100.54000091552734
IYT,2026-02-23,81.72000122070312,82.4000015258789
JMBS,2026-02-23,46.27999877929688,46.22999954223633
JNK,2026-02-23,97.62000274658203,97.62000274658203
KRE,2026-02-23,71.72000122070312,71.9000015258789
LEMB,2026-02-23,42.810001373291016,42.7400016784668
LIT,2026-02-23,72.98999786376953,73.12000274658203
LMBS,2026-02-23,50.27999877929688,50.27000045776367
LQD,2026-02-23,111.62000274658203,111.58999633789062
MBB,2026-02-23,96.41000366210938,96.3499984741211
MDY,2026-02-23,655.5399780273438,658.6099853515625
PALL,2026-02-23,32.04999923706055,31.920000076293945
PCY,2026-02-23,21.979999542236328,22.049999237060547
PFF,2026-02-23,31.639999389648438,31.700000762939453
PPLT,2026-02-23,19.608999252319336,19.64900016784668
QLTA,2026-02-23,48.58000183105469,48.54999923706055
QQQ,2026-02-23,606.6099853515625,608.8099975585938
REM,2026-02-23,22.6200008392334,22.63999938964844
REMX,2026-02-23,89.30000305175781,89.0
RSP,2026-02-23,203.3800048828125,204.08999633789065
RWR,2026-02-23,107.16999816894533,107.1500015258789
RWX,2026-02-23,30.15999984741211,30.170000076293945
SCHH,2026-02-23,22.799999237060547,22.81999969482422
SCHO,2026-02-23,24.40999984741211,24.399999618530277
SCHP,2026-02-23,26.81999969482422,26.809999465942383
SGOL,2026-02-23,49.220001220703125,48.56999969482422
SHY,2026-02-23,83.0199966430664,82.98999786376953
SHYG,2026-02-23,42.880001068115234,42.880001068115234
SIVR,2026-02-23,82.2699966430664,80.43000030517578
SKYY,2026-02-23,109.8499984741211,111.43000030517578
SLQD,2026-02-23,50.90999984741211,50.90999984741211
SLV,2026-02-23,78.4000015258789,76.62000274658203
SLX,2026-02-23,99.0,99.22000122070312
SMH,2026-02-23,413.5700073242188,415.0299987792969
SOXX,2026-02-23,357.57000732421875,359.42999267578125
SOYB,2026-02-23,23.389999389648438,23.489999771118164
SPIB,2026-02-23,34.04999923706055,34.040000915527344
SPMB,2026-02-23,22.71999931335449,22.71999931335449
SPTL,2026-02-23,27.11000061035156,27.06999969482422
SPY,2026-02-23,687.8300170898438,689.4299926757812
SRLN,2026-02-23,40.59999847412109,40.619998931884766
STIP,2026-02-23,103.01000213623048,102.95999908447266
TIP,2026-02-23,111.29000091552734,111.19000244140625
TLH,2026-02-23,103.8499984741211,103.66999816894531
TLT,2026-02-23,89.55000305175781,89.41000366210938
TUR,2026-02-23,41.9900016784668,41.650001525878906
UGA,2026-02-23,71.80999755859375,71.30999755859375
UNG,2026-02-23,12.09000015258789,12.010000228881836
UNL,2026-02-23,7.059999942779541,7.019999980926514
USHY,2026-02-23,37.52999877929688,37.54999923706055
USIG,2026-02-23,52.33000183105469,52.29999923706055
USO,2026-02-23,81.48999786376953,80.8499984741211
VCIT,2026-02-23,84.58999633789062,84.54000091552734
VCSH,2026-02-23,80.0999984741211,80.08999633789062
VDC,2026-02-23,237.8300018310547,238.1999969482422
VGIT,2026-02-23,60.36000061035156,60.31999969482422
VGLT,2026-02-23,57.130001068115234,57.04999923706055
VHT,2026-02-23,290.6000061035156,289.8999938964844
VMBS,2026-02-23,47.619998931884766,47.59999847412109
VNQ,2026-02-23,94.75,94.87999725341795
VNQI,2026-02-23,50.58000183105469,50.68000030517578
VPU,2026-02-23,200.55999755859372,200.30999755859372
VTIP,2026-02-23,49.7599983215332,49.7400016784668
VWOB,2026-02-23,68.33000183105469,68.30000305175781
WEAT,2026-02-23,21.93000030517578,22.170000076293945
XBI,2026-02-23,125.44000244140624,124.77999877929688
XLB,2026-02-23,52.4900016784668,52.959999084472656
XLC,2026-02-23,116.95999908447266,116.80000305175781
XLE,2026-02-23,55.040000915527344,54.880001068115234
XLF,2026-02-23,52.189998626708984,52.4900016784668
XLI,2026-02-23,176.41000366210938,177.22999572753906
XLK,2026-02-23,140.17999267578125,140.8800048828125
XLP,2026-02-23,87.68000030517578,87.88999938964844
XLRE,2026-02-23,43.5099983215332,43.560001373291016
XLU,2026-02-23,46.470001220703125,46.33000183105469
XLV,2026-02-23,157.1300048828125,156.82000732421875
XLY,2026-02-23,116.63999938964844,117.44999694824219
XME,2026-02-23,117.30999755859376,117.45999908447266
XPH,2026-02-23,56.84999847412109,57.02999877929688
XRT,2026-02-23,88.1500015258789,88.66000366210938
ANGL,2026-02-24,29.700000762939453,29.700000762939453
BKLN,2026-02-24,20.399999618530273,20.389999389648438
BNO,2026-02-24,34.029998779296875,33.88999938964844
BWX,2026-02-24,22.989999771118164,23.049999237060547
CANE,2026-02-24,9.369999885559082,9.34000015258789
CEMB,2026-02-24,46.31999969482422,46.34999847412109
CIBR,2026-02-24,60.9900016784668,61.27000045776367
CORN,2026-02-24,17.56999969482422,17.6200008392334
CPER,2026-02-24,36.189998626708984,35.68000030517578
DBA,2026-02-24,25.920000076293945,25.969999313354492
DBB,2026-02-24,23.979999542236328,23.690000534057617
DBC,2026-02-24,24.690000534057617,24.75
DBE,2026-02-24,20.21999931335449,20.209999084472656
DBO,2026-02-24,14.300000190734863,14.260000228881836
DIA,2026-02-24,488.3900146484375,488.010009765625
EBND,2026-02-24,21.780000686645508,21.809999465942383
EEM,2026-02-24,62.2400016784668,61.650001525878906
EFA,2026-02-24,104.16999816894531,104.47000122070312
EMB,2026-02-24,97.52999877929688,97.70999908447266
EMHY,2026-02-24,40.91999816894531,40.93999862670898
EMLC,2026-02-24,26.459999084472656,26.479999542236328
EPI,2026-02-24,45.5,45.33000183105469
EWA,2026-02-24,29.34000015258789,29.450000762939453
EWC,2026-02-24,56.720001220703125,56.95000076293945
EWG,2026-02-24,43.810001373291016,43.900001525878906
EWJ,2026-02-24,90.5199966430664,91.38999938964844
EWL,2026-02-24,64.72000122070312,64.30999755859375
EWN,2026-02-24,62.93999862670898,62.95000076293945
EWQ,2026-02-24,47.5,47.4900016784668
EWT,2026-02-24,75.0,73.18000030517578
EWU,2026-02-24,47.86000061035156,47.88999938964844
EWW,2026-02-24,79.5999984741211,79.54000091552734
EWY,2026-02-24,143.64999389648438,139.3000030517578
EWZ,2026-02-24,38.95000076293945,38.77000045776367
EZA,2026-02-24,77.63999938964844,77.88999938964844
EZU,2026-02-24,68.33000183105469,68.43000030517578
FALN,2026-02-24,27.600000381469727,27.600000381469727
FDN,2026-02-24,230.57000732421875,230.6100006103516
FXI,2026-02-24,38.13999938964844,38.68000030517578
GIGB,2026-02-24,46.77999877929688,46.79999923706055
GLD,2026-02-24,470.0899963378906,481.2799987792969
GLTR,2026-02-24,243.6699981689453,250.00999450683597
GOVT,2026-02-24,23.280000686645508,23.280000686645508
HYG,2026-02-24,80.8499984741211,80.87000274658203
IAU,2026-02-24,96.27999877929688,98.56999969482422
IEF,2026-02-24,97.44000244140625,97.44000244140625
IEI,2026-02-24,120.30000305175781,120.33000183105469
IGIB,2026-02-24,54.41999816894531,54.5
IGV,2026-02-24,76.9000015258789,76.94000244140625
IHI,2026-02-24,59.380001068115234,59.540000915527344
INDA,2026-02-24,52.630001068115234,52.61000061035156
ITB,2026-02-24,109.6999969482422,109.58999633789062
IWM,2026-02-24,260.3999938964844,260.489990234375
IYR,2026-02-24,100.2699966430664,100.51000213623048
IYT,2026-02-24,79.83999633789062,80.01000213623047
JMBS,2026-02-24,46.310001373291016,46.36000061035156
JNK,2026-02-24,97.44000244140625,97.5
KRE,2026-02-24,68.66000366210938,68.73999786376953
LEMB,2026-02-24,42.77999877929688,42.77999877929688
LIT,2026-02-24,74.06999969482422,73.77999877929688
LMBS,2026-02-24,50.36000061035156,50.29999923706055
LQD,2026-02-24,111.62999725341797,111.70999908447266
MBB,2026-02-24,96.55999755859375,96.55999755859375
MDY,2026-02-24,647.0999755859375,647.1199951171875
PALL,2026-02-24,31.18600082397461,31.908000946044922
PCY,2026-02-24,21.96999931335449,21.979999542236328
PFF,2026-02-24,31.530000686645508,31.5
PPLT,2026-02-24,19.299999237060547,19.736000061035156
QLTA,2026-02-24,48.56999969482422,48.61000061035156
QQQ,2026-02-24,602.4000244140625,601.4099731445312
REM,2026-02-24,22.38999938964844,22.350000381469727
REMX,2026-02-24,91.16999816894533,91.31999969482422
RSP,2026-02-24,201.8800048828125,201.8500061035156
RWR,2026-02-24,107.33999633789062,107.37999725341795
RWX,2026-02-24,30.13999938964844,30.100000381469727
SCHH,2026-02-24,22.84000015258789,22.8799991607666
SCHO,2026-02-24,24.420000076293945,24.420000076293945
SCHP,2026-02-24,26.84000015258789,26.82999992370605
SGOL,2026-02-24,48.7400016784668,49.900001525878906
SHY,2026-02-24,83.05000305175781,83.05999755859375
SHYG,2026-02-24,42.810001373291016,42.83000183105469
SIVR,2026-02-24,82.13999938964844,84.5999984741211
SKYY,2026-02-24,105.58000183105467,105.69000244140624
SLQD,2026-02-24,50.91999816894531,50.95000076293945
SLV,2026-02-24,78.2300033569336,80.56999969482422
SLX,2026-02-24,99.98999786376952,99.83000183105467
SMH,2026-02-24,417.2200012207031,412.8800048828125
SOXX,2026-02-24,361.6000061035156,356.82000732421875
SOYB,2026-02-24,23.459999084472656,23.469999313354492
SPIB,2026-02-24,34.06999969482422,34.099998474121094
SPMB,2026-02-24,22.76000022888184,22.770000457763672
SPTL,2026-02-24,27.21999931335449,27.170000076293945
SPY,2026-02-24,681.9000244140625,682.3900146484375
SRLN,2026-02-24,40.310001373291016,40.310001373291016
STIP,2026-02-24,103.01000213623048,103.0500030517578
TIP,2026-02-24,111.33000183105469,111.29000091552734
TLH,2026-02-24,104.19999694824219,104.08000183105469
TLT,2026-02-24,89.94999694824219,89.73999786376953
TUR,2026-02-24,41.95000076293945,41.7599983215332
UGA,2026-02-24,71.72000122070312,71.62000274658203
UNG,2026-02-24,11.600000381469727,11.739999771118164
UNL,2026-02-24,6.940000057220459,6.949999809265137
USHY,2026-02-24,37.47999954223633,37.5
USIG,2026-02-24,52.33000183105469,52.369998931884766
USO,2026-02-24,81.19000244140625,80.9000015258789
VCIT,2026-02-24,84.61000061035156,84.70999908447266
VCSH,2026-02-24,80.12999725341797,80.19000244140625
VDC,2026-02-24,240.9600067138672,241.00999450683597
VGIT,2026-02-24,60.470001220703125,60.5
VGLT,2026-02-24,57.36000061035156,57.2599983215332
VHT,2026-02-24,292.0,292.7200012207031
VMBS,2026-02-24,47.709999084472656,47.68999862670898
VNQ,2026-02-24,94.6500015258789,94.88999938964844
VNQI,2026-02-24,50.40999984741211,50.59000015258789
VPU,2026-02-24,201.63999938964844,201.69000244140625
VTIP,2026-02-24,49.7599983215332,49.77000045776367
VWOB,2026-02-24,68.33000183105469,68.37000274658203
WEAT,2026-02-24,21.90999984741211,21.90999984741211
XBI,2026-02-24,127.36000061035156,126.97000122070312
XLB,2026-02-24,52.959999084472656,52.959999084472656
XLC,2026-02-24,115.16999816894531,115.36000061035156
XLE,2026-02-24,55.11000061035156,55.150001525878906
XLF,2026-02-24,50.45000076293945,50.72999954223633
XLI,2026-02-24,174.5800018310547,174.8300018310547
XLK,2026-02-24,139.24000549316406,138.52000427246094
XLP,2026-02-24,88.95999908447266,88.97000122070312
XLRE,2026-02-24,43.52000045776367,43.61000061035156
XLU,2026-02-24,46.63999938964844,46.68000030517578
XLV,2026-02-24,158.00999450683594,158.5399932861328
XLY,2026-02-24,115.4000015258789,114.98999786376953
XME,2026-02-24,116.38999938964844,117.70999908447266
XPH,2026-02-24,57.16999816894531,57.130001068115234
XRT,2026-02-24,86.93000030517578,86.80999755859375
ANGL,2026-02-25,29.700000762939453,29.700000762939453
BKLN,2026-02-25,20.34000015258789,20.3700008392334
BNO,2026-02-25,33.689998626708984,33.90999984741211
BWX,2026-02-25,22.93000030517578,22.989999771118164
CANE,2026-02-25,9.300000190734863,9.329999923706056
CEMB,2026-02-25,46.34000015258789,46.34999847412109
CIBR,2026-02-25,61.8849983215332,61.58000183105469
CORN,2026-02-25,17.579999923706055,17.59000015258789
CPER,2026-02-25,36.650001525878906,36.29999923706055
DBA,2026-02-25,26.010000228881836,26.010000228881836
DBB,2026-02-25,24.190000534057617,24.040000915527344
DBC,2026-02-25,24.76000022888184,24.71999931335449
DBE,2026-02-25,20.049999237060547,20.15999984741211
DBO,2026-02-25,14.239999771118164,14.229999542236328
DIA,2026-02-25,493.6300048828125,491.7900085449219
EBND,2026-02-25,21.8799991607666,21.81999969482422
EEM,2026-02-25,63.41999816894531,62.619998931884766
EFA,2026-02-25,105.26000213623047,104.66000366210938
EMB,2026-02-25,97.62999725341797,97.6500015258789
EMHY,2026-02-25,40.93000030517578,40.93000030517578
EMLC,2026-02-25,26.559999465942383,26.489999771118164
EPI,2026-02-25,45.7400016784668,45.540000915527344
EWA,2026-02-25,30.030000686645508,29.57999992370605
EWC,2026-02-25,57.45000076293945,57.150001525878906
EWG,2026-02-25,44.09000015258789,43.95000076293945
EWJ,2026-02-25,92.0199966430664,91.2300033569336
EWL,2026-02-25,65.01000213623047,64.81999969482422
EWN,2026-02-25,63.47999954223633,63.0
EWQ,2026-02-25,47.68000030517578,47.619998931884766
EWT,2026-02-25,77.01000213623047,75.7300033569336
EWU,2026-02-25,48.34999847412109,47.97999954223633
EWW,2026-02-25,80.61000061035156,80.37000274658203
EWY,2026-02-25,149.0500030517578,144.5500030517578
EWZ,2026-02-25,39.58000183105469,39.470001220703125
EZA,2026-02-25,80.31999969482422,79.25
EZU,2026-02-25,68.69000244140625,68.54000091552734
FALN,2026-02-25,27.59000015258789,27.59000015258789
FDN,2026-02-25,235.16000366210935,234.6100006103516
FXI,2026-02-25,38.40999984741211,38.369998931884766
GIGB,2026-02-25,46.77999877929688,46.810001373291016
GLD,2026-02-25,475.739990234375,474.6099853515625
GLTR,2026-02-25,250.67999267578125,246.47000122070312
GOVT,2026-02-25,23.26000022888184,23.270000457763672
HYG,2026-02-25,80.81999969482422,80.80999755859375
IAU,2026-02-25,97.4499969482422,97.1999969482422
IEF,2026-02-25,97.2699966430664,97.41999816894531
IEI,2026-02-25,120.16000366210938,120.2699966430664
IGIB,2026-02-25,54.400001525878906,54.43999862670898
IGV,2026-02-25,78.66000366210938,78.41000366210938
IHI,2026-02-25,59.43000030517578,59.40999984741211
INDA,2026-02-25,52.900001525878906,52.66999816894531
ITB,2026-02-25,110.12999725341795,110.1500015258789
IWM,2026-02-25,265.25,263.3299865722656
IYR,2026-02-25,100.61000061035156,100.76000213623048
IYT,2026-02-25,81.19999694824219,80.77999877929688
JMBS,2026-02-25,46.310001373291016,46.29999923706055
JNK,2026-02-25,97.5,97.38999938964844
KRE,2026-02-25,69.37000274658203,68.66999816894531
LEMB,2026-02-25,42.90999984741211,42.790000915527344
LIT,2026-02-25,77.47000122070312,75.58999633789062
LMBS,2026-02-25,50.34999847412109,50.33000183105469
LQD,2026-02-25,111.5999984741211,111.68000030517578
MBB,2026-02-25,96.47000122070312,96.55000305175781
MDY,2026-02-25,657.9199829101562,653.219970703125
PALL,2026-02-25,32.99399948120117,32.540000915527344
PCY,2026-02-25,21.989999771118164,21.959999084472656
PFF,2026-02-25,31.65999984741211,31.690000534057617
PPLT,2026-02-25,20.86400032043457,19.76300048828125
QLTA,2026-02-25,48.54999923706055,48.58000183105469
QQQ,2026-02-25,611.0700073242188,607.8699951171875
REM,2026-02-25,22.440000534057617,22.43000030517578
REMX,2026-02-25,99.62000274658205,94.69000244140624
RSP,2026-02-25,204.1000061035156,203.4600067138672
RWR,2026-02-25,107.3000030517578,107.4000015258789
RWX,2026-02-25,30.13999938964844,30.13999938964844
SCHH,2026-02-25,22.899999618530277,22.90999984741211
SCHO,2026-02-25,24.40999984741211,24.420000076293945
SCHP,2026-02-25,26.84000015258789,26.82999992370605
SGOL,2026-02-25,49.33000183105469,49.20000076293945
SHY,2026-02-25,83.02999877929688,83.05999755859375
SHYG,2026-02-25,42.81999969482422,42.790000915527344
SIVR,2026-02-25,85.97000122070312,83.06999969482422
SKYY,2026-02-25,108.5,108.0
SLQD,2026-02-25,50.91999816894531,50.93000030517578
SLV,2026-02-25,81.86000061035156,79.08000183105469
SLX,2026-02-25,101.20999908447266,99.83000183105467
SMH,2026-02-25,424.3500061035156,419.1600036621094
SOXX,2026-02-25,366.2000122070313,362.0400085449219
SOYB,2026-02-25,23.56999969482422,23.56999969482422
SPIB,2026-02-25,34.06999969482422,34.06999969482422
SPMB,2026-02-25,22.739999771118164,22.76000022888184
SPTL,2026-02-25,27.149999618530277,27.209999084472656
SPY,2026-02-25,690.1799926757812,687.3499755859375
SRLN,2026-02-25,40.13999938964844,40.15999984741211
STIP,2026-02-25,103.01000213623048,103.0
TIP,2026-02-25,111.27999877929688,111.30999755859375
TLH,2026-02-25,103.97000122070312,104.1500015258789
TLT,2026-02-25,89.70999908447266,89.9000015258789
TUR,2026-02-25,41.31999969482422,41.93000030517578
UGA,2026-02-25,71.5,71.41999816894531
UNG,2026-02-25,11.640000343322754,11.460000038146973
UNL,2026-02-25,6.889999866485596,6.820000171661377
USHY,2026-02-25,37.47999954223633,37.45000076293945
USIG,2026-02-25,52.290000915527344,52.34000015258789
USO,2026-02-25,80.0999984741211,80.76000213623047
VCIT,2026-02-25,84.58000183105469,84.62999725341797
VCSH,2026-02-25,80.12999725341797,80.1500015258789
VDC,2026-02-25,242.2100067138672,243.1000061035156
VGIT,2026-02-25,60.400001525878906,60.459999084472656
VGLT,2026-02-25,57.220001220703125,57.31999969482422
VHT,2026-02-25,292.1199951171875,291.92999267578125
VMBS,2026-02-25,47.70000076293945,47.70000076293945
VNQ,2026-02-25,95.02999877929688,95.12999725341795
VNQI,2026-02-25,50.61000061035156,50.45000076293945
VPU,2026-02-25,203.97000122070312,203.7899932861328
VTIP,2026-02-25,49.7599983215332,49.7599983215332
VWOB,2026-02-25,68.31999969482422,68.27999877929688
WEAT,2026-02-25,21.75,21.8700008392334
XBI,2026-02-25,129.25,129.16000366210938
XLB,2026-02-25,53.72999954223633,53.36000061035156
XLC,2026-02-25,116.33000183105469,116.16000366210938
XLE,2026-02-25,55.29999923706055,55.099998474121094
XLF,2026-02-25,51.2400016784668,50.97999954223633
XLI,2026-02-25,177.55999755859375,176.97999572753906
XLK,2026-02-25,141.36000061035156,140.32000732421875
XLP,2026-02-25,89.33999633789062,89.73999786376953
XLRE,2026-02-25,43.689998626708984,43.72999954223633
XLU,2026-02-25,47.209999084472656,47.20000076293945
XLV,2026-02-25,157.8699951171875,157.8699951171875
XLY,2026-02-25,116.9800033569336,116.73999786376953
XME,2026-02-25,120.94000244140624,119.37000274658205
XPH,2026-02-25,58.2400016784668,58.02999877929688
XRT,2026-02-25,87.22000122070312,87.37999725341797
ANGL,2026-02-26,29.709999084472656,29.709999084472656
BKLN,2026-02-26,20.40999984741211,20.420000076293945
BNO,2026-02-26,33.20000076293945,33.650001525878906
BWX,2026-02-26,22.989999771118164,22.979999542236328
CANE,2026-02-26,9.420000076293944,9.329999923706056
CEMB,2026-02-26,46.369998931884766,46.369998931884766
CIBR,2026-02-26,62.79999923706055,62.709999084472656
CORN,2026-02-26,17.75,17.700000762939453
CPER,2026-02-26,36.790000915527344,36.779998779296875
DBA,2026-02-26,26.149999618530273,26.1200008392334
DBB,2026-02-26,24.170000076293945,24.34000015258789
DBC,2026-02-26,24.59000015258789,24.75
DBE,2026-02-26,19.68000030517578,20.0
DBO,2026-02-26,13.789999961853027,14.0600004196167
DIA,2026-02-26,497.0,494.8200073242188
EBND,2026-02-26,21.90999984741211,21.93000030517578
EEM,2026-02-26,63.279998779296875,63.310001373291016
EFA,2026-02-26,105.63999938964844,105.66000366210938
EMB,2026-02-26,97.75,97.73999786376953
EMHY,2026-02-26,40.959999084472656,40.959999084472656
EMLC,2026-02-26,26.600000381469727,26.59000015258789
EPI,2026-02-26,45.61000061035156,45.58000183105469
EWA,2026-02-26,30.1299991607666,30.15999984741211
EWC,2026-02-26,57.459999084472656,57.59000015258789
EWG,2026-02-26,44.459999084472656,44.34999847412109
EWJ,2026-02-26,92.5999984741211,92.44000244140624
EWL,2026-02-26,64.87000274658203,64.8499984741211
EWN,2026-02-26,63.68999862670898,63.77000045776367
EWQ,2026-02-26,48.130001068115234,48.02000045776367
EWT,2026-02-26,77.25,77.05999755859375
EWU,2026-02-26,48.59999847412109,48.65999984741211
EWW,2026-02-26,80.5,80.44999694824219
EWY,2026-02-26,153.30999755859375,148.88999938964844
EWZ,2026-02-26,39.2599983215332,39.59000015258789
EZA,2026-02-26,80.1500015258789,80.2699966430664
EZU,2026-02-26,69.12000274658203,69.2300033569336
FALN,2026-02-26,27.63999938964844,27.6200008392334
FDN,2026-02-26,240.88999938964844,239.92999267578125
FXI,2026-02-26,37.45000076293945,38.41999816894531
GIGB,2026-02-26,46.77999877929688,46.790000915527344
GLD,2026-02-26,474.95001220703125,473.4200134277344
GLTR,2026-02-26,246.4600067138672,247.58999633789065
GOVT,2026-02-26,23.280000686645508,23.25
HYG,2026-02-26,80.88999938964844,80.91999816894531
IAU,2026-02-26,97.30999755859376,96.97000122070312
IEF,2026-02-26,97.41999816894531,97.33999633789062
IEI,2026-02-26,120.23999786376953,120.16999816894531
IGIB,2026-02-26,54.41999816894531,54.40999984741211
IGV,2026-02-26,81.44000244140625,80.8499984741211
IHI,2026-02-26,59.90999984741211,59.66999816894531
INDA,2026-02-26,52.7400016784668,52.7400016784668
ITB,2026-02-26,106.69000244140624,106.43000030517578
IWM,2026-02-26,265.010009765625,264.5799865722656
IYR,2026-02-26,100.93000030517578,100.37000274658205
IYT,2026-02-26,80.87999725341797,80.44000244140625
JMBS,2026-02-26,46.27000045776367,46.31999969482422
JNK,2026-02-26,97.62999725341797,97.55999755859375
KRE,2026-02-26,69.98999786376953,69.87000274658203
LEMB,2026-02-26,43.0,43.0
LIT,2026-02-26,76.20999908447266,77.08999633789062
LMBS,2026-02-26,50.40999984741211,50.33000183105469
LQD,2026-02-26,111.63999938964844,111.6500015258789
MBB,2026-02-26,96.54000091552734,96.5199966430664
MDY,2026-02-26,657.3499755859375,655.6400146484375
PALL,2026-02-26,31.993999481201172,32.49800109863281
PCY,2026-02-26,22.020000457763672,21.989999771118164
PFF,2026-02-26,31.670000076293945,31.709999084472656
PPLT,2026-02-26,20.503000259399414,20.72599983215332
QLTA,2026-02-26,48.560001373291016,48.56999969482422
QQQ,2026-02-26,615.5900268554688,616.6799926757812
REM,2026-02-26,22.43000030517578,22.43000030517578
REMX,2026-02-26,97.97000122070312,98.1999969482422
RSP,2026-02-26,204.1199951171875,203.5800018310547
RWR,2026-02-26,107.8499984741211,107.5
RWX,2026-02-26,30.40999984741211,30.299999237060547
SCHH,2026-02-26,22.93000030517578,22.850000381469727
SCHO,2026-02-26,24.420000076293945,24.420000076293945
SCHP,2026-02-26,26.8799991607666,26.86000061035156
SGOL,2026-02-26,49.25,49.08000183105469
SHY,2026-02-26,83.02999877929688,83.04000091552734
SHYG,2026-02-26,42.84999847412109,42.84999847412109
SIVR,2026-02-26,82.62000274658203,84.02999877929688
SKYY,2026-02-26,110.62000274658205,109.93000030517578
SLQD,2026-02-26,50.93000030517578,50.91999816894531
SLV,2026-02-26,78.76000213623047,80.04000091552734
SLX,2026-02-26,100.5500030517578,101.68000030517578
SMH,2026-02-26,423.7200012207031,426.1600036621094
SOXX,2026-02-26,366.3800048828125,368.0
SOYB,2026-02-26,23.799999237060547,23.739999771118164
SPIB,2026-02-26,34.060001373291016,34.06999969482422
SPMB,2026-02-26,22.75,22.76000022888184
SPTL,2026-02-26,27.25,27.200000762939453
SPY,2026-02-26,693.280029296875,693.1500244140625
SRLN,2026-02-26,40.27000045776367,40.290000915527344
STIP,2026-02-26,103.0999984741211,103.05999755859376
TIP,2026-02-26,111.52999877929688,111.41000366210938
TLH,2026-02-26,104.26000213623047,104.0999984741211
TLT,2026-02-26,90.05999755859375,89.91000366210938
TUR,2026-02-26,41.22999954223633,41.18999862670898
UGA,2026-02-26,70.83000183105469,71.48999786376953
UNG,2026-02-26,11.300000190734863,11.600000381469727
UNL,2026-02-26,6.809999942779541,6.900000095367432
USHY,2026-02-26,37.5099983215332,37.51499938964844
USIG,2026-02-26,52.33000183105469,52.31999969482422
USO,2026-02-26,78.1500015258789,79.7300033569336
VCIT,2026-02-26,84.58999633789062,84.58999633789062
VCSH,2026-02-26,80.12999725341797,80.12999725341797
VDC,2026-02-26,242.0399932861328,241.2899932861328
VGIT,2026-02-26,60.459999084472656,60.41999816894531
VGLT,2026-02-26,57.41999816894531,57.31999969482422
VHT,2026-02-26,292.0199890136719,291.8800048828125
VMBS,2026-02-26,47.709999084472656,47.63999938964844
VNQ,2026-02-26,95.16999816894533,94.87000274658205
VNQI,2026-02-26,50.68000030517578,50.68000030517578
VPU,2026-02-26,203.97000122070312,204.5500030517578
VTIP,2026-02-26,49.790000915527344,49.790000915527344
VWOB,2026-02-26,68.37999725341797,68.3499984741211
WEAT,2026-02-26,21.770000457763672,21.75
XBI,2026-02-26,127.5,128.27999877929688
XLB,2026-02-26,52.88999938964844,53.060001373291016
XLC,2026-02-26,116.22000122070312,116.5
XLE,2026-02-26,54.369998931884766,54.869998931884766
XLF,2026-02-26,52.06999969482422,51.869998931884766
XLI,2026-02-26,176.13999938964844,175.60000610351562
XLK,2026-02-26,142.94000244140625,143.00999450683594
XLP,2026-02-26,89.26000213623047,89.01000213623047
XLRE,2026-02-26,43.65999984741211,43.439998626708984
XLU,2026-02-26,47.27000045776367,47.36000061035156
XLV,2026-02-26,158.07000732421875,157.8300018310547
XLY,2026-02-26,117.2300033569336,117.08999633789062
XME,2026-02-26,118.77999877929688,119.4800033569336
XPH,2026-02-26,58.52999877929688,58.40999984741211
XRT,2026-02-26,87.01000213623047,86.69000244140625
ANGL,2026-02-27,29.700000762939453,29.709999084472656
BKLN,2026-02-27,20.34000015258789,20.34000015258789
BNO,2026-02-27,34.77000045776367,33.810001373291016
BWX,2026-02-27,23.020000457763672,23.030000686645508
CANE,2026-02-27,9.220000267028809,9.31999969482422
CEMB,2026-02-27,46.380001068115234,46.38999938964844
CIBR,2026-02-27,62.400001525878906,63.869998931884766
CORN,2026-02-27,17.889999389648438,17.739999771118164
CPER,2026-02-27,37.13999938964844,36.72999954223633
DBA,2026-02-27,26.100000381469727,26.049999237060547
DBB,2026-02-27,24.31999969482422,24.18000030517578
DBC,2026-02-27,25.100000381469727,24.76000022888184
DBE,2026-02-27,20.479999542236328,20.030000686645508
DBO,2026-02-27,14.449999809265137,14.0600004196167
DIA,2026-02-27,489.6300048828125,494.8599853515625
EBND,2026-02-27,21.850000381469727,21.899999618530277
EEM,2026-02-27,62.20000076293945,62.709999084472656
EFA,2026-02-27,105.5199966430664,105.56999969482422
EMB,2026-02-27,97.62999725341797,97.68000030517578
EMHY,2026-02-27,40.84000015258789,40.90999984741211
EMLC,2026-02-27,26.540000915527344,26.57999992370605
EPI,2026-02-27,45.15999984741211,45.47999954223633
EWA,2026-02-27,30.11000061035156,30.13999938964844
EWC,2026-02-27,57.95000076293945,58.150001525878906
EWG,2026-02-27,44.43000030517578,44.560001373291016
EWJ,2026-02-27,92.66999816894533,92.4800033569336
EWL,2026-02-27,65.13999938964844,64.62999725341797
EWN,2026-02-27,62.58000183105469,63.04999923706055
EWQ,2026-02-27,47.93999862670898,48.34999847412109
EWT,2026-02-27,74.94000244140625,76.13999938964844
EWU,2026-02-27,48.7599983215332,48.61000061035156
EWW,2026-02-27,80.30000305175781,80.66000366210938
EWY,2026-02-27,148.1699981689453,150.41000366210938
EWZ,2026-02-27,38.7400016784668,39.09999847412109
EZA,2026-02-27,80.91999816894531,80.76000213623047
EZU,2026-02-27,68.79000091552734,69.05999755859375
FALN,2026-02-27,27.6299991607666,27.63999938964844
FDN,2026-02-27,239.9900054931641,241.97999572753903
FXI,2026-02-27,37.310001373291016,37.38999938964844
GIGB,2026-02-27,46.84000015258789,46.84000015258789
GLD,2026-02-27,480.75,477.4800109863281
GLTR,2026-02-27,253.8300018310547,249.25
GOVT,2026-02-27,23.36000061035156,23.309999465942383
HYG,2026-02-27,80.75,80.8499984741211
IAU,2026-02-27,98.45999908447266,97.79000091552734
IEF,2026-02-27,97.87999725341797,97.5999984741211
IEI,2026-02-27,120.6500015258789,120.37999725341797
IGIB,2026-02-27,54.52000045776367,54.470001220703125
IGV,2026-02-27,80.30000305175781,82.5999984741211
IHI,2026-02-27,59.81999969482422,60.31999969482422
INDA,2026-02-27,52.11000061035156,52.58000183105469
ITB,2026-02-27,106.73999786376952,107.23999786376952
IWM,2026-02-27,262.1000061035156,265.989990234375
IYR,2026-02-27,100.81999969482422,101.0500030517578
IYT,2026-02-27,81.25,82.22000122070312
JMBS,2026-02-27,46.29999923706055,46.380001068115234
JNK,2026-02-27,97.36000061035156,97.4800033569336
KRE,2026-02-27,68.9000015258789,70.38999938964844
LEMB,2026-02-27,42.900001525878906,42.93000030517578
LIT,2026-02-27,75.69999694824219,75.7699966430664
LMBS,2026-02-27,50.45000076293945,50.36000061035156
LQD,2026-02-27,111.69999694824219,111.72000122070312
MBB,2026-02-27,96.93000030517578,96.75
MDY,2026-02-27,650.8200073242188,658.1400146484375
PALL,2026-02-27,32.41600036621094,32.486000061035156
PCY,2026-02-27,21.940000534057617,21.96999931335449
PFF,2026-02-27,31.530000686645508,31.6299991607666
PPLT,2026-02-27,21.400999069213867,20.70800018310547
QLTA,2026-02-27,48.650001525878906,48.619998931884766
QQQ,2026-02-27,602.97998046875,609.239990234375
REM,2026-02-27,22.649999618530277,22.71999931335449
REMX,2026-02-27,99.88999938964844,97.55999755859376
RSP,2026-02-27,203.3699951171875,204.72999572753903
RWR,2026-02-27,108.1999969482422,108.4800033569336
RWX,2026-02-27,30.31999969482422,30.459999084472656
SCHH,2026-02-27,22.93000030517578,22.979999542236328
SCHO,2026-02-27,24.450000762939453,24.43000030517578
SCHP,2026-02-27,26.979999542236328,26.93000030517578
SGOL,2026-02-27,49.83000183105469,49.5099983215332
SHY,2026-02-27,83.16000366210938,83.06999969482422
SHYG,2026-02-27,42.77000045776367,42.84000015258789
SIVR,2026-02-27,87.43000030517578,84.48999786376953
SKYY,2026-02-27,108.48999786376952,111.4000015258789
SLQD,2026-02-27,50.97999954223633,50.93999862670898
SLV,2026-02-27,83.25,80.44999694824219
SLX,2026-02-27,100.5500030517578,100.77999877929688
SMH,2026-02-27,403.260009765625,412.010009765625
SOXX,2026-02-27,349.6000061035156,356.79998779296875
SOYB,2026-02-27,23.799999237060547,23.739999771118164
SPIB,2026-02-27,34.11000061035156,34.09000015258789
SPMB,2026-02-27,22.850000381469727,22.790000915527344
SPTL,2026-02-27,27.420000076293945,27.309999465942383
SPY,2026-02-27,683.0900268554688,689.2999877929688
SRLN,2026-02-27,40.13999938964844,40.18000030517578
STIP,2026-02-27,103.37999725341795,103.20999908447266
TIP,2026-02-27,111.9800033569336,111.70999908447266
TLH,2026-02-27,104.86000061035156,104.4800033569336
TLT,2026-02-27,90.69000244140625,90.2699966430664
TUR,2026-02-27,40.81999969482422,41.22999954223633
UGA,2026-02-27,72.83999633789062,71.81999969482422
UNG,2026-02-27,11.510000228881836,11.380000114440918
UNL,2026-02-27,6.849999904632568,6.840000152587891
USHY,2026-02-27,37.43000030517578,37.4900016784668
USIG,2026-02-27,52.34000015258789,52.34999847412109
USO,2026-02-27,82.0,79.7699966430664
VCIT,2026-02-27,84.73999786376953,84.68000030517578
VCSH,2026-02-27,80.20999908447266,80.16999816894531
VDC,2026-02-27,241.3999938964844,240.88999938964844
VGIT,2026-02-27,60.68999862670898,60.54999923706055
VGLT,2026-02-27,57.79999923706055,57.540000915527344
VHT,2026-02-27,289.82000732421875,291.4200134277344
VMBS,2026-02-27,47.880001068115234,47.77000045776367
VNQ,2026-02-27,95.1999969482422,95.5199966430664
VNQI,2026-02-27,50.72999954223633,50.7599983215332
VPU,2026-02-27,203.6100006103516,203.77999877929688
VTIP,2026-02-27,49.95000076293945,49.84999847412109
VWOB,2026-02-27,68.27999877929688,68.33000183105469
WEAT,2026-02-27,22.31999969482422,21.920000076293945
XBI,2026-02-27,126.06999969482422,127.66999816894533
XLB,2026-02-27,52.86000061035156,53.0
XLC,2026-02-27,116.28500366210938,116.72000122070312
XLE,2026-02-27,55.63999938964844,55.04999923706055
XLF,2026-02-27,51.880001068115234,52.5
XLI,2026-02-27,175.3699951171875,176.6999969482422
XLK,2026-02-27,138.30999755859375,141.00999450683594
XLP,2026-02-27,88.9800033569336,88.86000061035156
XLRE,2026-02-27,43.54999923706055,43.630001068115234
XLU,2026-02-27,47.20000076293945,47.18000030517578
XLV,2026-02-27,156.74000549316406,157.4199981689453
XLY,2026-02-27,116.01000213623047,117.05000305175781
XME,2026-02-27,119.0999984741211,120.02999877929688
XPH,2026-02-27,57.52999877929688,58.25
XRT,2026-02-27,86.86000061035156,87.66999816894531
