ticker,day,open,prev_close
ANGL,2026-04-01,28.600000381469727,28.71999931335449
BKLN,2026-04-01,20.43000030517578,20.40999984741211
BNO,2026-04-01,50.7599983215332,52.0099983215332
BWX,2026-04-01,22.0,21.950000762939453
CANE,2026-04-01,10.25,10.4399995803833
CEMB,2026-04-01,45.08000183105469,45.27999877929688
CIBR,2026-04-01,63.33000183105469,62.68000030517578
CORN,2026-04-01,18.18000030517578,18.399999618530273
CPER,2026-04-01,34.31999969482422,34.43000030517578
DBA,2026-04-01,27.1299991607666,27.31999969482422
DBB,2026-04-01,23.56999969482422,23.5
DBC,2026-04-01,28.71999931335449,28.950000762939453
DBE,2026-04-01,28.8700008392334,29.46999931335449
DBO,2026-04-01,19.18000030517578,19.670000076293945
DIA,2026-04-01,466.0,463.1900024414063
EBND,2026-04-01,20.65999984741211,20.63999938964844
EEM,2026-04-01,57.209999084472656,56.790000915527344
EFA,2026-04-01,98.5199966430664,97.12999725341797
EMB,2026-04-01,93.83000183105469,93.93000030517578
EMHY,2026-04-01,39.29999923706055,39.380001068115234
EMLC,2026-04-01,25.09000015258789,25.11000061035156
EPI,2026-04-01,40.630001068115234,40.79999923706055
EWA,2026-04-01,28.18000030517578,27.76000022888184
EWC,2026-04-01,55.13999938964844,54.790000915527344
EWG,2026-04-01,40.290000915527344,39.66999816894531
EWJ,2026-04-01,86.66000366210938,84.44000244140625
EWL,2026-04-01,59.43999862670898,58.810001373291016
EWN,2026-04-01,58.650001525878906,57.5099983215332
EWQ,2026-04-01,43.81999969482422,43.380001068115234
EWT,2026-04-01,71.55000305175781,70.91999816894531
EWU,2026-04-01,46.06999969482422,45.560001373291016
EWW,2026-04-01,75.91000366210938,75.2300033569336
EWY,2026-04-01,125.68000030517578,123.01000213623048
EWZ,2026-04-01,38.540000915527344,38.38999938964844
EZA,2026-04-01,68.91999816894531,67.80000305175781
EZU,2026-04-01,63.43999862670898,62.63999938964844
FALN,2026-04-01,26.670000076293945,26.71999931335449
FDN,2026-04-01,236.2700042724609,234.02999877929688
FXI,2026-04-01,35.599998474121094,35.900001525878906
GIGB,2026-04-01,45.66999816894531,45.79999923706055
GLD,2026-04-01,435.0,430.2900085449219
GLTR,2026-04-01,219.8300018310547,218.72000122070312
GOVT,2026-04-01,22.84000015258789,22.90999984741211
HYG,2026-04-01,79.3499984741211,79.55999755859375
IAU,2026-04-01,89.12000274658203,88.16000366210938
IEF,2026-04-01,95.08000183105469,95.44000244140625
IEI,2026-04-01,118.19000244140625,118.5999984741211
IGIB,2026-04-01,52.970001220703125,53.220001220703125
IGV,2026-04-01,80.75,80.05000305175781
IHI,2026-04-01,53.540000915527344,53.34999847412109
INDA,2026-04-01,46.59999847412109,46.84000015258789
ITB,2026-04-01,91.08000183105467,90.5500030517578
IWM,2026-04-01,249.9199981689453,248.0
IYR,2026-04-01,94.61000061035156,94.55999755859376
IYT,2026-04-01,75.16999816894531,74.5999984741211
JMBS,2026-04-01,45.220001220703125,45.18000030517578
JNK,2026-04-01,95.41999816894531,95.72000122070312
KRE,2026-04-01,65.33000183105469,65.1500015258789
LEMB,2026-04-01,41.060001373291016,40.79999923706055
LIT,2026-04-01,74.1500015258789,74.3499984741211
LMBS,2026-04-01,49.77000045776367,49.810001373291016
LQD,2026-04-01,108.48999786376953,108.98999786376953
MBB,2026-04-01,94.72000122070312,94.94999694824219
MDY,2026-04-01,619.8800048828125,616.760009765625
PALL,2026-04-01,26.691999435424805,26.941999435424805
PCY,2026-04-01,21.0,20.899999618530277
PFF,2026-04-01,30.329999923706055,30.31999969482422
PPLT,2026-04-01,17.83099937438965,17.822999954223633
QLTA,2026-04-01,47.40999984741211,47.59000015258789
QQQ,2026-04-01,581.47998046875,577.1799926757812
REM,2026-04-01,21.559999465942383,21.46999931335449
REMX,2026-04-01,89.61000061035156,88.0
RSP,2026-04-01,192.5399932861328,191.9199981689453
RWR,2026-04-01,101.11000061035156,100.97000122070312
RWX,2026-04-01,27.170000076293945,26.6200008392334
SCHH,2026-04-01,21.5,21.489999771118164
SCHO,2026-04-01,24.200000762939453,24.270000457763672
SCHP,2026-04-01,26.56999969482422,26.61000061035156
SGOL,2026-04-01,45.11000061035156,44.619998931884766
SHY,2026-04-01,82.31999969482422,82.56999969482422
SHYG,2026-04-01,42.11000061035156,42.310001373291016
SIVR,2026-04-01,71.33999633789062,71.61000061035156
SKYY,2026-04-01,110.66999816894533,109.36000061035156
SLQD,2026-04-01,50.29999923706055,50.4900016784668
SLV,2026-04-01,67.95999908447266,68.13999938964844
SLX,2026-04-01,92.9800033569336,91.80999755859376
SMH,2026-04-01,388.260009765625,383.3999938964844
SOXX,2026-04-01,333.489990234375,328.6600036621094
SOYB,2026-04-01,24.25,24.399999618530273
SPIB,2026-04-01,33.400001525878906,33.540000915527344
SPMB,2026-04-01,22.34000015258789,22.38999938964844
SPTL,2026-04-01,26.170000076293945,26.299999237060547
SPY,2026-04-01,653.9000244140625,650.3400268554688
SRLN,2026-04-01,39.93000030517578,40.13999938964844
STIP,2026-04-01,103.12000274658205,103.43000030517578
TIP,2026-04-01,110.30999755859375,110.36000061035156
TLH,2026-04-01,100.25,100.72000122070312
TLT,2026-04-01,86.27999877929688,86.69000244140625
TUR,2026-04-01,38.68000030517578,38.650001525878906
UGA,2026-04-01,100.44999694824219,103.33999633789062
UNG,2026-04-01,11.550000190734863,11.729999542236328
UNL,2026-04-01,6.820000171661377,6.900000095367432
USHY,2026-04-01,36.70000076293945,36.84000015258789
USIG,2026-04-01,51.0,51.22999954223633
USO,2026-04-01,124.86000061035156,127.25
VCIT,2026-04-01,82.5,82.75
VCSH,2026-04-01,78.95999908447266,79.2699966430664
VDC,2026-04-01,224.02999877929688,224.58999633789065
VGIT,2026-04-01,59.31999969482422,59.54999923706055
VGLT,2026-04-01,55.11000061035156,55.36000061035156
VHT,2026-04-01,274.1000061035156,272.3299865722656
VMBS,2026-04-01,46.84000015258789,46.95000076293945
VNQ,2026-04-01,88.69999694824219,88.69999694824219
VNQI,2026-04-01,44.869998931884766,44.45000076293945
VPU,2026-04-01,197.75,198.13999938964844
VTIP,2026-04-01,49.88999938964844,49.95000076293945
VWOB,2026-04-01,65.5999984741211,65.69000244140625
WEAT,2026-04-01,23.1200008392334,23.56999969482422
XBI,2026-04-01,128.7899932861328,127.7300033569336
XLB,2026-04-01,50.34000015258789,49.970001220703125
XLC,2026-04-01,111.25,110.86000061035156
XLE,2026-04-01,59.720001220703125,61.2599983215332
XLF,2026-04-01,49.79999923706055,49.369998931884766
XLI,2026-04-01,163.49000549316406,161.72999572753906
XLK,2026-04-01,134.1199951171875,132.89999389648438
XLP,2026-04-01,81.72000122070312,81.9800033569336
XLRE,2026-04-01,40.869998931884766,40.83000183105469
XLU,2026-04-01,45.779998779296875,45.88999938964844
XLV,2026-04-01,147.22000122070312,146.61000061035156
XLY,2026-04-01,109.69000244140625,108.9800033569336
XME,2026-04-01,109.72000122070312,108.01000213623048
XPH,2026-04-01,54.5099983215332,54.09000015258789
XRT,2026-04-01,80.7699966430664,80.47000122070312
ANGL,2026-04-02,28.6200008392334,28.729999542236328
BKLN,2026-04-02,20.420000076293945,20.450000762939453
BNO,2026-04-02,54.459999084472656,50.33000183105469
BWX,2026-04-02,21.81999969482422,21.959999084472656
CANE,2026-04-02,10.350000381469728,10.279999732971191
CEMB,2026-04-02,45.040000915527344,45.04999923706055
CIBR,2026-04-02,62.29999923706055,63.150001525878906
CORN,2026-04-02,18.389999389648438,18.18000030517578
CPER,2026-04-02,33.880001068115234,34.34000015258789
DBA,2026-04-02,27.219999313354492,27.100000381469727
DBB,2026-04-02,23.459999084472656,23.739999771118164
DBC,2026-04-02,29.46999931335449,28.68000030517578
DBE,2026-04-02,30.790000915527344,28.770000457763672
DBO,2026-04-02,19.729999542236328,19.030000686645508
DIA,2026-04-02,460.1600036621094,465.4800109863281
EBND,2026-04-02,20.559999465942383,20.63999938964844
EEM,2026-04-02,55.56999969482422,57.22999954223633
EFA,2026-04-02,96.54000091552734,98.61000061035156
EMB,2026-04-02,93.55000305175781,93.86000061035156
EMHY,2026-04-02,39.130001068115234,39.29999923706055
EMLC,2026-04-02,25.0,25.11000061035156
EPI,2026-04-02,40.4900016784668,40.77000045776367
EWA,2026-04-02,27.739999771118164,28.09000015258789
EWC,2026-04-02,54.38999938964844,55.18000030517578
EWG,2026-04-02,39.150001525878906,40.20000076293945
EWJ,2026-04-02,83.9800033569336,86.4800033569336
EWL,2026-04-02,58.52000045776367,59.5
EWN,2026-04-02,57.08000183105469,58.56999969482422
EWQ,2026-04-02,42.9900016784668,43.84999847412109
EWT,2026-04-02,69.33000183105469,71.72000122070312
EWU,2026-04-02,45.560001373291016,46.34999847412109
EWW,2026-04-02,75.12000274658203,76.37000274658203
EWY,2026-04-02,117.5199966430664,126.22000122070312
EWZ,2026-04-02,37.869998931884766,38.369998931884766
EZA,2026-04-02,66.44999694824219,68.81999969482422
EZU,2026-04-02,62.150001525878906,63.52000045776367
FALN,2026-04-02,26.600000381469727,26.729999542236328
FDN,2026-04-02,231.80999755859372,235.91000366210935
FXI,2026-04-02,35.119998931884766,35.560001373291016
GIGB,2026-04-02,45.630001068115234,45.66999816894531
GLD,2026-04-02,422.2900085449219,437.82000732421875
GLTR,2026-04-02,211.02999877929688,220.91000366210935
GOVT,2026-04-02,22.84000015258789,22.82999992370605
HYG,2026-04-02,79.08000183105469,79.37000274658203
IAU,2026-04-02,86.54000091552734,89.68000030517578
IEF,2026-04-02,95.02999877929688,95.04000091552734
IEI,2026-04-02,118.16999816894531,118.13999938964844
IGIB,2026-04-02,52.959999084472656,53.040000915527344
IGV,2026-04-02,78.94000244140625,79.7699966430664
IHI,2026-04-02,52.88999938964844,53.43000030517578
INDA,2026-04-02,46.36000061035156,46.709999084472656
ITB,2026-04-02,89.26000213623047,91.0199966430664
IWM,2026-04-02,244.94000244140625,249.55999755859375
IYR,2026-04-02,94.33999633789062,94.87999725341795
IYT,2026-04-02,73.83999633789062,75.2699966430664
JMBS,2026-04-02,45.16999816894531,45.209999084472656
JNK,2026-04-02,95.0999984741211,95.47000122070312
KRE,2026-04-02,64.75,65.8499984741211
LEMB,2026-04-02,40.95000076293945,40.9900016784668
LIT,2026-04-02,72.54000091552734,74.44000244140625
LMBS,2026-04-02,49.84000015258789,49.83000183105469
LQD,2026-04-02,108.41000366210938,108.66000366210938
MBB,2026-04-02,94.55999755859375,94.66999816894531
MDY,2026-04-02,612.1900024414062,621.7899780273438
PALL,2026-04-02,26.41200065612793,26.93000030517578
PCY,2026-04-02,20.950000762939453,21.01000022888184
PFF,2026-04-02,30.25,30.3799991607666
PPLT,2026-04-02,17.299999237060547,17.8439998626709
QLTA,2026-04-02,47.36000061035156,47.459999084472656
QQQ,2026-04-02,573.969970703125,584.3099975585938
REM,2026-04-02,21.059999465942383,21.38999938964844
REMX,2026-04-02,85.37999725341797,88.52999877929688
RSP,2026-04-02,190.5500030517578,192.5399932861328
RWR,2026-04-02,101.18000030517578,101.56999969482422
RWX,2026-04-02,26.82999992370605,27.06999969482422
SCHH,2026-04-02,21.549999237060547,21.57999992370605
SCHO,2026-04-02,24.200000762939453,24.200000762939453
SCHP,2026-04-02,26.6200008392334,26.559999465942383
SGOL,2026-04-02,43.810001373291016,45.400001525878906
SHY,2026-04-02,82.33000183105469,82.31999969482422
SHYG,2026-04-02,41.97999954223633,42.119998931884766
SIVR,2026-04-02,66.72000122070312,71.56999969482422
SKYY,2026-04-02,108.12000274658205,110.33000183105467
SLQD,2026-04-02,50.29999923706055,50.31999969482422
SLV,2026-04-02,63.54999923706055,68.13999938964844
SLX,2026-04-02,91.77999877929688,93.22000122070312
SMH,2026-04-02,378.0700073242188,391.9700012207031
SOXX,2026-04-02,325.1099853515625,338.5400085449219
SOYB,2026-04-02,24.459999084472656,24.34000015258789
SPIB,2026-04-02,33.380001068115234,33.439998626708984
SPMB,2026-04-02,22.299999237060547,22.32999992370605
SPTL,2026-04-02,26.149999618530277,26.170000076293945
SPY,2026-04-02,646.4199829101562,655.239990234375
SRLN,2026-04-02,39.91999816894531,39.970001220703125
STIP,2026-04-02,103.2699966430664,103.12000274658205
TIP,2026-04-02,110.52999877929688,110.36000061035156
TLH,2026-04-02,100.18000030517578,100.23999786376953
TLT,2026-04-02,86.20999908447266,86.26000213623047
TUR,2026-04-02,38.61000061035156,38.68999862670898
UGA,2026-04-02,105.80000305175781,99.5
UNG,2026-04-02,11.390000343322754,11.420000076293945
UNL,2026-04-02,6.829999923706055,6.78000020980835
USHY,2026-04-02,36.58000183105469,36.72999954223633
USIG,2026-04-02,50.97999954223633,51.060001373291016
USO,2026-04-02,139.27000427246094,124.08999633789062
VCIT,2026-04-02,82.4000015258789,82.5199966430664
VCSH,2026-04-02,78.95999908447266,79.04000091552734
VDC,2026-04-02,224.00999450683597,223.72999572753903
VGIT,2026-04-02,59.29999923706055,59.310001373291016
VGLT,2026-04-02,55.060001373291016,55.09999847412109
VHT,2026-04-02,272.2200012207031,274.5
VMBS,2026-04-02,46.81999969482422,46.83000183105469
VNQ,2026-04-02,88.88999938964844,89.0199966430664
VNQI,2026-04-02,44.34000015258789,44.95000076293945
VPU,2026-04-02,198.6300048828125,198.97000122070312
VTIP,2026-04-02,49.97999954223633,49.869998931884766
VWOB,2026-04-02,65.3499984741211,65.5999984741211
WEAT,2026-04-02,23.190000534057617,22.829999923706055
XBI,2026-04-02,125.66000366210938,128.5500030517578
XLB,2026-04-02,50.08000183105469,50.459999084472656
XLC,2026-04-02,110.13999938964844,111.23999786376953
XLE,2026-04-02,60.529998779296875,58.970001220703125
XLF,2026-04-02,48.83000183105469,49.439998626708984
XLI,2026-04-02,161.72000122070312,164.42999267578125
XLK,2026-04-02,131.91000366210938,134.91000366210938
XLP,2026-04-02,81.70999908447266,81.45999908447266
XLRE,2026-04-02,40.88999938964844,40.95000076293945
XLU,2026-04-02,46.040000915527344,46.11000061035156
XLV,2026-04-02,146.92999267578125,147.72999572753906
XLY,2026-04-02,107.45999908447266,109.80000305175781
XME,2026-04-02,106.7699966430664,109.9000015258789
XPH,2026-04-02,53.7400016784668,54.720001220703125
XRT,2026-04-02,79.69000244140625,80.5999984741211
ANGL,2026-04-06,28.81999969482422,28.809999465942383
BKLN,2026-04-06,20.469999313354492,20.479999542236328
BNO,2026-04-06,54.529998779296875,54.119998931884766
BWX,2026-04-06,21.8799991607666,21.8799991607666
CANE,2026-04-06,10.1899995803833,10.140000343322754
CEMB,2026-04-06,45.09999847412109,45.13999938964844
CIBR,2026-04-06,64.19499969482422,64.19000244140625
CORN,2026-04-06,18.170000076293945,18.190000534057617
CPER,2026-04-06,34.380001068115234,34.369998931884766
DBA,2026-04-06,27.200000762939453,27.15999984741211
DBB,2026-04-06,23.540000915527344,23.549999237060547
DBC,2026-04-06,29.38999938964844,29.32999992370605
DBE,2026-04-06,30.489999771118164,30.3799991607666
DBO,2026-04-06,19.520000457763672,19.420000076293945
DIA,2026-04-06,464.1600036621094,465.05999755859375
EBND,2026-04-06,20.690000534057617,20.6299991607666
EEM,2026-04-06,56.95000076293945,56.59000015258789
EFA,2026-04-06,98.12999725341797,98.0
EMB,2026-04-06,93.81999969482422,93.97000122070312
EMHY,2026-04-06,39.310001373291016,39.369998931884766
EMLC,2026-04-06,25.1299991607666,25.09000015258789
EPI,2026-04-06,41.06999969482422,40.77999877929688
EWA,2026-04-06,28.1299991607666,28.100000381469727
EWC,2026-04-06,55.34000015258789,55.31999969482422
EWG,2026-04-06,39.869998931884766,39.900001525878906
EWJ,2026-04-06,85.05000305175781,85.29000091552734
EWL,2026-04-06,59.02999877929688,58.95000076293945
EWN,2026-04-06,57.88999938964844,58.11000061035156
EWQ,2026-04-06,43.66999816894531,43.75
EWT,2026-04-06,71.20999908447266,70.7699966430664
EWU,2026-04-06,46.29999923706055,46.22999954223633
EWW,2026-04-06,76.31999969482422,76.11000061035156
EWY,2026-04-06,125.8499984741211,122.87000274658205
EWZ,2026-04-06,38.47999954223633,38.34999847412109
EZA,2026-04-06,68.7300033569336,68.01000213623047
EZU,2026-04-06,63.27000045776367,63.11000061035156
FALN,2026-04-06,26.799999237060547,26.78300094604492
FDN,2026-04-06,239.4199981689453,239.0399932861328
FXI,2026-04-06,35.34000015258789,35.560001373291016
GIGB,2026-04-06,45.68999862670898,45.81999969482422
GLD,2026-04-06,428.8699951171875,429.4100036621094
GLTR,2026-04-06,215.9199981689453,216.1199951171875
GOVT,2026-04-06,22.82999992370605,22.8799991607666
HYG,2026-04-06,79.51000213623047,79.55999755859375
IAU,2026-04-06,87.8499984741211,87.94000244140625
IEF,2026-04-06,95.0,95.26000213623047
IEI,2026-04-06,118.06999969482422,118.29000091552734
IGIB,2026-04-06,53.09000015258789,53.18999862670898
IGV,2026-04-06,80.41999816894531,80.33999633789062
IHI,2026-04-06,53.119998931884766,53.2400016784668
INDA,2026-04-06,47.150001525878906,46.650001525878906
ITB,2026-04-06,89.70999908447266,90.25
IWM,2026-04-06,250.99000549316406,251.2899932861328
IYR,2026-04-06,95.87999725341795,96.25
IYT,2026-04-06,75.27999877929688,75.27999877929688
JMBS,2026-04-06,45.33000183105469,45.34999847412109
JNK,2026-04-06,95.6500015258789,95.72000122070312
KRE,2026-04-06,65.83000183105469,66.0
LEMB,2026-04-06,41.09999847412109,41.0099983215332
LIT,2026-04-06,73.72000122070312,74.16999816894531
LMBS,2026-04-06,49.86000061035156,49.8849983215332
LQD,2026-04-06,108.87000274658203,109.12000274658203
MBB,2026-04-06,94.69000244140625,94.86000061035156
MDY,2026-04-06,621.2999877929688,622.4000244140625
PALL,2026-04-06,26.99799919128418,27.461999893188477
PCY,2026-04-06,21.020000457763672,21.059999465942383
PFF,2026-04-06,30.420000076293945,30.43000030517578
PPLT,2026-04-06,17.885000228881836,18.07900047302246
QLTA,2026-04-06,47.52999877929688,47.630001068115234
QQQ,2026-04-06,586.22998046875,584.97998046875
REM,2026-04-06,21.559999465942383,21.61000061035156
REMX,2026-04-06,88.73999786376953,88.9000015258789
RSP,2026-04-06,192.9499969482422,193.08999633789065
RWR,2026-04-06,102.45999908447266,102.63999938964844
RWX,2026-04-06,27.020000457763672,26.96999931335449
SCHH,2026-04-06,21.84000015258789,21.90999984741211
SCHO,2026-04-06,24.190000534057617,24.209999084472656
SCHP,2026-04-06,26.649999618530277,26.68000030517578
SGOL,2026-04-06,44.47999954223633,44.5099983215332
SHY,2026-04-06,82.29000091552734,82.36000061035156
SHYG,2026-04-06,42.18999862670898,42.20000076293945
SIVR,2026-04-06,69.16999816894531,69.11000061035156
SKYY,2026-04-06,111.91999816894533,111.83000183105467
SLQD,2026-04-06,50.33000183105469,50.380001068115234
SLV,2026-04-06,65.8499984741211,65.79000091552734
SLX,2026-04-06,92.66999816894533,92.48999786376952
SMH,2026-04-06,393.75,392.3200073242188
SOXX,2026-04-06,341.5199890136719,339.6099853515625
SOYB,2026-04-06,24.450000762939453,24.350000381469727
SPIB,2026-04-06,33.439998626708984,33.5
SPMB,2026-04-06,22.34000015258789,22.3799991607666
SPTL,2026-04-06,26.21999931335449,26.290000915527344
SPY,2026-04-06,655.8599853515625,655.8300170898438
SRLN,2026-04-06,40.02999877929688,40.02999877929688
STIP,2026-04-06,103.27999877929688,103.30999755859376
TIP,2026-04-06,110.63999938964844,110.80999755859375
TLH,2026-04-06,100.36000061035156,100.69999694824219
TLT,2026-04-06,86.5,86.79000091552734
TUR,2026-04-06,39.04999923706055,38.95000076293945
UGA,2026-04-06,105.16999816894531,105.68000030517578
UNG,2026-04-06,11.59000015258789,11.350000381469727
UNL,2026-04-06,6.829999923706055,6.769999980926514
USHY,2026-04-06,36.790000915527344,36.79999923706055
USIG,2026-04-06,51.15999984741211,51.209999084472656
USO,2026-04-06,138.50999450683594,137.9199981689453
VCIT,2026-04-06,82.6500015258789,82.73999786376953
VCSH,2026-04-06,79.02999877929688,79.0999984741211
VDC,2026-04-06,224.94000244140625,224.97000122070312
VGIT,2026-04-06,59.27000045776367,59.38999938964844
VGLT,2026-04-06,55.209999084472656,55.369998931884766
VHT,2026-04-06,272.3999938964844,273.07000732421875
VMBS,2026-04-06,46.86000061035156,46.93000030517578
VNQ,2026-04-06,89.95999908447266,90.2300033569336
VNQI,2026-04-06,44.83000183105469,44.81999969482422
VPU,2026-04-06,199.4199981689453,200.13999938964844
VTIP,2026-04-06,49.970001220703125,49.9900016784668
VWOB,2026-04-06,65.5999984741211,65.72000122070312
WEAT,2026-04-06,22.809999465942383,22.8700008392334
XBI,2026-04-06,129.14999389648438,128.9600067138672
XLB,2026-04-06,50.209999084472656,50.40999984741211
XLC,2026-04-06,111.9000015258789,111.69999694824219
XLE,2026-04-06,59.11000061035156,59.25
XLF,2026-04-06,49.5099983215332,49.529998779296875
XLI,2026-04-06,163.5399932861328,163.77000427246094
XLK,2026-04-06,136.47999572753906,135.99000549316406
XLP,2026-04-06,81.86000061035156,81.88999938964844
XLRE,2026-04-06,41.52000045776367,41.61000061035156
XLU,2026-04-06,46.150001525878906,46.34000015258789
XLV,2026-04-06,146.27999877929688,146.80999755859375
XLY,2026-04-06,107.93000030517578,108.1500015258789
XME,2026-04-06,110.4499969482422,110.77999877929688
XPH,2026-04-06,54.61000061035156,54.720001220703125
XRT,2026-04-06,80.41000366210938,80.44999694824219
ANGL,2026-04-07,28.88999938964844,28.88999938964844
BKLN,2026-04-07,20.479999542236328,20.479999542236328
BNO,2026-04-07,54.880001068115234,54.66999816894531
BWX,2026-04-07,21.8799991607666,21.86000061035156
CANE,2026-04-07,9.949999809265137,10.149999618530272
CEMB,2026-04-07,45.130001068115234,45.15999984741211
CIBR,2026-04-07,64.13999938964844,64.16000366210938
CORN,2026-04-07,18.229999542236328,18.290000915527344
CPER,2026-04-07,34.209999084472656,34.29999923706055
DBA,2026-04-07,27.15999984741211,27.280000686645508
DBB,2026-04-07,23.59000015258789,23.530000686645508
DBC,2026-04-07,29.61000061035156,29.479999542236328
DBE,2026-04-07,30.90999984741211,30.57999992370605
DBO,2026-04-07,19.93000030517578,19.790000915527344
DIA,2026-04-07,465.75,466.7699890136719
EBND,2026-04-07,20.690000534057617,20.68000030517578
EEM,2026-04-07,57.16999816894531,57.11000061035156
EFA,2026-04-07,97.66999816894531,98.48999786376953
EMB,2026-04-07,93.94000244140625,93.94000244140625
EMHY,2026-04-07,39.33000183105469,39.400001525878906
EMLC,2026-04-07,25.1200008392334,25.11000061035156
EPI,2026-04-07,41.22999954223633,41.150001525878906
EWA,2026-04-07,28.440000534057617,28.21999931335449
EWC,2026-04-07,55.29999923706055,55.4900016784668
EWG,2026-04-07,39.880001068115234,40.209999084472656
EWJ,2026-04-07,84.87999725341797,85.56999969482422
EWL,2026-04-07,58.709999084472656,59.31999969482422
EWN,2026-04-07,58.060001373291016,58.33000183105469
EWQ,2026-04-07,43.68999862670898,44.15999984741211
EWT,2026-04-07,71.31999969482422,71.29000091552734
EWU,2026-04-07,46.060001373291016,46.41999816894531
EWW,2026-04-07,76.0999984741211,76.19999694824219
EWY,2026-04-07,126.4499969482422,125.94000244140624
EWZ,2026-04-07,38.310001373291016,38.540000915527344
EZA,2026-04-07,67.95999908447266,68.16000366210938
EZU,2026-04-07,63.119998931884766,63.56999969482422
FALN,2026-04-07,26.86000061035156,26.84000015258789
FDN,2026-04-07,239.0200042724609,239.8500061035156
FXI,2026-04-07,35.36000061035156,35.54999923706055
GIGB,2026-04-07,45.66999816894531,45.7400016784668
GLD,2026-04-07,427.8999938964844,427.6499938964844
GLTR,2026-04-07,214.58999633789065,215.7700042724609
GOVT,2026-04-07,22.84000015258789,22.850000381469727
HYG,2026-04-07,79.66999816894531,79.69999694824219
IAU,2026-04-07,87.63999938964844,87.61000061035156
IEF,2026-04-07,95.06999969482422,95.01000213623047
IEI,2026-04-07,118.12999725341797,118.06999969482422
IGIB,2026-04-07,53.11000061035156,53.09000015258789
IGV,2026-04-07,79.83000183105469,80.45999908447266
IHI,2026-04-07,53.060001373291016,53.27999877929688
INDA,2026-04-07,47.34999847412109,47.25
ITB,2026-04-07,90.27999877929688,91.37999725341795
IWM,2026-04-07,251.2100067138672,252.36000061035156
IYR,2026-04-07,96.12999725341795,96.37000274658205
IYT,2026-04-07,75.19000244140625,75.69000244140625
JMBS,2026-04-07,45.29999923706055,45.310001373291016
JNK,2026-04-07,95.87000274658203,95.91000366210938
KRE,2026-04-07,66.44000244140625,66.63999938964844
LEMB,2026-04-07,41.08000183105469,41.04999923706055
LIT,2026-04-07,73.43000030517578,73.12000274658203
LMBS,2026-04-07,49.84999847412109,49.869998931884766
LQD,2026-04-07,108.86000061035156,108.94999694824219
MBB,2026-04-07,94.77999877929688,94.66000366210938
MDY,2026-04-07,623.1300048828125,625.2000122070312
PALL,2026-04-07,26.47800064086914,27.035999298095703
PCY,2026-04-07,21.020000457763672,21.049999237060547
PFF,2026-04-07,30.5,30.5
PPLT,2026-04-07,17.604000091552734,17.9689998626709
QLTA,2026-04-07,47.52999877929688,47.54999923706055
QQQ,2026-04-07,585.6400146484375,588.5
REM,2026-04-07,21.6299991607666,21.690000534057617
REMX,2026-04-07,89.04000091552734,88.44000244140625
RSP,2026-04-07,193.33999633789065,193.9199981689453
RWR,2026-04-07,102.08000183105467,102.45999908447266
RWX,2026-04-07,27.020000457763672,27.040000915527344
SCHH,2026-04-07,21.86000061035156,21.920000076293945
SCHO,2026-04-07,24.190000534057617,24.18000030517578
SCHP,2026-04-07,26.65999984741211,26.670000076293945
SGOL,2026-04-07,44.380001068115234,44.34999847412109
SHY,2026-04-07,82.30000305175781,82.27999877929688
SHYG,2026-04-07,42.27000045776367,42.2599983215332
SIVR,2026-04-07,68.61000061035156,69.41999816894531
SKYY,2026-04-07,110.45999908447266,111.16000366210938
SLQD,2026-04-07,50.34000015258789,50.33000183105469
SLV,2026-04-07,65.27999877929688,66.08999633789062
SLX,2026-04-07,92.5,92.62999725341795
SMH,2026-04-07,394.7099914550781,395.9800109863281
SOXX,2026-04-07,343.0400085449219,344.1000061035156
SOYB,2026-04-07,24.469999313354492,24.420000076293945
SPIB,2026-04-07,33.45000076293945,33.45000076293945
SPMB,2026-04-07,22.3799991607666,22.32999992370605
SPTL,2026-04-07,26.239999771118164,26.270000457763672
SPY,2026-04-07,656.6500244140625,658.9299926757812
SRLN,2026-04-07,40.060001373291016,40.04999923706055
STIP,2026-04-07,103.3499984741211,103.33000183105467
TIP,2026-04-07,110.70999908447266,110.76000213623047
TLH,2026-04-07,100.47000122070312,100.52999877929688
TLT,2026-04-07,86.5199966430664,86.6500015258789
TUR,2026-04-07,38.68000030517578,39.13999938964844
UGA,2026-04-07,107.0999984741211,106.62000274658203
UNG,2026-04-07,11.609999656677246,11.369999885559082
UNL,2026-04-07,6.860000133514404,6.760000228881836
USHY,2026-04-07,36.84999847412109,36.880001068115234
USIG,2026-04-07,51.13999938964844,51.130001068115234
USO,2026-04-07,141.3300018310547,138.94000244140625
VCIT,2026-04-07,82.62999725341797,82.5999984741211
VCSH,2026-04-07,79.0,79.02999877929688
VDC,2026-04-07,226.4199981689453,226.80999755859372
VGIT,2026-04-07,59.290000915527344,59.27999877929688
VGLT,2026-04-07,55.2400016784668,55.29999923706055
VHT,2026-04-07,273.010009765625,272.1099853515625
VMBS,2026-04-07,46.869998931884766,46.79999923706055
VNQ,2026-04-07,90.06999969482422,90.36000061035156
VNQI,2026-04-07,44.7599983215332,45.040000915527344
VPU,2026-04-07,198.8800048828125,199.3999938964844
VTIP,2026-04-07,50.0,49.9900016784668
VWOB,2026-04-07,65.68000030517578,65.72000122070312
WEAT,2026-04-07,22.739999771118164,22.850000381469727
XBI,2026-04-07,127.97000122070312,128.8000030517578
XLB,2026-04-07,50.119998931884766,50.220001220703125
XLC,2026-04-07,111.56999969482422,111.76000213623047
XLE,2026-04-07,59.810001373291016,59.68000030517578
XLF,2026-04-07,49.619998931884766,49.880001068115234
XLI,2026-04-07,163.64999389648438,164.61000061035156
XLK,2026-04-07,136.1699981689453,136.77999877929688
XLP,2026-04-07,82.45999908447266,82.66000366210938
XLRE,2026-04-07,41.59000015258789,41.7599983215332
XLU,2026-04-07,46.060001373291016,46.16999816894531
XLV,2026-04-07,146.91000366210938,146.27999877929688
XLY,2026-04-07,108.11000061035156,109.04000091552734
XME,2026-04-07,109.76000213623048,110.22000122070312
XPH,2026-04-07,54.150001525878906,54.34999847412109
XRT,2026-04-07,81.48999786376953,81.83000183105469
ANGL,2026-04-08,29.26000022888184,28.940000534057617
BKLN,2026-04-08,20.530000686645508,20.5
BNO,2026-04-08,45.63999938964844,53.52000045776367
BWX,2026-04-08,22.34000015258789,21.93000030517578
CANE,2026-04-08,9.729999542236328,9.869999885559082
CEMB,2026-04-08,45.4900016784668,45.18999862670898
CIBR,2026-04-08,67.26000213623047,65.25
CORN,2026-04-08,17.850000381469727,18.049999237060547
CPER,2026-04-08,35.22999954223633,34.08000183105469
DBA,2026-04-08,26.90999984741211,27.010000228881836
DBB,2026-04-08,23.8700008392334,23.489999771118164
DBC,2026-04-08,28.030000686645508,29.3700008392334
DBE,2026-04-08,27.459999084472656,30.459999084472656
DBO,2026-04-08,18.799999237060547,19.88999938964844
DIA,2026-04-08,478.8800048828125,465.8800048828125
EBND,2026-04-08,21.13999938964844,20.729999542236328
EEM,2026-04-08,60.86000061035156,57.310001373291016
EFA,2026-04-08,102.48999786376953,98.3499984741211
EMB,2026-04-08,95.51000213623047,93.98999786376953
EMHY,2026-04-08,40.04999923706055,39.400001525878906
EMLC,2026-04-08,25.68000030517578,25.15999984741211
EPI,2026-04-08,43.04999923706055,41.25
EWA,2026-04-08,29.61000061035156,28.540000915527344
EWC,2026-04-08,56.97999954223633,55.720001220703125
EWG,2026-04-08,42.04999923706055,40.11000061035156
EWJ,2026-04-08,89.81999969482422,85.51000213623047
EWL,2026-04-08,60.720001220703125,58.93000030517578
EWN,2026-04-08,61.59999847412109,58.59000015258789
EWQ,2026-04-08,45.95000076293945,44.02000045776367
EWT,2026-04-08,76.37000274658203,71.81999969482422
EWU,2026-04-08,47.83000183105469,46.31999969482422
EWW,2026-04-08,80.37000274658203,75.94000244140625
EWY,2026-04-08,140.27999877929688,127.19000244140624
EWZ,2026-04-08,40.040000915527344,38.459999084472656
EZA,2026-04-08,74.94000244140625,68.41000366210938
EZU,2026-04-08,66.61000061035156,63.4900016784668
FALN,2026-04-08,27.18000030517578,26.881000518798828
FDN,2026-04-08,250.0399932861328,240.92999267578125
FXI,2026-04-08,36.54999923706055,35.47999954223633
GIGB,2026-04-08,46.16999816894531,45.84000015258789
GLD,2026-04-08,439.9800109863281,431.80999755859375
GLTR,2026-04-08,224.3800048828125,216.75999450683597
GOVT,2026-04-08,22.950000762939453,22.850000381469727
HYG,2026-04-08,80.47000122070312,79.72000122070312
IAU,2026-04-08,90.1500015258789,88.45999908447266
IEF,2026-04-08,95.72000122070312,95.25
IEI,2026-04-08,118.69999694824219,118.29000091552734
IGIB,2026-04-08,53.560001373291016,53.18999862670898
IGV,2026-04-08,83.13999938964844,80.5
IHI,2026-04-08,54.369998931884766,53.18999862670898
INDA,2026-04-08,49.81999969482422,47.36000061035156
ITB,2026-04-08,92.5,88.8499984741211
IWM,2026-04-08,261.5199890136719,252.91000366210938
IYR,2026-04-08,97.80999755859376,96.45999908447266
IYT,2026-04-08,78.31999969482422,75.44999694824219
JMBS,2026-04-08,45.63999938964844,45.34000015258789
JNK,2026-04-08,96.9000015258789,95.91999816894531
KRE,2026-04-08,68.66000366210938,66.75
LEMB,2026-04-08,42.040000915527344,41.16999816894531
LIT,2026-04-08,77.02999877929688,73.73999786376953
LMBS,2026-04-08,50.04999923706055,49.86000061035156
LQD,2026-04-08,109.9800033569336,109.06999969482422
MBB,2026-04-08,95.31999969482422,94.86000061035156
MDY,2026-04-08,643.1199951171875,625.8900146484375
PALL,2026-04-08,29.15999984741211,26.618000030517578
PCY,2026-04-08,21.479999542236328,21.06999969482422
PFF,2026-04-08,30.700000762939453,30.469999313354492
PPLT,2026-04-08,18.80900001525879,17.79199981689453
QLTA,2026-04-08,47.91999816894531,47.619998931884766
QQQ,2026-04-08,608.7100219726562,588.5900268554688
REM,2026-04-08,21.989999771118164,21.51000022888184
REMX,2026-04-08,94.9499969482422,89.08999633789062
RSP,2026-04-08,197.3000030517578,193.4900054931641
RWR,2026-04-08,104.48999786376952,102.91999816894533
RWX,2026-04-08,28.290000915527344,27.030000686645508
SCHH,2026-04-08,22.25,21.959999084472656
SCHO,2026-04-08,24.25,24.209999084472656
SCHP,2026-04-08,26.75,26.690000534057617
SGOL,2026-04-08,45.63999938964844,44.77999877929688
SHY,2026-04-08,82.4800033569336,82.33999633789062
SHYG,2026-04-08,42.630001068115234,42.290000915527344
SIVR,2026-04-08,73.25,69.25
SKYY,2026-04-08,115.5199966430664,111.33000183105467
SLQD,2026-04-08,50.4900016784668,50.380001068115234
SLV,2026-04-08,69.7300033569336,65.94000244140625
SLX,2026-04-08,96.79000091552734,92.8499984741211
SMH,2026-04-08,423.1600036621094,399.8999938964844
SOXX,2026-04-08,367.8900146484375,347.760009765625
SOYB,2026-04-08,24.200000762939453,24.280000686645508
SPIB,2026-04-08,33.650001525878906,33.5
SPMB,2026-04-08,22.479999542236328,22.3700008392334
SPTL,2026-04-08,26.479999542236328,26.26000022888184
SPY,2026-04-08,676.3900146484375,659.219970703125
SRLN,2026-04-08,40.25,40.060001373291016
STIP,2026-04-08,103.33999633789062,103.4499969482422
TIP,2026-04-08,111.06999969482422,110.88999938964844
TLH,2026-04-08,101.4000015258789,100.56999969482422
TLT,2026-04-08,87.36000061035156,86.63999938964844
TUR,2026-04-08,41.0,38.81999969482422
UGA,2026-04-08,94.38999938964844,105.1500015258789
UNG,2026-04-08,11.100000381469727,11.550000190734863
UNL,2026-04-08,6.630000114440918,6.820000171661377
USHY,2026-04-08,37.22999954223633,36.90999984741211
USIG,2026-04-08,51.56999969482422,51.2400016784668
USO,2026-04-08,119.05999755859375,138.0800018310547
VCIT,2026-04-08,83.33000183105469,82.76000213623047
VCSH,2026-04-08,79.31999969482422,79.12999725341797
VDC,2026-04-08,223.97000122070312,223.16000366210935
VGIT,2026-04-08,59.61000061035156,59.38999938964844
VGLT,2026-04-08,55.7599983215332,55.29999923706055
VHT,2026-04-08,276.5899963378906,272.82000732421875
VMBS,2026-04-08,47.130001068115234,46.869998931884766
VNQ,2026-04-08,91.9000015258789,90.48999786376952
VNQI,2026-04-08,46.880001068115234,44.91999816894531
VPU,2026-04-08,200.38999938964844,199.97999572753903
VTIP,2026-04-08,49.9900016784668,50.04999923706055
VWOB,2026-04-08,66.68000030517578,65.80999755859375
WEAT,2026-04-08,22.200000762939453,22.850000381469727
XBI,2026-04-08,132.4199981689453,128.85000610351562
XLB,2026-04-08,51.08000183105469,50.08000183105469
XLC,2026-04-08,114.26000213623047,111.81999969482422
XLE,2026-04-08,56.68000030517578,60.15999984741211
XLF,2026-04-08,51.189998626708984,49.880001068115234
XLI,2026-04-08,169.60000610351562,164.27999877929688
XLK,2026-04-08,143.1300048828125,137.42999267578125
XLP,2026-04-08,81.25,81.26000213623047
XLRE,2026-04-08,42.310001373291016,41.720001220703125
XLU,2026-04-08,46.290000915527344,46.27000045776367
XLV,2026-04-08,148.1999969482422,146.57000732421875
XLY,2026-04-08,112.25,107.7699966430664
XME,2026-04-08,113.87999725341795,109.8000030517578
XPH,2026-04-08,56.02999877929688,54.58000183105469
XRT,2026-04-08,83.51000213623047,81.22000122070312
ANGL,2026-04-09,29.1200008392334,29.13999938964844
BKLN,2026-04-09,20.579999923706055,20.600000381469727
BNO,2026-04-09,48.900001525878906,48.02000045776367
BWX,2026-04-09,22.18000030517578,22.25
CANE,2026-04-09,9.56999969482422,9.699999809265137
CEMB,2026-04-09,45.40999984741211,45.38999938964844
CIBR,2026-04-09,65.44499969482422,65.66000366210938
CORN,2026-04-09,18.059999465942383,17.989999771118164
CPER,2026-04-09,35.13999938964844,35.25
DBA,2026-04-09,26.959999084472656,26.8700008392334
DBB,2026-04-09,23.8799991607666,23.90999984741211
DBC,2026-04-09,28.799999237060547,28.559999465942383
DBE,2026-04-09,29.059999465942383,28.61000061035156
DBO,2026-04-09,19.780000686645508,19.6299991607666
DIA,2026-04-09,477.489990234375,479.1600036621094
EBND,2026-04-09,21.07999992370605,21.15999984741211
EEM,2026-04-09,59.7599983215332,60.439998626708984
EFA,2026-04-09,101.08999633789062,102.19000244140625
EMB,2026-04-09,95.08000183105469,95.11000061035156
EMHY,2026-04-09,39.900001525878906,39.93999862670898
EMLC,2026-04-09,25.6299991607666,25.690000534057617
EPI,2026-04-09,42.68999862670898,42.72999954223633
EWA,2026-04-09,29.59000015258789,29.520000457763672
EWC,2026-04-09,56.59000015258789,56.63999938964844
EWG,2026-04-09,41.43999862670898,41.7400016784668
EWJ,2026-04-09,87.29000091552734,89.41000366210938
EWL,2026-04-09,60.150001525878906,60.63999938964844
EWN,2026-04-09,60.97999954223633,61.540000915527344
EWQ,2026-04-09,45.540000915527344,45.869998931884766
EWT,2026-04-09,75.62999725341797,76.36000061035156
EWU,2026-04-09,47.45000076293945,47.81999969482422
EWW,2026-04-09,78.98999786376953,79.11000061035156
EWY,2026-04-09,136.1999969482422,140.07000732421875
EWZ,2026-04-09,39.869998931884766,39.560001373291016
EZA,2026-04-09,72.3499984741211,72.81999969482422
EZU,2026-04-09,65.94000244140625,66.26000213623047
FALN,2026-04-09,27.100000381469727,27.07999992370605
FDN,2026-04-09,247.6000061035156,246.8600006103516
FXI,2026-04-09,36.04999923706055,36.34999847412109
GIGB,2026-04-09,45.93000030517578,45.97999954223633
GLD,2026-04-09,436.4700012207031,434.5299987792969
GLTR,2026-04-09,220.6100006103516,220.0
GOVT,2026-04-09,22.88999938964844,22.90999984741211
HYG,2026-04-09,80.1500015258789,80.19000244140625
IAU,2026-04-09,89.43000030517578,89.04000091552734
IEF,2026-04-09,95.37000274658203,95.45999908447266
IEI,2026-04-09,118.45999908447266,118.48999786376953
IGIB,2026-04-09,53.36000061035156,53.369998931884766
IGV,2026-04-09,79.1500015258789,79.75
IHI,2026-04-09,53.970001220703125,54.34999847412109
INDA,2026-04-09,49.15999984741211,49.27000045776367
ITB,2026-04-09,92.94000244140624,93.4800033569336
IWM,2026-04-09,258.7799987792969,260.4700012207031
IYR,2026-04-09,97.87999725341795,98.19000244140624
IYT,2026-04-09,77.52999877929688,77.77999877929688
JMBS,2026-04-09,45.43999862670898,45.52999877929688
JNK,2026-04-09,96.47000122070312,96.4800033569336
KRE,2026-04-09,68.27999877929688,68.69000244140625
LEMB,2026-04-09,41.83000183105469,41.869998931884766
LIT,2026-04-09,76.12999725341797,76.70999908447266
LMBS,2026-04-09,49.9900016784668,49.97999954223633
LQD,2026-04-09,109.30999755859375,109.48999786376953
MBB,2026-04-09,95.06999969482422,95.05999755859375
MDY,2026-04-09,641.0399780273438,643.6799926757812
PALL,2026-04-09,28.239999771118164,28.486000061035156
PCY,2026-04-09,21.36000061035156,21.36000061035156
PFF,2026-04-09,30.670000076293945,30.739999771118164
PPLT,2026-04-09,18.584999084472656,18.511999130249023
QLTA,2026-04-09,47.70000076293945,47.75
QQQ,2026-04-09,605.9299926757812,606.0900268554688
REM,2026-04-09,21.96999931335449,22.020000457763672
REMX,2026-04-09,93.70999908447266,93.5999984741211
RSP,2026-04-09,197.2400054931641,197.9600067138672
RWR,2026-04-09,104.38999938964844,104.6500015258789
RWX,2026-04-09,27.75,28.020000457763672
SCHH,2026-04-09,22.270000457763672,22.34000015258789
SCHO,2026-04-09,24.21999931335449,24.21999931335449
SCHP,2026-04-09,26.690000534057617,26.700000762939453
SGOL,2026-04-09,45.2599983215332,45.06999969482422
SHY,2026-04-09,82.41999816894531,82.41999816894531
SHYG,2026-04-09,42.4900016784668,42.5
SIVR,2026-04-09,71.0,70.91999816894531
SKYY,2026-04-09,111.06999969482422,111.56999969482422
SLQD,2026-04-09,50.43999862670898,50.43999862670898
SLV,2026-04-09,67.62000274658203,67.47000122070312
SLX,2026-04-09,97.73999786376952,97.88999938964844
SMH,2026-04-09,423.1700134277344,422.9200134277344
SOXX,2026-04-09,371.2999877929688,370.3999938964844
SOYB,2026-04-09,24.43000030517578,24.360000610351562
SPIB,2026-04-09,33.560001373291016,33.56999969482422
SPMB,2026-04-09,22.40999984741211,22.43000030517578
SPTL,2026-04-09,26.290000915527344,26.350000381469727
SPY,2026-04-09,674.8400268554688,676.010009765625
SRLN,2026-04-09,40.2599983215332,40.27999877929688
STIP,2026-04-09,103.4000015258789,103.33999633789062
TIP,2026-04-09,110.8499984741211,110.91000366210938
TLH,2026-04-09,100.76000213623047,100.94000244140625
TLT,2026-04-09,86.69000244140625,86.91999816894531
TUR,2026-04-09,40.90999984741211,40.58000183105469
UGA,2026-04-09,98.7699966430664,97.4000015258789
UNG,2026-04-09,11.0600004196167,11.079999923706055
UNL,2026-04-09,6.679999828338623,6.690000057220459
USHY,2026-04-09,37.08000183105469,37.11000061035156
USIG,2026-04-09,51.34999847412109,51.380001068115234
USO,2026-04-09,127.19000244140625,124.58000183105469
VCIT,2026-04-09,82.95999908447266,83.02999877929688
VCSH,2026-04-09,79.23999786376953,79.23999786376953
VDC,2026-04-09,226.5200042724609,227.67999267578125
VGIT,2026-04-09,59.470001220703125,59.4900016784668
VGLT,2026-04-09,55.369998931884766,55.5
VHT,2026-04-09,276.8500061035156,278.20001220703125
VMBS,2026-04-09,47.0,47.04999923706055
VNQ,2026-04-09,91.72000122070312,92.12000274658205
VNQI,2026-04-09,46.27999877929688,46.84000015258789
VPU,2026-04-09,201.75999450683597,202.08999633789065
VTIP,2026-04-09,50.02999877929688,50.0
VWOB,2026-04-09,66.43000030517578,66.37999725341797
WEAT,2026-04-09,22.5,22.25
XBI,2026-04-09,129.6999969482422,130.64999389648438
XLB,2026-04-09,51.560001373291016,51.75
XLC,2026-04-09,113.79499816894531,113.80999755859375
XLE,2026-04-09,58.20000076293945,58.04999923706055
XLF,2026-04-09,50.939998626708984,51.20000076293945
XLI,2026-04-09,169.8800048828125,170.44000244140625
XLK,2026-04-09,141.75999450683594,141.69000244140625
XLP,2026-04-09,82.23999786376953,82.77999877929688
XLRE,2026-04-09,42.290000915527344,42.439998626708984
XLU,2026-04-09,46.65999984741211,46.779998779296875
XLV,2026-04-09,148.8300018310547,149.6699981689453
XLY,2026-04-09,110.81999969482422,110.81999969482422
XME,2026-04-09,112.83000183105467,113.3499984741211
XPH,2026-04-09,55.18999862670898,55.560001373291016
XRT,2026-04-09,82.6500015258789,83.08999633789062
ANGL,2026-04-10,29.239999771118164,29.190000534057617
BKLN,2026-04-10,20.549999237060547,20.559999465942383
BNO,2026-04-10,47.849998474121094,48.52000045776367
BWX,2026-04-10,22.190000534057617,22.21999931335449
CANE,2026-04-10,9.350000381469728,9.460000038146973
CEMB,2026-04-10,45.5,45.4900016784668
CIBR,2026-04-10,63.41999816894531,63.08000183105469
CORN,2026-04-10,17.84000015258789,17.889999389648438
CPER,2026-04-10,36.060001373291016,35.209999084472656
DBA,2026-04-10,26.920000076293945,26.8700008392334
DBB,2026-04-10,24.280000686645508,24.010000228881836
DBC,2026-04-10,28.6299991607666,28.709999084472656
DBE,2026-04-10,28.549999237060547,28.780000686645508
DBO,2026-04-10,19.649999618530277,19.670000076293945
DIA,2026-04-10,482.2000122070313,481.8999938964844
EBND,2026-04-10,21.200000762939453,21.170000076293945
EEM,2026-04-10,60.709999084472656,60.279998779296875
EFA,2026-04-10,102.62999725341797,101.94999694824219
EMB,2026-04-10,95.7300033569336,95.51000213623047
EMHY,2026-04-10,40.150001525878906,40.06999969482422
EMLC,2026-04-10,25.799999237060547,25.75
EPI,2026-04-10,43.0,42.68999862670898
EWA,2026-04-10,29.96999931335449,29.770000457763672
EWC,2026-04-10,56.77000045776367,56.43999862670898
EWG,2026-04-10,41.959999084472656,41.619998931884766
EWJ,2026-04-10,88.18000030517578,88.22000122070312
EWL,2026-04-10,61.2400016784668,60.54999923706055
EWN,2026-04-10,62.52999877929688,61.84000015258789
EWQ,2026-04-10,46.15999984741211,45.869998931884766
EWT,2026-04-10,76.94000244140625,76.41000366210938
EWU,2026-04-10,47.900001525878906,47.63999938964844
EWW,2026-04-10,79.88999938964844,79.43000030517578
EWY,2026-04-10,138.3300018310547,139.2899932861328
EWZ,2026-04-10,40.959999084472656,40.540000915527344
EZA,2026-04-10,72.47000122070312,72.48999786376953
EZU,2026-04-10,66.88999938964844,66.3499984741211
FALN,2026-04-10,27.15999984741211,27.125
FDN,2026-04-10,246.3699951171875,245.27999877929688
FXI,2026-04-10,36.45000076293945,36.290000915527344
GIGB,2026-04-10,46.0,46.0099983215332
GLD,2026-04-10,438.5899963378906,437.9100036621094
GLTR,2026-04-10,222.7700042724609,222.33999633789065
GOVT,2026-04-10,22.88999938964844,22.88999938964844
HYG,2026-04-10,80.33999633789062,80.27999877929688
IAU,2026-04-10,89.8499984741211,89.72000122070312
IEF,2026-04-10,95.43000030517578,95.43000030517578
IEI,2026-04-10,118.5199966430664,118.51000213623047
IGIB,2026-04-10,53.43999862670898,53.41999816894531
IGV,2026-04-10,76.5,76.63999938964844
IHI,2026-04-10,53.959999084472656,53.79999923706055
INDA,2026-04-10,49.5,49.06999969482422
ITB,2026-04-10,94.61000061035156,94.6500015258789
IWM,2026-04-10,262.3999938964844,261.9599914550781
IYR,2026-04-10,98.8499984741211,98.9000015258789
IYT,2026-04-10,77.95999908447266,77.91999816894531
JMBS,2026-04-10,45.459999084472656,45.5099983215332
JNK,2026-04-10,96.69999694824219,96.56999969482422
KRE,2026-04-10,69.70999908447266,69.8499984741211
LEMB,2026-04-10,42.08000183105469,41.970001220703125
LIT,2026-04-10,77.75,76.73999786376953
LMBS,2026-04-10,50.04999923706055,49.97999954223633
LQD,2026-04-10,109.47000122070312,109.48999786376953
MBB,2026-04-10,95.05999755859375,95.16000366210938
MDY,2026-04-10,646.5599975585938,645.1599731445312
PALL,2026-04-10,27.6200008392334,28.329999923706055
PCY,2026-04-10,21.479999542236328,21.459999084472656
PFF,2026-04-10,30.829999923706055,30.84000015258789
PPLT,2026-04-10,18.636999130249023,19.156999588012695
QLTA,2026-04-10,47.75,47.77000045776367
QQQ,2026-04-10,611.8400268554688,610.1900024414062
REM,2026-04-10,22.270000457763672,22.280000686645508
REMX,2026-04-10,94.75,93.1999969482422
RSP,2026-04-10,198.25,198.0800018310547
RWR,2026-04-10,105.58999633789062,105.48999786376952
RWX,2026-04-10,28.07999992370605,27.93000030517578
SCHH,2026-04-10,22.57999992370605,22.549999237060547
SCHO,2026-04-10,24.229999542236328,24.229999542236328
SCHP,2026-04-10,26.729999542236328,26.709999084472656
SGOL,2026-04-10,45.4900016784668,45.43000030517578
SHY,2026-04-10,82.44999694824219,82.44000244140625
SHYG,2026-04-10,42.56999969482422,42.52000045776367
SIVR,2026-04-10,72.55999755859375,71.83999633789062
SKYY,2026-04-10,108.01000213623048,107.83999633789062
SLQD,2026-04-10,50.470001220703125,50.470001220703125
SLV,2026-04-10,69.0999984741211,68.38999938964844
SLX,2026-04-10,98.30999755859376,98.0999984741211
SMH,2026-04-10,434.4500122070313,430.30999755859375
SOXX,2026-04-10,382.6700134277344,378.6300048828125
SOYB,2026-04-10,24.469999313354492,24.360000610351562
SPIB,2026-04-10,33.59000015258789,33.599998474121094
SPMB,2026-04-10,22.440000534057617,22.43000030517578
SPTL,2026-04-10,26.280000686645508,26.309999465942383
SPY,2026-04-10,681.3200073242188,679.9099731445312
SRLN,2026-04-10,40.22999954223633,40.2400016784668
STIP,2026-04-10,103.43000030517578,103.43000030517578
TIP,2026-04-10,110.98999786376953,110.95999908447266
TLH,2026-04-10,100.76000213623047,100.86000061035156
TLT,2026-04-10,86.5999984741211,86.69999694824219
TUR,2026-04-10,41.58000183105469,41.31999969482422
UGA,2026-04-10,97.5199966430664,97.7699966430664
UNG,2026-04-10,10.8100004196167,10.880000114440918
UNL,2026-04-10,6.570000171661377,6.610000133514404
USHY,2026-04-10,37.150001525878906,37.119998931884766
USIG,2026-04-10,51.400001525878906,51.400001525878906
USO,2026-04-10,125.61000061035156,126.95999908447266
VCIT,2026-04-10,83.08000183105469,83.08000183105469
VCSH,2026-04-10,79.26000213623047,79.27999877929688
VDC,2026-04-10,229.3699951171875,229.6300048828125
VGIT,2026-04-10,59.5,59.5
VGLT,2026-04-10,55.34000015258789,55.400001525878906
VHT,2026-04-10,278.54998779296875,277.6499938964844
VMBS,2026-04-10,47.04999923706055,47.02000045776367
VNQ,2026-04-10,92.79000091552734,92.77999877929688
VNQI,2026-04-10,46.72999954223633,46.540000915527344
VPU,2026-04-10,203.30999755859372,203.6300048828125
VTIP,2026-04-10,50.04999923706055,50.02999877929688
VWOB,2026-04-10,66.81999969482422,66.68000030517578
WEAT,2026-04-10,21.860000610351562,22.010000228881836
XBI,2026-04-10,132.08999633789062,131.82000732421875
XLB,2026-04-10,51.93000030517578,51.66999816894531
XLC,2026-04-10,114.63999938964844,114.2699966430664
XLE,2026-04-10,57.16999816894531,57.33000183105469
XLF,2026-04-10,51.22999954223633,51.33000183105469
XLI,2026-04-10,172.49000549316406,172.19000244140625
XLK,2026-04-10,142.5,142.07000732421875
XLP,2026-04-10,83.37999725341797,83.44999694824219
XLRE,2026-04-10,42.77000045776367,42.72999954223633
XLU,2026-04-10,47.060001373291016,47.150001525878906
XLV,2026-04-10,149.77999877929688,149.3300018310547
XLY,2026-04-10,113.0,112.73999786376953
XME,2026-04-10,113.5199966430664,112.70999908447266
XPH,2026-04-10,57.02999877929688,56.61000061035156
XRT,2026-04-10,83.91999816894531,83.86000061035156
ANGL,2026-04-13,29.100000381469727,29.1299991607666
BKLN,2026-04-13,20.489999771118164,20.489999771118164
BNO,2026-04-13,50.79999923706055,47.25
BWX,2026-04-13,22.11000061035156,22.170000076293945
CANE,2026-04-13,9.359999656677246,9.329999923706056
CEMB,2026-04-13,45.470001220703125,45.4900016784668
CIBR,2026-04-13,60.79999923706055,60.7400016784668
CORN,2026-04-13,17.860000610351562,17.75
CPER,2026-04-13,35.91999816894531,35.869998931884766
DBA,2026-04-13,26.969999313354492,26.889999389648438
DBB,2026-04-13,24.459999084472656,24.270000457763672
DBC,2026-04-13,29.209999084472656,28.5
DBE,2026-04-13,29.90999984741211,28.309999465942383
DBO,2026-04-13,20.540000915527344,19.709999084472656
DIA,2026-04-13,476.1000061035156,479.25
EBND,2026-04-13,21.1299991607666,21.190000534057617
EEM,2026-04-13,60.08000183105469,60.560001373291016
EFA,2026-04-13,101.2699966430664,102.18000030517578
EMB,2026-04-13,95.51000213623047,95.5
EMHY,2026-04-13,40.060001373291016,40.08000183105469
EMLC,2026-04-13,25.75,25.809999465942383
EPI,2026-04-13,42.540000915527344,42.93000030517578
EWA,2026-04-13,29.729999542236328,29.84000015258789
EWC,2026-04-13,56.63999938964844,56.7599983215332
EWG,2026-04-13,41.130001068115234,41.59999847412109
EWJ,2026-04-13,86.77999877929688,88.12999725341797
EWL,2026-04-13,60.25,60.70000076293945
EWN,2026-04-13,61.77000045776367,62.43999862670898
EWQ,2026-04-13,45.40999984741211,45.84999847412109
EWT,2026-04-13,76.94000244140625,76.94000244140625
EWU,2026-04-13,47.45000076293945,47.66999816894531
EWW,2026-04-13,79.31999969482422,79.51000213623047
EWY,2026-04-13,136.10000610351562,138.72999572753906
EWZ,2026-04-13,41.119998931884766,41.33000183105469
EZA,2026-04-13,71.23999786376953,72.13999938964844
EZU,2026-04-13,66.12000274658203,66.5999984741211
FALN,2026-04-13,27.020000457763672,27.03499984741211
FDN,2026-04-13,242.38999938964844,242.9199981689453
FXI,2026-04-13,36.0099983215332,36.25
GIGB,2026-04-13,45.869998931884766,45.89500045776367
GLD,2026-04-13,434.7799987792969,437.1300048828125
GLTR,2026-04-13,219.52999877929688,222.5
GOVT,2026-04-13,22.8700008392334,22.8799991607666
HYG,2026-04-13,79.87999725341797,79.95999908447266
IAU,2026-04-13,89.0999984741211,89.55999755859375
IEF,2026-04-13,95.2699966430664,95.2699966430664
IEI,2026-04-13,118.41000366210938,118.41999816894531
IGIB,2026-04-13,53.29999923706055,53.33000183105469
IGV,2026-04-13,75.05000305175781,74.66999816894531
IHI,2026-04-13,53.09000015258789,53.2400016784668
INDA,2026-04-13,48.86000061035156,49.34000015258789
ITB,2026-04-13,93.8000030517578,94.2699966430664
IWM,2026-04-13,260.239990234375,261.29998779296875
IYR,2026-04-13,98.6999969482422,99.0199966430664
IYT,2026-04-13,76.70999908447266,77.37000274658203
JMBS,2026-04-13,45.43999862670898,45.45000076293945
JNK,2026-04-13,96.12000274658203,96.23999786376953
KRE,2026-04-13,68.5999984741211,68.94000244140625
LEMB,2026-04-13,41.970001220703125,42.02000045776367
LIT,2026-04-13,77.88999938964844,77.9000015258789
LMBS,2026-04-13,49.959999084472656,49.9900016784668
LQD,2026-04-13,109.13999938964844,109.19999694824219
MBB,2026-04-13,94.83999633789062,94.97000122070312
MDY,2026-04-13,640.5900268554688,643.0999755859375
PALL,2026-04-13,27.82200050354004,27.785999298095703
PCY,2026-04-13,21.440000534057617,21.450000762939453
PFF,2026-04-13,30.709999084472656,30.790000915527344
PPLT,2026-04-13,18.39299964904785,18.6200008392334
QLTA,2026-04-13,47.63999938964844,47.65999984741211
QQQ,2026-04-13,609.47998046875,611.0700073242188
REM,2026-04-13,22.13999938964844,22.280000686645508
REMX,2026-04-13,93.80999755859376,94.5
RSP,2026-04-13,196.22999572753903,196.6499938964844
RWR,2026-04-13,105.44000244140624,105.83999633789062
RWX,2026-04-13,27.809999465942383,28.11000061035156
SCHH,2026-04-13,22.540000915527344,22.6200008392334
SCHO,2026-04-13,24.21999931335449,24.21999931335449
SCHP,2026-04-13,26.75,26.729999542236328
SGOL,2026-04-13,45.09999847412109,45.34000015258789
SHY,2026-04-13,82.43000030517578,82.41000366210938
SHYG,2026-04-13,42.34999847412109,42.380001068115234
SIVR,2026-04-13,70.56999969482422,72.61000061035156
SKYY,2026-04-13,104.20999908447266,104.16000366210938
SLQD,2026-04-13,50.43000030517578,50.43000030517578
SLV,2026-04-13,67.16999816894531,69.08000183105469
SLX,2026-04-13,97.94000244140624,98.56999969482422
SMH,2026-04-13,434.75,436.8800048828125
SOXX,2026-04-13,384.8800048828125,386.6000061035156
SOYB,2026-04-13,24.530000686645508,24.5
SPIB,2026-04-13,33.54999923706055,33.560001373291016
SPMB,2026-04-13,22.40999984741211,22.420000076293945
SPTL,2026-04-13,26.21999931335449,26.239999771118164
SPY,2026-04-13,677.4099731445312,679.4600219726562
SRLN,2026-04-13,40.16999816894531,40.150001525878906
STIP,2026-04-13,103.54000091552734,103.4499969482422
TIP,2026-04-13,111.08999633789062,111.0199966430664
TLH,2026-04-13,100.5,100.58000183105469
TLT,2026-04-13,86.44000244140625,86.48999786376953
TUR,2026-04-13,41.81999969482422,42.08000183105469
UGA,2026-04-13,102.54000091552734,97.27999877929688
UNG,2026-04-13,10.970000267028809,10.770000457763672
UNL,2026-04-13,6.679999828338623,6.570000171661377
USHY,2026-04-13,36.95000076293945,36.97999954223633
USIG,2026-04-13,51.290000915527344,51.310001373291016
USO,2026-04-13,133.3699951171875,124.81999969482422
VCIT,2026-04-13,82.88999938964844,82.94999694824219
VCSH,2026-04-13,79.19999694824219,79.19999694824219
VDC,2026-04-13,226.0399932861328,226.5200042724609
VGIT,2026-04-13,59.41999816894531,59.43000030517578
VGLT,2026-04-13,55.220001220703125,55.2599983215332
VHT,2026-04-13,273.32000732421875,273.7799987792969
VMBS,2026-04-13,46.9900016784668,46.9900016784668
VNQ,2026-04-13,92.6999969482422,92.9800033569336
VNQI,2026-04-13,46.22999954223633,46.68999862670898
VPU,2026-04-13,202.22000122070312,202.88999938964844
VTIP,2026-04-13,50.09999847412109,50.04999923706055
VWOB,2026-04-13,66.70999908447266,66.69000244140625
WEAT,2026-04-13,22.18000030517578,21.790000915527344
XBI,2026-04-13,130.3000030517578,129.44000244140625
XLB,2026-04-13,51.689998626708984,51.959999084472656
XLC,2026-04-13,113.63500213623047,113.94999694824219
XLE,2026-04-13,57.619998931884766,56.939998626708984
XLF,2026-04-13,50.5,50.77000045776367
XLI,2026-04-13,170.99000549316406,171.52000427246094
XLK,2026-04-13,142.3300018310547,142.6199951171875
XLP,2026-04-13,82.13999938964844,82.37000274658203
XLRE,2026-04-13,42.65999984741211,42.81999969482422
XLU,2026-04-13,46.84000015258789,46.959999084472656
XLV,2026-04-13,146.8800048828125,147.30999755859375
XLY,2026-04-13,112.33999633789062,112.88999938964844
XME,2026-04-13,112.41999816894533,113.55999755859376
XPH,2026-04-13,55.540000915527344,55.869998931884766
XRT,2026-04-13,82.41999816894531,82.7300033569336
ANGL,2026-04-14,29.270000457763672,29.229999542236328
BKLN,2026-04-14,20.520000457763672,20.510000228881836
BNO,2026-04-14,48.720001220703125,49.06999969482422
BWX,2026-04-14,22.31999969482422,22.209999084472656
CANE,2026-04-14,9.300000190734863,9.260000228881836
CEMB,2026-04-14,45.58000183105469,45.61000061035156
CIBR,2026-04-14,63.459999084472656,63.18999862670898
CORN,2026-04-14,17.850000381469727,17.770000457763672
CPER,2026-04-14,37.099998474121094,36.790000915527344
DBA,2026-04-14,27.030000686645508,26.93000030517578
DBB,2026-04-14,24.860000610351562,24.790000915527344
DBC,2026-04-14,29.040000915527344,28.959999084472656
DBE,2026-04-14,29.100000381469727,29.11000061035156
DBO,2026-04-14,20.32999992370605,20.3799991607666
DIA,2026-04-14,482.4100036621094,482.1300048828125
EBND,2026-04-14,21.36000061035156,21.280000686645508
EEM,2026-04-14,61.599998474121094,61.06999969482422
EFA,2026-04-14,103.33999633789062,102.80999755859375
EMB,2026-04-14,96.22000122070312,96.02999877929688
EMHY,2026-04-14,40.40999984741211,40.27000045776367
EMLC,2026-04-14,25.979999542236328,25.90999984741211
EPI,2026-04-14,43.27999877929688,42.9900016784668
EWA,2026-04-14,30.149999618530277,30.149999618530277
EWC,2026-04-14,57.560001373291016,57.2599983215332
EWG,2026-04-14,42.2599983215332,41.93999862670898
EWJ,2026-04-14,88.69000244140625,88.3499984741211
EWL,2026-04-14,61.79999923706055,61.2599983215332
EWN,2026-04-14,63.720001220703125,63.0099983215332
EWQ,2026-04-14,46.33000183105469,46.06999969482422
EWT,2026-04-14,79.43000030517578,78.26000213623047
EWU,2026-04-14,47.9900016784668,47.86000061035156
EWW,2026-04-14,79.72000122070312,79.30000305175781
EWY,2026-04-14,142.3699951171875,141.22999572753906
EWZ,2026-04-14,41.7599983215332,41.52000045776367
EZA,2026-04-14,72.94999694824219,72.41999816894531
EZU,2026-04-14,67.66000366210938,67.08000183105469
FALN,2026-04-14,27.15999984741211,27.145000457763672
FDN,2026-04-14,250.4199981689453,248.6999969482422
FXI,2026-04-14,36.52999877929688,36.459999084472656
GIGB,2026-04-14,46.060001373291016,46.05199813842773
GLD,2026-04-14,439.32000732421875,435.3599853515625
GLTR,2026-04-14,224.6000061035156,221.32000732421875
GOVT,2026-04-14,22.899999618530277,22.90999984741211
HYG,2026-04-14,80.33999633789062,80.26000213623047
IAU,2026-04-14,90.0,89.20999908447266
IEF,2026-04-14,95.44000244140625,95.4800033569336
IEI,2026-04-14,118.55000305175781,118.56999969482422
IGIB,2026-04-14,53.52000045776367,53.47999954223633
IGV,2026-04-14,80.12000274658203,78.69999694824219
IHI,2026-04-14,53.91999816894531,53.91999816894531
INDA,2026-04-14,49.68000030517578,49.34999847412109
ITB,2026-04-14,95.33999633789062,95.26000213623048
IWM,2026-04-14,267.0899963378906,265.07000732421875
IYR,2026-04-14,99.33999633789062,99.4499969482422
IYT,2026-04-14,78.33000183105469,77.83000183105469
JMBS,2026-04-14,45.5099983215332,45.54999923706055
JNK,2026-04-14,96.68000030517578,96.58000183105469
KRE,2026-04-14,69.25,69.38999938964844
LEMB,2026-04-14,42.34999847412109,42.2400016784668
LIT,2026-04-14,80.30000305175781,80.0199966430664
LMBS,2026-04-14,50.040000915527344,50.06999969482422
LQD,2026-04-14,109.72000122070312,109.62000274658203
MBB,2026-04-14,95.13999938964844,95.19999694824219
MDY,2026-04-14,652.030029296875,650.0900268554688
PALL,2026-04-14,28.309999465942383,28.672000885009766
PCY,2026-04-14,21.6200008392334,21.59000015258789
PFF,2026-04-14,30.959999084472656,30.989999771118164
PPLT,2026-04-14,18.7450008392334,18.80500030517578
QLTA,2026-04-14,47.83000183105469,47.81999969482422
QQQ,2026-04-14,620.219970703125,617.3900146484375
REM,2026-04-14,22.5,22.43000030517578
REMX,2026-04-14,98.1999969482422,99.01000213623048
RSP,2026-04-14,199.08999633789065,198.8300018310547
RWR,2026-04-14,105.81999969482422,105.94000244140624
RWX,2026-04-14,28.440000534057617,28.100000381469727
SCHH,2026-04-14,22.6200008392334,22.670000076293945
SCHO,2026-04-14,24.239999771118164,24.239999771118164
SCHP,2026-04-14,26.799999237060547,26.790000915527344
SGOL,2026-04-14,45.54999923706055,45.16999816894531
SHY,2026-04-14,82.45999908447266,82.47000122070312
SHYG,2026-04-14,42.540000915527344,42.52000045776367
SIVR,2026-04-14,73.86000061035156,71.77999877929688
SKYY,2026-04-14,110.51000213623048,109.41999816894533
SLQD,2026-04-14,50.47999954223633,50.5099983215332
SLV,2026-04-14,70.33000183105469,68.27999877929688
SLX,2026-04-14,100.06999969482422,99.47000122070312
SMH,2026-04-14,448.0,443.3399963378906
SOXX,2026-04-14,397.8399963378906,393.3399963378906
SOYB,2026-04-14,24.34000015258789,24.299999237060547
SPIB,2026-04-14,33.63999938964844,33.630001068115234
SPMB,2026-04-14,22.450000762939453,22.459999084472656
SPTL,2026-04-14,26.309999465942383,26.32999992370605
SPY,2026-04-14,687.6900024414062,686.0999755859375
SRLN,2026-04-14,40.16999816894531,40.18000030517578
STIP,2026-04-14,103.5999984741211,103.62000274658205
TIP,2026-04-14,111.26000213623047,111.27999877929688
TLH,2026-04-14,100.8499984741211,100.87000274658203
TLT,2026-04-14,86.69999694824219,86.75
TUR,2026-04-14,42.130001068115234,42.22999954223633
UGA,2026-04-14,99.76000213623047,100.12000274658203
UNG,2026-04-14,10.729999542236328,10.680000305175781
UNL,2026-04-14,6.519999980926514,6.539999961853027
USHY,2026-04-14,37.150001525878906,37.119998931884766
USIG,2026-04-14,51.52000045776367,51.459999084472656
USO,2026-04-14,127.0999984741211,128.47000122070312
VCIT,2026-04-14,83.19999694824219,83.19999694824219
VCSH,2026-04-14,79.30000305175781,79.31999969482422
VDC,2026-04-14,223.17999267578125,224.1999969482422
VGIT,2026-04-14,59.5099983215332,59.52999877929688
VGLT,2026-04-14,55.41999816894531,55.43000030517578
VHT,2026-04-14,275.3699951171875,275.8900146484375
VMBS,2026-04-14,47.04999923706055,47.06999969482422
VNQ,2026-04-14,93.1999969482422,93.33000183105467
VNQI,2026-04-14,47.18999862670898,46.790000915527344
VPU,2026-04-14,200.47000122070312,200.25
VTIP,2026-04-14,50.130001068115234,50.130001068115234
VWOB,2026-04-14,67.11000061035156,67.04000091552734
WEAT,2026-04-14,22.25,22.18000030517578
XBI,2026-04-14,133.1999969482422,132.0500030517578
XLB,2026-04-14,52.2599983215332,52.189998626708984
XLC,2026-04-14,115.01000213623047,114.81999969482422
XLE,2026-04-14,56.5,57.11000061035156
XLF,2026-04-14,51.5099983215332,51.65999984741211
XLI,2026-04-14,173.1300048828125,172.72999572753906
XLK,2026-04-14,146.89999389648438,145.61000061035156
XLP,2026-04-14,81.05999755859375,81.55000305175781
XLRE,2026-04-14,42.970001220703125,43.02000045776367
XLU,2026-04-14,46.400001525878906,46.38999938964844
XLV,2026-04-14,147.3800048828125,147.97000122070312
XLY,2026-04-14,114.6500015258789,113.91999816894531
XME,2026-04-14,116.3000030517578,114.9499969482422
XPH,2026-04-14,56.7400016784668,56.59000015258789
XRT,2026-04-14,83.19999694824219,83.23999786376953
ANGL,2026-04-15,29.36000061035156,29.34000015258789
BKLN,2026-04-15,20.559999465942383,20.540000915527344
BNO,2026-04-15,47.310001373291016,47.5099983215332
BWX,2026-04-15,22.34000015258789,22.3799991607666
CANE,2026-04-15,9.25,9.460000038146973
CEMB,2026-04-15,45.709999084472656,45.72999954223633
CIBR,2026-04-15,63.380001068115234,62.790000915527344
CORN,2026-04-15,17.899999618530273,17.760000228881836
CPER,2026-04-15,37.279998779296875,37.2599983215332
DBA,2026-04-15,27.149999618530273,27.1200008392334
DBB,2026-04-15,25.020000457763672,24.989999771118164
DBC,2026-04-15,28.84000015258789,28.84000015258789
DBE,2026-04-15,28.43000030517578,28.479999542236328
DBO,2026-04-15,20.01000022888184,19.96999931335449
DIA,2026-04-15,486.510009765625,485.489990234375
EBND,2026-04-15,21.34000015258789,21.3799991607666
EEM,2026-04-15,62.040000915527344,62.2400016784668
EFA,2026-04-15,103.38999938964844,103.63999938964844
EMB,2026-04-15,96.20999908447266,96.45999908447266
EMHY,2026-04-15,40.40999984741211,40.4900016784668
EMLC,2026-04-15,25.989999771118164,25.989999771118164
EPI,2026-04-15,43.27000045776367,43.34000015258789
EWA,2026-04-15,30.209999084472656,30.18000030517578
EWC,2026-04-15,57.75,57.70000076293945
EWG,2026-04-15,42.34999847412109,42.18999862670898
EWJ,2026-04-15,88.91000366210938,89.41000366210938
EWL,2026-04-15,61.93000030517578,61.86000061035156
EWN,2026-04-15,63.400001525878906,63.79999923706055
EWQ,2026-04-15,46.33000183105469,46.5
EWT,2026-04-15,80.4800033569336,80.20999908447266
EWU,2026-04-15,48.040000915527344,48.06999969482422
EWW,2026-04-15,78.66000366210938,78.75
EWY,2026-04-15,144.6699981689453,146.67999267578125
EWZ,2026-04-15,41.84999847412109,41.72999954223633
EZA,2026-04-15,73.26000213623047,73.6500015258789
EZU,2026-04-15,67.54000091552734,67.69999694824219
FALN,2026-04-15,27.229999542236328,27.257999420166016
FDN,2026-04-15,254.7899932861328,253.30999755859372
FXI,2026-04-15,36.68000030517578,36.88999938964844
GIGB,2026-04-15,46.130001068115234,46.1609992980957
GLD,2026-04-15,442.8800048828125,445.0899963378906
GLTR,2026-04-15,227.72999572753903,228.5500030517578
GOVT,2026-04-15,22.950000762939453,22.959999084472656
HYG,2026-04-15,80.44999694824219,80.5
IAU,2026-04-15,90.7300033569336,91.18000030517578
IEF,2026-04-15,95.69000244140625,95.79000091552734
IEI,2026-04-15,118.75,118.81999969482422
IGIB,2026-04-15,53.59999847412109,53.630001068115234
IGV,2026-04-15,80.68000030517578,79.4800033569336
IHI,2026-04-15,54.540000915527344,54.34999847412109
INDA,2026-04-15,49.75,49.70000076293945
ITB,2026-04-15,95.48999786376952,95.5999984741211
IWM,2026-04-15,268.7799987792969,268.7200012207031
IYR,2026-04-15,100.37999725341795,100.41999816894533
IYT,2026-04-15,78.80999755859375,78.94999694824219
JMBS,2026-04-15,45.59000015258789,45.66999816894531
JNK,2026-04-15,96.8499984741211,96.87000274658203
KRE,2026-04-15,69.33999633789062,69.29000091552734
LEMB,2026-04-15,42.34000015258789,42.34999847412109
LIT,2026-04-15,79.41000366210938,80.55000305175781
LMBS,2026-04-15,50.33000183105469,50.09999847412109
LQD,2026-04-15,109.8499984741211,109.9800033569336
MBB,2026-04-15,95.26000213623047,95.45999908447266
MDY,2026-04-15,652.7899780273438,653.3900146484375
PALL,2026-04-15,28.72599983215332,28.893999099731445
PCY,2026-04-15,21.6200008392334,21.75
PFF,2026-04-15,31.239999771118164,31.25
PPLT,2026-04-15,19.235000610351562,19.145999908447266
QLTA,2026-04-15,47.88999938964844,47.93999862670898
QQQ,2026-04-15,629.0800170898438,628.5999755859375
REM,2026-04-15,22.65999984741211,22.649999618530277
REMX,2026-04-15,96.52999877929688,98.8000030517578
RSP,2026-04-15,199.72999572753903,199.66000366210935
RWR,2026-04-15,107.02999877929688,107.29000091552734
RWX,2026-04-15,28.56999969482422,28.57999992370605
SCHH,2026-04-15,22.81999969482422,22.88999938964844
SCHO,2026-04-15,24.25,24.25
SCHP,2026-04-15,26.850000381469727,26.86000061035156
SGOL,2026-04-15,45.93000030517578,46.15999984741211
SHY,2026-04-15,82.5199966430664,82.52999877929688
SHYG,2026-04-15,42.61000061035156,42.63999938964844
SIVR,2026-04-15,75.52999877929688,75.6500015258789
SKYY,2026-04-15,110.73999786376952,109.3000030517578
SLQD,2026-04-15,50.5099983215332,50.540000915527344
SLV,2026-04-15,71.91999816894531,72.04000091552734
SLX,2026-04-15,99.5199966430664,100.0999984741211
SMH,2026-04-15,450.7000122070313,452.0
SOXX,2026-04-15,400.30999755859375,401.239990234375
SOYB,2026-04-15,24.34000015258789,24.219999313354492
SPIB,2026-04-15,33.66999816894531,33.689998626708984
SPMB,2026-04-15,22.459999084472656,22.51000022888184
SPTL,2026-04-15,26.399999618530277,26.459999084472656
SPY,2026-04-15,695.260009765625,694.4600219726562
SRLN,2026-04-15,40.27000045776367,40.27000045776367
STIP,2026-04-15,103.68000030517578,103.6500015258789
TIP,2026-04-15,111.48999786376953,111.52999877929688
TLH,2026-04-15,101.2300033569336,101.38999938964844
TLT,2026-04-15,87.0199966430664,87.20999908447266
TUR,2026-04-15,42.63999938964844,42.470001220703125
UGA,2026-04-15,97.45999908447266,98.3499984741211
UNG,2026-04-15,10.529999732971191,10.5600004196167
UNL,2026-04-15,6.380000114440918,6.429999828338623
USHY,2026-04-15,37.220001220703125,37.25
USIG,2026-04-15,51.560001373291016,51.59000015258789
USO,2026-04-15,123.25,123.8499984741211
VCIT,2026-04-15,83.37999725341797,83.43000030517578
VCSH,2026-04-15,79.41000366210938,79.41000366210938
VDC,2026-04-15,223.5500030517578,223.9499969482422
VGIT,2026-04-15,59.630001068115234,59.65999984741211
VGLT,2026-04-15,55.59999847412109,55.709999084472656
VHT,2026-04-15,278.2099914550781,277.8999938964844
VMBS,2026-04-15,47.130001068115234,47.220001220703125
VNQ,2026-04-15,93.97000122070312,94.22000122070312
VNQI,2026-04-15,47.43000030517578,47.52999877929688
VPU,2026-04-15,200.41000366210935,200.91000366210935
VTIP,2026-04-15,50.15999984741211,50.15999984741211
VWOB,2026-04-15,67.2300033569336,67.31999969482422
WEAT,2026-04-15,22.450000762939453,22.610000610351562
XBI,2026-04-15,136.3699951171875,135.72000122070312
XLB,2026-04-15,51.900001525878906,52.0099983215332
XLC,2026-04-15,116.8499984741211,116.55999755859375
XLE,2026-04-15,55.599998474121094,55.95000076293945
XLF,2026-04-15,52.06999969482422,51.779998779296875
XLI,2026-04-15,173.11000061035156,173.35000610351562
XLK,2026-04-15,148.27000427246094,147.94000244140625
XLP,2026-04-15,81.2300033569336,81.47000122070312
XLRE,2026-04-15,43.345001220703125,43.43000030517578
XLU,2026-04-15,46.310001373291016,46.470001220703125
XLV,2026-04-15,148.86000061035156,148.8300018310547
XLY,2026-04-15,116.52999877929688,116.44000244140625
XME,2026-04-15,115.12999725341795,115.26000213623048
XPH,2026-04-15,57.2599983215332,57.27000045776367
XRT,2026-04-15,83.6500015258789,83.62999725341797
ANGL,2026-04-16,29.32999992370605,29.31999969482422
BKLN,2026-04-16,20.559999465942383,20.540000915527344
BNO,2026-04-16,48.099998474121094,47.31999969482422
BWX,2026-04-16,22.3700008392334,22.34000015258789
CANE,2026-04-16,9.25,9.170000076293944
CEMB,2026-04-16,45.720001220703125,45.709999084472656
CIBR,2026-04-16,65.41999816894531,64.5199966430664
CORN,2026-04-16,18.059999465942383,18.06999969482422
CPER,2026-04-16,37.290000915527344,37.2599983215332
DBA,2026-04-16,27.25,27.170000076293945
DBB,2026-04-16,25.059999465942383,25.059999465942383
DBC,2026-04-16,29.049999237060547,28.88999938964844
DBE,2026-04-16,28.93000030517578,28.559999465942383
DBO,2026-04-16,20.11000061035156,20.040000915527344
DIA,2026-04-16,485.8200073242188,484.7200012207031
EBND,2026-04-16,21.32999992370605,21.350000381469727
EEM,2026-04-16,62.43000030517578,62.20000076293945
EFA,2026-04-16,103.55999755859375,103.30999755859375
EMB,2026-04-16,96.2699966430664,96.25
EMHY,2026-04-16,40.43999862670898,40.45000076293945
EMLC,2026-04-16,25.96999931335449,25.989999771118164
EPI,2026-04-16,43.34999847412109,43.47999954223633
EWA,2026-04-16,30.059999465942383,30.26000022888184
EWC,2026-04-16,58.209999084472656,58.040000915527344
EWG,2026-04-16,42.560001373291016,42.36000061035156
EWJ,2026-04-16,89.63999938964844,89.06999969482422
EWL,2026-04-16,61.45000076293945,61.630001068115234
EWN,2026-04-16,63.59000015258789,63.650001525878906
EWQ,2026-04-16,46.400001525878906,46.130001068115234
EWT,2026-04-16,81.13999938964844,80.73999786376953
EWU,2026-04-16,48.119998931884766,47.79999923706055
EWW,2026-04-16,79.55999755859375,79.43000030517578
EWY,2026-04-16,146.72999572753906,144.9199981689453
EWZ,2026-04-16,41.65999984741211,41.459999084472656
EZA,2026-04-16,72.72000122070312,72.9000015258789
EZU,2026-04-16,67.58999633789062,67.41999816894531
FALN,2026-04-16,27.21999931335449,27.229999542236328
FDN,2026-04-16,260.57000732421875,258.7699890136719
FXI,2026-04-16,37.36000061035156,36.880001068115234
GIGB,2026-04-16,46.18000030517578,46.14500045776367
GLD,2026-04-16,442.1499938964844,440.4599914550781
GLTR,2026-04-16,227.5,227.0
GOVT,2026-04-16,22.950000762939453,22.93000030517578
HYG,2026-04-16,80.52999877929688,80.45999908447266
IAU,2026-04-16,90.5999984741211,90.23999786376952
IEF,2026-04-16,95.66999816894531,95.58000183105469
IEI,2026-04-16,118.73999786376953,118.66999816894531
IGIB,2026-04-16,53.63999938964844,53.59000015258789
IGV,2026-04-16,85.12999725341797,82.9800033569336
IHI,2026-04-16,53.790000915527344,54.2400016784668
INDA,2026-04-16,49.7400016784668,49.97999954223633
ITB,2026-04-16,94.31999969482422,93.94000244140624
IWM,2026-04-16,269.45001220703125,269.3900146484375
IYR,2026-04-16,100.77999877929688,100.47000122070312
IYT,2026-04-16,79.05000305175781,79.0
JMBS,2026-04-16,45.619998931884766,45.61000061035156
JNK,2026-04-16,96.87999725341797,96.80999755859375
KRE,2026-04-16,69.04000091552734,69.16999816894531
LEMB,2026-04-16,42.31999969482422,42.2599983215332
LIT,2026-04-16,81.02999877929688,79.63999938964844
LMBS,2026-04-16,50.119998931884766,50.11000061035156
LQD,2026-04-16,110.01000213623047,109.94000244140625
MBB,2026-04-16,95.41999816894531,95.2699966430664
MDY,2026-04-16,652.27001953125,651.4000244140625
PALL,2026-04-16,28.658000946044922,28.57200050354004
PCY,2026-04-16,21.65999984741211,21.700000762939453
PFF,2026-04-16,31.31999969482422,31.360000610351562
PPLT,2026-04-16,19.30299949645996,19.270999908447266
QLTA,2026-04-16,47.93000030517578,47.90999984741211
QQQ,2026-04-16,639.2100219726562,637.4000244140625
REM,2026-04-16,22.82999992370605,22.86000061035156
REMX,2026-04-16,99.77999877929688,97.44000244140624
RSP,2026-04-16,200.1000061035156,199.72999572753903
RWR,2026-04-16,107.5199966430664,107.37999725341795
RWX,2026-04-16,28.739999771118164,28.600000381469727
SCHH,2026-04-16,22.920000076293945,22.8799991607666
SCHO,2026-04-16,24.26000022888184,24.26000022888184
SCHP,2026-04-16,26.850000381469727,26.82999992370605
SGOL,2026-04-16,45.84999847412109,45.68000030517578
SHY,2026-04-16,82.52999877929688,82.51000213623047
SHYG,2026-04-16,42.63999938964844,42.619998931884766
SIVR,2026-04-16,75.52999877929688,75.5
SKYY,2026-04-16,115.87999725341795,113.69000244140624
SLQD,2026-04-16,50.54999923706055,50.540000915527344
SLV,2026-04-16,71.91999816894531,71.83999633789062
SLX,2026-04-16,100.08000183105467,99.7699966430664
SMH,2026-04-16,450.7300109863281,453.0
SOXX,2026-04-16,400.6000061035156,401.8599853515625
SOYB,2026-04-16,24.459999084472656,24.450000762939453
SPIB,2026-04-16,33.689998626708984,33.68000030517578
SPMB,2026-04-16,22.5,22.479999542236328
SPTL,2026-04-16,26.38999938964844,26.350000381469727
SPY,2026-04-16,701.0599975585938,699.9400024414062
SRLN,2026-04-16,40.36000061035156,40.369998931884766
STIP,2026-04-16,103.6999969482422,103.6500015258789
TIP,2026-04-16,111.45999908447266,111.43000030517578
TLH,2026-04-16,101.1500015258789,101.02999877929688
TLT,2026-04-16,86.91999816894531,86.83000183105469
TUR,2026-04-16,42.31999969482422,42.59999847412109
UGA,2026-04-16,99.91999816894531,98.73999786376953
UNG,2026-04-16,10.609999656677246,10.579999923706055
UNL,2026-04-16,6.460000038146973,6.429999828338623
USHY,2026-04-16,37.22999954223633,37.220001220703125
USIG,2026-04-16,51.59000015258789,51.56999969482422
USO,2026-04-16,124.06999969482422,122.58999633789062
VCIT,2026-04-16,83.4000015258789,83.36000061035156
VCSH,2026-04-16,79.4000015258789,79.4000015258789
VDC,2026-04-16,222.8999938964844,222.97999572753903
VGIT,2026-04-16,59.619998931884766,59.59000015258789
VGLT,2026-04-16,55.540000915527344,55.4900016784668
VHT,2026-04-16,275.6099853515625,276.4100036621094
VMBS,2026-04-16,47.20000076293945,47.119998931884766
VNQ,2026-04-16,94.5199966430664,94.29000091552734
VNQI,2026-04-16,47.66999816894531,47.56999969482422
VPU,2026-04-16,199.2100067138672,199.25
VTIP,2026-04-16,50.16999816894531,50.13999938964844
VWOB,2026-04-16,67.2300033569336,67.26000213623047
WEAT,2026-04-16,22.809999465942383,22.530000686645508
XBI,2026-04-16,136.13999938964844,136.4499969482422
XLB,2026-04-16,51.52000045776367,51.380001068115234
XLC,2026-04-16,117.9000015258789,117.36000061035156
XLE,2026-04-16,55.84000015258789,55.7599983215332
XLF,2026-04-16,52.09000015258789,52.16999816894531
XLI,2026-04-16,171.25,171.17999267578125
XLK,2026-04-16,150.99000549316406,150.3000030517578
XLP,2026-04-16,80.98999786376953,81.05999755859375
XLRE,2026-04-16,43.529998779296875,43.40999984741211
XLU,2026-04-16,46.0,46.02000045776367
XLV,2026-04-16,147.19000244140625,147.77000427246094
XLY,2026-04-16,118.4000015258789,118.18000030517578
XME,2026-04-16,116.63999938964844,115.68000030517578
XPH,2026-04-16,57.13999938964844,57.5
XRT,2026-04-16,83.97000122070312,83.87999725341797
ANGL,2026-04-17,29.36000061035156,29.280000686645508
BKLN,2026-04-17,20.56999969482422,20.549999237060547
BNO,2026-04-17,44.900001525878906,49.08000183105469
BWX,2026-04-17,22.5,22.270000457763672
CANE,2026-04-17,9.100000381469728,9.279999732971191
CEMB,2026-04-17,45.90999984741211,45.75
CIBR,2026-04-17,66.93000030517578,65.91999816894531
CORN,2026-04-17,17.829999923706055,17.969999313354492
CPER,2026-04-17,37.0099983215332,36.939998626708984
DBA,2026-04-17,26.90999984741211,27.110000610351562
DBB,2026-04-17,24.899999618530273,25.020000457763672
DBC,2026-04-17,28.07999992370605,29.11000061035156
DBE,2026-04-17,27.020000457763672,29.15999984741211
DBO,2026-04-17,18.950000762939453,20.190000534057617
DIA,2026-04-17,490.6700134277344,485.6300048828125
EBND,2026-04-17,21.489999771118164,21.299999237060547
EEM,2026-04-17,63.529998779296875,62.45000076293945
EFA,2026-04-17,104.45999908447266,103.01000213623047
EMB,2026-04-17,96.69999694824219,95.94999694824219
EMHY,2026-04-17,40.68000030517578,40.36000061035156
EMLC,2026-04-17,26.13999938964844,25.920000076293945
EPI,2026-04-17,44.709999084472656,43.66999816894531
EWA,2026-04-17,30.3700008392334,29.93000030517578
EWC,2026-04-17,58.43999862670898,57.9900016784668
EWG,2026-04-17,43.4900016784668,42.36000061035156
EWJ,2026-04-17,90.02999877929688,89.41000366210938
EWL,2026-04-17,62.22999954223633,61.11000061035156
EWN,2026-04-17,64.37000274658203,63.130001068115234
EWQ,2026-04-17,47.060001373291016,46.060001373291016
EWT,2026-04-17,83.0,81.3499984741211
EWU,2026-04-17,48.16999816894531,47.84000015258789
EWW,2026-04-17,80.13999938964844,79.01000213623047
EWY,2026-04-17,151.14999389648438,147.47000122070312
EWZ,2026-04-17,41.869998931884766,41.470001220703125
EZA,2026-04-17,74.22000122070312,72.2300033569336
EZU,2026-04-17,68.76000213623047,67.04000091552734
FALN,2026-04-17,27.290000915527344,27.170000076293945
FDN,2026-04-17,261.95001220703125,261.20001220703125
FXI,2026-04-17,37.619998931884766,37.22999954223633
GIGB,2026-04-17,46.22999954223633,45.970001220703125
GLD,2026-04-17,445.6499938964844,440.0799865722656
GLTR,2026-04-17,230.66000366210935,226.1000061035156
GOVT,2026-04-17,22.979999542236328,22.88999938964844
HYG,2026-04-17,80.5999984741211,80.3499984741211
IAU,2026-04-17,91.3000030517578,90.16000366210938
IEF,2026-04-17,95.88999938964844,95.41000366210938
IEI,2026-04-17,118.97000122070312,118.56999969482422
IGIB,2026-04-17,53.720001220703125,53.43999862670898
IGV,2026-04-17,86.2300033569336,84.36000061035156
IHI,2026-04-17,53.619998931884766,53.22999954223633
INDA,2026-04-17,51.09999847412109,50.0
ITB,2026-04-17,95.66000366210938,93.61000061035156
IWM,2026-04-17,273.739990234375,269.95001220703125
IYR,2026-04-17,101.76000213623048,101.36000061035156
IYT,2026-04-17,81.87999725341797,80.33999633789062
JMBS,2026-04-17,45.720001220703125,45.54999923706055
JNK,2026-04-17,96.9800033569336,96.70999908447266
KRE,2026-04-17,69.6500015258789,68.83000183105469
LEMB,2026-04-17,42.619998931884766,42.27999877929688
LIT,2026-04-17,83.48999786376953,82.30999755859375
LMBS,2026-04-17,50.150001525878906,50.07600021362305
LQD,2026-04-17,110.12999725341797,109.43000030517578
MBB,2026-04-17,95.62999725341797,95.25
MDY,2026-04-17,659.0900268554688,652.7100219726562
PALL,2026-04-17,28.6560001373291,28.270000457763672
PCY,2026-04-17,21.780000686645508,21.59000015258789
PFF,2026-04-17,31.43000030517578,31.329999923706055
PPLT,2026-04-17,19.132999420166016,19.02899932861328
QLTA,2026-04-17,48.0,47.72999954223633
QQQ,2026-04-17,645.5900268554688,640.469970703125
REM,2026-04-17,22.59000015258789,22.43000030517578
REMX,2026-04-17,104.12999725341795,103.0500030517578
RSP,2026-04-17,201.69000244140625,200.63999938964844
RWR,2026-04-17,108.4000015258789,108.0999984741211
RWX,2026-04-17,28.989999771118164,28.57999992370605
SCHH,2026-04-17,23.149999618530277,23.07999992370605
SCHO,2026-04-17,24.290000915527344,24.26000022888184
SCHP,2026-04-17,26.82999992370605,26.780000686645508
SGOL,2026-04-17,46.209999084472656,45.650001525878906
SHY,2026-04-17,82.61000061035156,82.4800033569336
SHYG,2026-04-17,42.66999816894531,42.560001373291016
SIVR,2026-04-17,77.58000183105469,74.87000274658203
SKYY,2026-04-17,118.31999969482422,116.62999725341795
SLQD,2026-04-17,50.59999847412109,50.5099983215332
SLV,2026-04-17,73.88999938964844,71.23999786376953
SLX,2026-04-17,100.6500015258789,99.61000061035156
SMH,2026-04-17,462.7999877929688,454.7999877929688
SOXX,2026-04-17,413.3800048828125,405.9500122070313
SOYB,2026-04-17,24.329999923706055,24.43000030517578
SPIB,2026-04-17,33.7400016784668,33.61000061035156
SPMB,2026-04-17,22.549999237060547,22.450000762939453
SPTL,2026-04-17,26.43000030517578,26.200000762939453
SPY,2026-04-17,706.1400146484375,701.6599731445312
SRLN,2026-04-17,40.400001525878906,40.33000183105469
STIP,2026-04-17,103.69000244140624,103.63999938964844
TIP,2026-04-17,111.43000030517578,111.19000244140625
TLH,2026-04-17,101.33000183105469,100.54000091552734
TLT,2026-04-17,87.05000305175781,86.27999877929688
TUR,2026-04-17,42.93000030517578,42.31999969482422
UGA,2026-04-17,95.43000030517578,101.81999969482422
UNG,2026-04-17,10.649999618530273,10.779999732971191
UNL,2026-04-17,6.449999809265137,6.53000020980835
USHY,2026-04-17,37.2400016784668,37.15999984741211
USIG,2026-04-17,51.650001525878906,51.40999984741211
USO,2026-04-17,114.7300033569336,125.83999633789062
VCIT,2026-04-17,83.55000305175781,83.12999725341797
VCSH,2026-04-17,79.58000183105469,79.31999969482422
VDC,2026-04-17,223.6000061035156,223.7100067138672
VGIT,2026-04-17,59.72999954223633,59.52999877929688
VGLT,2026-04-17,55.630001068115234,55.18999862670898
VHT,2026-04-17,275.7699890136719,274.2900085449219
VMBS,2026-04-17,47.2400016784668,47.09000015258789
VNQ,2026-04-17,95.5,95.16000366210938
VNQI,2026-04-17,48.11000061035156,47.59000015258789
VPU,2026-04-17,200.3999938964844,200.50999450683597
VTIP,2026-04-17,50.16999816894531,50.150001525878906
VWOB,2026-04-17,67.51000213623047,67.0
WEAT,2026-04-17,22.43000030517578,22.799999237060547
XBI,2026-04-17,137.77000427246094,135.4600067138672
XLB,2026-04-17,51.599998474121094,51.75
XLC,2026-04-17,118.63999938964844,118.83000183105469
XLE,2026-04-17,54.40999984741211,56.58000183105469
XLF,2026-04-17,52.369998931884766,52.029998779296875
XLI,2026-04-17,172.24000549316406,170.3300018310547
XLK,2026-04-17,154.05999755859375,152.02000427246094
XLP,2026-04-17,81.31999969482422,81.43000030517578
XLRE,2026-04-17,43.93000030517578,43.810001373291016
XLU,2026-04-17,46.22999954223633,46.349998474121094
XLV,2026-04-17,147.3699951171875,146.61000061035156
XLY,2026-04-17,119.69000244140625,117.62999725341797
XME,2026-04-17,116.72000122070312,115.95999908447266
XPH,2026-04-17,58.11000061035156,57.45000076293945
XRT,2026-04-17,85.4800033569336,84.5
ANGL,2026-04-20,29.350000381469727,29.399999618530277
BKLN,2026-04-20,20.559999465942383,20.670000076293945
BNO,2026-04-20,46.630001068115234,45.470001220703125
BWX,2026-04-20,22.440000534057617,22.420000076293945
CANE,2026-04-20,9.0600004196167,9.06999969482422
CEMB,2026-04-20,45.90999984741211,45.95000076293945
CIBR,2026-04-20,66.2300033569336,66.4800033569336
CORN,2026-04-20,17.959999084472656,17.950000762939453
CPER,2026-04-20,37.11000061035156,37.290000915527344
DBA,2026-04-20,27.0,26.920000076293945
DBB,2026-04-20,25.0,24.959999084472656
DBC,2026-04-20,28.540000915527344,28.290000915527344
DBE,2026-04-20,27.93000030517578,27.34000015258789
DBO,2026-04-20,19.6200008392334,19.1299991607666
DIA,2026-04-20,493.4500122070313,494.2200012207031
EBND,2026-04-20,21.399999618530277,21.459999084472656
EEM,2026-04-20,63.11000061035156,63.63999938964844
EFA,2026-04-20,103.72000122070312,104.31999969482422
EMB,2026-04-20,96.62000274658203,96.66999816894531
EMHY,2026-04-20,40.65999984741211,40.650001525878906
EMLC,2026-04-20,26.049999237060547,26.09000015258789
EPI,2026-04-20,44.02000045776367,44.84000015258789
EWA,2026-04-20,30.09000015258789,30.209999084472656
EWC,2026-04-20,58.40999984741211,58.52000045776367
EWG,2026-04-20,42.91999816894531,43.18999862670898
EWJ,2026-04-20,89.2699966430664,90.19000244140624
EWL,2026-04-20,62.11000061035156,62.43999862670898
EWN,2026-04-20,63.9900016784668,64.12000274658203
EWQ,2026-04-20,46.400001525878906,46.7599983215332
EWT,2026-04-20,83.11000061035156,83.22000122070312
EWU,2026-04-20,47.93000030517578,48.25
EWW,2026-04-20,79.20999908447266,79.45999908447266
EWY,2026-04-20,150.25999450683594,152.3300018310547
EWZ,2026-04-20,41.43999862670898,41.15999984741211
EZA,2026-04-20,73.69999694824219,74.62000274658203
EZU,2026-04-20,67.94000244140625,68.22000122070312
FALN,2026-04-20,27.270000457763672,27.28499984741211
FDN,2026-04-20,261.6099853515625,262.8299865722656
FXI,2026-04-20,37.58000183105469,37.59999847412109
GIGB,2026-04-20,46.27000045776367,46.20899963378906
GLD,2026-04-20,443.1300048828125,445.92999267578125
GLTR,2026-04-20,228.38999938964844,230.6000061035156
GOVT,2026-04-20,22.979999542236328,22.989999771118164
HYG,2026-04-20,80.62999725341797,80.6500015258789
IAU,2026-04-20,90.77999877929688,91.33999633789062
IEF,2026-04-20,95.91000366210938,95.93000030517578
IEI,2026-04-20,118.9800033569336,119.0199966430664
IGIB,2026-04-20,53.709999084472656,53.709999084472656
IGV,2026-04-20,85.02999877929688,85.08000183105469
IHI,2026-04-20,54.0099983215332,54.220001220703125
INDA,2026-04-20,50.369998931884766,51.27999877929688
ITB,2026-04-20,98.27999877929688,97.9000015258789
IWM,2026-04-20,274.6499938964844,275.7799987792969
IYR,2026-04-20,102.5199966430664,102.9800033569336
IYT,2026-04-20,81.37999725341797,81.87000274658203
JMBS,2026-04-20,45.72999954223633,45.72999954223633
JNK,2026-04-20,97.08999633789062,97.08000183105469
KRE,2026-04-20,70.04000091552734,70.37000274658203
LEMB,2026-04-20,42.540000915527344,42.560001373291016
LIT,2026-04-20,82.5,83.2300033569336
LMBS,2026-04-20,50.20000076293945,50.18000030517578
LQD,2026-04-20,110.04000091552734,110.04000091552734
MBB,2026-04-20,95.55999755859375,95.55000305175781
MDY,2026-04-20,663.6300048828125,665.4299926757812
PALL,2026-04-20,28.270000457763672,28.510000228881836
PCY,2026-04-20,21.709999084472656,21.770000457763672
PFF,2026-04-20,31.43000030517578,31.459999084472656
PPLT,2026-04-20,18.922000885009766,19.246999740600586
QLTA,2026-04-20,47.959999084472656,47.93999862670898
QQQ,2026-04-20,648.0399780273438,648.8499755859375
REM,2026-04-20,22.780000686645508,22.950000762939453
REMX,2026-04-20,101.91999816894533,101.62999725341795
RSP,2026-04-20,202.69000244140625,203.16000366210935
RWR,2026-04-20,109.4800033569336,109.72000122070312
RWX,2026-04-20,28.76000022888184,28.8700008392334
SCHH,2026-04-20,23.3700008392334,23.43000030517578
SCHO,2026-04-20,24.290000915527344,24.299999237060547
SCHP,2026-04-20,26.850000381469727,26.850000381469727
SGOL,2026-04-20,45.95000076293945,46.2400016784668
SHY,2026-04-20,82.62999725341797,82.63999938964844
SHYG,2026-04-20,42.70000076293945,42.709999084472656
SIVR,2026-04-20,76.36000061035156,77.31999969482422
SKYY,2026-04-20,116.4800033569336,117.16999816894533
SLQD,2026-04-20,50.59999847412109,50.59999847412109
SLV,2026-04-20,72.6500015258789,73.62999725341797
SLX,2026-04-20,100.0,101.5199966430664
SMH,2026-04-20,464.6400146484375,464.1600036621094
SOXX,2026-04-20,417.4299926757813,415.7099914550781
SOYB,2026-04-20,24.489999771118164,24.520000457763672
SPIB,2026-04-20,33.7400016784668,33.72999954223633
SPMB,2026-04-20,22.530000686645508,22.540000915527344
SPTL,2026-04-20,26.440000534057617,26.440000534057617
SPY,2026-04-20,708.780029296875,710.1400146484375
SRLN,2026-04-20,40.5,40.52000045776367
STIP,2026-04-20,103.73999786376952,103.70999908447266
TIP,2026-04-20,111.4800033569336,111.4800033569336
TLH,2026-04-20,101.4000015258789,101.37000274658203
TLT,2026-04-20,87.11000061035156,87.06999969482422
TUR,2026-04-20,43.09000015258789,43.369998931884766
UGA,2026-04-20,99.13999938964844,97.16000366210938
UNG,2026-04-20,10.869999885559082,10.84000015258789
UNL,2026-04-20,6.579999923706055,6.539999961853027
USHY,2026-04-20,37.310001373291016,37.290000915527344
USIG,2026-04-20,51.630001068115234,51.650001525878906
USO,2026-04-20,119.83999633789062,116.04000091552734
VCIT,2026-04-20,83.5,83.4800033569336
VCSH,2026-04-20,79.5199966430664,79.5199966430664
VDC,2026-04-20,227.1100006103516,226.8699951171875
VGIT,2026-04-20,59.75,59.7599983215332
VGLT,2026-04-20,55.65999984741211,55.650001525878906
VHT,2026-04-20,277.8399963378906,278.45001220703125
VMBS,2026-04-20,47.25,47.2599983215332
VNQ,2026-04-20,96.5,96.68000030517578
VNQI,2026-04-20,47.86000061035156,48.20000076293945
VPU,2026-04-20,199.6199951171875,199.6999969482422
VTIP,2026-04-20,50.16999816894531,50.15999984741211
VWOB,2026-04-20,67.5199966430664,67.51000213623047
WEAT,2026-04-20,22.6200008392334,22.469999313354492
XBI,2026-04-20,137.99000549316406,138.6699981689453
XLB,2026-04-20,51.84000015258789,51.880001068115234
XLC,2026-04-20,118.73999786376953,119.0999984741211
XLE,2026-04-20,55.099998474121094,55.02000045776367
XLF,2026-04-20,52.34000015258789,52.43000030517578
XLI,2026-04-20,173.1300048828125,173.50999450683594
XLK,2026-04-20,154.3000030517578,154.35000610351562
XLP,2026-04-20,82.55000305175781,82.45999908447266
XLRE,2026-04-20,44.400001525878906,44.47999954223633
XLU,2026-04-20,46.119998931884766,46.15999984741211
XLV,2026-04-20,148.4499969482422,148.8000030517578
XLY,2026-04-20,120.13999938964844,120.41000366210938
XME,2026-04-20,116.5,117.5999984741211
XPH,2026-04-20,59.34999847412109,59.27000045776367
XRT,2026-04-20,86.68000030517578,86.94999694824219
ANGL,2026-04-21,29.34000015258789,29.36000061035156
BKLN,2026-04-21,20.56999969482422,20.56999969482422
BNO,2026-04-21,47.689998626708984,47.45000076293945
BWX,2026-04-21,22.3799991607666,22.450000762939453
CANE,2026-04-21,9.239999771118164,9.130000114440918
CEMB,2026-04-21,45.90999984741211,45.93000030517578
CIBR,2026-04-21,67.22000122070312,67.05000305175781
CORN,2026-04-21,18.1299991607666,18.079999923706055
CPER,2026-04-21,37.02000045776367,37.0099983215332
DBA,2026-04-21,27.040000915527344,26.989999771118164
DBB,2026-04-21,25.0,25.0
DBC,2026-04-21,28.770000457763672,28.670000076293945
DBE,2026-04-21,28.489999771118164,28.25
DBO,2026-04-21,19.8799991607666,19.68000030517578
DIA,2026-04-21,497.239990234375,494.3299865722656
EBND,2026-04-21,21.3799991607666,21.420000076293945
EEM,2026-04-21,63.279998779296875,63.18000030517578
EFA,2026-04-21,103.12999725341797,103.91000366210938
EMB,2026-04-21,96.48999786376953,96.58999633789062
EMHY,2026-04-21,40.61000061035156,40.619998931884766
EMLC,2026-04-21,26.020000457763672,26.06999969482422
EPI,2026-04-21,44.04999923706055,44.18999862670898
EWA,2026-04-21,29.90999984741211,30.049999237060547
EWC,2026-04-21,58.790000915527344,58.77000045776367
EWG,2026-04-21,42.81999969482422,42.9900016784668
EWJ,2026-04-21,88.18000030517578,89.33000183105469
EWL,2026-04-21,61.90999984741211,62.4900016784668
EWN,2026-04-21,64.05999755859375,64.11000061035156
EWQ,2026-04-21,46.08000183105469,46.470001220703125
EWT,2026-04-21,84.23999786376953,83.58999633789062
EWU,2026-04-21,47.720001220703125,48.0
EWW,2026-04-21,79.80999755859375,79.87999725341797
EWY,2026-04-21,152.1999969482422,150.08999633789062
EWZ,2026-04-21,41.40999984741211,41.29999923706055
EZA,2026-04-21,72.69000244140625,73.69999694824219
EZU,2026-04-21,67.80999755859375,67.94999694824219
FALN,2026-04-21,27.25,27.26000022888184
FDN,2026-04-21,264.989990234375,263.8399963378906
FXI,2026-04-21,37.52999877929688,37.65999984741211
GIGB,2026-04-21,46.150001525878906,46.209999084472656
GLD,2026-04-21,438.54998779296875,442.0899963378906
GLTR,2026-04-21,225.22000122070312,227.6499938964844
GOVT,2026-04-21,22.950000762939453,22.979999542236328
HYG,2026-04-21,80.55000305175781,80.58000183105469
IAU,2026-04-21,89.8499984741211,90.56999969482422
IEF,2026-04-21,95.69000244140625,95.83999633789062
IEI,2026-04-21,118.7699966430664,118.91999816894531
IGIB,2026-04-21,53.61000061035156,53.70000076293945
IGV,2026-04-21,86.76000213623047,86.30000305175781
IHI,2026-04-21,53.900001525878906,53.86000061035156
INDA,2026-04-21,50.400001525878906,50.52999877929688
ITB,2026-04-21,102.73999786376952,100.01000213623048
IWM,2026-04-21,278.17999267578125,277.3500061035156
IYR,2026-04-21,103.02999877929688,103.2300033569336
IYT,2026-04-21,82.55999755859375,82.41000366210938
JMBS,2026-04-21,45.59999847412109,45.68999862670898
JNK,2026-04-21,97.05999755859375,96.98999786376953
KRE,2026-04-21,70.45999908447266,70.63999938964844
LEMB,2026-04-21,42.43999862670898,42.5
LIT,2026-04-21,84.08000183105469,82.87000274658203
LMBS,2026-04-21,50.02000045776367,50.20899963378906
LQD,2026-04-21,109.94000244140625,110.02999877929688
MBB,2026-04-21,95.31999969482422,95.45999908447266
MDY,2026-04-21,670.9600219726562,669.5800170898438
PALL,2026-04-21,28.32200050354004,28.34000015258789
PCY,2026-04-21,21.670000076293945,21.670000076293945
PFF,2026-04-21,31.40999984741211,31.440000534057617
PPLT,2026-04-21,18.790000915527344,18.930999755859375
QLTA,2026-04-21,47.90999984741211,47.95000076293945
QQQ,2026-04-21,648.4099731445312,646.7899780273438
REM,2026-04-21,22.93000030517578,22.88999938964844
REMX,2026-04-21,102.37999725341795,103.12000274658205
RSP,2026-04-21,204.2700042724609,203.8000030517578
RWR,2026-04-21,110.19000244140624,110.16000366210938
RWX,2026-04-21,28.65999984741211,28.739999771118164
SCHH,2026-04-21,23.46999931335449,23.479999542236328
SCHO,2026-04-21,24.270000457763672,24.290000915527344
SCHP,2026-04-21,26.809999465942383,26.84000015258789
SGOL,2026-04-21,45.4900016784668,45.84000015258789
SHY,2026-04-21,82.55999755859375,82.5999984741211
SHYG,2026-04-21,42.68000030517578,42.68000030517578
SIVR,2026-04-21,74.61000061035156,75.79000091552734
SKYY,2026-04-21,119.6500015258789,119.23999786376952
SLQD,2026-04-21,50.560001373291016,50.59000015258789
SLV,2026-04-21,70.98999786376953,72.1500015258789
SLX,2026-04-21,102.2300033569336,101.94000244140624
SMH,2026-04-21,466.2900085449219,463.9599914550781
SOXX,2026-04-21,420.3999938964844,417.5499877929688
SOYB,2026-04-21,24.610000610351562,24.540000915527344
SPIB,2026-04-21,33.689998626708984,33.72999954223633
SPMB,2026-04-21,22.459999084472656,22.5
SPTL,2026-04-21,26.38999938964844,26.420000076293945
SPY,2026-04-21,710.280029296875,708.719970703125
SRLN,2026-04-21,40.52999877929688,40.52999877929688
STIP,2026-04-21,103.66999816894533,103.6999969482422
TIP,2026-04-21,111.33999633789062,111.41000366210938
TLH,2026-04-21,101.16999816894531,101.33999633789062
TLT,2026-04-21,86.97000122070312,87.05000305175781
TUR,2026-04-21,42.650001525878906,43.09999847412109
UGA,2026-04-21,101.11000061035156,100.33000183105469
UNG,2026-04-21,10.84000015258789,10.850000381469727
UNL,2026-04-21,6.550000190734863,6.559999942779541
USHY,2026-04-21,37.27000045776367,37.290000915527344
USIG,2026-04-21,51.59000015258789,51.650001525878906
USO,2026-04-21,121.51000213623047,121.31999969482422
VCIT,2026-04-21,83.4000015258789,83.5
VCSH,2026-04-21,79.45999908447266,79.5
VDC,2026-04-21,226.7400054931641,226.6699981689453
VGIT,2026-04-21,59.650001525878906,59.720001220703125
VGLT,2026-04-21,55.56999969482422,55.63999938964844
VHT,2026-04-21,277.69000244140625,276.2799987792969
VMBS,2026-04-21,47.13999938964844,47.209999084472656
VNQ,2026-04-21,96.95999908447266,97.02999877929688
VNQI,2026-04-21,47.75,47.88999938964844
VPU,2026-04-21,198.69000244140625,198.0500030517578
VTIP,2026-04-21,50.15999984741211,50.18000030517578
VWOB,2026-04-21,67.41000366210938,67.48999786376953
WEAT,2026-04-21,22.690000534057617,22.75
XBI,2026-04-21,137.97999572753906,137.7899932861328
XLB,2026-04-21,52.25,52.22999954223633
XLC,2026-04-21,118.80000305175781,118.75
XLE,2026-04-21,55.31999969482422,55.06999969482422
XLF,2026-04-21,52.709999084472656,52.630001068115234
XLI,2026-04-21,173.52999877929688,173.89999389648438
XLK,2026-04-21,155.0,154.55999755859375
XLP,2026-04-21,82.33999633789062,82.38999938964844
XLRE,2026-04-21,44.58000183105469,44.63999938964844
XLU,2026-04-21,45.90999984741211,45.75
XLV,2026-04-21,148.2899932861328,147.4199981689453
XLY,2026-04-21,120.83999633789062,119.87000274658203
XME,2026-04-21,119.25,119.1999969482422
XPH,2026-04-21,59.130001068115234,59.0
XRT,2026-04-21,88.33000183105469,87.97000122070312
ANGL,2026-04-22,29.32999992370605,29.280000686645508
BKLN,2026-04-22,20.579999923706055,20.549999237060547
BNO,2026-04-22,49.81999969482422,50.06999969482422
BWX,2026-04-22,22.309999465942383,22.239999771118164
CANE,2026-04-22,9.329999923706056,9.220000267028809
CEMB,2026-04-22,45.93000030517578,45.79999923706055
CIBR,2026-04-22,68.45999908447266,68.04000091552734
CORN,2026-04-22,18.239999771118164,18.18000030517578
CPER,2026-04-22,37.11000061035156,36.560001373291016
DBA,2026-04-22,27.260000228881836,27.170000076293945
DBB,2026-04-22,25.110000610351562,24.780000686645508
DBC,2026-04-22,29.32999992370605,29.209999084472656
DBE,2026-04-22,29.59000015258789,29.6299991607666
DBO,2026-04-22,20.200000762939453,20.38999938964844
DIA,2026-04-22,495.3200073242188,491.3599853515625
EBND,2026-04-22,21.290000915527344,21.25
EEM,2026-04-22,62.9900016784668,62.25
EFA,2026-04-22,102.33000183105469,101.62999725341797
EMB,2026-04-22,96.5,96.12999725341797
EMHY,2026-04-22,40.58000183105469,40.47999954223633
EMLC,2026-04-22,25.920000076293945,25.86000061035156
EPI,2026-04-22,43.72999954223633,43.470001220703125
EWA,2026-04-22,29.43000030517578,29.479999542236328
EWC,2026-04-22,58.209999084472656,57.81999969482422
EWG,2026-04-22,42.41999816894531,42.060001373291016
EWJ,2026-04-22,87.69999694824219,87.13999938964844
EWL,2026-04-22,61.290000915527344,60.83000183105469
EWN,2026-04-22,63.720001220703125,63.34000015258789
EWQ,2026-04-22,45.68000030517578,45.36000061035156
EWT,2026-04-22,85.30000305175781,83.52999877929688
EWU,2026-04-22,47.27000045776367,46.93999862670898
EWW,2026-04-22,78.80999755859375,78.0
EWY,2026-04-22,151.9600067138672,146.7899932861328
EWZ,2026-04-22,41.27000045776367,40.790000915527344
EZA,2026-04-22,71.58999633789062,71.02999877929688
EZU,2026-04-22,67.05999755859375,66.47000122070312
FALN,2026-04-22,27.239999771118164,27.18000030517578
FDN,2026-04-22,265.6700134277344,263.6000061035156
FXI,2026-04-22,37.0099983215332,37.11000061035156
GIGB,2026-04-22,46.18000030517578,46.060001373291016
GLD,2026-04-22,436.2699890136719,429.57000732421875
GLTR,2026-04-22,224.07000732421875,219.3300018310547
GOVT,2026-04-22,22.950000762939453,22.899999618530277
HYG,2026-04-22,80.5,80.37000274658203
IAU,2026-04-22,89.38999938964844,88.04000091552734
IEF,2026-04-22,95.68000030517578,95.41999816894531
IEI,2026-04-22,118.73999786376953,118.52999877929688
IGIB,2026-04-22,53.650001525878906,53.5099983215332
IGV,2026-04-22,87.87000274658203,86.68000030517578
IHI,2026-04-22,52.810001373291016,52.290000915527344
INDA,2026-04-22,50.060001373291016,49.79999923706055
ITB,2026-04-22,101.1999969482422,100.16000366210938
IWM,2026-04-22,277.5899963378906,274.510009765625
IYR,2026-04-22,101.8000030517578,101.4499969482422
IYT,2026-04-22,82.62999725341797,82.12999725341797
JMBS,2026-04-22,45.619998931884766,45.5099983215332
JNK,2026-04-22,96.8499984741211,96.75
KRE,2026-04-22,69.86000061035156,69.62999725341797
LEMB,2026-04-22,42.310001373291016,42.220001220703125
LIT,2026-04-22,84.36000061035156,83.02999877929688
LMBS,2026-04-22,50.0,49.970001220703125
LQD,2026-04-22,109.95999908447266,109.61000061035156
MBB,2026-04-22,95.41000366210938,95.06999969482422
MDY,2026-04-22,672.75,665.6199951171875
PALL,2026-04-22,28.257999420166016,27.624000549316406
PCY,2026-04-22,21.68000030517578,21.59000015258789
PFF,2026-04-22,31.350000381469727,31.239999771118164
PPLT,2026-04-22,18.871999740600586,18.308000564575195
QLTA,2026-04-22,47.90999984741211,47.79999923706055
QQQ,2026-04-22,650.1500244140625,644.3300170898438
REM,2026-04-22,22.979999542236328,22.82999992370605
REMX,2026-04-22,103.08999633789062,100.5999984741211
RSP,2026-04-22,203.77999877929688,202.5500030517578
RWR,2026-04-22,108.66000366210938,108.41000366210938
RWX,2026-04-22,28.520000457763672,28.26000022888184
SCHH,2026-04-22,23.13999938964844,23.09000015258789
SCHO,2026-04-22,24.270000457763672,24.25
SCHP,2026-04-22,26.86000061035156,26.780000686645508
SGOL,2026-04-22,45.25,44.560001373291016
SHY,2026-04-22,82.55000305175781,82.4800033569336
SHYG,2026-04-22,42.65999984741211,42.61000061035156
SIVR,2026-04-22,74.11000061035156,71.95999908447266
SKYY,2026-04-22,121.8000030517578,120.33999633789062
SLQD,2026-04-22,50.58000183105469,50.540000915527344
SLV,2026-04-22,70.55000305175781,68.48999786376953
SLX,2026-04-22,101.79000091552734,100.77999877929688
SMH,2026-04-22,471.0499877929688,464.6600036621094
SOXX,2026-04-22,427.260009765625,420.7000122070313
SOYB,2026-04-22,24.75,24.739999771118164
SPIB,2026-04-22,33.689998626708984,33.63999938964844
SPMB,2026-04-22,22.489999771118164,22.40999984741211
SPTL,2026-04-22,26.40999984741211,26.280000686645508
SPY,2026-04-22,709.1500244140625,704.0800170898438
SRLN,2026-04-22,40.56999969482422,40.4900016784668
STIP,2026-04-22,103.72000122070312,103.63999938964844
TIP,2026-04-22,111.48999786376953,111.22000122070312
TLH,2026-04-22,101.20999908447266,100.72000122070312
TLT,2026-04-22,87.05000305175781,86.56999969482422
TUR,2026-04-22,42.15999984741211,42.310001373291016
UGA,2026-04-22,105.01000213623047,104.31999969482422
UNG,2026-04-22,11.069999694824219,10.949999809265137
UNL,2026-04-22,6.659999847412109,6.619999885559082
USHY,2026-04-22,37.25,37.18999862670898
USIG,2026-04-22,51.59000015258789,51.459999084472656
USO,2026-04-22,127.36000061035156,128.25
VCIT,2026-04-22,83.38999938964844,83.22000122070312
VCSH,2026-04-22,79.44999694824219,79.37000274658203
VDC,2026-04-22,226.19000244140625,225.50999450683597
VGIT,2026-04-22,59.619998931884766,59.52000045776367
VGLT,2026-04-22,55.61000061035156,55.31999969482422
VHT,2026-04-22,274.5,273.3299865722656
VMBS,2026-04-22,47.16999816894531,46.9900016784668
VNQ,2026-04-22,95.5999984741211,95.30999755859376
VNQI,2026-04-22,47.380001068115234,47.09000015258789
VPU,2026-04-22,195.7899932861328,194.44000244140625
VTIP,2026-04-22,50.18999862670898,50.13999938964844
VWOB,2026-04-22,67.43000030517578,67.16999816894531
WEAT,2026-04-22,23.06999969482422,23.15999984741211
XBI,2026-04-22,137.94000244140625,136.38999938964844
XLB,2026-04-22,52.2400016784668,51.77000045776367
XLC,2026-04-22,117.6500015258789,117.16000366210938
XLE,2026-04-22,56.36000061035156,55.869998931884766
XLF,2026-04-22,52.47999954223633,52.29999923706055
XLI,2026-04-22,173.30999755859375,171.44000244140625
XLK,2026-04-22,156.22000122070312,154.69000244140625
XLP,2026-04-22,82.08999633789062,81.83999633789062
XLRE,2026-04-22,43.90999984741211,43.779998779296875
XLU,2026-04-22,45.34000015258789,44.95000076293945
XLV,2026-04-22,146.50999450683594,145.9199981689453
XLY,2026-04-22,119.52999877929688,118.97000122070312
XME,2026-04-22,119.58000183105467,117.37000274658205
XPH,2026-04-22,58.29999923706055,57.86000061035156
XRT,2026-04-22,87.8499984741211,87.19999694824219
ANGL,2026-04-23,29.309999465942383,29.32999992370605
BKLN,2026-04-23,20.56999969482422,20.549999237060547
BNO,2026-04-23,51.33000183105469,50.529998779296875
BWX,2026-04-23,22.209999084472656,22.25
CANE,2026-04-23,9.359999656677246,9.279999732971191
CEMB,2026-04-23,45.900001525878906,45.84999847412109
CIBR,2026-04-23,67.61499786376953,68.91000366210938
CORN,2026-04-23,18.209999084472656,18.209999084472656
CPER,2026-04-23,37.209999084472656,37.599998474121094
DBA,2026-04-23,27.15999984741211,27.1299991607666
DBB,2026-04-23,25.18000030517578,25.329999923706055
DBC,2026-04-23,29.520000457763672,29.51000022888184
DBE,2026-04-23,30.13999938964844,29.920000076293945
DBO,2026-04-23,20.63999938964844,20.450000762939453
DIA,2026-04-23,492.5499877929688,494.760009765625
EBND,2026-04-23,21.209999084472656,21.26000022888184
EEM,2026-04-23,62.75,63.380001068115234
EFA,2026-04-23,101.75,101.97000122070312
EMB,2026-04-23,96.31999969482422,96.37999725341797
EMHY,2026-04-23,40.52999877929688,40.56999969482422
EMLC,2026-04-23,25.799999237060547,25.850000381469727
EPI,2026-04-23,43.4900016784668,43.709999084472656
EWA,2026-04-23,29.40999984741211,29.43000030517578
EWC,2026-04-23,57.79999923706055,57.9900016784668
EWG,2026-04-23,42.04999923706055,42.31999969482422
EWJ,2026-04-23,87.48999786376953,87.76000213623047
EWL,2026-04-23,61.52000045776367,61.130001068115234
EWN,2026-04-23,62.900001525878906,63.150001525878906
EWQ,2026-04-23,45.43999862670898,45.34999847412109
EWT,2026-04-23,84.41000366210938,86.19000244140625
EWU,2026-04-23,47.04999923706055,47.150001525878906
EWW,2026-04-23,78.02999877929688,78.33000183105469
EWY,2026-04-23,153.2899932861328,155.8000030517578
EWZ,2026-04-23,40.68000030517578,40.59000015258789
EZA,2026-04-23,70.18000030517578,71.29000091552734
EZU,2026-04-23,66.37999725341797,66.55999755859375
FALN,2026-04-23,27.239999771118164,27.23500061035156
FDN,2026-04-23,262.75,265.4100036621094
FXI,2026-04-23,36.75,36.970001220703125
GIGB,2026-04-23,46.119998931884766,46.130001068115234
GLD,2026-04-23,433.9599914550781,435.260009765625
GLTR,2026-04-23,220.72999572753903,223.5800018310547
GOVT,2026-04-23,22.920000076293945,22.93000030517578
HYG,2026-04-23,80.45999908447266,80.5
IAU,2026-04-23,88.94999694824219,89.19000244140625
IEF,2026-04-23,95.55999755859375,95.5199966430664
IEI,2026-04-23,118.6500015258789,118.62999725341797
IGIB,2026-04-23,53.59000015258789,53.59000015258789
IGV,2026-04-23,85.43000030517578,88.73999786376953
IHI,2026-04-23,53.25,53.29999923706055
INDA,2026-04-23,49.66999816894531,49.97999954223633
ITB,2026-04-23,99.69000244140624,99.7699966430664
IWM,2026-04-23,276.7300109863281,276.4800109863281
IYR,2026-04-23,101.0199966430664,100.62999725341795
IYT,2026-04-23,81.12000274658203,80.22000122070312
JMBS,2026-04-23,45.59999847412109,45.58000183105469
JNK,2026-04-23,96.87000274658203,96.91000366210938
KRE,2026-04-23,69.44000244140625,69.25
LEMB,2026-04-23,42.15999984741211,42.2599983215332
LIT,2026-04-23,82.80999755859375,84.7699966430664
LMBS,2026-04-23,49.970001220703125,49.970001220703125
LQD,2026-04-23,109.80000305175781,109.81999969482422
MBB,2026-04-23,95.27999877929688,95.29000091552734
MDY,2026-04-23,662.6500244140625,663.0900268554688
PALL,2026-04-23,26.974000930786133,28.13800048828125
PCY,2026-04-23,21.6200008392334,21.649999618530277
PFF,2026-04-23,31.479999542236328,31.510000228881836
PPLT,2026-04-23,18.351999282836914,18.860000610351562
QLTA,2026-04-23,47.84000015258789,47.84999847412109
QQQ,2026-04-23,653.5499877929688,655.1099853515625
REM,2026-04-23,22.84000015258789,22.920000076293945
REMX,2026-04-23,100.16000366210938,103.8000030517578
RSP,2026-04-23,202.44000244140625,202.4600067138672
RWR,2026-04-23,107.3499984741211,107.0199966430664
RWX,2026-04-23,28.38999938964844,28.3799991607666
SCHH,2026-04-23,22.90999984741211,22.82999992370605
SCHO,2026-04-23,24.270000457763672,24.26000022888184
SCHP,2026-04-23,26.850000381469727,26.81999969482422
SGOL,2026-04-23,45.0099983215332,45.13999938964844
SHY,2026-04-23,82.5199966430664,82.5199966430664
SHYG,2026-04-23,42.650001525878906,42.65999984741211
SIVR,2026-04-23,72.26000213623047,73.94999694824219
SKYY,2026-04-23,118.95999908447266,122.0999984741211
SLQD,2026-04-23,50.54999923706055,50.560001373291016
SLV,2026-04-23,68.7699966430664,70.37000274658203
SLX,2026-04-23,102.26000213623048,102.61000061035156
SMH,2026-04-23,480.3999938964844,476.8299865722656
SOXX,2026-04-23,435.3399963378906,431.7699890136719
SOYB,2026-04-23,24.479999542236328,24.510000228881836
SPIB,2026-04-23,33.689998626708984,33.66999816894531
SPMB,2026-04-23,22.459999084472656,22.450000762939453
SPTL,2026-04-23,26.34000015258789,26.32999992370605
SPY,2026-04-23,709.5,711.2100219726562
SRLN,2026-04-23,40.540000915527344,40.5099983215332
STIP,2026-04-23,103.77999877929688,103.72000122070312
TIP,2026-04-23,111.52999877929688,111.38999938964844
TLH,2026-04-23,100.9800033569336,100.91999816894531
TLT,2026-04-23,86.83000183105469,86.73999786376953
TUR,2026-04-23,42.43000030517578,42.5
UGA,2026-04-23,107.83999633789062,107.26000213623047
UNG,2026-04-23,10.720000267028809,10.949999809265137
UNL,2026-04-23,6.539999961853027,6.630000114440918
USHY,2026-04-23,37.22999954223633,37.2400016784668
USIG,2026-04-23,51.54999923706055,51.560001373291016
USO,2026-04-23,131.25999450683594,129.39999389648438
VCIT,2026-04-23,83.33999633789062,83.30999755859375
VCSH,2026-04-23,79.44999694824219,79.41999816894531
VDC,2026-04-23,227.13999938964844,226.27999877929688
VGIT,2026-04-23,59.560001373291016,59.560001373291016
VGLT,2026-04-23,55.4900016784668,55.43999862670898
VHT,2026-04-23,273.70001220703125,274.07000732421875
VMBS,2026-04-23,47.09999847412109,47.06999969482422
VNQ,2026-04-23,94.86000061035156,94.5199966430664
VNQI,2026-04-23,47.220001220703125,47.22999954223633
VPU,2026-04-23,195.97000122070312,194.33999633789065
VTIP,2026-04-23,50.209999084472656,50.16999816894531
VWOB,2026-04-23,67.27999877929688,67.30999755859375
WEAT,2026-04-23,22.959999084472656,22.860000610351562
XBI,2026-04-23,136.82000732421875,137.30999755859375
XLB,2026-04-23,51.709999084472656,51.83000183105469
XLC,2026-04-23,117.97000122070312,117.87999725341797
XLE,2026-04-23,56.88999938964844,56.540000915527344
XLF,2026-04-23,52.08000183105469,52.209999084472656
XLI,2026-04-23,171.8300018310547,171.0399932861328
XLK,2026-04-23,156.77000427246094,158.08999633789062
XLP,2026-04-23,82.36000061035156,82.11000061035156
XLRE,2026-04-23,43.650001525878906,43.459999084472656
XLU,2026-04-23,45.369998931884766,44.869998931884766
XLV,2026-04-23,146.1999969482422,146.3800048828125
XLY,2026-04-23,118.22000122070312,118.93000030517578
XME,2026-04-23,120.48999786376952,121.80999755859376
XPH,2026-04-23,57.959999084472656,57.90999984741211
XRT,2026-04-23,87.12000274658203,87.11000061035156
ANGL,2026-04-24,29.299999237060547,29.290000915527344
BKLN,2026-04-24,20.520000457763672,20.520000457763672
BNO,2026-04-24,52.130001068115234,52.70000076293945
BWX,2026-04-24,22.18000030517578,22.170000076293945
CANE,2026-04-24,9.4399995803833,9.34000015258789
CEMB,2026-04-24,45.83000183105469,45.86000061035156
CIBR,2026-04-24,66.80500030517578,66.58999633789062
CORN,2026-04-24,18.329999923706055,18.280000686645508
CPER,2026-04-24,36.91999816894531,36.959999084472656
DBA,2026-04-24,27.3700008392334,27.399999618530273
DBB,2026-04-24,25.170000076293945,25.170000076293945
DBC,2026-04-24,29.739999771118164,29.88999938964844
DBE,2026-04-24,30.520000457763672,30.8700008392334
DBO,2026-04-24,20.6299991607666,20.979999542236328
DIA,2026-04-24,493.0499877929688,493.0
EBND,2026-04-24,21.1200008392334,21.1299991607666
EEM,2026-04-24,63.279998779296875,62.349998474121094
EFA,2026-04-24,101.41000366210938,101.23999786376953
EMB,2026-04-24,96.16000366210938,95.93000030517578
EMHY,2026-04-24,40.45000076293945,40.41999816894531
EMLC,2026-04-24,25.690000534057617,25.68000030517578
EPI,2026-04-24,43.150001525878906,43.25
EWA,2026-04-24,29.209999084472656,29.270000457763672
EWC,2026-04-24,57.86000061035156,57.84000015258789
EWG,2026-04-24,42.16999816894531,41.91999816894531
EWJ,2026-04-24,86.93000030517578,87.06999969482422
EWL,2026-04-24,61.20000076293945,61.15999984741211
EWN,2026-04-24,63.13999938964844,62.27999877929688
EWQ,2026-04-24,45.16999816894531,45.20000076293945
EWT,2026-04-24,87.3499984741211,84.23999786376953
EWU,2026-04-24,46.91999816894531,46.79999923706055
EWW,2026-04-24,78.11000061035156,77.61000061035156
EWY,2026-04-24,153.36000061035156,150.58999633789062
EWZ,2026-04-24,39.810001373291016,40.09000015258789
EZA,2026-04-24,69.83000183105469,69.23999786376953
EZU,2026-04-24,66.41999816894531,65.95999908447266
FALN,2026-04-24,27.209999084472656,27.18000030517578
FDN,2026-04-24,260.3699951171875,259.9700012207031
FXI,2026-04-24,36.68000030517578,36.4900016784668
GIGB,2026-04-24,46.0099983215332,46.04999923706055
GLD,2026-04-24,431.3399963378906,431.0400085449219
GLTR,2026-04-24,219.3000030517578,219.2400054931641
GOVT,2026-04-24,22.88999938964844,22.88999938964844
HYG,2026-04-24,80.44000244140625,80.37000274658203
IAU,2026-04-24,88.37999725341797,88.33999633789062
IEF,2026-04-24,95.29000091552734,95.37000274658203
IEI,2026-04-24,118.44999694824219,118.48999786376953
IGIB,2026-04-24,53.470001220703125,53.47999954223633
IGV,2026-04-24,84.36000061035156,83.56999969482422
IHI,2026-04-24,53.02999877929688,53.0099983215332
INDA,2026-04-24,49.27999877929688,49.40999984741211
ITB,2026-04-24,100.61000061035156,100.83000183105467
IWM,2026-04-24,276.6700134277344,275.5199890136719
IYR,2026-04-24,101.61000061035156,101.66000366210938
IYT,2026-04-24,81.62999725341797,81.5999984741211
JMBS,2026-04-24,45.5099983215332,45.52000045776367
JNK,2026-04-24,96.51000213623047,96.73999786376953
KRE,2026-04-24,69.83999633789062,70.0
LEMB,2026-04-24,41.959999084472656,42.0099983215332
LIT,2026-04-24,83.47000122070312,82.1500015258789
LMBS,2026-04-24,49.95000076293945,49.93000030517578
LQD,2026-04-24,109.5,109.5199966430664
MBB,2026-04-24,95.02999877929688,95.08000183105469
MDY,2026-04-24,665.25,663.010009765625
PALL,2026-04-24,26.989999771118164,26.562000274658203
PCY,2026-04-24,21.540000915527344,21.559999465942383
PFF,2026-04-24,31.540000915527344,31.489999771118164
PPLT,2026-04-24,18.113000869750977,18.226999282836914
QLTA,2026-04-24,47.7599983215332,47.7599983215332
QQQ,2026-04-24,658.510009765625,651.4199829101562
REM,2026-04-24,22.790000915527344,22.75
REMX,2026-04-24,99.51000213623048,98.23999786376952
RSP,2026-04-24,202.5800018310547,202.4499969482422
RWR,2026-04-24,108.47000122070312,108.4800033569336
RWX,2026-04-24,28.270000457763672,28.190000534057617
SCHH,2026-04-24,23.13999938964844,23.149999618530277
SCHO,2026-04-24,24.26000022888184,24.25
SCHP,2026-04-24,26.850000381469727,26.8700008392334
SGOL,2026-04-24,44.7400016784668,44.720001220703125
SHY,2026-04-24,82.51000213623047,82.4800033569336
SHYG,2026-04-24,42.650001525878906,42.619998931884766
SIVR,2026-04-24,71.73999786376953,71.83000183105469
SKYY,2026-04-24,117.76000213623048,117.04000091552734
SLQD,2026-04-24,50.540000915527344,50.5099983215332
SLV,2026-04-24,68.29000091552734,68.37999725341797
SLX,2026-04-24,100.58999633789062,101.29000091552734
SMH,2026-04-24,499.510009765625,481.8500061035156
SOXX,2026-04-24,457.5899963378906,441.0
SOYB,2026-04-24,24.399999618530273,24.440000534057617
SPIB,2026-04-24,33.619998931884766,33.619998931884766
SPMB,2026-04-24,22.40999984741211,22.40999984741211
SPTL,2026-04-24,26.239999771118164,26.270000457763672
SPY,2026-04-24,710.75,708.4500122070312
SRLN,2026-04-24,40.45000076293945,40.400001525878906
STIP,2026-04-24,103.8499984741211,103.83999633789062
TIP,2026-04-24,111.51000213623047,111.56999969482422
TLH,2026-04-24,100.58000183105469,100.69999694824219
TLT,2026-04-24,86.45999908447266,86.55000305175781
TUR,2026-04-24,42.290000915527344,42.20000076293945
UGA,2026-04-24,109.55000305175781,110.98999786376953
UNG,2026-04-24,10.34000015258789,10.520000457763672
UNL,2026-04-24,6.449999809265137,6.510000228881836
USHY,2026-04-24,37.2400016784668,37.20000076293945
USIG,2026-04-24,51.43000030517578,51.45000076293945
USO,2026-04-24,132.6300048828125,134.72000122070312
VCIT,2026-04-24,83.13999938964844,83.13999938964844
VCSH,2026-04-24,79.36000061035156,79.33999633789062
VDC,2026-04-24,230.33999633789065,229.50999450683597
VGIT,2026-04-24,59.43999862670898,59.47999954223633
VGLT,2026-04-24,55.2400016784668,55.31999969482422
VHT,2026-04-24,271.5899963378906,273.010009765625
VMBS,2026-04-24,46.9900016784668,46.9900016784668
VNQ,2026-04-24,95.43000030517578,95.48999786376952
VNQI,2026-04-24,46.86000061035156,47.09000015258789
VPU,2026-04-24,199.3000030517578,199.69000244140625
VTIP,2026-04-24,50.2400016784668,50.2400016784668
VWOB,2026-04-24,67.11000061035156,67.08000183105469
WEAT,2026-04-24,23.309999465942383,23.40999984741211
XBI,2026-04-24,134.52999877929688,134.49000549316406
XLB,2026-04-24,51.75,51.810001373291016
XLC,2026-04-24,117.20999908447266,117.38999938964844
XLE,2026-04-24,56.77000045776367,56.97999954223633
XLF,2026-04-24,51.58000183105469,51.79999923706055
XLI,2026-04-24,173.97000122070312,174.07000732421875
XLK,2026-04-24,158.42999267578125,155.83999633789062
XLP,2026-04-24,83.76000213623047,83.4800033569336
XLRE,2026-04-24,44.0,43.959999084472656
XLU,2026-04-24,46.029998779296875,46.09000015258789
XLV,2026-04-24,145.24000549316406,146.24000549316406
XLY,2026-04-24,118.13999938964844,117.73999786376953
XME,2026-04-24,118.5199966430664,117.63999938964844
XPH,2026-04-24,57.5,57.20000076293945
XRT,2026-04-24,85.8499984741211,85.9000015258789
ANGL,2026-04-27,29.299999237060547,29.290000915527344
BKLN,2026-04-27,20.540000915527344,20.520000457763672
BNO,2026-04-27,53.20000076293945,52.59000015258789
BWX,2026-04-27,22.26000022888184,22.25
CANE,2026-04-27,9.489999771118164,9.460000038146973
CEMB,2026-04-27,45.880001068115234,45.91999816894531
CIBR,2026-04-27,67.02200317382812,67.23999786376953
CORN,2026-04-27,18.3700008392334,18.270000457763672
CPER,2026-04-27,36.869998931884766,36.939998626708984
DBA,2026-04-27,27.3799991607666,27.389999389648438
DBB,2026-04-27,25.110000610351562,25.190000534057617
DBC,2026-04-27,30.0,29.86000061035156
DBE,2026-04-27,31.01000022888184,30.61000061035156
DBO,2026-04-27,20.96999931335449,20.76000022888184
DIA,2026-04-27,491.6000061035156,492.2099914550781
EBND,2026-04-27,21.200000762939453,21.200000762939453
EEM,2026-04-27,63.900001525878906,63.7400016784668
EFA,2026-04-27,101.83000183105469,101.7699966430664
EMB,2026-04-27,96.13999938964844,96.19999694824219
EMHY,2026-04-27,40.459999084472656,40.47999954223633
EMLC,2026-04-27,25.770000457763672,25.739999771118164
EPI,2026-04-27,43.31999969482422,43.400001525878906
EWA,2026-04-27,29.290000915527344,29.170000076293945
EWC,2026-04-27,58.02000045776367,57.93999862670898
EWG,2026-04-27,42.40999984741211,42.34999847412109
EWJ,2026-04-27,88.02999877929688,87.31999969482422
EWL,2026-04-27,61.36000061035156,61.560001373291016
EWN,2026-04-27,63.16999816894531,63.220001220703125
EWQ,2026-04-27,45.41999816894531,45.380001068115234
EWT,2026-04-27,87.80000305175781,88.08999633789062
EWU,2026-04-27,46.84999847412109,46.9900016784668
EWW,2026-04-27,78.72000122070312,78.47000122070312
EWY,2026-04-27,157.02000427246094,154.57000732421875
EWZ,2026-04-27,40.20000076293945,39.93999862670898
EZA,2026-04-27,69.95999908447266,70.11000061035156
EZU,2026-04-27,66.44000244140625,66.51000213623047
FALN,2026-04-27,27.200000762939453,27.200000762939453
FDN,2026-04-27,262.3900146484375,263.1499938964844
FXI,2026-04-27,36.4900016784668,36.86000061035156
GIGB,2026-04-27,46.02999877929688,46.09000015258789
GLD,2026-04-27,431.6600036621094,433.25
GLTR,2026-04-27,219.41000366210935,220.47999572753903
GOVT,2026-04-27,22.90999984741211,22.940000534057617
HYG,2026-04-27,80.44000244140625,80.4800033569336
IAU,2026-04-27,88.45999908447266,88.75
IEF,2026-04-27,95.41999816894531,95.55999755859375
IEI,2026-04-27,118.5999984741211,118.69000244140625
IGIB,2026-04-27,53.52000045776367,53.52999877929688
IGV,2026-04-27,84.72000122070312,85.19999694824219
IHI,2026-04-27,52.650001525878906,52.810001373291016
INDA,2026-04-27,49.45000076293945,49.58000183105469
ITB,2026-04-27,99.55999755859376,99.5
IWM,2026-04-27,276.82000732421875,276.6499938964844
IYR,2026-04-27,101.0500030517578,101.41000366210938
IYT,2026-04-27,81.2699966430664,81.3499984741211
JMBS,2026-04-27,45.630001068115234,45.619998931884766
JNK,2026-04-27,96.87999725341797,96.88999938964844
KRE,2026-04-27,69.0999984741211,68.88999938964844
LEMB,2026-04-27,42.119998931884766,42.09999847412109
LIT,2026-04-27,84.16000366210938,83.79000091552734
LMBS,2026-04-27,49.97999954223633,49.96500015258789
LQD,2026-04-27,109.5199966430664,109.5999984741211
MBB,2026-04-27,95.18000030517578,95.2300033569336
MDY,2026-04-27,665.2000122070312,664.469970703125
PALL,2026-04-27,26.84600067138672,27.288000106811523
PCY,2026-04-27,21.549999237060547,21.59000015258789
PFF,2026-04-27,31.43000030517578,31.520000457763672
PPLT,2026-04-27,18.05299949645996,18.256999969482422
QLTA,2026-04-27,47.7599983215332,47.810001373291016
QQQ,2026-04-27,663.4000244140625,663.8800048828125
REM,2026-04-27,22.959999084472656,22.979999542236328
REMX,2026-04-27,98.3499984741211,98.55999755859376
RSP,2026-04-27,201.97000122070312,202.02999877929688
RWR,2026-04-27,108.0999984741211,108.2699966430664
RWX,2026-04-27,28.26000022888184,28.239999771118164
SCHH,2026-04-27,22.989999771118164,23.100000381469727
SCHO,2026-04-27,24.280000686645508,24.270000457763672
SCHP,2026-04-27,26.90999984741211,26.90999984741211
SGOL,2026-04-27,44.7599983215332,44.93999862670898
SHY,2026-04-27,82.55999755859375,82.56999969482422
SHYG,2026-04-27,42.66999816894531,42.66999816894531
SIVR,2026-04-27,71.79000091552734,72.27999877929688
SKYY,2026-04-27,117.94000244140624,118.54000091552734
SLQD,2026-04-27,50.560001373291016,50.58000183105469
SLV,2026-04-27,68.30000305175781,68.79000091552734
SLX,2026-04-27,102.23999786376952,101.55999755859376
SMH,2026-04-27,509.1900024414063,506.4400024414063
SOXX,2026-04-27,461.75,461.6000061035156
SOYB,2026-04-27,24.540000915527344,24.469999313354492
SPIB,2026-04-27,33.650001525878906,33.66999816894531
SPMB,2026-04-27,22.43000030517578,22.440000534057617
SPTL,2026-04-27,26.26000022888184,26.31999969482422
SPY,2026-04-27,713.1699829101562,713.9400024414062
SRLN,2026-04-27,40.45000076293945,40.40999984741211
STIP,2026-04-27,104.05999755859376,104.0500030517578
TIP,2026-04-27,111.7300033569336,111.80000305175781
TLH,2026-04-27,100.73999786376953,100.94000244140625
TLT,2026-04-27,86.48999786376953,86.70999908447266
TUR,2026-04-27,42.880001068115234,42.59999847412109
UGA,2026-04-27,110.86000061035156,110.62000274658203
UNG,2026-04-27,10.6899995803833,10.3100004196167
UNL,2026-04-27,6.559999942779541,6.46999979019165
USHY,2026-04-27,37.2400016784668,37.25
USIG,2026-04-27,51.459999084472656,51.5
USO,2026-04-27,133.9600067138672,132.39999389648438
VCIT,2026-04-27,83.22000122070312,83.25
VCSH,2026-04-27,79.44000244140625,79.45999908447266
VDC,2026-04-27,228.4600067138672,229.05999755859372
VGIT,2026-04-27,59.540000915527344,59.58000183105469
VGLT,2026-04-27,55.29999923706055,55.43000030517578
VHT,2026-04-27,269.0599975585937,269.8900146484375
VMBS,2026-04-27,47.0099983215332,47.119998931884766
VNQ,2026-04-27,94.9499969482422,95.3000030517578
VNQI,2026-04-27,46.97999954223633,46.959999084472656
VPU,2026-04-27,200.52999877929688,199.83999633789065
VTIP,2026-04-27,50.34000015258789,50.34000015258789
VWOB,2026-04-27,67.13999938964844,67.19999694824219
WEAT,2026-04-27,23.280000686645508,23.190000534057617
XBI,2026-04-27,133.44000244140625,133.27999877929688
XLB,2026-04-27,52.0,51.91999816894531
XLC,2026-04-27,115.41000366210938,115.54000091552734
XLE,2026-04-27,57.099998474121094,56.869998931884766
XLF,2026-04-27,51.310001373291016,51.41999816894531
XLI,2026-04-27,172.50999450683594,172.47000122070312
XLK,2026-04-27,160.02000427246094,160.22000122070312
XLP,2026-04-27,83.0999984741211,83.2300033569336
XLRE,2026-04-27,43.65999984741211,43.83000183105469
XLU,2026-04-27,46.369998931884766,46.18000030517578
XLV,2026-04-27,143.67999267578125,144.17999267578125
XLY,2026-04-27,118.08999633789062,118.69000244140625
XME,2026-04-27,118.0199966430664,117.77999877929688
XPH,2026-04-27,57.709999084472656,57.400001525878906
XRT,2026-04-27,85.66000366210938,85.79000091552734
ANGL,2026-04-28,29.25,29.299999237060547
BKLN,2026-04-28,20.530000686645508,20.559999465942383
BNO,2026-04-28,54.86000061035156,53.560001373291016
BWX,2026-04-28,22.049999237060547,22.190000534057617
CANE,2026-04-28,9.539999961853027,9.390000343322754
CEMB,2026-04-28,45.810001373291016,45.869998931884766
CIBR,2026-04-28,67.47000122070312,67.55000305175781
CORN,2026-04-28,18.700000762939453,18.510000228881836
CPER,2026-04-28,36.2599983215332,36.93000030517578
DBA,2026-04-28,27.75,27.56999969482422
DBB,2026-04-28,24.8700008392334,25.09000015258789
DBC,2026-04-28,30.190000534057617,30.09000015258789
DBE,2026-04-28,31.649999618530277,31.059999465942383
DBO,2026-04-28,21.56999969482422,21.100000381469727
DIA,2026-04-28,493.4599914550781,491.8299865722656
EBND,2026-04-28,21.040000915527344,21.1299991607666
EEM,2026-04-28,62.790000915527344,63.63999938964844
EFA,2026-04-28,100.93000030517578,101.37999725341797
EMB,2026-04-28,95.7300033569336,96.02999877929688
EMHY,2026-04-28,40.310001373291016,40.38999938964844
EMLC,2026-04-28,25.600000381469727,25.68000030517578
EPI,2026-04-28,43.13999938964844,43.29999923706055
EWA,2026-04-28,29.11000061035156,29.190000534057617
EWC,2026-04-28,57.68000030517578,57.97999954223633
EWG,2026-04-28,41.869998931884766,42.119998931884766
EWJ,2026-04-28,87.91999816894531,87.68000030517578
EWL,2026-04-28,60.65999984741211,61.060001373291016
EWN,2026-04-28,61.790000915527344,62.650001525878906
EWQ,2026-04-28,45.060001373291016,45.20000076293945
EWT,2026-04-28,86.9000015258789,87.3499984741211
EWU,2026-04-28,46.54999923706055,46.61000061035156
EWW,2026-04-28,76.37000274658203,77.08999633789062
EWY,2026-04-28,153.92999267578125,156.72999572753906
EWZ,2026-04-28,39.4900016784668,39.88999938964844
EZA,2026-04-28,68.19999694824219,69.7699966430664
EZU,2026-04-28,65.87999725341797,66.1500015258789
FALN,2026-04-28,27.18000030517578,27.21999931335449
FDN,2026-04-28,260.92999267578125,262.6499938964844
FXI,2026-04-28,36.150001525878906,36.45000076293945
GIGB,2026-04-28,45.869998931884766,45.97200012207031
GLD,2026-04-28,420.7200012207031,429.8900146484375
GLTR,2026-04-28,213.0399932861328,218.83999633789065
GOVT,2026-04-28,22.8700008392334,22.899999618530277
HYG,2026-04-28,80.3499984741211,80.51000213623047
IAU,2026-04-28,86.19000244140625,88.06999969482422
IEF,2026-04-28,95.19000244140625,95.33999633789062
IEI,2026-04-28,118.41999816894531,118.56999969482422
IGIB,2026-04-28,53.34000015258789,53.43999862670898
IGV,2026-04-28,85.23999786376953,85.43000030517578
IHI,2026-04-28,52.959999084472656,52.720001220703125
INDA,2026-04-28,49.060001373291016,49.380001068115234
ITB,2026-04-28,99.5,99.36000061035156
IWM,2026-04-28,276.04998779296875,277.1400146484375
IYR,2026-04-28,101.33999633789062,100.83000183105467
IYT,2026-04-28,81.73999786376953,81.5999984741211
JMBS,2026-04-28,45.52999877929688,45.58000183105469
JNK,2026-04-28,96.75,96.91000366210938
KRE,2026-04-28,70.54000091552734,70.06999969482422
LEMB,2026-04-28,41.84999847412109,42.0
LIT,2026-04-28,84.37999725341797,84.94999694824219
LMBS,2026-04-28,49.97999954223633,49.98500061035156
LQD,2026-04-28,109.06999969482422,109.29000091552734
MBB,2026-04-28,95.1500015258789,95.05999755859375
MDY,2026-04-28,663.969970703125,664.7999877929688
PALL,2026-04-28,26.450000762939453,26.718000411987305
PCY,2026-04-28,21.46999931335449,21.540000915527344
PFF,2026-04-28,31.40999984741211,31.489999771118164
PPLT,2026-04-28,17.75,17.999000549316406
QLTA,2026-04-28,47.59999847412109,47.68000030517578
QQQ,2026-04-28,657.4099731445312,664.22998046875
REM,2026-04-28,23.059999465942383,23.06999969482422
REMX,2026-04-28,99.5,100.9499969482422
RSP,2026-04-28,201.7899932861328,201.7899932861328
RWR,2026-04-28,108.18000030517578,107.9499969482422
RWX,2026-04-28,27.920000076293945,28.149999618530277
SCHH,2026-04-28,23.11000061035156,22.979999542236328
SCHO,2026-04-28,24.26000022888184,24.270000457763672
SCHP,2026-04-28,26.90999984741211,26.90999984741211
SGOL,2026-04-28,43.650001525878906,44.58000183105469
SHY,2026-04-28,82.5199966430664,82.55000305175781
SHYG,2026-04-28,42.61000061035156,42.68999862670898
SIVR,2026-04-28,69.12999725341797,71.81999969482422
SKYY,2026-04-28,118.02999877929688,119.2300033569336
SLQD,2026-04-28,50.5099983215332,50.540000915527344
SLV,2026-04-28,65.79000091552734,68.33000183105469
SLX,2026-04-28,102.02999877929688,101.69000244140624
SMH,2026-04-28,488.1900024414063,506.260009765625
SOXX,2026-04-28,437.6300048828125,455.4100036621094
SOYB,2026-04-28,24.6299991607666,24.65999984741211
SPIB,2026-04-28,33.58000183105469,33.630001068115234
SPMB,2026-04-28,22.43000030517578,22.40999984741211
SPTL,2026-04-28,26.15999984741211,26.209999084472656
SPY,2026-04-28,711.8200073242188,715.1699829101562
SRLN,2026-04-28,40.5099983215332,40.52999877929688
STIP,2026-04-28,104.1500015258789,104.12000274658205
TIP,2026-04-28,111.73999786376953,111.7699966430664
TLH,2026-04-28,100.31999969482422,100.58000183105469
TLT,2026-04-28,86.12000274658203,86.27999877929688
TUR,2026-04-28,42.5,43.06999969482422
UGA,2026-04-28,112.5999984741211,111.56999969482422
UNG,2026-04-28,10.399999618530273,10.489999771118164
UNL,2026-04-28,6.46999979019165,6.489999771118164
USHY,2026-04-28,37.16999816894531,37.2599983215332
USIG,2026-04-28,51.29999923706055,51.380001068115234
USO,2026-04-28,138.85000610351562,134.72000122070312
VCIT,2026-04-28,82.80999755859375,83.08000183105469
VCSH,2026-04-28,79.30000305175781,79.37999725341797
VDC,2026-04-28,229.7899932861328,226.72999572753903
VGIT,2026-04-28,59.43000030517578,59.5099983215332
VGLT,2026-04-28,55.060001373291016,55.18000030517578
VHT,2026-04-28,270.54998779296875,268.7799987792969
VMBS,2026-04-28,47.0,47.02000045776367
VNQ,2026-04-28,95.12000274658205,94.77999877929688
VNQI,2026-04-28,46.63999938964844,46.880001068115234
VPU,2026-04-28,200.8600006103516,200.1100006103516
VTIP,2026-04-28,50.38999938964844,50.380001068115234
VWOB,2026-04-28,66.9000015258789,67.06999969482422
WEAT,2026-04-28,24.079999923706055,23.709999084472656
XBI,2026-04-28,132.22999572753906,133.0399932861328
XLB,2026-04-28,51.880001068115234,51.779998779296875
XLC,2026-04-28,115.8550033569336,115.80999755859375
XLE,2026-04-28,57.720001220703125,56.77000045776367
XLF,2026-04-28,52.20000076293945,51.810001373291016
XLI,2026-04-28,171.67999267578125,172.50999450683594
XLK,2026-04-28,157.11000061035156,160.57000732421875
XLP,2026-04-28,83.5999984741211,82.33999633789062
XLRE,2026-04-28,43.75,43.4900016784668
XLU,2026-04-28,46.439998626708984,46.189998626708984
XLV,2026-04-28,144.57000732421875,143.4600067138672
XLY,2026-04-28,117.44999694824219,117.83999633789062
XME,2026-04-28,118.44000244140624,120.1999969482422
XPH,2026-04-28,57.95000076293945,57.900001525878906
XRT,2026-04-28,85.27999877929688,85.25
ANGL,2026-04-29,29.239999771118164,29.270000457763672
BKLN,2026-04-29,20.559999465942383,20.540000915527344
BNO,2026-04-29,57.689998626708984,55.040000915527344
BWX,2026-04-29,22.07999992370605,22.1299991607666
CANE,2026-04-29,9.670000076293944,9.5600004196167
CEMB,2026-04-29,45.77000045776367,45.86000061035156
CIBR,2026-04-29,67.1500015258789,67.1500015258789
CORN,2026-04-29,18.809999465942383,18.770000457763672
CPER,2026-04-29,36.15999984741211,36.2400016784668
DBA,2026-04-29,28.030000686645508,27.959999084472656
DBB,2026-04-29,24.790000915527344,24.8700008392334
DBC,2026-04-29,30.82999992370605,30.34000015258789
DBE,2026-04-29,32.869998931884766,31.76000022888184
DBO,2026-04-29,22.350000381469727,21.559999465942383
DIA,2026-04-29,490.9500122070313,491.4200134277344
EBND,2026-04-29,21.0,21.09000015258789
EEM,2026-04-29,63.06999969482422,62.9900016784668
EFA,2026-04-29,100.4000015258789,100.95999908447266
EMB,2026-04-29,95.70999908447266,95.94999694824219
EMHY,2026-04-29,40.310001373291016,40.34999847412109
EMLC,2026-04-29,25.559999465942383,25.63999938964844
EPI,2026-04-29,43.16999816894531,43.2599983215332
EWA,2026-04-29,28.75,29.06999969482422
EWC,2026-04-29,57.33000183105469,57.459999084472656
EWG,2026-04-29,41.7599983215332,41.88999938964844
EWJ,2026-04-29,87.16000366210938,87.55999755859375
EWL,2026-04-29,60.15999984741211,60.75
EWN,2026-04-29,61.41999816894531,61.68000030517578
EWQ,2026-04-29,44.86000061035156,44.88999938964844
EWT,2026-04-29,87.25,87.23999786376953
EWU,2026-04-29,46.09999847412109,46.54999923706055
EWW,2026-04-29,75.93000030517578,76.27999877929688
EWY,2026-04-29,156.25,154.3699951171875
EWZ,2026-04-29,39.34999847412109,39.68999862670898
EZA,2026-04-29,67.3499984741211,68.47000122070312
EZU,2026-04-29,65.69000244140625,65.80999755859375
FALN,2026-04-29,27.15999984741211,27.200000762939453
FDN,2026-04-29,258.5299987792969,260.0799865722656
FXI,2026-04-29,36.58000183105469,36.25
GIGB,2026-04-29,45.810001373291016,45.970001220703125
GLD,2026-04-29,416.739990234375,421.9100036621094
GLTR,2026-04-29,210.6199951171875,213.88999938964844
GOVT,2026-04-29,22.82999992370605,22.88999938964844
HYG,2026-04-29,80.31999969482422,80.4000015258789
IAU,2026-04-29,85.37999725341797,86.45999908447266
IEF,2026-04-29,95.02999877929688,95.25
IEI,2026-04-29,118.23999786376953,118.44000244140625
IGIB,2026-04-29,53.310001373291016,53.400001525878906
IGV,2026-04-29,84.48999786376953,85.0
IHI,2026-04-29,51.459999084472656,52.02000045776367
INDA,2026-04-29,49.119998931884766,49.22999954223633
ITB,2026-04-29,97.73999786376952,97.91999816894533
IWM,2026-04-29,273.9200134277344,273.9100036621094
IYR,2026-04-29,101.1999969482422,101.73999786376952
IYT,2026-04-29,80.55999755859375,80.88999938964844
JMBS,2026-04-29,45.400001525878906,45.52999877929688
JNK,2026-04-29,96.9000015258789,96.80000305175781
KRE,2026-04-29,70.16999816894531,70.37000274658203
LEMB,2026-04-29,41.79999923706055,41.95000076293945
LIT,2026-04-29,85.36000061035156,83.7699966430664
LMBS,2026-04-29,49.970001220703125,49.95800018310547
LQD,2026-04-29,109.04000091552734,109.33999633789062
MBB,2026-04-29,94.79000091552734,95.08000183105469
MDY,2026-04-29,658.0700073242188,658.1400146484375
PALL,2026-04-29,26.200000762939453,26.513999938964844
PCY,2026-04-29,21.440000534057617,21.5
PFF,2026-04-29,31.229999542236328,31.290000915527344
PPLT,2026-04-29,17.173999786376953,17.590999603271484
QLTA,2026-04-29,47.59000015258789,47.68999862670898
QQQ,2026-04-29,658.6300048828125,657.5499877929688
REM,2026-04-29,23.059999465942383,23.07999992370605
REMX,2026-04-29,101.26000213623048,97.91000366210938
RSP,2026-04-29,200.7899932861328,200.75999450683597
RWR,2026-04-29,108.6500015258789,109.02999877929688
RWX,2026-04-29,27.81999969482422,27.96999931335449
SCHH,2026-04-29,23.11000061035156,23.209999084472656
SCHO,2026-04-29,24.25,24.26000022888184
SCHP,2026-04-29,26.8799991607666,26.90999984741211
SGOL,2026-04-29,43.209999084472656,43.7599983215332
SHY,2026-04-29,82.47000122070312,82.5
SHYG,2026-04-29,42.61000061035156,42.63999938964844
SIVR,2026-04-29,68.2300033569336,69.54000091552734
SKYY,2026-04-29,117.5999984741211,117.87000274658205
SLQD,2026-04-29,50.5,50.52000045776367
SLV,2026-04-29,64.95999908447266,66.19999694824219
SLX,2026-04-29,102.04000091552734,102.26000213623048
SMH,2026-04-29,496.3500061035156,491.2099914550781
SOXX,2026-04-29,445.260009765625,438.7099914550781
SOYB,2026-04-29,24.760000228881836,24.68000030517578
SPIB,2026-04-29,33.560001373291016,33.599998474121094
SPMB,2026-04-29,22.32999992370605,22.40999984741211
SPTL,2026-04-29,26.100000381469727,26.21999931335449
SPY,2026-04-29,711.0,711.6900024414062
SRLN,2026-04-29,40.58000183105469,40.58000183105469
STIP,2026-04-29,104.11000061035156,104.11000061035156
TIP,2026-04-29,111.58999633789062,111.7300033569336
TLH,2026-04-29,100.11000061035156,100.52999877929688
TLT,2026-04-29,85.98999786376953,86.37000274658203
TUR,2026-04-29,41.9900016784668,42.33000183105469
UGA,2026-04-29,117.8499984741211,113.75
UNG,2026-04-29,10.199999809265137,10.329999923706055
UNL,2026-04-29,6.400000095367432,6.420000076293945
USHY,2026-04-29,37.16999816894531,37.20000076293945
USIG,2026-04-29,51.310001373291016,51.40999984741211
USO,2026-04-29,146.14999389648438,139.60000610351562
VCIT,2026-04-29,82.83999633789062,83.02999877929688
VCSH,2026-04-29,79.27999877929688,79.36000061035156
VDC,2026-04-29,227.3800048828125,228.3300018310547
VGIT,2026-04-29,59.34000015258789,59.43999862670898
VGLT,2026-04-29,54.97999954223633,55.220001220703125
VHT,2026-04-29,266.5899963378906,268.82000732421875
VMBS,2026-04-29,46.869998931884766,47.0
VNQ,2026-04-29,95.16999816894533,95.6500015258789
VNQI,2026-04-29,46.52999877929688,46.77999877929688
VPU,2026-04-29,199.69000244140625,200.25999450683597
VTIP,2026-04-29,50.369998931884766,50.369998931884766
VWOB,2026-04-29,66.83999633789062,66.98999786376953
WEAT,2026-04-29,24.90999984741211,24.719999313354492
XBI,2026-04-29,130.0500030517578,131.16000366210938
XLB,2026-04-29,51.4900016784668,51.400001525878906
XLC,2026-04-29,115.54000091552734,115.75
XLE,2026-04-29,58.279998779296875,57.709999084472656
XLF,2026-04-29,52.130001068115234,51.849998474121094
XLI,2026-04-29,171.25,170.97999572753906
XLK,2026-04-29,158.8300018310547,157.85000610351562
XLP,2026-04-29,82.76000213623047,83.08000183105469
XLRE,2026-04-29,43.75,43.90999984741211
XLU,2026-04-29,46.06999969482422,46.25
XLV,2026-04-29,142.25999450683594,143.83999633789062
XLY,2026-04-29,116.20999908447266,117.01000213623047
XME,2026-04-29,117.0,117.06999969482422
XPH,2026-04-29,56.970001220703125,57.34999847412109
XRT,2026-04-29,84.36000061035156,84.5
ANGL,2026-04-30,29.18000030517578,29.170000076293945
BKLN,2026-04-30,20.59000015258789,20.579999923706055
BNO,2026-04-30,57.33000183105469,58.810001373291016
BWX,2026-04-30,22.209999084472656,21.979999542236328
CANE,2026-04-30,9.869999885559082,9.90999984741211
CEMB,2026-04-30,45.79999923706055,45.75
CIBR,2026-04-30,67.63600158691406,67.87000274658203
CORN,2026-04-30,18.729999542236328,18.84000015258789
CPER,2026-04-30,36.220001220703125,35.970001220703125
DBA,2026-04-30,28.0,28.110000610351562
DBB,2026-04-30,24.729999542236328,24.6299991607666
DBC,2026-04-30,30.790000915527344,31.07999992370605
DBE,2026-04-30,32.65999984741211,33.2599983215332
DBO,2026-04-30,22.020000457763672,22.46999931335449
DIA,2026-04-30,490.9800109863281,488.6700134277344
EBND,2026-04-30,20.979999542236328,20.90999984741211
EEM,2026-04-30,63.2400016784668,62.689998626708984
EFA,2026-04-30,101.31999969482422,99.93000030517578
EMB,2026-04-30,95.70999908447266,95.5
EMHY,2026-04-30,40.36000061035156,40.2400016784668
EMLC,2026-04-30,25.459999084472656,25.40999984741211
EPI,2026-04-30,43.18999862670898,43.130001068115234
EWA,2026-04-30,29.25,28.6200008392334
EWC,2026-04-30,57.25,56.97999954223633
EWG,2026-04-30,41.88999938964844,41.34000015258789
EWJ,2026-04-30,88.3499984741211,86.80999755859375
EWL,2026-04-30,60.77999877929688,59.810001373291016
EWN,2026-04-30,62.040000915527344,61.209999084472656
EWQ,2026-04-30,44.93000030517578,44.5099983215332
EWT,2026-04-30,88.8499984741211,87.19000244140625
EWU,2026-04-30,46.75,45.9900016784668
EWW,2026-04-30,75.68000030517578,75.4000015258789
EWY,2026-04-30,157.85000610351562,153.9600067138672
EWZ,2026-04-30,39.11000061035156,38.650001525878906
EZA,2026-04-30,67.8499984741211,66.4800033569336
EZU,2026-04-30,65.87999725341797,65.16000366210938
FALN,2026-04-30,27.11000061035156,27.075000762939453
FDN,2026-04-30,263.9200134277344,262.2900085449219
FXI,2026-04-30,36.33000183105469,36.34000015258789
GIGB,2026-04-30,45.810001373291016,45.790000915527344
GLD,2026-04-30,425.3399963378906,417.4100036621094
GLTR,2026-04-30,215.50999450683597,210.8699951171875
GOVT,2026-04-30,22.82999992370605,22.799999237060547
HYG,2026-04-30,80.18000030517578,80.12999725341797
IAU,2026-04-30,87.1500015258789,85.55000305175781
IEF,2026-04-30,95.04000091552734,94.80000305175781
IEI,2026-04-30,118.26000213623047,118.04000091552734
IGIB,2026-04-30,53.27999877929688,53.18000030517578
IGV,2026-04-30,83.9000015258789,84.5
IHI,2026-04-30,50.40999984741211,50.33000183105469
INDA,2026-04-30,49.060001373291016,49.02999877929688
ITB,2026-04-30,95.52999877929688,95.11000061035156
IWM,2026-04-30,273.1300048828125,272.0799865722656
IYR,2026-04-30,100.8499984741211,100.9000015258789
IYT,2026-04-30,79.94999694824219,79.98999786376953
JMBS,2026-04-30,45.20000076293945,45.29999923706055
JNK,2026-04-30,96.55000305175781,96.5
KRE,2026-04-30,68.62999725341797,69.02999877929688
LEMB,2026-04-30,41.68999862670898,41.59000015258789
LIT,2026-04-30,86.01000213623047,85.06999969482422
LMBS,2026-04-30,49.900001525878906,49.869998931884766
LQD,2026-04-30,108.88999938964844,108.7300033569336
MBB,2026-04-30,94.79000091552734,94.61000061035156
MDY,2026-04-30,655.8200073242188,653.3200073242188
PALL,2026-04-30,26.898000717163086,26.399999618530273
PCY,2026-04-30,21.43000030517578,21.3799991607666
PFF,2026-04-30,31.209999084472656,31.170000076293945
PPLT,2026-04-30,17.819000244140625,17.059999465942383
QLTA,2026-04-30,47.540000915527344,47.4900016784668
QQQ,2026-04-30,665.3499755859375,661.5700073242188
REM,2026-04-30,22.809999465942383,22.690000534057617
REMX,2026-04-30,101.66000366210938,101.04000091552734
RSP,2026-04-30,200.5399932861328,200.41000366210935
RWR,2026-04-30,107.79000091552734,108.25
RWX,2026-04-30,28.020000457763672,27.649999618530277
SCHH,2026-04-30,23.020000457763672,23.059999465942383
SCHO,2026-04-30,24.239999771118164,24.229999542236328
SCHP,2026-04-30,26.850000381469727,26.82999992370605
SGOL,2026-04-30,44.119998931884766,43.29999923706055
SHY,2026-04-30,82.47000122070312,82.38999938964844
SHYG,2026-04-30,42.56999969482422,42.54999923706055
SIVR,2026-04-30,70.02999877929688,68.13999938964844
SKYY,2026-04-30,118.80999755859376,118.83000183105467
SLQD,2026-04-30,50.47999954223633,50.43000030517578
SLV,2026-04-30,66.69999694824219,64.83999633789062
SLX,2026-04-30,102.27999877929688,101.06999969482422
SMH,2026-04-30,504.7099914550781,499.5799865722656
SOXX,2026-04-30,455.7000122070313,449.989990234375
SOYB,2026-04-30,24.709999084472656,24.770000457763672
SPIB,2026-04-30,33.540000915527344,33.5
SPMB,2026-04-30,22.32999992370605,22.290000915527344
SPTL,2026-04-30,26.09000015258789,26.020000457763672
SPY,2026-04-30,714.6300048828125,711.5800170898438
SRLN,2026-04-30,40.59999847412109,40.58000183105469
STIP,2026-04-30,104.04000091552734,104.01000213623048
TIP,2026-04-30,111.47000122070312,111.38999938964844
TLH,2026-04-30,100.05999755859375,99.77999877929688
TLT,2026-04-30,85.88999938964844,85.69999694824219
TUR,2026-04-30,42.18999862670898,42.0099983215332
UGA,2026-04-30,117.51000213623047,119.63999938964844
UNG,2026-04-30,10.15999984741211,10.149999618530273
UNL,2026-04-30,6.389999866485596,6.389999866485596
USHY,2026-04-30,37.11000061035156,37.09999847412109
USIG,2026-04-30,51.25,51.18000030517578
USO,2026-04-30,146.32000732421875,150.6300048828125
VCIT,2026-04-30,82.80000305175781,82.6500015258789
VCSH,2026-04-30,79.2699966430664,79.16999816894531
VDC,2026-04-30,228.9900054931641,228.07000732421875
VGIT,2026-04-30,59.34000015258789,59.22999954223633
VGLT,2026-04-30,54.90999984741211,54.790000915527344
VHT,2026-04-30,268.3500061035156,266.79998779296875
VMBS,2026-04-30,46.93000030517578,46.810001373291016
VNQ,2026-04-30,94.68000030517578,94.9000015258789
VNQI,2026-04-30,46.900001525878906,46.25
VPU,2026-04-30,198.4600067138672,197.6000061035156
VTIP,2026-04-30,50.34000015258789,50.31999969482422
VWOB,2026-04-30,66.91999816894531,66.75
WEAT,2026-04-30,24.290000915527344,24.610000610351562
XBI,2026-04-30,129.7899932861328,128.89999389648438
XLB,2026-04-30,50.91999816894531,50.959999084472656
XLC,2026-04-30,115.0,115.29000091552734
XLE,2026-04-30,58.20000076293945,59.029998779296875
XLF,2026-04-30,51.5099983215332,51.91999816894531
XLI,2026-04-30,171.49000549316406,169.92999267578125
XLK,2026-04-30,159.64999389648438,159.11000061035156
XLP,2026-04-30,83.29000091552734,82.91999816894531
XLRE,2026-04-30,43.540000915527344,43.63999938964844
XLU,2026-04-30,45.849998474121094,45.68000030517578
XLV,2026-04-30,143.67999267578125,142.83999633789062
XLY,2026-04-30,118.5,116.83999633789062
XME,2026-04-30,115.8499984741211,114.61000061035156
XPH,2026-04-30,56.77000045776367,56.540000915527344
XRT,2026-04-30,84.27999877929688,83.80999755859375
