ticker,day,open,prev_close
ANGL,2026-09-01,28.780000686645508,29.01000022888184
BKLN,2026-09-01,20.56999969482422,20.56999969482422
BNO,2026-09-01,54.09000015258789,52.84000015258789
BWX,2026-09-01,21.65999984741211,21.81999969482422
CANE,2026-09-01,11.31999969482422,11.31999969482422
CEMB,2026-09-01,45.06999969482422,45.31999969482422
CIBR,2026-09-01,98.83000183105467,100.1500015258789
CORN,2026-09-01,19.940000534057617,20.059999465942383
CPER,2026-09-01,39.400001525878906,40.0
DBA,2026-09-01,29.280000686645508,29.31999969482422
DBB,2026-09-01,25.5,25.610000610351562
DBC,2026-09-01,31.56999969482422,31.299999237060547
DBE,2026-09-01,33.810001373291016,33.0
DBO,2026-09-01,22.46999931335449,22.01000022888184
DIA,2026-09-01,528.6699829101562,531.5700073242188
EBND,2026-09-01,20.979999542236328,21.13999938964844
EEM,2026-09-01,67.05999755859375,67.0199966430664
EFA,2026-09-01,107.04000091552734,107.44999694824219
EMB,2026-09-01,94.1500015258789,94.7699966430664
EMHY,2026-09-01,40.0,40.220001220703125
EMLC,2026-09-01,25.43000030517578,25.61000061035156
EPI,2026-09-01,43.08000183105469,43.06999969482422
EWA,2026-09-01,29.93000030517578,30.020000457763672
EWC,2026-09-01,60.970001220703125,61.43000030517578
EWG,2026-09-01,43.84999847412109,44.22999954223633
EWJ,2026-09-01,95.37000274658205,95.87999725341795
EWL,2026-09-01,62.880001068115234,62.79999923706055
EWN,2026-09-01,67.88999938964844,68.31999969482422
EWQ,2026-09-01,45.79999923706055,45.86000061035156
EWT,2026-09-01,110.2300033569336,108.02999877929688
EWU,2026-09-01,48.369998931884766,48.369998931884766
EWW,2026-09-01,76.36000061035156,76.72000122070312
EWY,2026-09-01,178.16000366210938,180.8600006103516
EWZ,2026-09-01,36.09999847412109,36.02999877929688
EZA,2026-09-01,69.68000030517578,70.5
EZU,2026-09-01,69.9000015258789,70.45999908447266
FALN,2026-09-01,26.81999969482422,27.01000022888184
FDN,2026-09-01,288.6099853515625,292.489990234375
FXI,2026-09-01,35.36000061035156,35.369998931884766
GIGB,2026-09-01,44.66999816894531,44.95000076293945
GLD,2026-09-01,398.2900085449219,408.4200134277344
GLTR,2026-09-01,197.16000366210935,201.91000366210935
GOVT,2026-09-01,22.32999992370605,22.440000534057617
HYG,2026-09-01,79.2699966430664,79.80999755859375
IAU,2026-09-01,81.6500015258789,83.70999908447266
IEF,2026-09-01,92.19000244140625,92.73999786376953
IEI,2026-09-01,115.62000274658203,116.16999816894531
IGIB,2026-09-01,51.84000015258789,52.18999862670898
IGV,2026-09-01,108.0999984741211,109.9800033569336
IHI,2026-09-01,55.380001068115234,54.970001220703125
INDA,2026-09-01,49.560001373291016,49.70000076293945
ITB,2026-09-01,93.9000015258789,94.69000244140624
IWM,2026-09-01,291.9800109863281,293.92999267578125
IYR,2026-09-01,102.62000274658205,102.62999725341795
IYT,2026-09-01,84.5999984741211,85.13999938964844
JMBS,2026-09-01,44.06999969482422,44.18999862670898
JNK,2026-09-01,95.37999725341797,96.05999755859375
KRE,2026-09-01,73.36000061035156,73.55999755859375
LEMB,2026-09-01,42.970001220703125,43.08000183105469
LIT,2026-09-01,75.27999877929688,76.37000274658203
LMBS,2026-09-01,49.459999084472656,49.47499847412109
LQD,2026-09-01,105.5199966430664,106.20999908447266
MBB,2026-09-01,92.47000122070312,93.0999984741211
MDY,2026-09-01,683.1300048828125,687.1300048828125
PALL,2026-09-01,24.1200008392334,24.780000686645508
PCY,2026-09-01,20.959999084472656,21.020000457763672
PFF,2026-09-01,30.219999313354492,30.440000534057617
PPLT,2026-09-01,15.869999885559082,16.25
QLTA,2026-09-01,46.209999084472656,46.5
QQQ,2026-09-01,707.3900146484375,716.760009765625
REM,2026-09-01,21.6200008392334,21.700000762939453
REMX,2026-09-01,76.31999969482422,77.5199966430664
RSP,2026-09-01,218.8699951171875,219.38999938964844
RWR,2026-09-01,111.9000015258789,112.02999877929688
RWX,2026-09-01,27.21999931335449,27.299999237060547
SCHH,2026-09-01,23.57999992370605,23.57999992370605
SCHO,2026-09-01,24.0,24.06999969482422
SCHP,2026-09-01,25.790000915527344,25.90999984741211
SGOL,2026-09-01,41.34999847412109,42.400001525878906
SHY,2026-09-01,81.62000274658203,81.88999938964844
SHYG,2026-09-01,42.0099983215332,42.31999969482422
SIVR,2026-09-01,61.41999816894531,63.25
SKYY,2026-09-01,162.86000061035156,165.33999633789062
SLQD,2026-09-01,49.900001525878906,50.130001068115234
SLV,2026-09-01,58.38999938964844,60.130001068115234
SLX,2026-09-01,108.22000122070312,108.01000213623048
SMH,2026-09-01,546.47998046875,556.6300048828125
SOXX,2026-09-01,501.4299926757813,511.0400085449219
SOYB,2026-09-01,27.489999771118164,27.239999771118164
SPIB,2026-09-01,32.91999816894531,33.08000183105469
SPMB,2026-09-01,21.84000015258789,21.96999931335449
SPTL,2026-09-01,25.01000022888184,25.190000534057617
SPY,2026-09-01,762.010009765625,767.0499877929688
SRLN,2026-09-01,40.560001373291016,40.79999923706055
STIP,2026-09-01,100.63999938964844,100.68000030517578
TIP,2026-09-01,106.69000244140625,106.81999969482422
TLH,2026-09-01,96.30000305175781,97.0
TLT,2026-09-01,81.88999938964844,82.5199966430664
TUR,2026-09-01,39.88999938964844,40.33000183105469
UGA,2026-09-01,129.8000030517578,129.2100067138672
UNG,2026-09-01,10.270000457763672,10.539999961853027
UNL,2026-09-01,5.800000190734863,5.860000133514404
USHY,2026-09-01,36.650001525878906,36.91999816894531
USIG,2026-09-01,49.9900016784668,50.27999877929688
USO,2026-09-01,137.19000244140625,133.6999969482422
VCIT,2026-09-01,80.56999969482422,81.08999633789062
VCSH,2026-09-01,78.18000030517578,78.52999877929688
VDC,2026-09-01,230.47000122070312,229.55999755859372
VGIT,2026-09-01,57.90999984741211,58.209999084472656
VGLT,2026-09-01,52.56999969482422,52.97999954223633
VHT,2026-09-01,323.0799865722656,319.9599914550781
VMBS,2026-09-01,45.83000183105469,46.130001068115234
VNQ,2026-09-01,96.56999969482422,96.44000244140624
VNQI,2026-09-01,44.70000076293945,44.7400016784668
VPU,2026-09-01,183.13999938964844,182.8600006103516
VTIP,2026-09-01,49.65999984741211,49.66999816894531
VWOB,2026-09-01,65.5199966430664,65.94000244140625
WEAT,2026-09-01,27.799999237060547,27.809999465942383
XBI,2026-09-01,161.75,162.5
XLB,2026-09-01,52.439998626708984,52.689998626708984
XLC,2026-09-01,110.55999755859375,111.45999908447266
XLE,2026-09-01,64.87000274658203,63.959999084472656
XLF,2026-09-01,57.61000061035156,57.709999084472656
XLI,2026-09-01,174.33999633789062,175.1300048828125
XLK,2026-09-01,183.6999969482422,186.5
XLP,2026-09-01,85.51000213623047,84.9800033569336
XLRE,2026-09-01,44.130001068115234,44.11000061035156
XLU,2026-09-01,42.29999923706055,42.22999954223633
XLV,2026-09-01,172.6199951171875,170.5399932861328
XLY,2026-09-01,115.41999816894531,116.58999633789062
XME,2026-09-01,115.80999755859376,118.12999725341795
XPH,2026-09-01,70.16000366210938,70.62000274658203
XRT,2026-09-01,85.62000274658203,86.0999984741211
ANGL,2026-09-02,28.75,28.71999931335449
BKLN,2026-09-02,20.549999237060547,20.549999237060547
BNO,2026-09-02,55.08000183105469,55.560001373291016
BWX,2026-09-02,21.709999084472656,21.649999618530277
CANE,2026-09-02,11.539999961853027,11.56999969482422
CEMB,2026-09-02,45.02000045776367,45.040000915527344
CIBR,2026-09-02,95.70999908447266,96.1999969482422
CORN,2026-09-02,20.010000228881836,20.290000915527344
CPER,2026-09-02,39.65999984741211,39.06999969482422
DBA,2026-09-02,29.1200008392334,29.489999771118164
DBB,2026-09-02,25.469999313354492,25.420000076293945
DBC,2026-09-02,31.770000457763672,31.93000030517578
DBE,2026-09-02,34.40999984741211,34.63999938964844
DBO,2026-09-02,22.790000915527344,23.01000022888184
DIA,2026-09-02,529.510009765625,527.75
EBND,2026-09-02,21.040000915527344,20.989999771118164
EEM,2026-09-02,66.80999755859375,66.7699966430664
EFA,2026-09-02,106.7300033569336,106.48999786376953
EMB,2026-09-02,94.1500015258789,94.08999633789062
EMHY,2026-09-02,39.97999954223633,39.93999862670898
EMLC,2026-09-02,25.5,25.43000030517578
EPI,2026-09-02,43.470001220703125,43.060001373291016
EWA,2026-09-02,29.920000076293945,29.68000030517578
EWC,2026-09-02,60.810001373291016,60.59999847412109
EWG,2026-09-02,43.54999923706055,43.43999862670898
EWJ,2026-09-02,95.1500015258789,95.22000122070312
EWL,2026-09-02,62.75,62.52999877929688
EWN,2026-09-02,67.76000213623047,67.36000061035156
EWQ,2026-09-02,45.70000076293945,45.43999862670898
EWT,2026-09-02,108.76000213623048,109.73999786376952
EWU,2026-09-02,48.18999862670898,48.18999862670898
EWW,2026-09-02,75.5999984741211,75.66000366210938
EWY,2026-09-02,176.80999755859375,175.8000030517578
EWZ,2026-09-02,37.040000915527344,36.56999969482422
EZA,2026-09-02,70.41000366210938,69.54000091552734
EZU,2026-09-02,70.02999877929688,69.62999725341797
FALN,2026-09-02,26.780000686645508,26.770000457763672
FDN,2026-09-02,286.1499938964844,287.1400146484375
FXI,2026-09-02,35.5099983215332,35.34000015258789
GIGB,2026-09-02,44.619998931884766,44.61000061035156
GLD,2026-09-02,399.7099914550781,396.75
GLTR,2026-09-02,197.47000122070312,195.50999450683597
GOVT,2026-09-02,22.34000015258789,22.31999969482422
HYG,2026-09-02,79.13999938964844,79.0999984741211
IAU,2026-09-02,81.94999694824219,81.3499984741211
IEF,2026-09-02,92.16999816894531,92.0999984741211
IEI,2026-09-02,115.58999633789062,115.52999877929688
IGIB,2026-09-02,51.77000045776367,51.72999954223633
IGV,2026-09-02,105.2699966430664,106.18000030517578
IHI,2026-09-02,54.34000015258789,54.290000915527344
INDA,2026-09-02,50.02000045776367,49.58000183105469
ITB,2026-09-02,93.1999969482422,92.36000061035156
IWM,2026-09-02,291.5400085449219,290.57000732421875
IYR,2026-09-02,102.5500030517578,102.4499969482422
IYT,2026-09-02,83.4000015258789,82.93000030517578
JMBS,2026-09-02,44.02000045776367,44.02999877929688
JNK,2026-09-02,95.22000122070312,95.20999908447266
KRE,2026-09-02,72.98999786376953,72.62000274658203
LEMB,2026-09-02,43.04999923706055,42.97999954223633
LIT,2026-09-02,73.98999786376953,74.70999908447266
LMBS,2026-09-02,49.40999984741211,49.43000030517578
LQD,2026-09-02,105.37999725341797,105.22000122070312
MBB,2026-09-02,92.44000244140625,92.41000366210938
MDY,2026-09-02,681.1500244140625,679.9500122070312
PALL,2026-09-02,24.139999389648438,23.68000030517578
PCY,2026-09-02,20.920000076293945,20.920000076293945
PFF,2026-09-02,30.100000381469727,30.100000381469727
PPLT,2026-09-02,15.9399995803833,15.800000190734863
QLTA,2026-09-02,46.15999984741211,46.11000061035156
QQQ,2026-09-02,707.0999755859375,707.6400146484375
REM,2026-09-02,21.5,21.450000762939453
REMX,2026-09-02,75.5,76.19000244140625
RSP,2026-09-02,217.72999572753903,217.58999633789065
RWR,2026-09-02,112.06999969482422,112.08000183105467
RWX,2026-09-02,27.280000686645508,27.229999542236328
SCHH,2026-09-02,23.57999992370605,23.57999992370605
SCHO,2026-09-02,24.0,23.989999771118164
SCHP,2026-09-02,25.82999992370605,25.81999969482422
SGOL,2026-09-02,41.5,41.18999862670898
SHY,2026-09-02,81.62999725341797,81.58999633789062
SHYG,2026-09-02,41.959999084472656,41.95000076293945
SIVR,2026-09-02,61.7599983215332,60.88999938964844
SKYY,2026-09-02,160.57000732421875,160.72000122070312
SLQD,2026-09-02,49.880001068115234,49.869998931884766
SLV,2026-09-02,58.72999954223633,57.91999816894531
SLX,2026-09-02,109.37999725341795,108.33999633789062
SMH,2026-09-02,545.22998046875,545.219970703125
SOXX,2026-09-02,498.1799926757813,500.30999755859375
SOYB,2026-09-02,27.520000457763672,27.780000686645508
SPIB,2026-09-02,32.88999938964844,32.849998474121094
SPMB,2026-09-02,21.809999465942383,21.81999969482422
SPTL,2026-09-02,25.030000686645508,25.01000022888184
SPY,2026-09-02,762.4500122070312,761.780029296875
SRLN,2026-09-02,40.4900016784668,40.470001220703125
STIP,2026-09-02,100.7300033569336,100.6999969482422
TIP,2026-09-02,106.91999816894531,106.80999755859375
TLH,2026-09-02,96.33999633789062,96.2300033569336
TLT,2026-09-02,81.9800033569336,81.87000274658203
TUR,2026-09-02,39.560001373291016,39.79999923706055
UGA,2026-09-02,132.4499969482422,131.6999969482422
UNG,2026-09-02,10.569999694824219,10.579999923706055
UNL,2026-09-02,5.900000095367432,5.929999828338623
USHY,2026-09-02,36.59999847412109,36.59000015258789
USIG,2026-09-02,49.95000076293945,49.88999938964844
USO,2026-09-02,139.4199981689453,141.0
VCIT,2026-09-02,80.4800033569336,80.38999938964844
VCSH,2026-09-02,78.12999725341797,78.08000183105469
VDC,2026-09-02,230.19000244140625,230.0800018310547
VGIT,2026-09-02,57.900001525878906,57.869998931884766
VGLT,2026-09-02,52.630001068115234,52.560001373291016
VHT,2026-09-02,322.9599914550781,321.5899963378906
VMBS,2026-09-02,45.81999969482422,45.81999969482422
VNQ,2026-09-02,96.2699966430664,96.3000030517578
VNQI,2026-09-02,44.630001068115234,44.43999862670898
VPU,2026-09-02,183.7100067138672,184.2400054931641
VTIP,2026-09-02,49.709999084472656,49.68999862670898
VWOB,2026-09-02,65.44999694824219,65.43000030517578
WEAT,2026-09-02,27.760000228881836,28.0
XBI,2026-09-02,164.4499969482422,163.39999389648438
XLB,2026-09-02,52.36000061035156,52.06999969482422
XLC,2026-09-02,110.93000030517578,110.87999725341797
XLE,2026-09-02,64.2699966430664,64.7699966430664
XLF,2026-09-02,57.380001068115234,57.20000076293945
XLI,2026-09-02,173.33999633789062,172.72999572753906
XLK,2026-09-02,183.4600067138672,183.63999938964844
XLP,2026-09-02,85.37000274658203,85.25
XLRE,2026-09-02,44.0099983215332,44.040000915527344
XLU,2026-09-02,42.400001525878906,42.560001373291016
XLV,2026-09-02,172.08999633789062,171.6699981689453
XLY,2026-09-02,114.98999786376953,114.58999633789062
XME,2026-09-02,117.0,115.7699966430664
XPH,2026-09-02,70.3499984741211,70.0999984741211
XRT,2026-09-02,86.1500015258789,85.91999816894531
ANGL,2026-09-03,28.799999237060547,28.770000457763672
BKLN,2026-09-03,20.559999465942383,20.559999465942383
BNO,2026-09-03,56.11000061035156,55.7400016784668
BWX,2026-09-03,21.93000030517578,21.71999931335449
CANE,2026-09-03,11.3100004196167,11.65999984741211
CEMB,2026-09-03,45.09000015258789,45.02999877929688
CIBR,2026-09-03,94.36000061035156,93.54000091552734
CORN,2026-09-03,19.850000381469727,20.219999313354492
CPER,2026-09-03,39.810001373291016,39.529998779296875
DBA,2026-09-03,28.850000381469727,29.270000457763672
DBB,2026-09-03,25.709999084472656,25.610000610351562
DBC,2026-09-03,31.799999237060547,31.93000030517578
DBE,2026-09-03,34.689998626708984,34.63999938964844
DBO,2026-09-03,23.25,23.030000686645508
DIA,2026-09-03,534.0399780273438,530.6199951171875
EBND,2026-09-03,21.1299991607666,21.049999237060547
EEM,2026-09-03,67.06999969482422,67.1500015258789
EFA,2026-09-03,108.0199966430664,107.05999755859375
EMB,2026-09-03,94.44000244140625,94.1500015258789
EMHY,2026-09-03,40.060001373291016,39.95000076293945
EMLC,2026-09-03,25.600000381469727,25.51000022888184
EPI,2026-09-03,43.369998931884766,43.38999938964844
EWA,2026-09-03,30.350000381469727,30.030000686645508
EWC,2026-09-03,61.84000015258789,61.27000045776367
EWG,2026-09-03,43.83000183105469,43.52000045776367
EWJ,2026-09-03,97.37999725341795,96.04000091552734
EWL,2026-09-03,63.52000045776367,62.88999938964844
EWN,2026-09-03,67.77999877929688,68.0
EWQ,2026-09-03,45.72999954223633,45.59000015258789
EWT,2026-09-03,108.80999755859376,109.43000030517578
EWU,2026-09-03,48.70000076293945,48.220001220703125
EWW,2026-09-03,76.44999694824219,76.22000122070312
EWY,2026-09-03,178.2899932861328,178.86000061035156
EWZ,2026-09-03,38.869998931884766,38.09000015258789
EZA,2026-09-03,71.69999694824219,69.98999786376953
EZU,2026-09-03,70.2699966430664,69.87999725341797
FALN,2026-09-03,26.81999969482422,26.799999237060547
FDN,2026-09-03,292.7099914550781,287.3900146484375
FXI,2026-09-03,35.11000061035156,35.540000915527344
GIGB,2026-09-03,44.720001220703125,44.59999847412109
GLD,2026-09-03,410.7099914550781,402.7799987792969
GLTR,2026-09-03,202.6199951171875,198.83999633789065
GOVT,2026-09-03,22.38999938964844,22.34000015258789
HYG,2026-09-03,79.20999908447266,79.11000061035156
IAU,2026-09-03,84.19000244140625,82.55000305175781
IEF,2026-09-03,92.4800033569336,92.18000030517578
IEI,2026-09-03,115.87000274658203,115.62999725341797
IGIB,2026-09-03,51.90999984741211,51.77000045776367
IGV,2026-09-03,105.20999908447266,103.41999816894533
IHI,2026-09-03,54.7599983215332,54.41999816894531
INDA,2026-09-03,49.810001373291016,49.970001220703125
ITB,2026-09-03,93.7699966430664,92.81999969482422
IWM,2026-09-03,295.7900085449219,294.010009765625
IYR,2026-09-03,102.55999755859376,101.83999633789062
IYT,2026-09-03,83.70999908447266,83.31999969482422
JMBS,2026-09-03,44.209999084472656,44.06999969482422
JNK,2026-09-03,95.31999969482422,95.20999908447266
KRE,2026-09-03,74.52999877929688,74.23999786376953
LEMB,2026-09-03,43.150001525878906,43.09999847412109
LIT,2026-09-03,74.63999938964844,74.26000213623047
LMBS,2026-09-03,49.4900016784668,49.400001525878906
LQD,2026-09-03,105.69999694824219,105.3499984741211
MBB,2026-09-03,92.81999969482422,92.51000213623047
MDY,2026-09-03,688.6500244140625,684.9299926757812
PALL,2026-09-03,25.0,24.579999923706055
PCY,2026-09-03,21.030000686645508,20.920000076293945
PFF,2026-09-03,30.25,30.200000762939453
PPLT,2026-09-03,16.270000457763672,15.979999542236328
QLTA,2026-09-03,46.290000915527344,46.13999938964844
QQQ,2026-09-03,710.8499755859375,709.239990234375
REM,2026-09-03,21.729999542236328,21.6200008392334
REMX,2026-09-03,76.79000091552734,76.29000091552734
RSP,2026-09-03,219.57000732421875,218.6000061035156
RWR,2026-09-03,112.22000122070312,111.62999725341795
RWX,2026-09-03,27.440000534057617,27.280000686645508
SCHH,2026-09-03,23.56999969482422,23.450000762939453
SCHO,2026-09-03,24.020000457763672,23.989999771118164
SCHP,2026-09-03,25.8799991607666,25.81999969482422
SGOL,2026-09-03,42.650001525878906,41.810001373291016
SHY,2026-09-03,81.7300033569336,81.63999938964844
SHYG,2026-09-03,42.0,41.95000076293945
SIVR,2026-09-03,63.11000061035156,62.09999847412109
SKYY,2026-09-03,161.24000549316406,159.30999755859375
SLQD,2026-09-03,49.959999084472656,49.88999938964844
SLV,2026-09-03,60.02000045776367,59.06999969482422
SLX,2026-09-03,111.48999786376952,110.26000213623048
SMH,2026-09-03,546.77001953125,550.47998046875
SOXX,2026-09-03,496.6400146484375,501.4400024414063
SOYB,2026-09-03,27.3700008392334,27.6200008392334
SPIB,2026-09-03,32.959999084472656,32.880001068115234
SPMB,2026-09-03,21.8799991607666,21.81999969482422
SPTL,2026-09-03,25.149999618530277,25.030000686645508
SPY,2026-09-03,767.9000244140625,765.1599731445312
SRLN,2026-09-03,40.5,40.47999954223633
STIP,2026-09-03,100.83999633789062,100.6999969482422
TIP,2026-09-03,107.12999725341797,106.86000061035156
TLH,2026-09-03,96.80000305175781,96.33000183105469
TLT,2026-09-03,82.36000061035156,81.94999694824219
TUR,2026-09-03,39.16999816894531,39.54999923706055
UGA,2026-09-03,128.52000427246094,128.91000366210938
UNG,2026-09-03,10.720000267028809,10.75
UNL,2026-09-03,5.929999828338623,5.949999809265137
USHY,2026-09-03,36.630001068115234,36.58000183105469
USIG,2026-09-03,50.08000183105469,49.93000030517578
USO,2026-09-03,142.1199951171875,141.14999389648438
VCIT,2026-09-03,80.70999908447266,80.45999908447266
VCSH,2026-09-03,78.26000213623047,78.12999725341797
VDC,2026-09-03,230.27999877929688,230.6100006103516
VGIT,2026-09-03,58.04999923706055,57.91999816894531
VGLT,2026-09-03,52.869998931884766,52.619998931884766
VHT,2026-09-03,326.0199890136719,324.4700012207031
VMBS,2026-09-03,45.970001220703125,45.810001373291016
VNQ,2026-09-03,96.4800033569336,95.77999877929688
VNQI,2026-09-03,45.11000061035156,44.70000076293945
VPU,2026-09-03,185.02999877929688,184.6499938964844
VTIP,2026-09-03,49.7599983215332,49.68000030517578
VWOB,2026-09-03,65.69000244140625,65.44999694824219
WEAT,2026-09-03,26.809999465942383,27.860000610351562
XBI,2026-09-03,165.22000122070312,165.3699951171875
XLB,2026-09-03,53.45000076293945,52.95000076293945
XLC,2026-09-03,113.41500091552734,112.41999816894531
XLE,2026-09-03,65.12000274658203,65.0999984741211
XLF,2026-09-03,58.0,57.65999984741211
XLI,2026-09-03,173.75999450683594,172.77999877929688
XLK,2026-09-03,183.52000427246094,183.60000610351562
XLP,2026-09-03,85.37000274658203,85.52999877929688
XLRE,2026-09-03,44.08000183105469,43.72999954223633
XLU,2026-09-03,42.81999969482422,42.66999816894531
XLV,2026-09-03,174.07000732421875,172.9499969482422
XLY,2026-09-03,115.93000030517578,114.86000061035156
XME,2026-09-03,121.52999877929688,119.45999908447266
XPH,2026-09-03,71.66000366210938,71.47000122070312
XRT,2026-09-03,86.98999786376953,86.37999725341797
ANGL,2026-09-04,28.809999465942383,28.809999465942383
BKLN,2026-09-04,20.600000381469727,20.59000015258789
BNO,2026-09-04,55.189998626708984,55.900001525878906
BWX,2026-09-04,21.959999084472656,21.940000534057617
CANE,2026-09-04,11.510000228881836,11.390000343322754
CEMB,2026-09-04,45.06999969482422,45.08000183105469
CIBR,2026-09-04,94.5,95.31999969482422
CORN,2026-09-04,20.15999984741211,20.170000076293945
CPER,2026-09-04,39.90999984741211,39.90999984741211
DBA,2026-09-04,29.040000915527344,29.09000015258789
DBB,2026-09-04,25.690000534057617,25.790000915527344
DBC,2026-09-04,31.739999771118164,31.959999084472656
DBE,2026-09-04,34.08000183105469,34.54999923706055
DBO,2026-09-04,22.81999969482422,23.09000015258789
DIA,2026-09-04,535.1300048828125,536.9299926757812
EBND,2026-09-04,21.170000076293945,21.170000076293945
EEM,2026-09-04,67.7300033569336,67.47000122070312
EFA,2026-09-04,107.8499984741211,108.20999908447266
EMB,2026-09-04,94.41999816894531,94.44999694824219
EMHY,2026-09-04,40.09000015258789,40.02999877929688
EMLC,2026-09-04,25.649999618530277,25.6299991607666
EPI,2026-09-04,43.31999969482422,43.40999984741211
EWA,2026-09-04,30.1299991607666,30.3700008392334
EWC,2026-09-04,62.18000030517578,62.470001220703125
EWG,2026-09-04,43.970001220703125,43.91999816894531
EWJ,2026-09-04,97.66999816894533,97.9000015258789
EWL,2026-09-04,62.91999816894531,63.4900016784668
EWN,2026-09-04,68.66000366210938,68.0999984741211
EWQ,2026-09-04,45.47999954223633,45.7400016784668
EWT,2026-09-04,110.5999984741211,110.12999725341795
EWU,2026-09-04,48.43999862670898,48.68000030517578
EWW,2026-09-04,77.12000274658203,76.97000122070312
EWY,2026-09-04,181.3699951171875,180.55999755859372
EWZ,2026-09-04,37.59999847412109,38.130001068115234
EZA,2026-09-04,71.4800033569336,71.81999969482422
EZU,2026-09-04,70.37000274658203,70.27999877929688
FALN,2026-09-04,26.82999992370605,26.825000762939453
FDN,2026-09-04,292.94000244140625,293.4200134277344
FXI,2026-09-04,35.75,35.34000015258789
GIGB,2026-09-04,44.75,44.68000030517578
GLD,2026-09-04,404.6600036621094,410.2200012207031
GLTR,2026-09-04,200.1499938964844,203.50999450683597
GOVT,2026-09-04,22.36000061035156,22.350000381469727
HYG,2026-09-04,79.19999694824219,79.20999908447266
IAU,2026-09-04,82.94999694824219,84.0999984741211
IEF,2026-09-04,92.26000213623047,92.27999877929688
IEI,2026-09-04,115.66999816894531,115.70999908447266
IGIB,2026-09-04,51.84999847412109,51.83000183105469
IGV,2026-09-04,105.9000015258789,106.9499969482422
IHI,2026-09-04,53.31999969482422,53.90999984741211
INDA,2026-09-04,49.84000015258789,49.91999816894531
ITB,2026-09-04,93.16999816894533,93.62000274658205
IWM,2026-09-04,293.70001220703125,295.19000244140625
IYR,2026-09-04,102.27999877929688,102.87999725341795
IYT,2026-09-04,83.30999755859375,83.5999984741211
JMBS,2026-09-04,44.13999938964844,44.13999938964844
JNK,2026-09-04,95.30000305175781,95.30000305175781
KRE,2026-09-04,74.58000183105469,74.87000274658203
LEMB,2026-09-04,43.27999877929688,43.310001373291016
LIT,2026-09-04,73.58000183105469,74.45999908447266
LMBS,2026-09-04,49.52000045776367,49.45000076293945
LQD,2026-09-04,105.55999755859375,105.5
MBB,2026-09-04,92.73999786376953,92.66000366210938
MDY,2026-09-04,686.8499755859375,690.6400146484375
PALL,2026-09-04,25.43000030517578,25.790000915527344
PCY,2026-09-04,21.040000915527344,21.020000457763672
PFF,2026-09-04,30.389999389648438,30.360000610351562
PPLT,2026-09-04,16.360000610351562,16.489999771118164
QLTA,2026-09-04,46.25,46.18999862670898
QQQ,2026-09-04,719.3499755859375,717.6699829101562
REM,2026-09-04,21.600000381469727,21.690000534057617
REMX,2026-09-04,75.68000030517578,76.02999877929688
RSP,2026-09-04,218.80999755859372,220.0500030517578
RWR,2026-09-04,111.69000244140624,112.0500030517578
RWX,2026-09-04,27.43000030517578,27.530000686645508
SCHH,2026-09-04,23.51000022888184,23.61000061035156
SCHO,2026-09-04,24.01000022888184,24.01000022888184
SCHP,2026-09-04,25.850000381469727,25.850000381469727
SGOL,2026-09-04,42.0,42.59000015258789
SHY,2026-09-04,81.68000030517578,81.70999908447266
SHYG,2026-09-04,41.97999954223633,42.0
SIVR,2026-09-04,62.22999954223633,63.65999984741211
SKYY,2026-09-04,163.0399932861328,163.9199981689453
SLQD,2026-09-04,49.93999862670898,49.95000076293945
SLV,2026-09-04,59.15999984741211,60.54999923706055
SLX,2026-09-04,110.86000061035156,110.8499984741211
SMH,2026-09-04,560.5,552.5999755859375
SOXX,2026-09-04,509.30999755859375,502.2000122070313
SOYB,2026-09-04,27.719999313354492,27.790000915527344
SPIB,2026-09-04,32.91999816894531,32.90999984741211
SPMB,2026-09-04,21.8799991607666,21.86000061035156
SPTL,2026-09-04,25.1299991607666,25.06999969482422
SPY,2026-09-04,772.010009765625,773.1699829101562
SRLN,2026-09-04,40.560001373291016,40.52999877929688
STIP,2026-09-04,100.75,100.8000030517578
TIP,2026-09-04,106.94999694824219,107.0
TLH,2026-09-04,96.66999816894531,96.5
TLT,2026-09-04,82.29000091552734,82.06999969482422
TUR,2026-09-04,39.15999984741211,38.97999954223633
UGA,2026-09-04,129.24000549316406,131.2100067138672
UNG,2026-09-04,10.649999618530273,10.489999771118164
UNL,2026-09-04,5.860000133514404,5.860000133514404
USHY,2026-09-04,36.630001068115234,36.619998931884766
USIG,2026-09-04,50.02000045776367,50.0
USO,2026-09-04,140.14999389648438,142.08999633789062
VCIT,2026-09-04,80.56999969482422,80.54000091552734
VCSH,2026-09-04,78.19000244140625,78.20999908447266
VDC,2026-09-04,229.25,230.1699981689453
VGIT,2026-09-04,57.93999862670898,57.970001220703125
VGLT,2026-09-04,52.810001373291016,52.70000076293945
VHT,2026-09-04,321.9800109863281,324.79998779296875
VMBS,2026-09-04,45.880001068115234,45.93000030517578
VNQ,2026-09-04,96.13999938964844,96.66000366210938
VNQI,2026-09-04,45.150001525878906,45.18999862670898
VPU,2026-09-04,185.32000732421875,186.07000732421875
VTIP,2026-09-04,49.709999084472656,49.72999954223633
VWOB,2026-09-04,65.58999633789062,65.62000274658203
WEAT,2026-09-04,26.90999984741211,27.1200008392334
XBI,2026-09-04,162.74000549316406,164.3800048828125
XLB,2026-09-04,52.15999984741211,52.619998931884766
XLC,2026-09-04,113.125,113.37999725341797
XLE,2026-09-04,64.04000091552734,64.62000274658203
XLF,2026-09-04,58.040000915527344,58.560001373291016
XLI,2026-09-04,174.33999633789062,174.55999755859375
XLK,2026-09-04,187.19000244140625,185.97000122070312
XLP,2026-09-04,84.81999969482422,85.26000213623047
XLRE,2026-09-04,44.040000915527344,44.25
XLU,2026-09-04,42.77000045776367,43.029998779296875
XLV,2026-09-04,171.38999938964844,173.25999450683594
XLY,2026-09-04,115.26000213623047,116.45999908447266
XME,2026-09-04,117.41999816894533,118.37999725341795
XPH,2026-09-04,70.5199966430664,71.02999877929688
XRT,2026-09-04,86.41999816894531,86.7300033569336
ANGL,2026-09-08,28.809999465942383,28.799999237060547
BKLN,2026-09-08,20.600000381469727,20.610000610351562
BNO,2026-09-08,57.209999084472656,56.11000061035156
BWX,2026-09-08,22.0,21.93000030517578
CANE,2026-09-08,11.470000267028809,11.420000076293944
CEMB,2026-09-08,45.04999923706055,45.02999877929688
CIBR,2026-09-08,93.80500030517578,94.58999633789062
CORN,2026-09-08,20.09000015258789,20.06999969482422
CPER,2026-09-08,41.0,39.95000076293945
DBA,2026-09-08,28.90999984741211,28.850000381469727
DBB,2026-09-08,26.239999771118164,25.75
DBC,2026-09-08,32.27000045776367,31.899999618530277
DBE,2026-09-08,35.31999969482422,34.59000015258789
DBO,2026-09-08,23.780000686645508,23.11000061035156
DIA,2026-09-08,530.219970703125,534.0800170898438
EBND,2026-09-08,21.170000076293945,21.149999618530277
EEM,2026-09-08,68.98999786376953,68.69999694824219
EFA,2026-09-08,108.33999633789062,108.3499984741211
EMB,2026-09-08,94.41000366210938,94.47000122070312
EMHY,2026-09-08,40.02999877929688,40.08000183105469
EMLC,2026-09-08,25.63999938964844,25.6299991607666
EPI,2026-09-08,42.97999954223633,43.34000015258789
EWA,2026-09-08,30.040000915527344,30.229999542236328
EWC,2026-09-08,62.0,62.040000915527344
EWG,2026-09-08,43.790000915527344,43.88999938964844
EWJ,2026-09-08,98.5500030517578,98.27999877929688
EWL,2026-09-08,61.970001220703125,63.130001068115234
EWN,2026-09-08,69.66999816894531,69.11000061035156
EWQ,2026-09-08,45.7400016784668,45.68999862670898
EWT,2026-09-08,111.69000244140624,112.18000030517578
EWU,2026-09-08,48.720001220703125,48.59000015258789
EWW,2026-09-08,76.08999633789062,76.62999725341797
EWY,2026-09-08,191.2899932861328,188.8699951171875
EWZ,2026-09-08,38.68999862670898,37.86000061035156
EZA,2026-09-08,71.44000244140625,71.63999938964844
EZU,2026-09-08,70.79000091552734,70.45999908447266
FALN,2026-09-08,26.84000015258789,26.809999465942383
FDN,2026-09-08,290.1700134277344,290.8699951171875
FXI,2026-09-08,35.150001525878906,35.880001068115234
GIGB,2026-09-08,44.68000030517578,44.66999816894531
GLD,2026-09-08,403.55999755859375,406.7699890136719
GLTR,2026-09-08,200.3500061035156,201.50999450683597
GOVT,2026-09-08,22.3799991607666,22.36000061035156
HYG,2026-09-08,79.19000244140625,79.16000366210938
IAU,2026-09-08,82.70999908447266,83.38999938964844
IEF,2026-09-08,92.29000091552734,92.25
IEI,2026-09-08,115.68000030517578,115.66000366210938
IGIB,2026-09-08,51.81999969482422,51.83000183105469
IGV,2026-09-08,103.75,104.56999969482422
IHI,2026-09-08,53.09999847412109,53.630001068115234
INDA,2026-09-08,49.36000061035156,49.90999984741211
ITB,2026-09-08,93.38999938964844,93.91000366210938
IWM,2026-09-08,295.3399963378906,296.010009765625
IYR,2026-09-08,101.54000091552734,102.13999938964844
IYT,2026-09-08,83.77999877929688,84.16999816894531
JMBS,2026-09-08,44.18000030517578,44.13999938964844
JNK,2026-09-08,95.30000305175781,95.2699966430664
KRE,2026-09-08,75.0,75.2699966430664
LEMB,2026-09-08,43.310001373291016,43.310001373291016
LIT,2026-09-08,73.80999755859375,74.18000030517578
LMBS,2026-09-08,49.4900016784668,49.4900016784668
LQD,2026-09-08,105.7300033569336,105.4800033569336
MBB,2026-09-08,92.68000030517578,92.72000122070312
MDY,2026-09-08,691.7000122070312,691.52001953125
PALL,2026-09-08,24.6200008392334,25.309999465942383
PCY,2026-09-08,21.040000915527344,21.040000915527344
PFF,2026-09-08,30.31999969482422,30.360000610351562
PPLT,2026-09-08,16.59000015258789,16.5
QLTA,2026-09-08,46.2400016784668,46.22999954223633
QQQ,2026-09-08,720.9099731445312,718.9600219726562
REM,2026-09-08,21.780000686645508,21.790000915527344
REMX,2026-09-08,76.37999725341797,75.66000366210938
RSP,2026-09-08,218.1199951171875,219.0
RWR,2026-09-08,110.86000061035156,111.33000183105467
RWX,2026-09-08,27.459999084472656,27.530000686645508
SCHH,2026-09-08,23.350000381469727,23.450000762939453
SCHO,2026-09-08,24.020000457763672,24.020000457763672
SCHP,2026-09-08,25.8700008392334,25.84000015258789
SGOL,2026-09-08,41.88999938964844,42.22999954223633
SHY,2026-09-08,81.69999694824219,81.69000244140625
SHYG,2026-09-08,42.0,41.9900016784668
SIVR,2026-09-08,62.95000076293945,62.90999984741211
SKYY,2026-09-08,160.57000732421875,161.55999755859375
SLQD,2026-09-08,49.90999984741211,49.93999862670898
SLV,2026-09-08,59.869998931884766,59.81999969482422
SLX,2026-09-08,112.0,110.98999786376952
SMH,2026-09-08,578.7000122070312,567.010009765625
SOXX,2026-09-08,530.5,519.8599853515625
SOYB,2026-09-08,27.610000610351562,27.649999618530273
SPIB,2026-09-08,32.900001525878906,32.90999984741211
SPMB,2026-09-08,21.8799991607666,21.8700008392334
SPTL,2026-09-08,25.170000076293945,25.1200008392334
SPY,2026-09-08,769.0700073242188,770.1900024414062
SRLN,2026-09-08,40.560001373291016,40.56999969482422
STIP,2026-09-08,100.83999633789062,100.80999755859376
TIP,2026-09-08,107.0999984741211,106.97000122070312
TLH,2026-09-08,96.80000305175781,96.61000061035156
TLT,2026-09-08,82.44000244140625,82.20999908447266
TUR,2026-09-08,39.59000015258789,39.22999954223633
UGA,2026-09-08,136.10000610351562,133.22000122070312
UNG,2026-09-08,10.600000381469727,10.5600004196167
UNL,2026-09-08,5.860000133514404,5.860000133514404
USHY,2026-09-08,36.63999938964844,36.61000061035156
USIG,2026-09-08,50.0,50.0
USO,2026-09-08,144.60000610351562,141.9600067138672
VCIT,2026-09-08,80.54000091552734,80.52999877929688
VCSH,2026-09-08,78.18000030517578,78.18000030517578
VDC,2026-09-08,227.50999450683597,228.33999633789065
VGIT,2026-09-08,57.95000076293945,57.93000030517578
VGLT,2026-09-08,52.900001525878906,52.77999877929688
VHT,2026-09-08,316.6300048828125,321.6600036621094
VMBS,2026-09-08,45.900001525878906,45.91999816894531
VNQ,2026-09-08,95.52999877929688,96.0199966430664
VNQI,2026-09-08,45.08000183105469,45.27000045776367
VPU,2026-09-08,186.3000030517578,186.3500061035156
VTIP,2026-09-08,49.7400016784668,49.72999954223633
VWOB,2026-09-08,65.63999938964844,65.66999816894531
WEAT,2026-09-08,26.920000076293945,26.489999771118164
XBI,2026-09-08,160.77000427246094,163.80999755859375
XLB,2026-09-08,52.36000061035156,52.439998626708984
XLC,2026-09-08,111.58999633789062,112.02999877929688
XLE,2026-09-08,64.83000183105469,64.05999755859375
XLF,2026-09-08,57.709999084472656,58.099998474121094
XLI,2026-09-08,175.13999938964844,175.27000427246094
XLK,2026-09-08,188.63999938964844,187.27999877929688
XLP,2026-09-08,84.27999877929688,84.58000183105469
XLRE,2026-09-08,43.665000915527344,43.93000030517578
XLU,2026-09-08,43.04999923706055,43.08000183105469
XLV,2026-09-08,168.2899932861328,171.4499969482422
XLY,2026-09-08,114.47000122070312,114.91000366210938
XME,2026-09-08,119.0999984741211,118.62000274658205
XPH,2026-09-08,70.38999938964844,70.93000030517578
XRT,2026-09-08,87.30999755859375,87.58999633789062
ANGL,2026-09-09,28.76000022888184,28.790000915527344
BKLN,2026-09-09,20.600000381469727,20.600000381469727
BNO,2026-09-09,58.880001068115234,57.72999954223633
BWX,2026-09-09,22.040000915527344,22.01000022888184
CANE,2026-09-09,11.609999656677246,11.5
CEMB,2026-09-09,45.0099983215332,45.0099983215332
CIBR,2026-09-09,94.08999633789062,94.01000213623048
CORN,2026-09-09,19.920000076293945,19.969999313354492
CPER,2026-09-09,40.939998626708984,40.56999969482422
DBA,2026-09-09,29.209999084472656,29.1299991607666
DBB,2026-09-09,26.270000457763672,26.059999465942383
DBC,2026-09-09,32.810001373291016,32.400001525878906
DBE,2026-09-09,36.02999877929688,35.56999969482422
DBO,2026-09-09,24.299999237060547,23.790000915527344
DIA,2026-09-09,525.6400146484375,528.030029296875
EBND,2026-09-09,21.18000030517578,21.149999618530277
EEM,2026-09-09,68.66000366210938,68.83000183105469
EFA,2026-09-09,107.2699966430664,107.76000213623047
EMB,2026-09-09,94.2699966430664,94.36000061035156
EMHY,2026-09-09,40.0,40.02999877929688
EMLC,2026-09-09,25.6299991607666,25.61000061035156
EPI,2026-09-09,42.619998931884766,42.68000030517578
EWA,2026-09-09,29.809999465942383,30.0
EWC,2026-09-09,61.560001373291016,61.4900016784668
EWG,2026-09-09,43.25,43.56999969482422
EWJ,2026-09-09,97.88999938964844,97.95999908447266
EWL,2026-09-09,61.36000061035156,61.59999847412109
EWN,2026-09-09,68.97000122070312,69.29000091552734
EWQ,2026-09-09,45.18999862670898,45.619998931884766
EWT,2026-09-09,111.5,111.54000091552734
EWU,2026-09-09,48.18999862670898,48.34999847412109
EWW,2026-09-09,76.55000305175781,76.66999816894531
EWY,2026-09-09,190.6699981689453,189.91000366210935
EWZ,2026-09-09,38.36000061035156,38.61000061035156
EZA,2026-09-09,71.62000274658203,71.30000305175781
EZU,2026-09-09,69.73999786376953,70.37000274658203
FALN,2026-09-09,26.76000022888184,26.76000022888184
FDN,2026-09-09,288.0299987792969,287.6099853515625
FXI,2026-09-09,34.90999984741211,35.0
GIGB,2026-09-09,44.619998931884766,44.65499877929688
GLD,2026-09-09,406.1099853515625,399.7200012207031
GLTR,2026-09-09,202.97000122070312,198.6300048828125
GOVT,2026-09-09,22.34000015258789,22.34000015258789
HYG,2026-09-09,79.08999633789062,79.12000274658203
IAU,2026-09-09,83.26000213623047,81.94999694824219
IEF,2026-09-09,92.08999633789062,92.16000366210938
IEI,2026-09-09,115.51000213623047,115.56999969482422
IGIB,2026-09-09,51.75,51.77000045776367
IGV,2026-09-09,102.79000091552734,102.66000366210938
IHI,2026-09-09,51.5099983215332,51.7400016784668
INDA,2026-09-09,48.84000015258789,49.09000015258789
ITB,2026-09-09,90.83000183105467,91.0500030517578
IWM,2026-09-09,293.4599914550781,294.6700134277344
IYR,2026-09-09,101.83000183105467,102.0500030517578
IYT,2026-09-09,82.44999694824219,82.97000122070312
JMBS,2026-09-09,44.02000045776367,44.09000015258789
JNK,2026-09-09,95.16000366210938,95.20999908447266
KRE,2026-09-09,73.62000274658203,74.30999755859375
LEMB,2026-09-09,43.310001373291016,43.27000045776367
LIT,2026-09-09,74.33000183105469,73.79000091552734
LMBS,2026-09-09,49.43999862670898,49.47999954223633
LQD,2026-09-09,105.41999816894531,105.4800033569336
MBB,2026-09-09,92.41000366210938,92.52999877929688
MDY,2026-09-09,685.0,686.9600219726562
PALL,2026-09-09,24.809999465942383,24.43000030517578
PCY,2026-09-09,20.979999542236328,21.020000457763672
PFF,2026-09-09,30.3700008392334,30.389999389648438
PPLT,2026-09-09,17.270000457763672,16.459999084472656
QLTA,2026-09-09,46.18000030517578,46.20000076293945
QQQ,2026-09-09,716.4000244140625,718.3599853515625
REM,2026-09-09,21.6200008392334,21.600000381469727
REMX,2026-09-09,76.75,76.7300033569336
RSP,2026-09-09,216.13999938964844,216.72999572753903
RWR,2026-09-09,111.41999816894533,111.47000122070312
RWX,2026-09-09,27.34000015258789,27.38999938964844
SCHH,2026-09-09,23.399999618530277,23.46999931335449
SCHO,2026-09-09,24.0,24.01000022888184
SCHP,2026-09-09,25.86000061035156,25.8700008392334
SGOL,2026-09-09,42.16999816894531,41.47999954223633
SHY,2026-09-09,81.6500015258789,81.66000366210938
SHYG,2026-09-09,41.970001220703125,41.97999954223633
SIVR,2026-09-09,64.31999969482422,62.43999862670898
SKYY,2026-09-09,159.5800018310547,159.6199951171875
SLQD,2026-09-09,49.880001068115234,49.900001525878906
SLV,2026-09-09,61.16999816894531,59.369998931884766
SLX,2026-09-09,111.08999633789062,111.19000244140624
SMH,2026-09-09,569.9000244140625,573.72998046875
SOXX,2026-09-09,524.8499755859375,528.4000244140625
SOYB,2026-09-09,27.700000762939453,27.81999969482422
SPIB,2026-09-09,32.869998931884766,32.88999938964844
SPMB,2026-09-09,21.84000015258789,21.84000015258789
SPTL,2026-09-09,25.09000015258789,25.11000061035156
SPY,2026-09-09,764.0800170898438,765.9600219726562
SRLN,2026-09-09,40.560001373291016,40.540000915527344
STIP,2026-09-09,100.8499984741211,100.83000183105467
TIP,2026-09-09,107.02999877929688,107.05000305175781
TLH,2026-09-09,96.48999786376953,96.5199966430664
TLT,2026-09-09,82.19000244140625,82.19999694824219
TUR,2026-09-09,40.79999923706055,40.470001220703125
UGA,2026-09-09,133.5800018310547,136.00999450683594
UNG,2026-09-09,10.270000457763672,10.460000038146973
UNL,2026-09-09,5.820000171661377,5.869999885559082
USHY,2026-09-09,36.61000061035156,36.59999847412109
USIG,2026-09-09,49.95000076293945,49.959999084472656
USO,2026-09-09,148.8000030517578,146.02999877929688
VCIT,2026-09-09,80.45999908447266,80.45999908447266
VCSH,2026-09-09,78.12999725341797,78.13999938964844
VDC,2026-09-09,225.5399932861328,226.72999572753903
VGIT,2026-09-09,57.84999847412109,57.880001068115234
VGLT,2026-09-09,52.72999954223633,52.7599983215332
VHT,2026-09-09,314.9200134277344,314.6099853515625
VMBS,2026-09-09,45.79999923706055,45.81999969482422
VNQ,2026-09-09,95.58999633789062,95.93000030517578
VNQI,2026-09-09,44.83000183105469,44.95000076293945
VPU,2026-09-09,187.97999572753903,188.08999633789065
VTIP,2026-09-09,49.7599983215332,49.75
VWOB,2026-09-09,65.4800033569336,65.55999755859375
WEAT,2026-09-09,26.93000030517578,26.959999084472656
XBI,2026-09-09,160.5,161.92999267578125
XLB,2026-09-09,52.02000045776367,51.939998626708984
XLC,2026-09-09,111.91999816894531,111.5199966430664
XLE,2026-09-09,65.55999755859375,64.7699966430664
XLF,2026-09-09,57.130001068115234,57.29999923706055
XLI,2026-09-09,173.52999877929688,174.4199981689453
XLK,2026-09-09,187.52999877929688,187.8699951171875
XLP,2026-09-09,83.51000213623047,84.0199966430664
XLRE,2026-09-09,43.75,43.900001525878906
XLU,2026-09-09,43.400001525878906,43.45000076293945
XLV,2026-09-09,167.30999755859375,167.1300048828125
XLY,2026-09-09,112.95999908447266,113.98999786376953
XME,2026-09-09,120.68000030517578,119.9499969482422
XPH,2026-09-09,70.23999786376953,70.37999725341797
XRT,2026-09-09,85.36000061035156,85.69999694824219
ANGL,2026-09-10,28.649999618530277,28.729999542236328
BKLN,2026-09-10,20.59000015258789,20.59000015258789
BNO,2026-09-10,61.5,59.31999969482422
BWX,2026-09-10,21.8700008392334,21.96999931335449
CANE,2026-09-10,11.6899995803833,11.609999656677246
CEMB,2026-09-10,44.84999847412109,44.9900016784668
CIBR,2026-09-10,94.0,94.4800033569336
CORN,2026-09-10,19.940000534057617,19.829999923706055
CPER,2026-09-10,39.400001525878906,41.04999923706055
DBA,2026-09-10,29.100000381469727,29.0
DBB,2026-09-10,25.81999969482422,26.290000915527344
DBC,2026-09-10,33.189998626708984,32.849998474121094
DBE,2026-09-10,37.41999816894531,36.380001068115234
DBO,2026-09-10,25.209999084472656,24.459999084472656
DIA,2026-09-10,522.2899780273438,524.0700073242188
EBND,2026-09-10,21.01000022888184,21.1299991607666
EEM,2026-09-10,67.37000274658203,68.4800033569336
EFA,2026-09-10,106.0,106.55999755859375
EMB,2026-09-10,93.6500015258789,94.16999816894531
EMHY,2026-09-10,39.810001373291016,39.93999862670898
EMLC,2026-09-10,25.440000534057617,25.59000015258789
EPI,2026-09-10,42.04999923706055,42.43999862670898
EWA,2026-09-10,29.170000076293945,29.6200008392334
EWC,2026-09-10,60.470001220703125,60.9900016784668
EWG,2026-09-10,42.81999969482422,43.040000915527344
EWJ,2026-09-10,96.8499984741211,97.0
EWL,2026-09-10,60.54999923706055,60.7599983215332
EWN,2026-09-10,67.87000274658203,68.48999786376953
EWQ,2026-09-10,44.720001220703125,44.88999938964844
EWT,2026-09-10,109.31999969482422,111.76000213623048
EWU,2026-09-10,47.68000030517578,47.83000183105469
EWW,2026-09-10,75.77999877929688,76.5
EWY,2026-09-10,186.1300048828125,190.77999877929688
EWZ,2026-09-10,37.63999938964844,38.06999969482422
EZA,2026-09-10,69.7699966430664,71.30999755859375
EZU,2026-09-10,69.16999816894531,69.62999725341797
FALN,2026-09-10,26.6299991607666,26.69499969482422
FDN,2026-09-10,285.2799987792969,287.92999267578125
FXI,2026-09-10,34.47999954223633,34.54999923706055
GIGB,2026-09-10,44.369998931884766,44.59000015258789
GLD,2026-09-10,399.5299987792969,403.3500061035156
GLTR,2026-09-10,197.05999755859372,201.50999450683597
GOVT,2026-09-10,22.209999084472656,22.299999237060547
HYG,2026-09-10,78.79000091552734,78.9800033569336
IAU,2026-09-10,81.9000015258789,82.69000244140625
IEF,2026-09-10,91.37000274658203,91.9000015258789
IEI,2026-09-10,114.95999908447266,115.37000274658203
IGIB,2026-09-10,51.459999084472656,51.68000030517578
IGV,2026-09-10,100.8499984741211,101.83000183105467
IHI,2026-09-10,51.060001373291016,51.47999954223633
INDA,2026-09-10,48.27999877929688,48.66999816894531
ITB,2026-09-10,89.05000305175781,90.30999755859376
IWM,2026-09-10,288.4800109863281,290.6400146484375
IYR,2026-09-10,101.20999908447266,100.91000366210938
IYT,2026-09-10,81.43000030517578,81.70999908447266
JMBS,2026-09-10,43.650001525878906,43.90999984741211
JNK,2026-09-10,94.7699966430664,95.04000091552734
KRE,2026-09-10,73.19999694824219,73.44999694824219
LEMB,2026-09-10,43.060001373291016,43.27000045776367
LIT,2026-09-10,72.19000244140625,73.7699966430664
LMBS,2026-09-10,49.27999877929688,49.43000030517578
LQD,2026-09-10,104.73999786376953,105.30999755859375
MBB,2026-09-10,91.7300033569336,92.22000122070312
MDY,2026-09-10,676.0499877929688,679.6500244140625
PALL,2026-09-10,23.579999923706055,24.56999969482422
PCY,2026-09-10,20.82999992370605,20.940000534057617
PFF,2026-09-10,30.06999969482422,30.18000030517578
PPLT,2026-09-10,16.3700008392334,17.149999618530273
QLTA,2026-09-10,45.91999816894531,46.130001068115234
QQQ,2026-09-10,707.5499877929688,716.3099975585938
REM,2026-09-10,21.36000061035156,21.43000030517578
REMX,2026-09-10,73.68000030517578,76.33999633789062
RSP,2026-09-10,213.80999755859372,214.63999938964844
RWR,2026-09-10,110.45999908447266,110.2300033569336
RWX,2026-09-10,26.88999938964844,27.040000915527344
SCHH,2026-09-10,23.309999465942383,23.229999542236328
SCHO,2026-09-10,23.96999931335449,24.0
SCHP,2026-09-10,25.71999931335449,25.809999465942383
SGOL,2026-09-10,41.47999954223633,41.880001068115234
SHY,2026-09-10,81.5199966430664,81.62999725341797
SHYG,2026-09-10,41.84999847412109,41.91999816894531
SIVR,2026-09-10,61.38999938964844,63.869998931884766
SKYY,2026-09-10,156.30999755859375,158.13999938964844
SLQD,2026-09-10,49.79999923706055,49.880001068115234
SLV,2026-09-10,58.41999816894531,60.720001220703125
SLX,2026-09-10,108.20999908447266,111.0999984741211
SMH,2026-09-10,561.5399780273438,574.2899780273438
SOXX,2026-09-10,518.3200073242188,532.0
SOYB,2026-09-10,27.860000610351562,27.65999984741211
SPIB,2026-09-10,32.75,32.84000015258789
SPMB,2026-09-10,21.649999618530277,21.780000686645508
SPTL,2026-09-10,24.76000022888184,24.979999542236328
SPY,2026-09-10,758.030029296875,762.4000244140625
SRLN,2026-09-10,40.52000045776367,40.52000045776367
STIP,2026-09-10,100.66999816894533,100.79000091552734
TIP,2026-09-10,106.41999816894531,106.80000305175781
TLH,2026-09-10,95.37999725341797,96.16000366210938
TLT,2026-09-10,81.0,81.7300033569336
TUR,2026-09-10,40.08000183105469,40.77999877929688
UGA,2026-09-10,138.0500030517578,134.0399932861328
UNG,2026-09-10,10.010000228881836,10.09000015258789
UNL,2026-09-10,5.769999980926514,5.789999961853027
USHY,2026-09-10,36.44499969482422,36.52999877929688
USIG,2026-09-10,49.65999984741211,49.88999938964844
USO,2026-09-10,154.77999877929688,149.97000122070312
VCIT,2026-09-10,79.95999908447266,80.30999755859375
VCSH,2026-09-10,77.95999908447266,78.08000183105469
VDC,2026-09-10,224.8300018310547,224.1100006103516
VGIT,2026-09-10,57.540000915527344,57.7599983215332
VGLT,2026-09-10,52.040000915527344,52.5
VHT,2026-09-10,312.9100036621094,313.29998779296875
VMBS,2026-09-10,45.43000030517578,45.709999084472656
VNQ,2026-09-10,94.9800033569336,94.94000244140624
VNQI,2026-09-10,44.29999923706055,44.56999969482422
VPU,2026-09-10,185.97999572753903,185.88999938964844
VTIP,2026-09-10,49.66999816894531,49.72999954223633
VWOB,2026-09-10,65.06999969482422,65.37999725341797
WEAT,2026-09-10,26.43000030517578,26.280000686645508
XBI,2026-09-10,157.58999633789062,159.3800048828125
XLB,2026-09-10,50.7599983215332,51.38999938964844
XLC,2026-09-10,110.62000274658203,110.83000183105469
XLE,2026-09-10,66.13999938964844,65.30999755859375
XLF,2026-09-10,56.90999984741211,57.060001373291016
XLI,2026-09-10,170.8300018310547,171.7899932861328
XLK,2026-09-10,185.24000549316406,187.8699951171875
XLP,2026-09-10,83.37000274658203,83.05000305175781
XLRE,2026-09-10,43.470001220703125,43.40999984741211
XLU,2026-09-10,42.9900016784668,42.939998626708984
XLV,2026-09-10,166.5,166.5800018310547
XLY,2026-09-10,111.48999786376953,112.45999908447266
XME,2026-09-10,116.13999938964844,119.19000244140624
XPH,2026-09-10,68.88999938964844,69.31999969482422
XRT,2026-09-10,83.72000122070312,84.30000305175781
ANGL,2026-09-11,28.61000061035156,28.549999237060547
BKLN,2026-09-11,20.600000381469727,20.59000015258789
BNO,2026-09-11,60.75,63.130001068115234
BWX,2026-09-11,21.799999237060547,21.770000457763672
CANE,2026-09-11,11.579999923706056,11.81999969482422
CEMB,2026-09-11,44.81999969482422,44.79999923706055
CIBR,2026-09-11,94.5999984741211,94.16000366210938
CORN,2026-09-11,19.850000381469727,20.010000228881836
CPER,2026-09-11,39.220001220703125,39.040000915527344
DBA,2026-09-11,29.200000762939453,29.31999969482422
DBB,2026-09-11,25.350000381469727,25.34000015258789
DBC,2026-09-11,33.11000061035156,33.619998931884766
DBE,2026-09-11,37.18000030517578,38.31999969482422
DBO,2026-09-11,24.84000015258789,25.88999938964844
DIA,2026-09-11,525.3699951171875,520.75
EBND,2026-09-11,21.059999465942383,20.979999542236328
EEM,2026-09-11,67.9800033569336,67.0
EFA,2026-09-11,106.9800033569336,105.66000366210938
EMB,2026-09-11,93.62999725341797,93.41000366210938
EMHY,2026-09-11,39.83000183105469,39.7599983215332
EMLC,2026-09-11,25.51000022888184,25.459999084472656
EPI,2026-09-11,42.220001220703125,42.0
EWA,2026-09-11,29.420000076293945,29.07999992370605
EWC,2026-09-11,60.72999954223633,60.290000915527344
EWG,2026-09-11,42.95000076293945,42.619998931884766
EWJ,2026-09-11,98.45999908447266,96.44000244140624
EWL,2026-09-11,60.77000045776367,60.29999923706055
EWN,2026-09-11,68.38999938964844,67.52999877929688
EWQ,2026-09-11,44.90999984741211,44.619998931884766
EWT,2026-09-11,110.37999725341795,108.91999816894533
EWU,2026-09-11,48.08000183105469,47.52999877929688
EWW,2026-09-11,76.0,75.25
EWY,2026-09-11,189.7700042724609,182.77999877929688
EWZ,2026-09-11,38.630001068115234,38.560001373291016
EZA,2026-09-11,70.61000061035156,69.54000091552734
EZU,2026-09-11,69.8499984741211,68.9800033569336
FALN,2026-09-11,26.59000015258789,26.520000457763672
FDN,2026-09-11,288.6000061035156,285.5
FXI,2026-09-11,34.56999969482422,34.349998474121094
GIGB,2026-09-11,44.40999984741211,44.290000915527344
GLD,2026-09-11,402.5299987792969,396.3599853515625
GLTR,2026-09-11,198.5800018310547,195.0500030517578
GOVT,2026-09-11,22.200000762939453,22.170000076293945
HYG,2026-09-11,78.77999877929688,78.62000274658203
IAU,2026-09-11,82.5199966430664,81.2699966430664
IEF,2026-09-11,91.33000183105469,91.18000030517578
IEI,2026-09-11,114.83000183105469,114.75
IGIB,2026-09-11,51.400001525878906,51.290000915527344
IGV,2026-09-11,101.9000015258789,101.1999969482422
IHI,2026-09-11,51.22999954223633,50.900001525878906
INDA,2026-09-11,48.52999877929688,48.11000061035156
ITB,2026-09-11,89.69999694824219,88.22000122070312
IWM,2026-09-11,290.7099914550781,287.70001220703125
IYR,2026-09-11,100.8499984741211,99.97000122070312
IYT,2026-09-11,82.66000366210938,82.02999877929688
JMBS,2026-09-11,43.619998931884766,43.52000045776367
JNK,2026-09-11,94.80999755859375,94.62999725341797
KRE,2026-09-11,74.54000091552734,73.80999755859375
LEMB,2026-09-11,43.06999969482422,43.06999969482422
LIT,2026-09-11,71.73999786376953,71.80999755859375
LMBS,2026-09-11,49.27000045776367,49.22999954223633
LQD,2026-09-11,104.80000305175781,104.36000061035156
MBB,2026-09-11,91.69999694824219,91.4800033569336
MDY,2026-09-11,678.6199951171875,673.25
PALL,2026-09-11,23.969999313354492,23.229999542236328
PCY,2026-09-11,20.809999465942383,20.76000022888184
PFF,2026-09-11,30.049999237060547,29.969999313354492
PPLT,2026-09-11,16.389999389648438,16.1299991607666
QLTA,2026-09-11,45.90999984741211,45.790000915527344
QQQ,2026-09-11,715.6799926757812,708.6900024414062
REM,2026-09-11,21.030000686645508,20.8799991607666
REMX,2026-09-11,72.0999984741211,72.41999816894531
RSP,2026-09-11,214.9900054931641,213.1699981689453
RWR,2026-09-11,110.19000244140624,109.62999725341795
RWX,2026-09-11,27.0,26.799999237060547
SCHH,2026-09-11,23.21999931335449,23.059999465942383
SCHO,2026-09-11,23.940000534057617,23.93000030517578
SCHP,2026-09-11,25.690000534057617,25.700000762939453
SGOL,2026-09-11,41.790000915527344,41.15999984741211
SHY,2026-09-11,81.43000030517578,81.41999816894531
SHYG,2026-09-11,41.86000061035156,41.790000915527344
SIVR,2026-09-11,61.7599983215332,60.47999954223633
SKYY,2026-09-11,157.6199951171875,156.61000061035156
SLQD,2026-09-11,49.7400016784668,49.72999954223633
SLV,2026-09-11,58.72999954223633,57.5
SLX,2026-09-11,108.9000015258789,108.62999725341795
SMH,2026-09-11,568.8300170898438,560.280029296875
SOXX,2026-09-11,525.239990234375,517.4299926757812
SOYB,2026-09-11,27.940000534057617,28.139999389648438
SPIB,2026-09-11,32.720001220703125,32.65999984741211
SPMB,2026-09-11,21.65999984741211,21.61000061035156
SPTL,2026-09-11,24.82999992370605,24.700000762939453
SPY,2026-09-11,764.719970703125,757.8300170898438
SRLN,2026-09-11,40.52999877929688,40.5
STIP,2026-09-11,100.51000213623048,100.62999725341795
TIP,2026-09-11,106.31999969482422,106.33000183105469
TLH,2026-09-11,95.5,95.04000091552734
TLT,2026-09-11,81.30000305175781,80.77999877929688
TUR,2026-09-11,40.34999847412109,40.290000915527344
UGA,2026-09-11,138.5399932861328,141.22000122070312
UNG,2026-09-11,10.09000015258789,10.1899995803833
UNL,2026-09-11,5.800000190734863,5.809999942779541
USHY,2026-09-11,36.45000076293945,36.34999847412109
USIG,2026-09-11,49.650001525878906,49.52999877929688
USO,2026-09-11,152.5,158.3800048828125
VCIT,2026-09-11,79.9000015258789,79.69999694824219
VCSH,2026-09-11,77.83000183105469,77.77999877929688
VDC,2026-09-11,225.1199951171875,224.1000061035156
VGIT,2026-09-11,57.47999954223633,57.43999862670898
VGLT,2026-09-11,52.16999816894531,51.880001068115234
VHT,2026-09-11,313.2300109863281,311.2699890136719
VMBS,2026-09-11,45.45000076293945,45.380001068115234
VNQ,2026-09-11,94.8499984741211,94.12000274658205
VNQI,2026-09-11,44.18000030517578,44.02999877929688
VPU,2026-09-11,185.47999572753903,184.00999450683597
VTIP,2026-09-11,49.61000061035156,49.63999938964844
VWOB,2026-09-11,65.05000305175781,64.91999816894531
WEAT,2026-09-11,26.600000381469727,26.709999084472656
XBI,2026-09-11,158.27000427246094,156.82000732421875
XLB,2026-09-11,51.189998626708984,50.7599983215332
XLC,2026-09-11,112.33999633789062,111.5
XLE,2026-09-11,64.88999938964844,64.93000030517578
XLF,2026-09-11,57.439998626708984,56.869998931884766
XLI,2026-09-11,172.4499969482422,170.5500030517578
XLK,2026-09-11,187.35000610351562,185.22000122070312
XLP,2026-09-11,83.51000213623047,83.08999633789062
XLRE,2026-09-11,43.400001525878906,43.04999923706055
XLU,2026-09-11,42.88999938964844,42.52000045776367
XLV,2026-09-11,166.8300018310547,165.66000366210938
XLY,2026-09-11,112.87000274658203,111.95999908447266
XME,2026-09-11,116.02999877929688,114.7699966430664
XPH,2026-09-11,68.58000183105469,68.01000213623047
XRT,2026-09-11,84.4800033569336,83.62999725341797
ANGL,2026-09-14,28.5,28.51000022888184
BKLN,2026-09-14,20.59000015258789,20.59000015258789
BNO,2026-09-14,63.650001525878906,61.369998931884766
BWX,2026-09-14,21.6200008392334,21.770000457763672
CANE,2026-09-14,11.489999771118164,11.520000457763672
CEMB,2026-09-14,44.709999084472656,44.7400016784668
CIBR,2026-09-14,96.1500015258789,94.4000015258789
CORN,2026-09-14,19.969999313354492,19.920000076293945
CPER,2026-09-14,38.22999954223633,39.18000030517578
DBA,2026-09-14,28.950000762939453,28.93000030517578
DBB,2026-09-14,25.200000762939453,25.40999984741211
DBC,2026-09-14,33.4900016784668,33.15999984741211
DBE,2026-09-14,38.34999847412109,37.18000030517578
DBO,2026-09-14,26.020000457763672,25.21999931335449
DIA,2026-09-14,524.5399780273438,525.7899780273438
EBND,2026-09-14,20.86000061035156,20.989999771118164
EEM,2026-09-14,65.94999694824219,67.83999633789062
EFA,2026-09-14,105.80000305175781,106.69999694824219
EMB,2026-09-14,93.12999725341797,93.33999633789062
EMHY,2026-09-14,39.619998931884766,39.7400016784668
EMLC,2026-09-14,25.26000022888184,25.440000534057617
EPI,2026-09-14,41.869998931884766,42.290000915527344
EWA,2026-09-14,29.030000686645508,29.270000457763672
EWC,2026-09-14,60.209999084472656,60.58000183105469
EWG,2026-09-14,42.560001373291016,42.869998931884766
EWJ,2026-09-14,97.37000274658205,98.55999755859376
EWL,2026-09-14,61.0,60.29999923706055
EWN,2026-09-14,66.54000091552734,67.83999633789062
EWQ,2026-09-14,44.38999938964844,44.93000030517578
EWT,2026-09-14,107.0500030517578,110.91000366210938
EWU,2026-09-14,48.04999923706055,47.93999862670898
EWW,2026-09-14,74.08999633789062,75.37999725341797
EWY,2026-09-14,178.5,188.72000122070312
EWZ,2026-09-14,37.2599983215332,38.18999862670898
EZA,2026-09-14,68.45999908447266,70.0999984741211
EZU,2026-09-14,68.58999633789062,69.61000061035156
FALN,2026-09-14,26.489999771118164,26.520000457763672
FDN,2026-09-14,289.3099975585937,288.9200134277344
FXI,2026-09-14,34.68000030517578,34.4900016784668
GIGB,2026-09-14,44.209999084472656,44.27999877929688
GLD,2026-09-14,391.8900146484375,398.7699890136719
GLTR,2026-09-14,193.0,196.7400054931641
GOVT,2026-09-14,22.1299991607666,22.149999618530277
HYG,2026-09-14,78.55000305175781,78.5999984741211
IAU,2026-09-14,80.4000015258789,81.70999908447266
IEF,2026-09-14,90.94000244140625,91.01000213623047
IEI,2026-09-14,114.47000122070312,114.55000305175781
IGIB,2026-09-14,51.20000076293945,51.22999954223633
IGV,2026-09-14,103.56999969482422,101.5199966430664
IHI,2026-09-14,51.59000015258789,50.880001068115234
INDA,2026-09-14,48.15999984741211,48.56999969482422
ITB,2026-09-14,88.87000274658203,89.54000091552734
IWM,2026-09-14,287.489990234375,288.8900146484375
IYR,2026-09-14,100.79000091552734,100.75
IYT,2026-09-14,81.66999816894531,82.13999938964844
JMBS,2026-09-14,43.369998931884766,43.43999862670898
JNK,2026-09-14,94.4800033569336,94.61000061035156
KRE,2026-09-14,73.86000061035156,73.9000015258789
LEMB,2026-09-14,42.7599983215332,43.0099983215332
LIT,2026-09-14,69.91999816894531,71.48999786376953
LMBS,2026-09-14,49.119998931884766,49.15999984741211
LQD,2026-09-14,104.25,104.31999969482422
MBB,2026-09-14,91.20999908447266,91.37999725341797
MDY,2026-09-14,673.9400024414062,678.6799926757812
PALL,2026-09-14,23.5,23.6200008392334
PCY,2026-09-14,20.670000076293945,20.71999931335449
PFF,2026-09-14,30.010000228881836,30.149999618530273
PPLT,2026-09-14,15.989999771118164,16.260000228881836
QLTA,2026-09-14,45.709999084472656,45.7599983215332
QQQ,2026-09-14,703.3300170898438,714.8800048828125
REM,2026-09-14,20.670000076293945,20.790000915527344
REMX,2026-09-14,69.2699966430664,70.55999755859375
RSP,2026-09-14,214.6499938964844,214.8699951171875
RWR,2026-09-14,110.0999984741211,110.04000091552734
RWX,2026-09-14,26.670000076293945,26.8700008392334
SCHH,2026-09-14,23.18000030517578,23.200000762939453
SCHO,2026-09-14,23.920000076293945,23.920000076293945
SCHP,2026-09-14,25.600000381469727,25.59000015258789
SGOL,2026-09-14,40.709999084472656,41.38999938964844
SHY,2026-09-14,81.3499984741211,81.37000274658203
SHYG,2026-09-14,41.7599983215332,41.790000915527344
SIVR,2026-09-14,59.810001373291016,61.150001525878906
SKYY,2026-09-14,158.7899932861328,158.47000122070312
SLQD,2026-09-14,49.68000030517578,49.709999084472656
SLV,2026-09-14,56.84000015258789,58.119998931884766
SLX,2026-09-14,106.4000015258789,108.97000122070312
SMH,2026-09-14,539.989990234375,568.530029296875
SOXX,2026-09-14,497.1700134277344,527.0700073242188
SOYB,2026-09-14,27.68000030517578,27.5
SPIB,2026-09-14,32.619998931884766,32.630001068115234
SPMB,2026-09-14,21.530000686645508,21.56999969482422
SPTL,2026-09-14,24.68000030517578,24.690000534057617
SPY,2026-09-14,759.0,764.2899780273438
SRLN,2026-09-14,40.540000915527344,40.52999877929688
STIP,2026-09-14,100.37999725341795,100.3000030517578
TIP,2026-09-14,105.94999694824219,105.83999633789062
TLH,2026-09-14,94.91000366210938,95.01000213623047
TLT,2026-09-14,80.81999969482422,80.87000274658203
TUR,2026-09-14,39.90999984741211,40.43999862670898
UGA,2026-09-14,143.19000244140625,138.6999969482422
UNG,2026-09-14,10.279999732971191,10.170000076293945
UNL,2026-09-14,5.829999923706055,5.820000171661377
USHY,2026-09-14,36.34000015258789,36.36000061035156
USIG,2026-09-14,49.459999084472656,49.5
USO,2026-09-14,159.42999267578125,154.89999389648438
VCIT,2026-09-14,79.51000213623047,79.5999984741211
VCSH,2026-09-14,77.69999694824219,77.72000122070312
VDC,2026-09-14,227.5200042724609,225.2100067138672
VGIT,2026-09-14,57.290000915527344,57.34000015258789
VGLT,2026-09-14,51.869998931884766,51.900001525878906
VHT,2026-09-14,314.7799987792969,310.739990234375
VMBS,2026-09-14,45.22999954223633,45.31999969482422
VNQ,2026-09-14,94.6999969482422,94.8000030517578
VNQI,2026-09-14,43.900001525878906,44.08000183105469
VPU,2026-09-14,183.2100067138672,183.19000244140625
VTIP,2026-09-14,49.52000045776367,49.5
VWOB,2026-09-14,64.66999816894531,64.87999725341797
WEAT,2026-09-14,26.440000534057617,26.25
XBI,2026-09-14,156.86000061035156,156.1999969482422
XLB,2026-09-14,50.68000030517578,50.95000076293945
XLC,2026-09-14,113.62999725341797,112.5999984741211
XLE,2026-09-14,65.95999908447266,65.13999938964844
XLF,2026-09-14,57.34000015258789,57.25
XLI,2026-09-14,168.6699981689453,172.3699951171875
XLK,2026-09-14,183.0,187.6699981689453
XLP,2026-09-14,84.37999725341797,83.37999725341797
XLRE,2026-09-14,43.38999938964844,43.41999816894531
XLU,2026-09-14,42.380001068115234,42.38999938964844
XLV,2026-09-14,168.00999450683594,165.36000061035156
XLY,2026-09-14,112.30999755859375,112.95999908447266
XME,2026-09-14,111.22000122070312,113.62999725341795
XPH,2026-09-14,67.80999755859375,67.51000213623047
XRT,2026-09-14,84.68000030517578,84.79000091552734
ANGL,2026-09-15,28.459999084472656,28.46999931335449
BKLN,2026-09-15,20.6299991607666,20.610000610351562
BNO,2026-09-15,62.59000015258789,62.15999984741211
BWX,2026-09-15,21.59000015258789,21.670000076293945
CANE,2026-09-15,11.43000030517578,11.449999809265137
CEMB,2026-09-15,44.66999816894531,44.630001068115234
CIBR,2026-09-15,99.22000122070312,100.0500030517578
CORN,2026-09-15,19.8700008392334,20.020000457763672
CPER,2026-09-15,38.5099983215332,38.2599983215332
DBA,2026-09-15,28.850000381469727,28.959999084472656
DBB,2026-09-15,25.139999389648438,25.059999465942383
DBC,2026-09-15,33.36000061035156,33.150001525878906
DBE,2026-09-15,38.18999862670898,37.65999984741211
DBO,2026-09-15,25.81999969482422,25.540000915527344
DIA,2026-09-15,523.1799926757812,524.489990234375
EBND,2026-09-15,20.84000015258789,20.8799991607666
EEM,2026-09-15,66.12000274658203,65.98999786376953
EFA,2026-09-15,105.4800033569336,105.8499984741211
EMB,2026-09-15,93.08999633789062,93.22000122070312
EMHY,2026-09-15,39.59999847412109,39.619998931884766
EMLC,2026-09-15,25.209999084472656,25.239999771118164
EPI,2026-09-15,41.54999923706055,42.150001525878906
EWA,2026-09-15,28.850000381469727,29.059999465942383
EWC,2026-09-15,60.40999984741211,60.5
EWG,2026-09-15,42.58000183105469,42.709999084472656
EWJ,2026-09-15,97.13999938964844,97.58000183105467
EWL,2026-09-15,60.22999954223633,60.4900016784668
EWN,2026-09-15,66.44999694824219,66.52999877929688
EWQ,2026-09-15,44.25,44.5099983215332
EWT,2026-09-15,107.2300033569336,107.20999908447266
EWU,2026-09-15,47.7599983215332,47.90999984741211
EWW,2026-09-15,75.01000213623047,74.81999969482422
EWY,2026-09-15,178.8300018310547,176.22000122070312
EWZ,2026-09-15,37.59999847412109,37.720001220703125
EZA,2026-09-15,68.68000030517578,68.48999786376953
EZU,2026-09-15,68.47000122070312,68.5199966430664
FALN,2026-09-15,26.46999931335449,26.459999084472656
FDN,2026-09-15,290.75,292.7099914550781
FXI,2026-09-15,34.52000045776367,34.84000015258789
GIGB,2026-09-15,44.20000076293945,44.2400016784668
GLD,2026-09-15,393.1099853515625,392.8399963378906
GLTR,2026-09-15,194.0200042724609,193.17999267578125
GOVT,2026-09-15,22.1200008392334,22.13999938964844
HYG,2026-09-15,78.51000213623047,78.52999877929688
IAU,2026-09-15,80.5999984741211,80.54000091552734
IEF,2026-09-15,90.83999633789062,90.93000030517578
IEI,2026-09-15,114.41000366210938,114.44999694824219
IGIB,2026-09-15,51.15999984741211,51.18999862670898
IGV,2026-09-15,105.22000122070312,106.63999938964844
IHI,2026-09-15,51.5099983215332,51.86000061035156
INDA,2026-09-15,47.77999877929688,48.43000030517578
ITB,2026-09-15,89.2699966430664,90.05000305175781
IWM,2026-09-15,286.6199951171875,287.9100036621094
IYR,2026-09-15,99.62999725341795,100.27999877929688
IYT,2026-09-15,82.27999877929688,82.63999938964844
JMBS,2026-09-15,43.36000061035156,43.38999938964844
JNK,2026-09-15,94.4800033569336,94.48999786376953
KRE,2026-09-15,74.08000183105469,74.11000061035156
LEMB,2026-09-15,42.709999084472656,42.720001220703125
LIT,2026-09-15,70.0,69.97000122070312
LMBS,2026-09-15,49.119998931884766,49.130001068115234
LQD,2026-09-15,104.19999694824219,104.30000305175781
MBB,2026-09-15,91.23999786376953,91.22000122070312
MDY,2026-09-15,673.5599975585938,672.6199951171875
PALL,2026-09-15,23.6200008392334,23.229999542236328
PCY,2026-09-15,20.63999938964844,20.670000076293945
PFF,2026-09-15,29.8799991607666,29.940000534057617
PPLT,2026-09-15,16.079999923706055,15.899999618530273
QLTA,2026-09-15,45.68999862670898,45.72999954223633
QQQ,2026-09-15,708.7999877929688,709.1799926757812
REM,2026-09-15,20.18000030517578,20.670000076293945
REMX,2026-09-15,68.98999786376953,68.93000030517578
RSP,2026-09-15,214.6999969482422,215.00999450683597
RWR,2026-09-15,109.56999969482422,109.6500015258789
RWX,2026-09-15,26.700000762939453,26.71999931335449
SCHH,2026-09-15,23.07999992370605,23.09000015258789
SCHO,2026-09-15,23.90999984741211,23.920000076293945
SCHP,2026-09-15,25.549999237060547,25.59000015258789
SGOL,2026-09-15,40.79999923706055,40.77000045776367
SHY,2026-09-15,81.3499984741211,81.33999633789062
SHYG,2026-09-15,41.7599983215332,41.7599983215332
SIVR,2026-09-15,60.43000030517578,59.77000045776367
SKYY,2026-09-15,161.74000549316406,162.77000427246094
SLQD,2026-09-15,49.68000030517578,49.68000030517578
SLV,2026-09-15,57.47999954223633,56.84000015258789
SLX,2026-09-15,105.95999908447266,106.11000061035156
SMH,2026-09-15,546.5700073242188,541.5
SOXX,2026-09-15,502.5499877929688,497.3999938964844
SOYB,2026-09-15,27.56999969482422,27.690000534057617
SPIB,2026-09-15,32.59000015258789,32.619998931884766
SPMB,2026-09-15,21.549999237060547,21.530000686645508
SPTL,2026-09-15,24.6299991607666,24.709999084472656
SPY,2026-09-15,760.1199951171875,760.8800048828125
SRLN,2026-09-15,40.59000015258789,40.58000183105469
STIP,2026-09-15,100.2699966430664,100.29000091552734
TIP,2026-09-15,105.7300033569336,105.81999969482422
TLH,2026-09-15,94.79000091552734,95.02999877929688
TLT,2026-09-15,80.62999725341797,80.93000030517578
TUR,2026-09-15,39.060001373291016,39.77000045776367
UGA,2026-09-15,140.38999938964844,138.27000427246094
UNG,2026-09-15,10.5600004196167,10.329999923706055
UNL,2026-09-15,5.860000133514404,5.840000152587891
USHY,2026-09-15,36.31999969482422,36.310001373291016
USIG,2026-09-15,49.45000076293945,49.47999954223633
USO,2026-09-15,158.35000610351562,156.66000366210938
VCIT,2026-09-15,79.51000213623047,79.54000091552734
VCSH,2026-09-15,77.68000030517578,77.69000244140625
VDC,2026-09-15,226.92999267578125,227.7700042724609
VGIT,2026-09-15,57.25,57.27999877929688
VGLT,2026-09-15,51.7599983215332,51.93999862670898
VHT,2026-09-15,314.94000244140625,315.0199890136719
VMBS,2026-09-15,45.27000045776367,45.27000045776367
VNQ,2026-09-15,94.29000091552734,94.33000183105467
VNQI,2026-09-15,43.66999816894531,43.9900016784668
VPU,2026-09-15,181.22999572753903,180.7700042724609
VTIP,2026-09-15,49.470001220703125,49.470001220703125
VWOB,2026-09-15,64.63999938964844,64.72000122070312
WEAT,2026-09-15,25.8799991607666,26.170000076293945
XBI,2026-09-15,157.0800018310547,157.60000610351562
XLB,2026-09-15,50.54999923706055,50.4900016784668
XLC,2026-09-15,114.25,115.06999969482422
XLE,2026-09-15,64.87999725341797,64.52999877929688
XLF,2026-09-15,56.970001220703125,57.029998779296875
XLI,2026-09-15,170.47000122070312,169.92999267578125
XLK,2026-09-15,184.5,184.27999877929688
XLP,2026-09-15,84.0,84.41999816894531
XLRE,2026-09-15,43.11000061035156,43.119998931884766
XLU,2026-09-15,41.91999816894531,41.81999969482422
XLV,2026-09-15,167.7899932861328,167.75
XLY,2026-09-15,112.52999877929688,112.8499984741211
XME,2026-09-15,110.5,110.16999816894533
XPH,2026-09-15,67.69999694824219,67.9000015258789
XRT,2026-09-15,85.44000244140625,85.5199966430664
ANGL,2026-09-16,28.450000762939453,28.40999984741211
BKLN,2026-09-16,20.649999618530273,20.649999618530273
BNO,2026-09-16,62.959999084472656,63.560001373291016
BWX,2026-09-16,21.600000381469727,21.559999465942383
CANE,2026-09-16,11.449999809265137,11.380000114440918
CEMB,2026-09-16,44.68999862670898,44.58000183105469
CIBR,2026-09-16,99.79499816894533,101.0
CORN,2026-09-16,20.0,20.040000915527344
CPER,2026-09-16,38.869998931884766,38.66999816894531
DBA,2026-09-16,28.90999984741211,28.8799991607666
DBB,2026-09-16,25.270000457763672,25.139999389648438
DBC,2026-09-16,33.650001525878906,33.68000030517578
DBE,2026-09-16,38.40999984741211,38.9900016784668
DBO,2026-09-16,25.940000534057617,26.350000381469727
DIA,2026-09-16,521.9000244140625,521.22998046875
EBND,2026-09-16,20.82999992370605,20.809999465942383
EEM,2026-09-16,66.41000366210938,65.76000213623047
EFA,2026-09-16,105.87999725341797,105.4000015258789
EMB,2026-09-16,93.16999816894531,92.98999786376953
EMHY,2026-09-16,39.59999847412109,39.540000915527344
EMLC,2026-09-16,25.239999771118164,25.190000534057617
EPI,2026-09-16,41.540000915527344,41.369998931884766
EWA,2026-09-16,28.76000022888184,28.88999938964844
EWC,2026-09-16,60.45000076293945,60.290000915527344
EWG,2026-09-16,42.61000061035156,42.52999877929688
EWJ,2026-09-16,97.62999725341795,96.91999816894533
EWL,2026-09-16,60.470001220703125,60.25
EWN,2026-09-16,66.72000122070312,66.30000305175781
EWQ,2026-09-16,44.43999862670898,44.290000915527344
EWT,2026-09-16,108.88999938964844,106.66999816894533
EWU,2026-09-16,47.90999984741211,47.79999923706055
EWW,2026-09-16,74.30999755859375,74.02999877929688
EWY,2026-09-16,179.6300048828125,176.49000549316406
EWZ,2026-09-16,37.5,37.77999877929688
EZA,2026-09-16,68.66999816894531,68.91999816894531
EZU,2026-09-16,68.9000015258789,68.33000183105469
FALN,2026-09-16,26.450000762939453,26.38999938964844
FDN,2026-09-16,290.0299987792969,289.8999938964844
FXI,2026-09-16,34.2400016784668,34.400001525878906
GIGB,2026-09-16,44.36000061035156,44.22999954223633
GLD,2026-09-16,398.9100036621094,394.1499938964844
GLTR,2026-09-16,196.82000732421875,194.3300018310547
GOVT,2026-09-16,22.149999618530277,22.1200008392334
HYG,2026-09-16,78.5,78.37999725341797
IAU,2026-09-16,81.79000091552734,80.77999877929688
IEF,2026-09-16,91.0,90.81999969482422
IEI,2026-09-16,114.54000091552734,114.37000274658203
IGIB,2026-09-16,51.29999923706055,51.15999984741211
IGV,2026-09-16,104.37000274658205,105.5500030517578
IHI,2026-09-16,51.720001220703125,51.77999877929688
INDA,2026-09-16,47.720001220703125,47.59000015258789
ITB,2026-09-16,89.62999725341797,89.12000274658203
IWM,2026-09-16,285.6300048828125,285.1400146484375
IYR,2026-09-16,99.4499969482422,99.30999755859376
IYT,2026-09-16,81.3499984741211,81.81999969482422
JMBS,2026-09-16,43.45000076293945,43.380001068115234
JNK,2026-09-16,94.44999694824219,94.30000305175781
KRE,2026-09-16,73.93000030517578,74.05000305175781
LEMB,2026-09-16,42.709999084472656,42.709999084472656
LIT,2026-09-16,70.44999694824219,70.0199966430664
LMBS,2026-09-16,49.15999984741211,49.14400100708008
LQD,2026-09-16,104.61000061035156,104.27999877929688
MBB,2026-09-16,91.41000366210938,91.23999786376953
MDY,2026-09-16,671.1699829101562,669.8499755859375
PALL,2026-09-16,23.610000610351562,23.59000015258789
PCY,2026-09-16,20.65999984741211,20.61000061035156
PFF,2026-09-16,29.860000610351562,29.829999923706055
PPLT,2026-09-16,16.200000762939453,16.06999969482422
QLTA,2026-09-16,45.84999847412109,45.720001220703125
QQQ,2026-09-16,708.0,704.5399780273438
REM,2026-09-16,19.950000762939453,19.88999938964844
REMX,2026-09-16,69.0,68.30000305175781
RSP,2026-09-16,214.19000244140625,213.9600067138672
RWR,2026-09-16,109.55999755859376,109.3499984741211
RWX,2026-09-16,26.729999542236328,26.63999938964844
SCHH,2026-09-16,23.040000915527344,23.030000686645508
SCHO,2026-09-16,23.920000076293945,23.90999984741211
SCHP,2026-09-16,25.59000015258789,25.56999969482422
SGOL,2026-09-16,41.40999984741211,40.900001525878906
SHY,2026-09-16,81.37999725341797,81.30999755859375
SHYG,2026-09-16,41.7599983215332,41.68999862670898
SIVR,2026-09-16,61.36000061035156,60.459999084472656
SKYY,2026-09-16,161.25999450683594,162.3699951171875
SLQD,2026-09-16,49.720001220703125,49.66999816894531
SLV,2026-09-16,58.349998474121094,57.529998779296875
SLX,2026-09-16,107.0,106.58000183105467
SMH,2026-09-16,549.9500122070312,542.1099853515625
SOXX,2026-09-16,506.7099914550781,498.8500061035156
SOYB,2026-09-16,28.1200008392334,27.950000762939453
SPIB,2026-09-16,32.66999816894531,32.61000061035156
SPMB,2026-09-16,21.59000015258789,21.549999237060547
SPTL,2026-09-16,24.71999931335449,24.649999618530277
SPY,2026-09-16,759.5,757.3900146484375
SRLN,2026-09-16,40.630001068115234,40.619998931884766
STIP,2026-09-16,100.31999969482422,100.29000091552734
TIP,2026-09-16,105.9000015258789,105.79000091552734
TLH,2026-09-16,95.12000274658203,94.81999969482422
TLT,2026-09-16,80.94000244140625,80.70999908447266
TUR,2026-09-16,36.540000915527344,38.7400016784668
UGA,2026-09-16,142.3699951171875,144.42999267578125
UNG,2026-09-16,10.5600004196167,10.539999961853027
UNL,2026-09-16,5.840000152587891,5.860000133514404
USHY,2026-09-16,36.310001373291016,36.2400016784668
USIG,2026-09-16,49.59000015258789,49.459999084472656
USO,2026-09-16,159.30999755859375,161.86000061035156
VCIT,2026-09-16,79.7699966430664,79.51000213623047
VCSH,2026-09-16,77.76000213623047,77.6500015258789
VDC,2026-09-16,225.91000366210935,225.88999938964844
VGIT,2026-09-16,57.33000183105469,57.2400016784668
VGLT,2026-09-16,51.959999084472656,51.810001373291016
VHT,2026-09-16,314.8900146484375,314.5599975585937
VMBS,2026-09-16,45.29999923706055,45.27000045776367
VNQ,2026-09-16,94.18000030517578,94.0999984741211
VNQI,2026-09-16,43.7400016784668,43.59000015258789
VPU,2026-09-16,179.9600067138672,178.82000732421875
VTIP,2026-09-16,49.52000045776367,49.47999954223633
VWOB,2026-09-16,64.72000122070312,64.58000183105469
WEAT,2026-09-16,26.360000610351562,26.31999969482422
XBI,2026-09-16,154.3699951171875,154.02999877929688
XLB,2026-09-16,50.93000030517578,50.72999954223633
XLC,2026-09-16,114.22000122070312,114.02999877929688
XLE,2026-09-16,65.22000122070312,65.93000030517578
XLF,2026-09-16,56.81999969482422,56.849998474121094
XLI,2026-09-16,169.61000061035156,168.85000610351562
XLK,2026-09-16,184.92999267578125,183.74000549316406
XLP,2026-09-16,83.68000030517578,83.7300033569336
XLRE,2026-09-16,43.071998596191406,43.06999969482422
XLU,2026-09-16,41.630001068115234,41.31999969482422
XLV,2026-09-16,167.75,167.66000366210938
XLY,2026-09-16,111.0999984741211,110.87999725341797
XME,2026-09-16,110.9000015258789,109.44000244140624
XPH,2026-09-16,66.94000244140625,66.79000091552734
XRT,2026-09-16,83.41999816894531,83.22000122070312
ANGL,2026-09-17,28.56999969482422,28.440000534057617
BKLN,2026-09-17,20.65999984741211,20.6299991607666
BNO,2026-09-17,60.279998779296875,61.709999084472656
BWX,2026-09-17,21.59000015258789,21.46999931335449
CANE,2026-09-17,11.25,11.390000343322754
CEMB,2026-09-17,44.720001220703125,44.59999847412109
CIBR,2026-09-17,100.0,100.3000030517578
CORN,2026-09-17,19.899999618530273,19.969999313354492
CPER,2026-09-17,39.7400016784668,38.59000015258789
DBA,2026-09-17,28.65999984741211,28.81999969482422
DBB,2026-09-17,25.6299991607666,25.190000534057617
DBC,2026-09-17,32.95000076293945,33.15999984741211
DBE,2026-09-17,37.20000076293945,37.84000015258789
DBO,2026-09-17,25.09000015258789,25.46999931335449
DIA,2026-09-17,520.489990234375,515.219970703125
EBND,2026-09-17,20.8700008392334,20.71999931335449
EEM,2026-09-17,66.77999877929688,65.72000122070312
EFA,2026-09-17,106.27999877929688,105.0199966430664
EMB,2026-09-17,93.47000122070312,93.05999755859375
EMHY,2026-09-17,39.709999084472656,39.5099983215332
EMLC,2026-09-17,25.239999771118164,25.07999992370605
EPI,2026-09-17,41.81999969482422,41.34000015258789
EWA,2026-09-17,29.020000457763672,28.489999771118164
EWC,2026-09-17,60.470001220703125,59.86000061035156
EWG,2026-09-17,42.880001068115234,42.43000030517578
EWJ,2026-09-17,98.44000244140624,97.01000213623048
EWL,2026-09-17,60.4900016784668,60.04999923706055
EWN,2026-09-17,67.1500015258789,66.2300033569336
EWQ,2026-09-17,44.61000061035156,44.150001525878906
EWT,2026-09-17,110.02999877929688,108.4000015258789
EWU,2026-09-17,47.84000015258789,47.459999084472656
EWW,2026-09-17,73.86000061035156,72.88999938964844
EWY,2026-09-17,181.6199951171875,175.5399932861328
EWZ,2026-09-17,37.630001068115234,37.47999954223633
EZA,2026-09-17,68.81999969482422,67.55000305175781
EZU,2026-09-17,69.0999984741211,68.16000366210938
FALN,2026-09-17,26.559999465942383,26.440000534057617
FDN,2026-09-17,291.3500061035156,288.6600036621094
FXI,2026-09-17,34.189998626708984,33.91999816894531
GIGB,2026-09-17,44.43999862670898,44.25
GLD,2026-09-17,400.2799987792969,391.739990234375
GLTR,2026-09-17,197.9600067138672,192.83999633789065
GOVT,2026-09-17,22.18000030517578,22.11000061035156
HYG,2026-09-17,78.7300033569336,78.41999816894531
IAU,2026-09-17,82.08000183105469,80.31999969482422
IEF,2026-09-17,91.16999816894531,90.7300033569336
IEI,2026-09-17,114.58999633789062,114.22000122070312
IGIB,2026-09-17,51.41999816894531,51.18999862670898
IGV,2026-09-17,105.08000183105467,104.95999908447266
IHI,2026-09-17,52.11000061035156,51.900001525878906
INDA,2026-09-17,48.02999877929688,47.459999084472656
ITB,2026-09-17,89.62999725341797,88.12000274658203
IWM,2026-09-17,287.95001220703125,283.9200134277344
IYR,2026-09-17,99.37999725341795,98.6500015258789
IYT,2026-09-17,81.13999938964844,80.16000366210938
JMBS,2026-09-17,43.58000183105469,43.34000015258789
JNK,2026-09-17,94.70999908447266,94.38999938964844
KRE,2026-09-17,73.52999877929688,72.73999786376953
LEMB,2026-09-17,42.790000915527344,42.56999969482422
LIT,2026-09-17,70.37000274658203,69.8499984741211
LMBS,2026-09-17,49.16999816894531,49.09999847412109
LQD,2026-09-17,105.01000213623047,104.44999694824219
MBB,2026-09-17,91.68000030517578,91.2300033569336
MDY,2026-09-17,674.5599975585938,665.8800048828125
PALL,2026-09-17,23.489999771118164,23.110000610351562
PCY,2026-09-17,20.790000915527344,20.670000076293945
PFF,2026-09-17,29.979999542236328,29.899999618530273
PPLT,2026-09-17,16.149999618530273,15.829999923706055
QLTA,2026-09-17,45.97999954223633,45.77000045776367
QQQ,2026-09-17,715.9500122070312,704.719970703125
REM,2026-09-17,20.0,19.739999771118164
REMX,2026-09-17,68.73999786376953,67.61000061035156
RSP,2026-09-17,214.1199951171875,212.27999877929688
RWR,2026-09-17,109.19000244140624,108.54000091552734
RWX,2026-09-17,26.850000381469727,26.559999465942383
SCHH,2026-09-17,23.040000915527344,22.8799991607666
SCHO,2026-09-17,23.90999984741211,23.8799991607666
SCHP,2026-09-17,25.5,25.46999931335449
SGOL,2026-09-17,41.540000915527344,40.65999984741211
SHY,2026-09-17,81.33999633789062,81.23999786376953
SHYG,2026-09-17,41.84000015258789,41.72999954223633
SIVR,2026-09-17,62.04999923706055,60.0099983215332
SKYY,2026-09-17,163.1199951171875,161.88999938964844
SLQD,2026-09-17,49.7400016784668,49.65999984741211
SLV,2026-09-17,59.040000915527344,57.04999923706055
SLX,2026-09-17,107.95999908447266,106.19000244140624
SMH,2026-09-17,560.0999755859375,545.5599975585938
SOXX,2026-09-17,517.0900268554688,502.05999755859375
SOYB,2026-09-17,28.0,27.969999313354492
SPIB,2026-09-17,32.70000076293945,32.599998474121094
SPMB,2026-09-17,21.63999938964844,21.520000457763672
SPTL,2026-09-17,24.8799991607666,24.690000534057617
SPY,2026-09-17,763.1500244140625,754.0499877929688
SRLN,2026-09-17,40.650001525878906,40.59999847412109
STIP,2026-09-17,100.06999969482422,100.01000213623048
TIP,2026-09-17,105.55999755859375,105.38999938964844
TLH,2026-09-17,95.61000061035156,94.93000030517578
TLT,2026-09-17,81.54000091552734,80.87999725341797
TUR,2026-09-17,37.560001373291016,36.18000030517578
UGA,2026-09-17,142.0500030517578,145.91000366210938
UNG,2026-09-17,10.300000190734863,10.359999656677246
UNL,2026-09-17,5.739999771118164,5.78000020980835
USHY,2026-09-17,36.40999984741211,36.27999877929688
USIG,2026-09-17,49.72999954223633,49.5099983215332
USO,2026-09-17,154.10000610351562,156.1699981689453
VCIT,2026-09-17,79.93000030517578,79.55000305175781
VCSH,2026-09-17,77.79000091552734,77.62000274658203
VDC,2026-09-17,225.75,225.1100006103516
VGIT,2026-09-17,57.36000061035156,57.16999816894531
VGLT,2026-09-17,52.29999923706055,51.88999938964844
VHT,2026-09-17,316.5299987792969,314.6600036621094
VMBS,2026-09-17,45.40999984741211,45.22999954223633
VNQ,2026-09-17,94.2699966430664,93.4800033569336
VNQI,2026-09-17,43.83000183105469,43.400001525878906
VPU,2026-09-17,179.8699951171875,178.9499969482422
VTIP,2026-09-17,49.369998931884766,49.34999847412109
VWOB,2026-09-17,65.04000091552734,64.68000030517578
WEAT,2026-09-17,26.149999618530273,26.549999237060547
XBI,2026-09-17,157.30999755859375,154.17999267578125
XLB,2026-09-17,50.900001525878906,50.36000061035156
XLC,2026-09-17,113.80999755859375,113.0
XLE,2026-09-17,63.5,64.02999877929688
XLF,2026-09-17,56.27000045776367,55.93000030517578
XLI,2026-09-17,171.50999450683594,168.7100067138672
XLK,2026-09-17,187.3000030517578,183.92999267578125
XLP,2026-09-17,83.51000213623047,83.33000183105469
XLRE,2026-09-17,43.095001220703125,42.810001373291016
XLU,2026-09-17,41.5,41.31999969482422
XLV,2026-09-17,168.44000244140625,167.77000427246094
XLY,2026-09-17,112.04000091552734,110.18000030517578
XME,2026-09-17,111.5199966430664,108.7699966430664
XPH,2026-09-17,67.75,66.79000091552734
XRT,2026-09-17,83.7300033569336,82.7300033569336
ANGL,2026-09-18,28.559999465942383,28.56999969482422
BKLN,2026-09-18,20.690000534057617,20.68000030517578
BNO,2026-09-18,61.11000061035156,60.90999984741211
BWX,2026-09-18,21.43000030517578,21.57999992370605
CANE,2026-09-18,11.09000015258789,11.079999923706056
CEMB,2026-09-18,44.75,44.72999954223633
CIBR,2026-09-18,102.24500274658205,101.66000366210938
CORN,2026-09-18,19.81999969482422,19.829999923706055
CPER,2026-09-18,40.0,39.65999984741211
DBA,2026-09-18,28.389999389648438,28.420000076293945
DBB,2026-09-18,25.709999084472656,25.709999084472656
DBC,2026-09-18,33.209999084472656,33.04999923706055
DBE,2026-09-18,37.63999938964844,37.34999847412109
DBO,2026-09-18,25.59000015258789,25.299999237060547
DIA,2026-09-18,516.52001953125,518.3499755859375
EBND,2026-09-18,20.790000915527344,20.84000015258789
EEM,2026-09-18,66.83999633789062,66.91000366210938
EFA,2026-09-18,104.98999786376953,106.04000091552734
EMB,2026-09-18,93.52999877929688,93.66000366210938
EMHY,2026-09-18,39.709999084472656,39.709999084472656
EMLC,2026-09-18,25.200000762939453,25.239999771118164
EPI,2026-09-18,41.709999084472656,41.650001525878906
EWA,2026-09-18,28.75,29.1299991607666
EWC,2026-09-18,60.36000061035156,60.40999984741211
EWG,2026-09-18,42.2599983215332,42.68999862670898
EWJ,2026-09-18,96.69000244140624,97.91000366210938
EWL,2026-09-18,60.119998931884766,60.34000015258789
EWN,2026-09-18,66.33999633789062,66.7300033569336
EWQ,2026-09-18,43.790000915527344,44.40999984741211
EWT,2026-09-18,111.0,110.63999938964844
EWU,2026-09-18,47.369998931884766,47.95000076293945
EWW,2026-09-18,74.06999969482422,74.29000091552734
EWY,2026-09-18,180.25,182.38999938964844
EWZ,2026-09-18,37.43999862670898,37.7400016784668
EZA,2026-09-18,68.20999908447266,68.69000244140625
EZU,2026-09-18,68.31999969482422,68.75
FALN,2026-09-18,26.530000686645508,26.565000534057617
FDN,2026-09-18,292.3599853515625,291.6000061035156
FXI,2026-09-18,34.20000076293945,34.189998626708984
GIGB,2026-09-18,44.380001068115234,44.4900016784668
GLD,2026-09-18,400.4800109863281,398.3599853515625
GLTR,2026-09-18,199.19000244140625,197.25
GOVT,2026-09-18,22.149999618530277,22.209999084472656
HYG,2026-09-18,78.61000061035156,78.72000122070312
IAU,2026-09-18,82.08999633789062,81.69000244140625
IEF,2026-09-18,90.94000244140625,91.25
IEI,2026-09-18,114.33000183105469,114.61000061035156
IGIB,2026-09-18,51.31999969482422,51.45000076293945
IGV,2026-09-18,106.4000015258789,105.77999877929688
IHI,2026-09-18,51.47999954223633,51.70000076293945
INDA,2026-09-18,48.060001373291016,48.0099983215332
ITB,2026-09-18,88.12999725341797,88.55000305175781
IWM,2026-09-18,284.9200134277344,285.42999267578125
IYR,2026-09-18,98.31999969482422,98.94000244140624
IYT,2026-09-18,80.80000305175781,80.80000305175781
JMBS,2026-09-18,43.45000076293945,43.63999938964844
JNK,2026-09-18,94.58999633789062,94.73999786376953
KRE,2026-09-18,72.61000061035156,72.73999786376953
LEMB,2026-09-18,42.720001220703125,42.83000183105469
LIT,2026-09-18,70.5,70.9000015258789
LMBS,2026-09-18,49.16999816894531,49.20000076293945
LQD,2026-09-18,104.79000091552734,105.16000366210938
MBB,2026-09-18,91.44999694824219,91.80999755859375
MDY,2026-09-18,667.9500122070312,669.4299926757812
PALL,2026-09-18,23.780000686645508,23.239999771118164
PCY,2026-09-18,20.82999992370605,20.84000015258789
PFF,2026-09-18,30.079999923706055,30.1299991607666
PPLT,2026-09-18,16.290000915527344,16.059999465942383
QLTA,2026-09-18,45.900001525878906,46.0099983215332
QQQ,2026-09-18,718.8300170898438,716.9199829101562
REM,2026-09-18,19.82999992370605,19.799999237060547
REMX,2026-09-18,69.44000244140625,69.0999984741211
RSP,2026-09-18,212.83999633789065,213.30999755859372
RWR,2026-09-18,108.37000274658205,108.91999816894533
RWX,2026-09-18,26.38999938964844,26.6299991607666
SCHH,2026-09-18,22.82999992370605,22.96999931335449
SCHO,2026-09-18,23.899999618530277,23.90999984741211
SCHP,2026-09-18,25.489999771118164,25.540000915527344
SGOL,2026-09-18,41.560001373291016,41.36000061035156
SHY,2026-09-18,81.27999877929688,81.36000061035156
SHYG,2026-09-18,41.79999923706055,41.83000183105469
SIVR,2026-09-18,63.18000030517578,62.02000045776367
SKYY,2026-09-18,164.75999450683594,164.38999938964844
SLQD,2026-09-18,49.68999862670898,49.7400016784668
SLV,2026-09-18,60.08000183105469,58.970001220703125
SLX,2026-09-18,107.33000183105467,108.37000274658205
SMH,2026-09-18,562.8800048828125,560.6099853515625
SOXX,2026-09-18,522.7100219726562,519.0999755859375
SOYB,2026-09-18,27.84000015258789,27.969999313354492
SPIB,2026-09-18,32.65999984741211,32.709999084472656
SPMB,2026-09-18,21.59000015258789,21.65999984741211
SPTL,2026-09-18,24.84000015258789,24.940000534057617
SPY,2026-09-18,761.3099975585938,762.5999755859375
SRLN,2026-09-18,40.66999816894531,40.66999816894531
STIP,2026-09-18,100.0199966430664,100.12999725341795
TIP,2026-09-18,105.4800033569336,105.70999908447266
TLH,2026-09-18,95.45999908447266,95.83000183105469
TLT,2026-09-18,81.47000122070312,81.77999877929688
TUR,2026-09-18,37.20000076293945,37.70000076293945
UGA,2026-09-18,144.05999755859375,144.64999389648438
UNG,2026-09-18,10.40999984741211,10.329999923706055
UNL,2026-09-18,5.760000228881836,5.760000228881836
USHY,2026-09-18,36.369998931884766,36.400001525878906
USIG,2026-09-18,49.650001525878906,49.77000045776367
USO,2026-09-18,156.85000610351562,155.30999755859375
VCIT,2026-09-18,79.72000122070312,79.9800033569336
VCSH,2026-09-18,77.72000122070312,77.80000305175781
VDC,2026-09-18,224.13999938964844,225.0200042724609
VGIT,2026-09-18,57.2400016784668,57.400001525878906
VGLT,2026-09-18,52.22999954223633,52.43999862670898
VHT,2026-09-18,316.1300048828125,317.0299987792969
VMBS,2026-09-18,45.31999969482422,45.5
VNQ,2026-09-18,93.13999938964844,93.80999755859376
VNQI,2026-09-18,43.310001373291016,43.77999877929688
VPU,2026-09-18,179.63999938964844,180.42999267578125
VTIP,2026-09-18,49.36000061035156,49.400001525878906
VWOB,2026-09-18,65.0199966430664,65.08000183105469
WEAT,2026-09-18,26.1200008392334,26.239999771118164
XBI,2026-09-18,158.2100067138672,158.25
XLB,2026-09-18,50.43000030517578,50.709999084472656
XLC,2026-09-18,112.37000274658203,112.3499984741211
XLE,2026-09-18,64.19999694824219,64.4800033569336
XLF,2026-09-18,55.65999984741211,55.880001068115234
XLI,2026-09-18,169.0,169.00999450683594
XLK,2026-09-18,189.22999572753906,188.05999755859375
XLP,2026-09-18,83.13999938964844,83.48999786376953
XLRE,2026-09-18,42.59000015258789,42.939998626708984
XLU,2026-09-18,41.380001068115234,41.689998626708984
XLV,2026-09-18,168.27000427246094,168.80999755859375
XLY,2026-09-18,111.45999908447266,111.38999938964844
XME,2026-09-18,111.4000015258789,111.31999969482422
XPH,2026-09-18,67.73999786376953,67.75
XRT,2026-09-18,82.47000122070312,82.81999969482422
ANGL,2026-09-21,28.520000457763672,28.489999771118164
BKLN,2026-09-21,20.559999465942383,20.65999984741211
BNO,2026-09-21,59.13999938964844,60.56999969482422
BWX,2026-09-21,21.56999969482422,21.479999542236328
CANE,2026-09-21,11.100000381469728,11.050000190734863
CEMB,2026-09-21,44.720001220703125,44.68000030517578
CIBR,2026-09-21,100.03500366210938,99.87000274658205
CORN,2026-09-21,19.920000076293945,19.700000762939453
CPER,2026-09-21,40.83000183105469,40.22999954223633
DBA,2026-09-21,28.3799991607666,28.149999618530273
DBB,2026-09-21,26.030000686645508,25.940000534057617
DBC,2026-09-21,32.630001068115234,32.93000030517578
DBE,2026-09-21,36.45000076293945,37.119998931884766
DBO,2026-09-21,24.25,25.040000915527344
DIA,2026-09-21,520.030029296875,515.8800048828125
EBND,2026-09-21,20.88999938964844,20.799999237060547
EEM,2026-09-21,68.29000091552734,67.02999877929688
EFA,2026-09-21,106.08999633789062,104.97000122070312
EMB,2026-09-21,93.54000091552734,93.37999725341797
EMHY,2026-09-21,39.75,39.650001525878906
EMLC,2026-09-21,25.280000686645508,25.190000534057617
EPI,2026-09-21,41.959999084472656,41.65999984741211
EWA,2026-09-21,29.13999938964844,28.75
EWC,2026-09-21,60.52999877929688,60.220001220703125
EWG,2026-09-21,42.630001068115234,42.150001525878906
EWJ,2026-09-21,97.5,97.0
EWL,2026-09-21,60.84999847412109,60.040000915527344
EWN,2026-09-21,67.73999786376953,67.01000213623047
EWQ,2026-09-21,44.15999984741211,43.709999084472656
EWT,2026-09-21,113.98999786376952,111.63999938964844
EWU,2026-09-21,47.83000183105469,47.27000045776367
EWW,2026-09-21,73.91999816894531,73.33999633789062
EWY,2026-09-21,186.7400054931641,181.30999755859372
EWZ,2026-09-21,37.93999862670898,37.52000045776367
EZA,2026-09-21,68.6500015258789,68.48999786376953
EZU,2026-09-21,68.58000183105469,68.16000366210938
FALN,2026-09-21,26.540000915527344,26.48500061035156
FDN,2026-09-21,290.5,288.1400146484375
FXI,2026-09-21,34.83000183105469,34.31999969482422
GIGB,2026-09-21,44.459999084472656,44.34099960327149
GLD,2026-09-21,400.1700134277344,401.1700134277344
GLTR,2026-09-21,199.3600006103516,199.33999633789065
GOVT,2026-09-21,22.18000030517578,22.1299991607666
HYG,2026-09-21,78.66999816894531,78.52999877929688
IAU,2026-09-21,82.02999877929688,82.2300033569336
IEF,2026-09-21,91.12000274658203,90.80000305175781
IEI,2026-09-21,114.47000122070312,114.23999786376953
IGIB,2026-09-21,51.40999984741211,51.2599983215332
IGV,2026-09-21,105.0199966430664,104.3499984741211
IHI,2026-09-21,51.709999084472656,51.77000045776367
INDA,2026-09-21,48.310001373291016,48.02000045776367
ITB,2026-09-21,88.13999938964844,87.41000366210938
IWM,2026-09-21,286.2699890136719,284.1000061035156
IYR,2026-09-21,98.31999969482422,98.0
IYT,2026-09-21,80.44000244140625,80.2699966430664
JMBS,2026-09-21,43.560001373291016,43.38999938964844
JNK,2026-09-21,94.69000244140625,94.55000305175781
KRE,2026-09-21,72.58999633789062,72.75
LEMB,2026-09-21,42.84000015258789,42.72999954223633
LIT,2026-09-21,70.58999633789062,70.5
LMBS,2026-09-21,49.119998931884766,49.125
LQD,2026-09-21,105.04000091552734,104.69999694824219
MBB,2026-09-21,91.61000061035156,91.29000091552734
MDY,2026-09-21,671.0700073242188,666.6799926757812
PALL,2026-09-21,23.950000762939453,23.690000534057617
PCY,2026-09-21,20.739999771118164,20.76000022888184
PFF,2026-09-21,30.149999618530273,30.0
PPLT,2026-09-21,16.520000457763672,16.309999465942383
QLTA,2026-09-21,45.970001220703125,45.86000061035156
QQQ,2026-09-21,727.8900146484375,721.4500122070312
REM,2026-09-21,19.690000534057617,19.57999992370605
REMX,2026-09-21,70.11000061035156,69.05999755859375
RSP,2026-09-21,212.6000061035156,212.2899932861328
RWR,2026-09-21,107.2699966430664,107.91000366210938
RWX,2026-09-21,26.239999771118164,26.399999618530277
SCHH,2026-09-21,22.809999465942383,22.739999771118164
SCHO,2026-09-21,23.899999618530277,23.88999938964844
SCHP,2026-09-21,25.5,25.440000534057617
SGOL,2026-09-21,41.54999923706055,41.63999938964844
SHY,2026-09-21,81.30999755859375,81.23999786376953
SHYG,2026-09-21,41.84000015258789,41.77999877929688
SIVR,2026-09-21,63.22999954223633,63.0099983215332
SKYY,2026-09-21,163.1699981689453,162.02000427246094
SLQD,2026-09-21,49.7599983215332,49.68000030517578
SLV,2026-09-21,60.13999938964844,59.93000030517578
SLX,2026-09-21,106.83000183105467,106.08999633789062
SMH,2026-09-21,581.9000244140625,573.0
SOXX,2026-09-21,545.0800170898438,533.0700073242188
SOYB,2026-09-21,27.829999923706055,27.68000030517578
SPIB,2026-09-21,32.689998626708984,32.630001068115234
SPMB,2026-09-21,21.6200008392334,21.56999969482422
SPTL,2026-09-21,24.93000030517578,24.770000457763672
SPY,2026-09-21,766.25,761.6900024414062
SRLN,2026-09-21,40.65999984741211,40.61000061035156
STIP,2026-09-21,100.01000213623048,99.93000030517578
TIP,2026-09-21,105.55000305175781,105.2699966430664
TLH,2026-09-21,95.69999694824219,95.16000366210938
TLT,2026-09-21,81.72000122070312,81.25
TUR,2026-09-21,37.54999923706055,37.27999877929688
UGA,2026-09-21,143.85000610351562,145.1699981689453
UNG,2026-09-21,10.300000190734863,10.40999984741211
UNL,2026-09-21,5.739999771118164,5.75
USHY,2026-09-21,36.40999984741211,36.34999847412109
USIG,2026-09-21,49.72999954223633,49.59999847412109
USO,2026-09-21,148.8800048828125,153.82000732421875
VCIT,2026-09-21,79.9000015258789,79.69000244140625
VCSH,2026-09-21,77.75,77.66999816894531
VDC,2026-09-21,223.3699951171875,223.5500030517578
VGIT,2026-09-21,57.310001373291016,57.18000030517578
VGLT,2026-09-21,52.380001068115234,52.06999969482422
VHT,2026-09-21,315.6099853515625,315.8500061035156
VMBS,2026-09-21,45.29999923706055,45.25
VNQ,2026-09-21,93.2699966430664,92.91000366210938
VNQI,2026-09-21,43.56999969482422,43.310001373291016
VPU,2026-09-21,178.2899932861328,177.97999572753906
VTIP,2026-09-21,49.34000015258789,49.310001373291016
VWOB,2026-09-21,65.05000305175781,64.91000366210938
WEAT,2026-09-21,26.020000457763672,25.860000610351562
XBI,2026-09-21,158.49000549316406,156.72000122070312
XLB,2026-09-21,50.130001068115234,49.9900016784668
XLC,2026-09-21,111.62000274658203,110.80999755859375
XLE,2026-09-21,63.16999816894531,64.30999755859375
XLF,2026-09-21,56.04999923706055,55.86000061035156
XLI,2026-09-21,170.36000061035156,169.75
XLK,2026-09-21,191.7899932861328,189.60000610351562
XLP,2026-09-21,82.0999984741211,82.80000305175781
XLRE,2026-09-21,42.349998474121094,42.529998779296875
XLU,2026-09-21,40.77000045776367,41.099998474121094
XLV,2026-09-21,167.32000732421875,168.38999938964844
XLY,2026-09-21,111.54000091552734,111.02999877929688
XME,2026-09-21,110.04000091552734,108.68000030517578
XPH,2026-09-21,67.27999877929688,66.94000244140625
XRT,2026-09-21,82.3499984741211,82.02999877929688
ANGL,2026-09-22,28.61000061035156,28.549999237060547
BKLN,2026-09-22,20.579999923706055,20.559999465942383
BNO,2026-09-22,58.06999969482422,58.869998931884766
BWX,2026-09-22,21.549999237060547,21.540000915527344
CANE,2026-09-22,11.1899995803833,11.130000114440918
CEMB,2026-09-22,44.68000030517578,44.68000030517578
CIBR,2026-09-22,103.66000366210938,103.08999633789062
CORN,2026-09-22,20.06999969482422,20.270000457763672
CPER,2026-09-22,41.029998779296875,40.66999816894531
DBA,2026-09-22,28.65999984741211,28.68000030517578
DBB,2026-09-22,26.059999465942383,25.8799991607666
DBC,2026-09-22,32.36000061035156,32.58000183105469
DBE,2026-09-22,35.849998474121094,36.310001373291016
DBO,2026-09-22,23.71999931335449,24.170000076293945
DIA,2026-09-22,522.47998046875,519.780029296875
EBND,2026-09-22,20.940000534057617,20.88999938964844
EEM,2026-09-22,68.52999877929688,68.83000183105469
EFA,2026-09-22,106.41000366210938,106.12999725341797
EMB,2026-09-22,93.8499984741211,93.77999877929688
EMHY,2026-09-22,39.810001373291016,39.77999877929688
EMLC,2026-09-22,25.31999969482422,25.299999237060547
EPI,2026-09-22,41.959999084472656,42.06999969482422
EWA,2026-09-22,29.100000381469727,29.040000915527344
EWC,2026-09-22,60.5,60.43000030517578
EWG,2026-09-22,42.7599983215332,42.59999847412109
EWJ,2026-09-22,98.2699966430664,97.95999908447266
EWL,2026-09-22,61.18000030517578,60.810001373291016
EWN,2026-09-22,68.12999725341797,67.8499984741211
EWQ,2026-09-22,44.2599983215332,44.220001220703125
EWT,2026-09-22,114.41999816894533,115.63999938964844
EWU,2026-09-22,47.68999862670898,47.68999862670898
EWW,2026-09-22,73.58000183105469,73.69999694824219
EWY,2026-09-22,187.30999755859372,189.16000366210935
EWZ,2026-09-22,37.56999969482422,38.06999969482422
EZA,2026-09-22,68.7300033569336,68.2300033569336
EZU,2026-09-22,69.2699966430664,68.98999786376953
FALN,2026-09-22,26.559999465942383,26.55500030517578
FDN,2026-09-22,297.7099914550781,296.8500061035156
FXI,2026-09-22,35.20000076293945,34.90999984741211
GIGB,2026-09-22,44.4900016784668,44.47999954223633
GLD,2026-09-22,397.07000732421875,398.3800048828125
GLTR,2026-09-22,197.47999572753903,198.25
GOVT,2026-09-22,22.190000534057617,22.18000030517578
HYG,2026-09-22,78.70999908447266,78.68000030517578
IAU,2026-09-22,81.41999816894531,81.66999816894531
IEF,2026-09-22,91.18000030517578,91.1500015258789
IEI,2026-09-22,114.5,114.45999908447266
IGIB,2026-09-22,51.43000030517578,51.41999816894531
IGV,2026-09-22,108.29000091552734,107.12999725341795
IHI,2026-09-22,52.310001373291016,51.95000076293945
INDA,2026-09-22,48.34000015258789,48.5
ITB,2026-09-22,89.52999877929688,88.19999694824219
IWM,2026-09-22,287.67999267578125,285.5799865722656
IYR,2026-09-22,98.95999908447266,98.9000015258789
IYT,2026-09-22,80.58999633789062,79.86000061035156
JMBS,2026-09-22,43.59000015258789,43.560001373291016
JNK,2026-09-22,94.73999786376953,94.70999908447266
KRE,2026-09-22,72.44999694824219,71.98999786376953
LEMB,2026-09-22,42.869998931884766,42.84999847412109
LIT,2026-09-22,70.6500015258789,70.83000183105469
LMBS,2026-09-22,49.16999816894531,49.150001525878906
LQD,2026-09-22,105.12000274658203,105.08999633789062
MBB,2026-09-22,91.51000213623047,91.58999633789062
MDY,2026-09-22,671.75,668.3300170898438
PALL,2026-09-22,23.709999084472656,23.729999542236328
PCY,2026-09-22,20.770000457763672,20.780000686645508
PFF,2026-09-22,30.190000534057617,30.209999084472656
PPLT,2026-09-22,16.43000030517578,16.31999969482422
QLTA,2026-09-22,46.0099983215332,46.0099983215332
QQQ,2026-09-22,740.97998046875,741.469970703125
REM,2026-09-22,19.850000381469727,19.76000022888184
REMX,2026-09-22,70.45999908447266,70.2699966430664
RSP,2026-09-22,213.55999755859372,212.67999267578125
RWR,2026-09-22,107.94000244140624,107.7699966430664
RWX,2026-09-22,26.229999542236328,26.11000061035156
SCHH,2026-09-22,22.93000030517578,22.93000030517578
SCHO,2026-09-22,23.90999984741211,23.899999618530277
SCHP,2026-09-22,25.520000457763672,25.540000915527344
SGOL,2026-09-22,41.22999954223633,41.34999847412109
SHY,2026-09-22,81.30000305175781,81.29000091552734
SHYG,2026-09-22,41.84999847412109,41.83000183105469
SIVR,2026-09-22,62.36000061035156,62.7400016784668
SKYY,2026-09-22,169.00999450683594,168.2100067138672
SLQD,2026-09-22,49.72999954223633,49.70000076293945
SLV,2026-09-22,59.310001373291016,59.630001068115234
SLX,2026-09-22,106.1500015258789,106.08000183105467
SMH,2026-09-22,591.6699829101562,596.030029296875
SOXX,2026-09-22,553.760009765625,559.3400268554688
SOYB,2026-09-22,28.059999465942383,28.1200008392334
SPIB,2026-09-22,32.70000076293945,32.689998626708984
SPMB,2026-09-22,21.63999938964844,21.6299991607666
SPTL,2026-09-22,24.96999931335449,24.940000534057617
SPY,2026-09-22,774.030029296875,773.5
SRLN,2026-09-22,40.68999862670898,40.68999862670898
STIP,2026-09-22,99.9800033569336,100.01000213623048
TIP,2026-09-22,105.63999938964844,105.68000030517578
TLH,2026-09-22,95.87000274658203,95.79000091552734
TLT,2026-09-22,81.88999938964844,81.80000305175781
TUR,2026-09-22,37.40999984741211,37.63999938964844
UGA,2026-09-22,143.94000244140625,142.30999755859375
UNG,2026-09-22,10.34000015258789,10.260000228881836
UNL,2026-09-22,5.710000038146973,5.730000019073486
USHY,2026-09-22,36.43000030517578,36.40999984741211
USIG,2026-09-22,49.7599983215332,49.7400016784668
USO,2026-09-22,145.41000366210938,148.16000366210938
VCIT,2026-09-22,79.9800033569336,79.91999816894531
VCSH,2026-09-22,77.83000183105469,77.75
VDC,2026-09-22,224.1000061035156,222.94000244140625
VGIT,2026-09-22,57.34000015258789,57.310001373291016
VGLT,2026-09-22,52.4900016784668,52.41999816894531
VHT,2026-09-22,318.2300109863281,317.989990234375
VMBS,2026-09-22,45.41999816894531,45.38999938964844
VNQ,2026-09-22,93.91000366210938,93.80999755859376
VNQI,2026-09-22,43.68999862670898,43.66999816894531
VPU,2026-09-22,177.2899932861328,177.3800048828125
VTIP,2026-09-22,49.310001373291016,49.34999847412109
VWOB,2026-09-22,65.0999984741211,65.0999984741211
WEAT,2026-09-22,26.049999237060547,26.309999465942383
XBI,2026-09-22,159.11000061035156,158.22999572753906
XLB,2026-09-22,50.06999969482422,49.709999084472656
XLC,2026-09-22,114.94999694824219,114.75
XLE,2026-09-22,61.630001068115234,62.459999084472656
XLF,2026-09-22,56.0,55.900001525878906
XLI,2026-09-22,170.67999267578125,169.97999572753906
XLK,2026-09-22,194.58999633789062,194.85000610351562
XLP,2026-09-22,82.45999908447266,81.91999816894531
XLRE,2026-09-22,42.58000183105469,42.59000015258789
XLU,2026-09-22,40.59000015258789,40.65999984741211
XLV,2026-09-22,168.7899932861328,169.00999450683594
XLY,2026-09-22,112.9800033569336,112.2300033569336
XME,2026-09-22,109.4000015258789,109.0
XPH,2026-09-22,67.98999786376953,67.5199966430664
XRT,2026-09-22,83.61000061035156,82.55999755859375
ANGL,2026-09-23,28.51000022888184,28.559999465942383
BKLN,2026-09-23,20.579999923706055,20.56999969482422
BNO,2026-09-23,59.18000030517578,57.90999984741211
BWX,2026-09-23,21.420000076293945,21.559999465942383
CANE,2026-09-23,11.329999923706056,11.210000038146973
CEMB,2026-09-23,44.70000076293945,44.709999084472656
CIBR,2026-09-23,103.01000213623048,102.5749969482422
CORN,2026-09-23,19.850000381469727,19.979999542236328
CPER,2026-09-23,40.790000915527344,41.43000030517578
DBA,2026-09-23,28.56999969482422,28.549999237060547
DBB,2026-09-23,25.899999618530273,26.170000076293945
DBC,2026-09-23,32.59000015258789,32.439998626708984
DBE,2026-09-23,36.5,35.849998474121094
DBO,2026-09-23,23.959999084472656,23.540000915527344
DIA,2026-09-23,516.02001953125,518.0
EBND,2026-09-23,20.8700008392334,20.950000762939453
EEM,2026-09-23,68.4800033569336,69.0999984741211
EFA,2026-09-23,105.48999786376953,106.5
EMB,2026-09-23,93.58999633789062,93.70999908447266
EMHY,2026-09-23,39.709999084472656,39.77000045776367
EMLC,2026-09-23,25.21999931335449,25.32999992370605
EPI,2026-09-23,42.040000915527344,41.970001220703125
EWA,2026-09-23,28.690000534057617,29.09000015258789
EWC,2026-09-23,60.38999938964844,60.7599983215332
EWG,2026-09-23,42.150001525878906,42.650001525878906
EWJ,2026-09-23,97.8499984741211,98.77999877929688
EWL,2026-09-23,60.86000061035156,61.18000030517578
EWN,2026-09-23,67.79000091552734,68.58000183105469
EWQ,2026-09-23,43.810001373291016,44.25
EWT,2026-09-23,113.8499984741211,115.11000061035156
EWU,2026-09-23,47.2400016784668,47.66999816894531
EWW,2026-09-23,73.41999816894531,74.45999908447266
EWY,2026-09-23,188.8699951171875,192.6199951171875
EWZ,2026-09-23,38.27999877929688,38.2599983215332
EZA,2026-09-23,67.16999816894531,69.1500015258789
EZU,2026-09-23,68.97000122070312,69.16000366210938
FALN,2026-09-23,26.549999237060547,26.56999969482422
FDN,2026-09-23,293.19000244140625,293.44000244140625
FXI,2026-09-23,34.5099983215332,35.0
GIGB,2026-09-23,44.26300048828125,44.49599838256836
GLD,2026-09-23,395.3299865722656,400.07000732421875
GLTR,2026-09-23,196.1300048828125,199.92999267578125
GOVT,2026-09-23,22.149999618530277,22.190000534057617
HYG,2026-09-23,78.55000305175781,78.66999816894531
IAU,2026-09-23,81.04000091552734,82.02999877929688
IEF,2026-09-23,90.95999908447266,91.16000366210938
IEI,2026-09-23,114.30999755859375,114.4800033569336
IGIB,2026-09-23,51.31999969482422,51.43999862670898
IGV,2026-09-23,107.05999755859376,106.75
IHI,2026-09-23,52.130001068115234,52.29999923706055
INDA,2026-09-23,48.34999847412109,48.290000915527344
ITB,2026-09-23,89.94999694824219,91.02999877929688
IWM,2026-09-23,285.989990234375,287.2099914550781
IYR,2026-09-23,97.88999938964844,98.68000030517578
IYT,2026-09-23,79.81999969482422,80.1500015258789
JMBS,2026-09-23,43.43000030517578,43.52999877929688
JNK,2026-09-23,94.52999877929688,94.72000122070312
KRE,2026-09-23,71.0199966430664,71.19000244140625
LEMB,2026-09-23,42.709999084472656,42.880001068115234
LIT,2026-09-23,70.05999755859375,71.33000183105469
LMBS,2026-09-23,49.130001068115234,49.16299819946289
LQD,2026-09-23,104.86000061035156,105.08999633789062
MBB,2026-09-23,91.2699966430664,91.44999694824219
MDY,2026-09-23,668.260009765625,670.489990234375
PALL,2026-09-23,23.0,23.75
PCY,2026-09-23,20.76000022888184,20.799999237060547
PFF,2026-09-23,30.010000228881836,30.1299991607666
PPLT,2026-09-23,16.0,16.6200008392334
QLTA,2026-09-23,45.91999816894531,46.02000045776367
QQQ,2026-09-23,746.969970703125,747.4600219726562
REM,2026-09-23,19.88999938964844,19.90999984741211
REMX,2026-09-23,69.63999938964844,70.97000122070312
RSP,2026-09-23,212.2700042724609,212.8000030517578
RWR,2026-09-23,106.97000122070312,107.51000213623048
RWX,2026-09-23,26.149999618530277,26.26000022888184
SCHH,2026-09-23,22.540000915527344,22.90999984741211
SCHO,2026-09-23,23.88999938964844,23.899999618530277
SCHP,2026-09-23,25.5,25.520000457763672
SGOL,2026-09-23,41.040000915527344,41.54999923706055
SHY,2026-09-23,81.2699966430664,81.31999969482422
SHYG,2026-09-23,41.790000915527344,41.84000015258789
SIVR,2026-09-23,62.0099983215332,63.880001068115234
SKYY,2026-09-23,167.3800048828125,167.38999938964844
SLQD,2026-09-23,49.68999862670898,49.709999084472656
SLV,2026-09-23,59.0,60.72999954223633
SLX,2026-09-23,106.5199966430664,106.7300033569336
SMH,2026-09-23,604.3900146484375,607.4600219726562
SOXX,2026-09-23,570.4000244140625,572.780029296875
SOYB,2026-09-23,28.0,28.079999923706055
SPIB,2026-09-23,32.66999816894531,32.70000076293945
SPMB,2026-09-23,21.559999465942383,21.600000381469727
SPTL,2026-09-23,24.86000061035156,24.940000534057617
SPY,2026-09-23,772.7899780273438,773.3800048828125
SRLN,2026-09-23,40.72999954223633,40.709999084472656
STIP,2026-09-23,99.95999908447266,99.97000122070312
TIP,2026-09-23,105.4800033569336,105.55999755859375
TLH,2026-09-23,95.4800033569336,95.80999755859375
TLT,2026-09-23,81.4800033569336,81.75
TUR,2026-09-23,37.88999938964844,37.34999847412109
UGA,2026-09-23,146.47000122070312,143.32000732421875
UNG,2026-09-23,10.869999885559082,10.859999656677246
UNL,2026-09-23,5.860000133514404,5.849999904632568
USHY,2026-09-23,36.34999847412109,36.40999984741211
USIG,2026-09-23,49.65999984741211,49.7599983215332
USO,2026-09-23,146.75999450683594,144.0800018310547
VCIT,2026-09-23,79.83000183105469,79.94999694824219
VCSH,2026-09-23,77.72000122070312,77.7699966430664
VDC,2026-09-23,224.16000366210935,225.1499938964844
VGIT,2026-09-23,57.220001220703125,57.31999969482422
VGLT,2026-09-23,52.2400016784668,52.40999984741211
VHT,2026-09-23,319.42999267578125,320.20001220703125
VMBS,2026-09-23,45.2599983215332,45.369998931884766
VNQ,2026-09-23,92.08000183105467,93.62000274658205
VNQI,2026-09-23,43.45000076293945,43.7400016784668
VPU,2026-09-23,175.24000549316406,176.86000061035156
VTIP,2026-09-23,49.29999923706055,49.34000015258789
VWOB,2026-09-23,64.97000122070312,65.0999984741211
WEAT,2026-09-23,25.93000030517578,25.989999771118164
XBI,2026-09-23,161.94000244140625,161.8699951171875
XLB,2026-09-23,50.25,50.529998779296875
XLC,2026-09-23,113.52999877929688,113.52999877929688
XLE,2026-09-23,62.18000030517578,61.779998779296875
XLF,2026-09-23,54.5,54.79999923706055
XLI,2026-09-23,169.7100067138672,170.27000427246094
XLK,2026-09-23,196.66000366210938,196.27000427246094
XLP,2026-09-23,82.66000366210938,82.7300033569336
XLRE,2026-09-23,42.099998474121094,42.5
XLU,2026-09-23,40.380001068115234,40.529998779296875
XLV,2026-09-23,169.92999267578125,169.88999938964844
XLY,2026-09-23,111.70999908447266,112.33000183105469
XME,2026-09-23,110.22000122070312,111.94000244140624
XPH,2026-09-23,68.80999755859375,68.77999877929688
XRT,2026-09-23,83.58999633789062,83.66999816894531
ANGL,2026-09-24,28.25,28.309999465942383
BKLN,2026-09-24,20.530000686645508,20.530000686645508
BNO,2026-09-24,61.15999984741211,60.36000061035156
BWX,2026-09-24,21.26000022888184,21.299999237060547
CANE,2026-09-24,11.3100004196167,11.369999885559082
CEMB,2026-09-24,44.45000076293945,44.43999862670898
CIBR,2026-09-24,103.52999877929688,104.01000213623048
CORN,2026-09-24,19.75,19.760000228881836
CPER,2026-09-24,40.560001373291016,40.61000061035156
DBA,2026-09-24,28.559999465942383,28.549999237060547
DBB,2026-09-24,25.790000915527344,25.809999465942383
DBC,2026-09-24,32.970001220703125,32.880001068115234
DBE,2026-09-24,37.290000915527344,37.08000183105469
DBO,2026-09-24,24.600000381469727,24.290000915527344
DIA,2026-09-24,512.8499755859375,514.2999877929688
EBND,2026-09-24,20.670000076293945,20.709999084472656
EEM,2026-09-24,67.56999969482422,67.70999908447266
EFA,2026-09-24,104.41000366210938,104.80000305175781
EMB,2026-09-24,92.70999908447266,92.66000366210938
EMHY,2026-09-24,39.459999084472656,39.41999816894531
EMLC,2026-09-24,25.0,25.040000915527344
EPI,2026-09-24,41.619998931884766,41.77000045776367
EWA,2026-09-24,28.399999618530277,28.36000061035156
EWC,2026-09-24,59.43999862670898,59.650001525878906
EWG,2026-09-24,41.88999938964844,41.869998931884766
EWJ,2026-09-24,95.6999969482422,97.0500030517578
EWL,2026-09-24,60.31999969482422,60.369998931884766
EWN,2026-09-24,67.16000366210938,67.2699966430664
EWQ,2026-09-24,43.630001068115234,43.630001068115234
EWT,2026-09-24,113.25,112.5
EWU,2026-09-24,47.15999984741211,47.09000015258789
EWW,2026-09-24,72.7300033569336,73.41999816894531
EWY,2026-09-24,185.32000732421875,185.6499938964844
EWZ,2026-09-24,37.290000915527344,37.369998931884766
EZA,2026-09-24,66.0,66.44000244140625
EZU,2026-09-24,67.86000061035156,68.08000183105469
FALN,2026-09-24,26.31999969482422,26.36000061035156
FDN,2026-09-24,288.7900085449219,290.32000732421875
FXI,2026-09-24,34.43000030517578,34.36000061035156
GIGB,2026-09-24,44.060001373291016,44.06999969482422
GLD,2026-09-24,391.9599914550781,392.8800048828125
GLTR,2026-09-24,193.13999938964844,194.5
GOVT,2026-09-24,22.030000686645508,22.020000457763672
HYG,2026-09-24,78.0,78.0999984741211
IAU,2026-09-24,80.37000274658203,80.5199966430664
IEF,2026-09-24,90.27999877929688,90.19000244140625
IEI,2026-09-24,113.8499984741211,113.69999694824219
IGIB,2026-09-24,50.93999862670898,50.91999816894531
IGV,2026-09-24,107.4800033569336,108.0999984741211
IHI,2026-09-24,51.7400016784668,51.77999877929688
INDA,2026-09-24,47.619998931884766,48.04999923706055
ITB,2026-09-24,88.62000274658203,88.79000091552734
IWM,2026-09-24,281.3299865722656,281.9200134277344
IYR,2026-09-24,97.55999755859376,97.23999786376952
IYT,2026-09-24,79.45999908447266,79.76000213623047
JMBS,2026-09-24,43.150001525878906,43.060001373291016
JNK,2026-09-24,93.8499984741211,93.97000122070312
KRE,2026-09-24,70.61000061035156,70.37999725341797
LEMB,2026-09-24,42.43000030517578,42.52000045776367
LIT,2026-09-24,69.12999725341797,69.58000183105469
LMBS,2026-09-24,48.790000915527344,48.95000076293945
LQD,2026-09-24,103.8499984741211,103.88999938964844
MBB,2026-09-24,90.69000244140625,90.52999877929688
MDY,2026-09-24,664.010009765625,666.3300170898438
PALL,2026-09-24,23.06999969482422,22.950000762939453
PCY,2026-09-24,20.51000022888184,20.520000457763672
PFF,2026-09-24,29.770000457763672,29.850000381469727
PPLT,2026-09-24,15.8100004196167,15.890000343322754
QLTA,2026-09-24,45.56999969482422,45.59000015258789
QQQ,2026-09-24,735.2899780273438,741.2100219726562
REM,2026-09-24,19.420000076293945,19.31999969482422
REMX,2026-09-24,67.58000183105469,68.76000213623047
RSP,2026-09-24,211.07000732421875,211.30999755859372
RWR,2026-09-24,106.62000274658205,106.31999969482422
RWX,2026-09-24,25.850000381469727,25.850000381469727
SCHH,2026-09-24,22.46999931335449,22.420000076293945
SCHO,2026-09-24,23.86000061035156,23.850000381469727
SCHP,2026-09-24,25.31999969482422,25.32999992370605
SGOL,2026-09-24,40.68999862670898,40.77000045776367
SHY,2026-09-24,81.19000244140625,81.12000274658203
SHYG,2026-09-24,41.560001373291016,41.59999847412109
SIVR,2026-09-24,60.2400016784668,61.150001525878906
SKYY,2026-09-24,166.38999938964844,167.5399932861328
SLQD,2026-09-24,49.59999847412109,49.540000915527344
SLV,2026-09-24,57.290000915527344,58.15999984741211
SLX,2026-09-24,104.54000091552734,104.8000030517578
SMH,2026-09-24,591.6199951171875,601.4099731445312
SOXX,2026-09-24,554.9000244140625,565.719970703125
SOYB,2026-09-24,28.059999465942383,27.989999771118164
SPIB,2026-09-24,32.4900016784668,32.47999954223633
SPMB,2026-09-24,21.40999984741211,21.3799991607666
SPTL,2026-09-24,24.530000686645508,24.549999237060547
SPY,2026-09-24,764.0700073242188,767.8099975585938
SRLN,2026-09-24,40.540000915527344,40.619998931884766
STIP,2026-09-24,99.8000030517578,99.73999786376952
TIP,2026-09-24,104.80999755859375,104.80999755859375
TLH,2026-09-24,94.31999969482422,94.33999633789062
TLT,2026-09-24,80.3499984741211,80.45999908447266
TUR,2026-09-24,36.7400016784668,37.4900016784668
UGA,2026-09-24,151.27999877929688,150.2899932861328
UNG,2026-09-24,10.789999961853027,10.869999885559082
UNL,2026-09-24,5.869999885559082,5.860000133514404
USHY,2026-09-24,36.09999847412109,36.11000061035156
USIG,2026-09-24,49.290000915527344,49.31999969482422
USO,2026-09-24,151.11000061035156,148.8300018310547
VCIT,2026-09-24,79.1500015258789,79.13999938964844
VCSH,2026-09-24,77.4800033569336,77.41999816894531
VDC,2026-09-24,224.22999572753903,223.1300048828125
VGIT,2026-09-24,56.959999084472656,56.88999938964844
VGLT,2026-09-24,51.54999923706055,51.59000015258789
VHT,2026-09-24,316.0899963378906,316.17999267578125
VMBS,2026-09-24,45.04999923706055,44.900001525878906
VNQ,2026-09-24,91.79000091552734,91.4499969482422
VNQI,2026-09-24,43.08000183105469,43.220001220703125
VPU,2026-09-24,172.74000549316406,172.4499969482422
VTIP,2026-09-24,49.2400016784668,49.209999084472656
VWOB,2026-09-24,64.44000244140625,64.4000015258789
WEAT,2026-09-24,25.549999237060547,25.68000030517578
XBI,2026-09-24,154.8300018310547,155.1999969482422
XLB,2026-09-24,50.13999938964844,50.279998779296875
XLC,2026-09-24,112.51499938964844,112.55999755859375
XLE,2026-09-24,63.06999969482422,62.369998931884766
XLF,2026-09-24,54.61000061035156,54.540000915527344
XLI,2026-09-24,168.75,170.10000610351562
XLK,2026-09-24,193.0,195.33999633789062
XLP,2026-09-24,82.91000366210938,82.43000030517578
XLRE,2026-09-24,42.029998779296875,41.84000015258789
XLU,2026-09-24,39.880001068115234,39.75
XLV,2026-09-24,168.85000610351562,168.8000030517578
XLY,2026-09-24,110.16000366210938,110.6500015258789
XME,2026-09-24,108.69000244140624,109.58000183105467
XPH,2026-09-24,66.27999877929688,66.2300033569336
XRT,2026-09-24,82.19999694824219,82.0999984741211
ANGL,2026-09-25,28.18000030517578,28.190000534057617
BKLN,2026-09-25,20.520000457763672,20.510000228881836
BNO,2026-09-25,60.5099983215332,61.84000015258789
BWX,2026-09-25,21.31999969482422,21.239999771118164
CANE,2026-09-25,11.300000190734863,11.270000457763672
CEMB,2026-09-25,44.34000015258789,44.31999969482422
CIBR,2026-09-25,103.33000183105467,103.19000244140624
CORN,2026-09-25,19.309999465942383,19.68000030517578
CPER,2026-09-25,40.5099983215332,40.650001525878906
DBA,2026-09-25,28.270000457763672,28.549999237060547
DBB,2026-09-25,25.719999313354492,25.93000030517578
DBC,2026-09-25,32.72999954223633,33.18000030517578
DBE,2026-09-25,37.13999938964844,37.619998931884766
DBO,2026-09-25,24.40999984741211,24.96999931335449
DIA,2026-09-25,514.0,512.6799926757812
EBND,2026-09-25,20.68000030517578,20.6299991607666
EEM,2026-09-25,67.79000091552734,67.25
EFA,2026-09-25,105.18000030517578,104.5
EMB,2026-09-25,92.19999694824219,92.18000030517578
EMHY,2026-09-25,39.290000915527344,39.290000915527344
EMLC,2026-09-25,24.959999084472656,24.90999984741211
EPI,2026-09-25,41.68000030517578,41.5099983215332
EWA,2026-09-25,28.36000061035156,28.309999465942383
EWC,2026-09-25,59.459999084472656,59.43999862670898
EWG,2026-09-25,42.06999969482422,41.869998931884766
EWJ,2026-09-25,97.4800033569336,95.80999755859376
EWL,2026-09-25,60.54999923706055,60.43999862670898
EWN,2026-09-25,67.6500015258789,67.5
EWQ,2026-09-25,43.79999923706055,43.720001220703125
EWT,2026-09-25,114.58000183105467,113.08000183105467
EWU,2026-09-25,47.15999984741211,47.15999984741211
EWW,2026-09-25,72.55999755859375,72.51000213623047
EWY,2026-09-25,186.1300048828125,182.52999877929688
EWZ,2026-09-25,36.65999984741211,36.90999984741211
EZA,2026-09-25,66.33999633789062,65.9000015258789
EZU,2026-09-25,68.58000183105469,68.19999694824219
FALN,2026-09-25,26.26000022888184,26.25
FDN,2026-09-25,292.54998779296875,292.54998779296875
FXI,2026-09-25,34.0,34.2400016784668
GIGB,2026-09-25,43.79999923706055,43.84600067138672
GLD,2026-09-25,392.2099914550781,391.69000244140625
GLTR,2026-09-25,193.75,193.44000244140625
GOVT,2026-09-25,21.950000762939453,21.950000762939453
HYG,2026-09-25,77.91000366210938,77.88999938964844
IAU,2026-09-25,80.4000015258789,80.30000305175781
IEF,2026-09-25,89.79000091552734,89.69000244140625
IEI,2026-09-25,113.61000061035156,113.44999694824219
IGIB,2026-09-25,50.68000030517578,50.63999938964844
IGV,2026-09-25,107.5,107.1500015258789
IHI,2026-09-25,51.310001373291016,51.34000015258789
INDA,2026-09-25,47.81999969482422,47.560001373291016
ITB,2026-09-25,88.4000015258789,88.30999755859375
IWM,2026-09-25,282.3399963378906,281.6600036621094
IYR,2026-09-25,97.06999969482422,96.80999755859376
IYT,2026-09-25,79.12000274658203,78.91999816894531
JMBS,2026-09-25,42.77000045776367,42.66999816894531
JNK,2026-09-25,93.73999786376953,93.68000030517578
KRE,2026-09-25,71.22000122070312,70.94000244140625
LEMB,2026-09-25,42.38999938964844,42.310001373291016
LIT,2026-09-25,68.80000305175781,68.81999969482422
LMBS,2026-09-25,48.619998931884766,48.59999847412109
LQD,2026-09-25,103.16999816894531,103.1500015258789
MBB,2026-09-25,90.04000091552734,89.86000061035156
MDY,2026-09-25,665.27001953125,663.739990234375
PALL,2026-09-25,22.649999618530273,23.0
PCY,2026-09-25,20.36000061035156,20.350000381469727
PFF,2026-09-25,29.790000915527344,29.770000457763672
PPLT,2026-09-25,15.949999809265137,15.899999618530273
QLTA,2026-09-25,45.33000183105469,45.290000915527344
QQQ,2026-09-25,742.8300170898438,741.0999755859375
REM,2026-09-25,19.0,18.920000076293945
REMX,2026-09-25,66.54000091552734,66.93000030517578
RSP,2026-09-25,210.66000366210935,210.25999450683597
RWR,2026-09-25,106.6999969482422,106.30999755859376
RWX,2026-09-25,25.82999992370605,25.75
SCHH,2026-09-25,22.420000076293945,22.350000381469727
SCHO,2026-09-25,23.850000381469727,23.84000015258789
SCHP,2026-09-25,25.21999931335449,25.200000762939453
SGOL,2026-09-25,40.709999084472656,40.66999816894531
SHY,2026-09-25,81.16000366210938,81.08999633789062
SHYG,2026-09-25,41.540000915527344,41.5099983215332
SIVR,2026-09-25,60.75,60.560001373291016
SKYY,2026-09-25,167.3000030517578,166.91000366210938
SLQD,2026-09-25,49.52999877929688,49.47999954223633
SLV,2026-09-25,57.79999923706055,57.619998931884766
SLX,2026-09-25,104.5199966430664,104.83000183105467
SMH,2026-09-25,605.5700073242188,600.52001953125
SOXX,2026-09-25,569.47998046875,566.0700073242188
SOYB,2026-09-25,27.649999618530273,27.920000076293945
SPIB,2026-09-25,32.38999938964844,32.380001068115234
SPMB,2026-09-25,21.26000022888184,21.209999084472656
SPTL,2026-09-25,24.239999771118164,24.270000457763672
SPY,2026-09-25,768.780029296875,767.1799926757812
SRLN,2026-09-25,40.560001373291016,40.5099983215332
STIP,2026-09-25,99.70999908447266,99.6500015258789
TIP,2026-09-25,104.38999938964844,104.30000305175781
TLH,2026-09-25,93.30000305175781,93.33999633789062
TLT,2026-09-25,79.37000274658203,79.41999816894531
TUR,2026-09-25,36.36000061035156,36.59000015258789
UGA,2026-09-25,143.97999572753906,149.49000549316406
UNG,2026-09-25,11.050000190734863,11.550000190734863
UNL,2026-09-25,5.889999866485596,6.010000228881836
USHY,2026-09-25,36.04999923706055,36.02000045776367
USIG,2026-09-25,49.04999923706055,49.02000045776367
USO,2026-09-25,149.80999755859375,153.08999633789062
VCIT,2026-09-25,78.79000091552734,78.69999694824219
VCSH,2026-09-25,77.4000015258789,77.29000091552734
VDC,2026-09-25,220.5200042724609,221.1199951171875
VGIT,2026-09-25,56.79999923706055,56.709999084472656
VGLT,2026-09-25,50.959999084472656,51.0
VHT,2026-09-25,318.6199951171875,318.4200134277344
VMBS,2026-09-25,44.709999084472656,44.630001068115234
VNQ,2026-09-25,91.5500030517578,91.16999816894533
VNQI,2026-09-25,43.040000915527344,42.97999954223633
VPU,2026-09-25,170.9600067138672,170.82000732421875
VTIP,2026-09-25,49.20000076293945,49.18000030517578
VWOB,2026-09-25,64.05000305175781,64.02999877929688
WEAT,2026-09-25,25.059999465942383,25.56999969482422
XBI,2026-09-25,156.8000030517578,156.0500030517578
XLB,2026-09-25,49.779998779296875,49.68000030517578
XLC,2026-09-25,113.46199798583984,113.98999786376953
XLE,2026-09-25,61.91999816894531,62.599998474121094
XLF,2026-09-25,54.630001068115234,54.529998779296875
XLI,2026-09-25,169.52999877929688,168.8300018310547
XLK,2026-09-25,195.52999877929688,194.7100067138672
XLP,2026-09-25,81.41000366210938,81.69999694824219
XLRE,2026-09-25,41.779998779296875,41.650001525878906
XLU,2026-09-25,39.40999984741211,39.36000061035156
XLV,2026-09-25,169.94000244140625,169.8699951171875
XLY,2026-09-25,110.66999816894531,110.31999969482422
XME,2026-09-25,108.0199966430664,107.95999908447266
XPH,2026-09-25,66.5999984741211,66.4000015258789
XRT,2026-09-25,82.2699966430664,82.0999984741211
ANGL,2026-09-28,28.030000686645508,28.149999618530277
BKLN,2026-09-28,20.510000228881836,20.530000686645508
BNO,2026-09-28,60.810001373291016,59.650001525878906
BWX,2026-09-28,21.209999084472656,21.34000015258789
CANE,2026-09-28,11.289999961853027,11.210000038146973
CEMB,2026-09-28,44.11000061035156,44.310001373291016
CIBR,2026-09-28,99.5,100.9499969482422
CORN,2026-09-28,19.600000381469727,19.729999542236328
CPER,2026-09-28,39.709999084472656,40.61000061035156
DBA,2026-09-28,28.459999084472656,28.540000915527344
DBB,2026-09-28,25.549999237060547,25.93000030517578
DBC,2026-09-28,32.7599983215332,32.619998931884766
DBE,2026-09-28,37.18999862670898,36.52999877929688
DBO,2026-09-28,24.790000915527344,24.229999542236328
DIA,2026-09-28,514.2899780273438,517.489990234375
EBND,2026-09-28,20.57999992370605,20.690000534057617
EEM,2026-09-28,67.16999816894531,67.9800033569336
EFA,2026-09-28,104.98999786376953,105.55999755859375
EMB,2026-09-28,91.5,92.18000030517578
EMHY,2026-09-28,38.970001220703125,39.2599983215332
EMLC,2026-09-28,24.809999465942383,24.959999084472656
EPI,2026-09-28,41.060001373291016,41.79999923706055
EWA,2026-09-28,28.479999542236328,28.43000030517578
EWC,2026-09-28,59.20000076293945,59.59000015258789
EWG,2026-09-28,42.0099983215332,42.2599983215332
EWJ,2026-09-28,97.0199966430664,97.93000030517578
EWL,2026-09-28,60.290000915527344,60.65999984741211
EWN,2026-09-28,67.98999786376953,68.01000213623047
EWQ,2026-09-28,43.560001373291016,43.84999847412109
EWT,2026-09-28,113.91000366210938,114.77999877929688
EWU,2026-09-28,47.29999923706055,47.31999969482422
EWW,2026-09-28,73.01000213623047,73.33999633789062
EWY,2026-09-28,184.6199951171875,187.17999267578125
EWZ,2026-09-28,36.18000030517578,36.81999969482422
EZA,2026-09-28,64.38999938964844,66.4800033569336
EZU,2026-09-28,68.5,68.70999908447266
FALN,2026-09-28,26.1200008392334,26.209999084472656
FDN,2026-09-28,287.260009765625,291.6099853515625
FXI,2026-09-28,34.20000076293945,33.959999084472656
GIGB,2026-09-28,43.619998931884766,43.86000061035156
GLD,2026-09-28,379.760009765625,393.4100036621094
GLTR,2026-09-28,187.05999755859372,194.6300048828125
GOVT,2026-09-28,21.899999618530277,21.979999542236328
HYG,2026-09-28,77.5999984741211,77.86000061035156
IAU,2026-09-28,77.86000061035156,80.66000366210938
IEF,2026-09-28,89.5199966430664,90.0
IEI,2026-09-28,113.44000244140625,113.80999755859375
IGIB,2026-09-28,50.47999954223633,50.720001220703125
IGV,2026-09-28,103.7300033569336,106.01000213623048
IHI,2026-09-28,51.47999954223633,51.59999847412109
INDA,2026-09-28,47.11000061035156,47.86000061035156
ITB,2026-09-28,88.83999633789062,89.43000030517578
IWM,2026-09-28,280.3299865722656,281.9700012207031
IYR,2026-09-28,96.81999969482422,96.62999725341795
IYT,2026-09-28,79.02999877929688,79.3499984741211
JMBS,2026-09-28,42.650001525878906,42.869998931884766
JNK,2026-09-28,93.55000305175781,93.61000061035156
KRE,2026-09-28,71.4800033569336,71.55000305175781
LEMB,2026-09-28,42.209999084472656,42.45000076293945
LIT,2026-09-28,68.0999984741211,69.0199966430664
LMBS,2026-09-28,48.45000076293945,48.65999984741211
LQD,2026-09-28,102.54000091552734,103.20999908447266
MBB,2026-09-28,89.70999908447266,90.33999633789062
MDY,2026-09-28,662.1400146484375,665.8699951171875
PALL,2026-09-28,21.959999084472656,22.979999542236328
PCY,2026-09-28,20.11000061035156,20.31999969482422
PFF,2026-09-28,29.6200008392334,29.81999969482422
PPLT,2026-09-28,15.600000381469727,16.09000015258789
QLTA,2026-09-28,45.13999938964844,45.34999847412109
QQQ,2026-09-28,740.4600219726562,744.5
REM,2026-09-28,18.809999465942383,18.899999618530277
REMX,2026-09-28,64.7300033569336,66.66000366210938
RSP,2026-09-28,210.1100006103516,211.1100006103516
RWR,2026-09-28,106.4000015258789,106.23999786376952
RWX,2026-09-28,25.84000015258789,25.799999237060547
SCHH,2026-09-28,22.38999938964844,22.309999465942383
SCHO,2026-09-28,23.850000381469727,23.8799991607666
SCHP,2026-09-28,25.170000076293945,25.270000457763672
SGOL,2026-09-28,39.43000030517578,40.83000183105469
SHY,2026-09-28,81.12999725341797,81.20999908447266
SHYG,2026-09-28,41.380001068115234,41.4900016784668
SIVR,2026-09-28,58.18000030517578,61.13999938964844
SKYY,2026-09-28,160.33999633789062,164.67999267578125
SLQD,2026-09-28,49.45000076293945,49.54999923706055
SLV,2026-09-28,55.31999969482422,58.13999938964844
SLX,2026-09-28,103.79000091552734,104.8000030517578
SMH,2026-09-28,605.2899780273438,606.5599975585938
SOXX,2026-09-28,568.7100219726562,572.6799926757812
SOYB,2026-09-28,27.5,27.719999313354492
SPIB,2026-09-28,32.31999969482422,32.43000030517578
SPMB,2026-09-28,21.18000030517578,21.31999969482422
SPTL,2026-09-28,24.049999237060547,24.26000022888184
SPY,2026-09-28,768.3499755859375,771.3499755859375
SRLN,2026-09-28,40.540000915527344,40.540000915527344
STIP,2026-09-28,99.72000122070312,99.80999755859376
TIP,2026-09-28,104.18000030517578,104.54000091552734
TLH,2026-09-28,92.69000244140625,93.37999725341797
TLT,2026-09-28,78.6500015258789,79.31999969482422
TUR,2026-09-28,35.52000045776367,36.380001068115234
UGA,2026-09-28,144.02999877929688,143.4499969482422
UNG,2026-09-28,10.789999961853027,11.130000114440918
UNL,2026-09-28,5.809999942779541,5.860000133514404
USHY,2026-09-28,35.88999938964844,36.02999877929688
USIG,2026-09-28,48.84999847412109,49.08000183105469
USO,2026-09-28,151.88999938964844,148.3300018310547
VCIT,2026-09-28,78.45999908447266,78.83999633789062
VCSH,2026-09-28,77.26000213623047,77.4000015258789
VDC,2026-09-28,221.57000732421875,222.1699981689453
VGIT,2026-09-28,56.70000076293945,56.900001525878906
VGLT,2026-09-28,50.560001373291016,50.97999954223633
VHT,2026-09-28,318.04998779296875,319.6099853515625
VMBS,2026-09-28,44.59999847412109,44.81999969482422
VNQ,2026-09-28,91.16999816894533,90.98999786376952
VNQI,2026-09-28,42.93000030517578,43.09999847412109
VPU,2026-09-28,171.38999938964844,171.47999572753906
VTIP,2026-09-28,49.209999084472656,49.2599983215332
VWOB,2026-09-28,63.5,64.04000091552734
WEAT,2026-09-28,25.239999771118164,25.5
XBI,2026-09-28,154.66000366210938,155.02999877929688
XLB,2026-09-28,49.29999923706055,49.79999923706055
XLC,2026-09-28,112.7699966430664,112.95999908447266
XLE,2026-09-28,62.77000045776367,62.040000915527344
XLF,2026-09-28,54.66999816894531,54.84000015258789
XLI,2026-09-28,169.36000061035156,170.42999267578125
XLK,2026-09-28,195.24000549316406,196.27000427246094
XLP,2026-09-28,81.80999755859375,82.05999755859375
XLRE,2026-09-28,41.619998931884766,41.560001373291016
XLU,2026-09-28,39.4900016784668,39.5099983215332
XLV,2026-09-28,169.97000122070312,170.6999969482422
XLY,2026-09-28,109.63999938964844,110.55999755859375
XME,2026-09-28,105.97000122070312,108.33000183105467
XPH,2026-09-28,65.76000213623047,66.08999633789062
XRT,2026-09-28,82.04000091552734,82.47000122070312
ANGL,2026-09-29,28.040000915527344,28.01000022888184
BKLN,2026-09-29,20.459999084472656,20.469999313354492
BNO,2026-09-29,58.93000030517578,60.33000183105469
BWX,2026-09-29,21.229999542236328,21.229999542236328
CANE,2026-09-29,11.359999656677246,11.229999542236328
CEMB,2026-09-29,44.150001525878906,44.13999938964844
CIBR,2026-09-29,101.79000091552734,101.66999816894533
CORN,2026-09-29,19.649999618530273,19.530000686645508
CPER,2026-09-29,39.689998626708984,39.68000030517578
DBA,2026-09-29,28.209999084472656,28.25
DBB,2026-09-29,25.420000076293945,25.5
DBC,2026-09-29,32.060001373291016,32.4900016784668
DBE,2026-09-29,35.970001220703125,36.77000045776367
DBO,2026-09-29,23.739999771118164,24.450000762939453
DIA,2026-09-29,513.7899780273438,514.02001953125
EBND,2026-09-29,20.520000457763672,20.549999237060547
EEM,2026-09-29,67.26000213623047,67.19999694824219
EFA,2026-09-29,104.58000183105469,105.04000091552734
EMB,2026-09-29,91.5199966430664,91.33999633789062
EMHY,2026-09-29,39.040000915527344,38.93999862670898
EMLC,2026-09-29,24.790000915527344,24.770000457763672
EPI,2026-09-29,40.83000183105469,41.040000915527344
EWA,2026-09-29,28.40999984741211,28.5
EWC,2026-09-29,59.09000015258789,59.06999969482422
EWG,2026-09-29,42.040000915527344,42.130001068115234
EWJ,2026-09-29,96.3000030517578,96.83000183105467
EWL,2026-09-29,60.060001373291016,60.41999816894531
EWN,2026-09-29,68.19999694824219,68.0999984741211
EWQ,2026-09-29,43.38999938964844,43.77999877929688
EWT,2026-09-29,113.72000122070312,114.16999816894533
EWU,2026-09-29,46.93000030517578,47.27000045776367
EWW,2026-09-29,72.41999816894531,72.37000274658203
EWY,2026-09-29,186.55999755859372,183.5800018310547
EWZ,2026-09-29,36.04999923706055,36.209999084472656
EZA,2026-09-29,64.66999816894531,64.47000122070312
EZU,2026-09-29,68.4800033569336,68.5199966430664
FALN,2026-09-29,26.1200008392334,26.075000762939453
FDN,2026-09-29,286.8299865722656,285.8299865722656
FXI,2026-09-29,33.88999938964844,34.16999816894531
GIGB,2026-09-29,43.58000183105469,43.59000015258789
GLD,2026-09-29,380.94000244140625,377.9100036621094
GLTR,2026-09-29,186.83999633789065,186.1699981689453
GOVT,2026-09-29,21.88999938964844,21.90999984741211
HYG,2026-09-29,77.61000061035156,77.54000091552734
IAU,2026-09-29,78.08000183105469,77.5
IEF,2026-09-29,89.5,89.52999877929688
IEI,2026-09-29,113.41000366210938,113.44000244140625
IGIB,2026-09-29,50.47999954223633,50.43000030517578
IGV,2026-09-29,104.81999969482422,105.43000030517578
IHI,2026-09-29,51.869998931884766,51.959999084472656
INDA,2026-09-29,46.93000030517578,47.09000015258789
ITB,2026-09-29,89.04000091552734,88.75
IWM,2026-09-29,280.25,280.0199890136719
IYR,2026-09-29,95.87999725341795,96.16000366210938
IYT,2026-09-29,79.27999877929688,79.06999969482422
JMBS,2026-09-29,42.54999923706055,42.61000061035156
JNK,2026-09-29,93.30000305175781,93.16000366210938
KRE,2026-09-29,70.66000366210938,70.55000305175781
LEMB,2026-09-29,42.13999938964844,42.13999938964844
LIT,2026-09-29,68.44000244140625,68.27999877929688
LMBS,2026-09-29,48.54999923706055,48.58000183105469
LQD,2026-09-29,102.5999984741211,102.47000122070312
MBB,2026-09-29,89.77999877929688,89.66000366210938
MDY,2026-09-29,661.52001953125,661.0800170898438
PALL,2026-09-29,21.989999771118164,22.010000228881836
PCY,2026-09-29,20.1299991607666,20.100000381469727
PFF,2026-09-29,29.649999618530273,29.559999465942383
PPLT,2026-09-29,15.270000457763672,15.569999694824219
QLTA,2026-09-29,45.130001068115234,45.09999847412109
QQQ,2026-09-29,740.1500244140625,736.530029296875
REM,2026-09-29,18.709999084472656,18.690000534057617
REMX,2026-09-29,64.97000122070312,64.47000122070312
RSP,2026-09-29,209.6499938964844,209.7400054931641
RWR,2026-09-29,105.66999816894533,106.0199966430664
RWX,2026-09-29,25.65999984741211,25.670000076293945
SCHH,2026-09-29,22.170000076293945,22.25
SCHO,2026-09-29,23.850000381469727,23.850000381469727
SCHP,2026-09-29,25.13999938964844,25.170000076293945
SGOL,2026-09-29,39.54999923706055,39.22999954223633
SHY,2026-09-29,81.12000274658203,81.11000061035156
SHYG,2026-09-29,41.41999816894531,41.34999847412109
SIVR,2026-09-29,57.86000061035156,57.77000045776367
SKYY,2026-09-29,162.49000549316406,162.4600067138672
SLQD,2026-09-29,49.459999084472656,49.43000030517578
SLV,2026-09-29,55.029998779296875,54.95000076293945
SLX,2026-09-29,103.2699966430664,104.08000183105467
SMH,2026-09-29,609.0,600.010009765625
SOXX,2026-09-29,569.7899780273438,560.7899780273438
SOYB,2026-09-29,27.5,27.350000381469727
SPIB,2026-09-29,32.29999923706055,32.29999923706055
SPMB,2026-09-29,21.15999984741211,21.170000076293945
SPTL,2026-09-29,24.040000915527344,24.059999465942383
SPY,2026-09-29,766.8300170898438,765.6099853515625
SRLN,2026-09-29,40.5,40.459999084472656
STIP,2026-09-29,99.61000061035156,99.63999938964844
TIP,2026-09-29,104.0199966430664,104.08999633789062
TLH,2026-09-29,92.66999816894531,92.75
TLT,2026-09-29,78.5199966430664,78.62000274658203
TUR,2026-09-29,34.849998474121094,35.439998626708984
UGA,2026-09-29,140.55999755859375,141.97000122070312
UNG,2026-09-29,10.510000228881836,10.789999961853027
UNL,2026-09-29,5.71999979019165,5.809999942779541
USHY,2026-09-29,35.900001525878906,35.86000061035156
USIG,2026-09-29,48.86000061035156,48.81999969482422
USO,2026-09-29,145.42999267578125,150.00999450683594
VCIT,2026-09-29,78.44000244140625,78.38999938964844
VCSH,2026-09-29,77.26000213623047,77.19000244140625
VDC,2026-09-29,221.22000122070312,222.8000030517578
VGIT,2026-09-29,56.68000030517578,56.70000076293945
VGLT,2026-09-29,50.52000045776367,50.56999969482422
VHT,2026-09-29,319.7099914550781,320.739990234375
VMBS,2026-09-29,44.5099983215332,44.52999877929688
VNQ,2026-09-29,90.30999755859376,90.58999633789062
VNQI,2026-09-29,42.81999969482422,42.93000030517578
VPU,2026-09-29,169.97000122070312,170.2899932861328
VTIP,2026-09-29,49.15999984741211,49.15999984741211
VWOB,2026-09-29,63.59000015258789,63.5099983215332
WEAT,2026-09-29,24.90999984741211,24.969999313354492
XBI,2026-09-29,156.13999938964844,156.61000061035156
XLB,2026-09-29,49.38999938964844,49.470001220703125
XLC,2026-09-29,111.45999908447266,111.18000030517578
XLE,2026-09-29,61.150001525878906,62.099998474121094
XLF,2026-09-29,54.16999816894531,54.189998626708984
XLI,2026-09-29,169.1199951171875,168.77999877929688
XLK,2026-09-29,196.0399932861328,194.52999877929688
XLP,2026-09-29,81.58999633789062,82.27999877929688
XLRE,2026-09-29,41.22999954223633,41.349998474121094
XLU,2026-09-29,39.15999984741211,39.25
XLV,2026-09-29,170.5500030517578,171.25999450683594
XLY,2026-09-29,109.3499984741211,109.0
XME,2026-09-29,105.8000030517578,105.41999816894533
XPH,2026-09-29,66.68000030517578,66.88999938964844
XRT,2026-09-29,82.66999816894531,82.55000305175781
ANGL,2026-09-30,27.959999084472656,27.920000076293945
BKLN,2026-09-30,20.479999542236328,20.459999084472656
BNO,2026-09-30,60.56999969482422,58.75
BWX,2026-09-30,21.26000022888184,21.18000030517578
CANE,2026-09-30,11.300000190734863,11.359999656677246
CEMB,2026-09-30,44.08000183105469,44.09000015258789
CIBR,2026-09-30,102.43000030517578,101.97000122070312
CORN,2026-09-30,19.59000015258789,19.5
CPER,2026-09-30,39.790000915527344,39.93000030517578
DBA,2026-09-30,28.3700008392334,28.25
DBB,2026-09-30,25.3700008392334,25.559999465942383
DBC,2026-09-30,32.560001373291016,32.0
DBE,2026-09-30,36.880001068115234,35.75
DBO,2026-09-30,23.979999542236328,23.3799991607666
DIA,2026-09-30,513.989990234375,512.8800048828125
EBND,2026-09-30,20.649999618530277,20.56999969482422
EEM,2026-09-30,67.12000274658203,67.4000015258789
EFA,2026-09-30,104.9000015258789,104.54000091552734
EMB,2026-09-30,91.33000183105469,91.27999877929688
EMHY,2026-09-30,38.93999862670898,38.95000076293945
EMLC,2026-09-30,24.8700008392334,24.76000022888184
EPI,2026-09-30,40.7599983215332,40.880001068115234
EWA,2026-09-30,28.530000686645508,28.3700008392334
EWC,2026-09-30,59.119998931884766,58.93000030517578
EWG,2026-09-30,41.72999954223633,41.900001525878906
EWJ,2026-09-30,98.2699966430664,96.51000213623048
EWL,2026-09-30,59.880001068115234,59.970001220703125
EWN,2026-09-30,68.44999694824219,68.56999969482422
EWQ,2026-09-30,43.18999862670898,43.27000045776367
EWT,2026-09-30,113.5500030517578,114.11000061035156
EWU,2026-09-30,46.93999862670898,46.84999847412109
EWW,2026-09-30,72.51000213623047,72.05000305175781
EWY,2026-09-30,185.2400054931641,187.1000061035156
EWZ,2026-09-30,36.9900016784668,36.470001220703125
EZA,2026-09-30,64.76000213623047,64.8499984741211
EZU,2026-09-30,68.30000305175781,68.2300033569336
FALN,2026-09-30,26.059999465942383,25.9950008392334
FDN,2026-09-30,287.7900085449219,287.6300048828125
FXI,2026-09-30,34.13999938964844,33.86000061035156
GIGB,2026-09-30,43.61000061035156,43.56999969482422
GLD,2026-09-30,384.3900146484375,382.8900146484375
GLTR,2026-09-30,188.0399932861328,188.1100006103516
GOVT,2026-09-30,21.90999984741211,21.88999938964844
HYG,2026-09-30,77.47000122070312,77.36000061035156
IAU,2026-09-30,78.80000305175781,78.5199966430664
IEF,2026-09-30,89.58000183105469,89.44999694824219
IEI,2026-09-30,113.6500015258789,113.48999786376953
IGIB,2026-09-30,50.5,50.41999816894531
IGV,2026-09-30,105.61000061035156,105.22000122070312
IHI,2026-09-30,51.65999984741211,51.790000915527344
INDA,2026-09-30,46.709999084472656,46.93999862670898
ITB,2026-09-30,88.80999755859375,88.37999725341797
IWM,2026-09-30,280.1700134277344,279.010009765625
IYR,2026-09-30,96.51000213623048,96.12000274658205
IYT,2026-09-30,79.54000091552734,79.45999908447266
JMBS,2026-09-30,42.41999816894531,42.470001220703125
JNK,2026-09-30,93.08000183105469,92.91000366210938
KRE,2026-09-30,69.81999969482422,69.83000183105469
LEMB,2026-09-30,42.290000915527344,42.18999862670898
LIT,2026-09-30,68.77999877929688,68.54000091552734
LMBS,2026-09-30,48.58000183105469,48.52999877929688
LQD,2026-09-30,102.5199966430664,102.41000366210938
MBB,2026-09-30,89.79000091552734,89.5199966430664
MDY,2026-09-30,662.4000244140625,660.22998046875
PALL,2026-09-30,22.059999465942383,22.139999389648438
PCY,2026-09-30,20.059999465942383,20.049999237060547
PFF,2026-09-30,29.510000228881836,29.510000228881836
PPLT,2026-09-30,15.520000457763672,15.470000267028809
QLTA,2026-09-30,45.09999847412109,45.06999969482422
QQQ,2026-09-30,740.1900024414062,737.9299926757812
REM,2026-09-30,18.799999237060547,18.690000534057617
REMX,2026-09-30,64.75,64.79000091552734
RSP,2026-09-30,209.8999938964844,209.5
RWR,2026-09-30,106.2300033569336,105.98999786376952
RWX,2026-09-30,25.700000762939453,25.459999084472656
SCHH,2026-09-30,22.31999969482422,22.25
SCHO,2026-09-30,23.8799991607666,23.86000061035156
SCHP,2026-09-30,25.18000030517578,25.149999618530277
SGOL,2026-09-30,39.900001525878906,39.7599983215332
SHY,2026-09-30,81.25,81.16000366210938
SHYG,2026-09-30,41.369998931884766,41.310001373291016
SIVR,2026-09-30,57.93000030517578,58.34999847412109
SKYY,2026-09-30,163.5500030517578,162.75
SLQD,2026-09-30,49.5,49.459999084472656
SLV,2026-09-30,55.11000061035156,55.47999954223633
SLX,2026-09-30,102.73999786376952,102.51000213623048
SMH,2026-09-30,609.760009765625,606.9000244140625
SOXX,2026-09-30,568.72998046875,567.4400024414062
SOYB,2026-09-30,27.700000762939453,27.59000015258789
SPIB,2026-09-30,32.349998474121094,32.29999923706055
SPMB,2026-09-30,21.200000762939453,21.1299991607666
SPTL,2026-09-30,23.959999084472656,23.959999084472656
SPY,2026-09-30,766.4500122070312,764.2000122070312
SRLN,2026-09-30,40.47999954223633,40.459999084472656
STIP,2026-09-30,99.83000183105467,99.72000122070312
TIP,2026-09-30,104.22000122070312,104.01000213623047
TLH,2026-09-30,92.51000213623047,92.48999786376953
TLT,2026-09-30,78.16000366210938,78.2300033569336
TUR,2026-09-30,33.9900016784668,34.75
UGA,2026-09-30,145.6699981689453,140.02999877929688
UNG,2026-09-30,10.319999694824219,10.350000381469727
UNL,2026-09-30,5.650000095367432,5.639999866485596
USHY,2026-09-30,35.849998474121094,35.779998779296875
USIG,2026-09-30,48.84999847412109,48.77000045776367
USO,2026-09-30,147.1699981689453,143.35000610351562
VCIT,2026-09-30,78.52999877929688,78.37000274658203
VCSH,2026-09-30,77.33999633789062,77.22000122070312
VDC,2026-09-30,222.2700042724609,221.55999755859372
VGIT,2026-09-30,56.790000915527344,56.70000076293945
VGLT,2026-09-30,50.34999847412109,50.369998931884766
VHT,2026-09-30,319.3699951171875,319.7900085449219
VMBS,2026-09-30,44.52999877929688,44.45000076293945
VNQ,2026-09-30,90.93000030517578,90.52999877929688
VNQI,2026-09-30,42.86000061035156,42.65999984741211
VPU,2026-09-30,172.66000366210938,172.13999938964844
VTIP,2026-09-30,49.25,49.18999862670898
VWOB,2026-09-30,63.5,63.459999084472656
WEAT,2026-09-30,25.290000915527344,25.049999237060547
XBI,2026-09-30,157.83999633789062,156.80999755859375
XLB,2026-09-30,49.290000915527344,49.099998474121094
XLC,2026-09-30,111.47000122070312,111.47000122070312
XLE,2026-09-30,61.81999969482422,61.540000915527344
XLF,2026-09-30,53.9900016784668,54.0099983215332
XLI,2026-09-30,169.57000732421875,169.1300048828125
XLK,2026-09-30,195.47000122070312,194.5
XLP,2026-09-30,82.16000366210938,81.8499984741211
XLRE,2026-09-30,41.52000045776367,41.34000015258789
XLU,2026-09-30,39.83000183105469,39.709999084472656
XLV,2026-09-30,170.16000366210938,170.72999572753906
XLY,2026-09-30,109.26000213623047,109.1500015258789
XME,2026-09-30,104.69000244140624,103.9000015258789
XPH,2026-09-30,66.55999755859375,66.08999633789062
XRT,2026-09-30,82.86000061035156,82.47000122070312
