ticker,day,open,prev_close
ANGL,2026-03-02,29.40999984741211,29.6299991607666
BKLN,2026-03-02,20.110000610351562,20.209999084472656
BNO,2026-03-02,37.58000183105469,34.810001373291016
BWX,2026-03-02,22.780000686645508,23.030000686645508
CANE,2026-03-02,9.40999984741211,9.289999961853027
CEMB,2026-03-02,46.060001373291016,46.470001220703125
CIBR,2026-03-02,62.400001525878906,62.90999984741211
CORN,2026-03-02,17.920000076293945,17.889999389648438
CPER,2026-03-02,36.38999938964844,36.880001068115234
DBA,2026-03-02,26.040000915527344,26.020000457763672
DBB,2026-03-02,24.040000915527344,24.18000030517578
DBC,2026-03-02,25.88999938964844,25.100000381469727
DBE,2026-03-02,22.239999771118164,20.520000457763672
DBO,2026-03-02,15.460000038146973,14.4399995803833
DIA,2026-03-02,484.3399963378906,489.6600036621094
EBND,2026-03-02,21.520000457763672,21.8799991607666
EEM,2026-03-02,60.790000915527344,62.58000183105469
EFA,2026-03-02,102.76000213623047,105.37999725341797
EMB,2026-03-02,96.76000213623047,97.7300033569336
EMHY,2026-03-02,40.45000076293945,40.84999847412109
EMLC,2026-03-02,26.1200008392334,26.59000015258789
EPI,2026-03-02,44.119998931884766,45.34000015258789
EWA,2026-03-02,29.649999618530277,30.09000015258789
EWC,2026-03-02,57.54999923706055,57.97999954223633
EWG,2026-03-02,42.91999816894531,44.34000015258789
EWJ,2026-03-02,89.41000366210938,92.37000274658205
EWL,2026-03-02,63.630001068115234,65.08000183105469
EWN,2026-03-02,61.04999923706055,62.79999923706055
EWQ,2026-03-02,46.459999084472656,47.869998931884766
EWT,2026-03-02,74.16000366210938,75.66999816894531
EWU,2026-03-02,47.81999969482422,48.68000030517578
EWW,2026-03-02,79.0199966430664,80.94000244140625
EWY,2026-03-02,144.1199951171875,151.3699951171875
EWZ,2026-03-02,37.93000030517578,38.72999954223633
EZA,2026-03-02,79.33000183105469,81.5999984741211
EZU,2026-03-02,66.66999816894531,68.58000183105469
FALN,2026-03-02,27.36000061035156,27.56999969482422
FDN,2026-03-02,238.3300018310547,243.4600067138672
FXI,2026-03-02,36.459999084472656,37.27999877929688
GIGB,2026-03-02,46.47999954223633,46.84000015258789
GLD,2026-03-02,490.1000061035156,483.75
GLTR,2026-03-02,253.8500061035156,256.5199890136719
GOVT,2026-03-02,23.25,23.3700008392334
HYG,2026-03-02,80.05999755859375,80.72000122070312
IAU,2026-03-02,100.37999725341795,99.06999969482422
IEF,2026-03-02,97.37999725341797,97.98999786376953
IEI,2026-03-02,120.13999938964844,120.72000122070312
IGIB,2026-03-02,54.130001068115234,54.5099983215332
IGV,2026-03-02,80.72000122070312,81.56999969482422
IHI,2026-03-02,59.560001373291016,60.20000076293945
INDA,2026-03-02,50.970001220703125,52.27000045776367
ITB,2026-03-02,105.86000061035156,107.5199966430664
IWM,2026-03-02,257.80999755859375,261.4100036621094
IYR,2026-03-02,100.47000122070312,101.27999877929688
IYT,2026-03-02,80.44000244140625,81.77999877929688
JMBS,2026-03-02,46.150001525878906,46.290000915527344
JNK,2026-03-02,96.4000015258789,97.25
KRE,2026-03-02,65.69999694824219,66.7699966430664
LEMB,2026-03-02,42.43000030517578,42.959999084472656
LIT,2026-03-02,73.5,75.4000015258789
LMBS,2026-03-02,50.400001525878906,50.43999862670898
LQD,2026-03-02,110.83999633789062,111.68000030517578
MBB,2026-03-02,96.25,96.91000366210938
MDY,2026-03-02,647.47998046875,652.8200073242188
PALL,2026-03-02,31.871999740600586,32.47800064086914
PCY,2026-03-02,21.809999465942383,21.979999542236328
PFF,2026-03-02,31.25,31.40999984741211
PPLT,2026-03-02,20.85700035095215,21.472999572753906
QLTA,2026-03-02,48.29999923706055,48.630001068115234
QQQ,2026-03-02,598.8599853515625,607.2899780273438
REM,2026-03-02,22.309999465942383,22.6200008392334
REMX,2026-03-02,99.7699966430664,99.86000061035156
RSP,2026-03-02,203.33999633789065,204.97000122070312
RWR,2026-03-02,107.55999755859376,108.1500015258789
RWX,2026-03-02,29.770000457763672,30.440000534057617
SCHH,2026-03-02,22.93000030517578,23.030000686645508
SCHO,2026-03-02,24.3700008392334,24.450000762939453
SCHP,2026-03-02,26.950000762939453,26.950000762939453
SGOL,2026-03-02,50.83000183105469,50.130001068115234
SHY,2026-03-02,82.87999725341797,83.18000030517578
SHYG,2026-03-02,42.380001068115234,42.7599983215332
SIVR,2026-03-02,85.2699966430664,89.26000213623047
SKYY,2026-03-02,107.23999786376952,109.6500015258789
SLQD,2026-03-02,50.7599983215332,50.970001220703125
SLV,2026-03-02,81.16999816894531,84.98999786376953
SLX,2026-03-02,99.62000274658205,101.08000183105467
SMH,2026-03-02,397.25,406.3699951171875
SOXX,2026-03-02,343.7900085449219,352.2900085449219
SOYB,2026-03-02,23.75,23.81999969482422
SPIB,2026-03-02,34.0,34.11000061035156
SPMB,2026-03-02,22.690000534057617,22.81999969482422
SPTL,2026-03-02,27.21999931335449,27.459999084472656
SPY,2026-03-02,678.7000122070312,685.989990234375
SRLN,2026-03-02,39.45000076293945,39.88999938964844
STIP,2026-03-02,103.38999938964844,103.31999969482422
TIP,2026-03-02,111.83000183105469,111.87999725341797
TLH,2026-03-02,104.16000366210938,105.0
TLT,2026-03-02,89.9800033569336,90.81999969482422
TUR,2026-03-02,39.66999816894531,40.630001068115234
UGA,2026-03-02,76.4800033569336,72.87999725341797
UNG,2026-03-02,11.930000305175781,11.520000457763672
UNL,2026-03-02,7.059999942779541,6.889999866485596
USHY,2026-03-02,37.09000015258789,37.38999938964844
USIG,2026-03-02,52.13999938964844,52.369998931884766
USO,2026-03-02,87.62000274658203,81.94999694824219
VCIT,2026-03-02,84.16000366210938,84.72000122070312
VCSH,2026-03-02,79.9000015258789,80.19999694824219
VDC,2026-03-02,243.00999450683597,244.19000244140625
VGIT,2026-03-02,60.40999984741211,60.72999954223633
VGLT,2026-03-02,57.369998931884766,57.84000015258789
VHT,2026-03-02,293.3900146484375,295.510009765625
VMBS,2026-03-02,47.619998931884766,47.86000061035156
VNQ,2026-03-02,95.1999969482422,95.69000244140624
VNQI,2026-03-02,49.68999862670898,50.709999084472656
VPU,2026-03-02,204.42999267578125,205.8699951171875
VTIP,2026-03-02,49.93000030517578,49.900001525878906
VWOB,2026-03-02,67.62999725341797,68.3499984741211
WEAT,2026-03-02,22.420000076293945,22.56999969482422
XBI,2026-03-02,124.62999725341795,127.37000274658205
XLB,2026-03-02,53.06999969482422,53.40999984741211
XLC,2026-03-02,116.44999694824219,118.05000305175781
XLE,2026-03-02,57.77000045776367,55.91999816894531
XLF,2026-03-02,50.61000061035156,51.43000030517578
XLI,2026-03-02,176.5,177.13999938964844
XLK,2026-03-02,137.02999877929688,138.75999450683594
XLP,2026-03-02,89.44000244140625,90.01000213623047
XLRE,2026-03-02,43.560001373291016,43.84000015258789
XLU,2026-03-02,47.40999984741211,47.72999954223633
XLV,2026-03-02,159.19000244140625,160.1999969482422
XLY,2026-03-02,114.02999877929688,116.86000061035156
XME,2026-03-02,118.33999633789062,119.3499984741211
XPH,2026-03-02,56.88999938964844,57.34000015258789
XRT,2026-03-02,85.56999969482422,86.9800033569336
ANGL,2026-03-03,29.290000915527344,29.5
BKLN,2026-03-03,20.139999389648438,20.209999084472656
BNO,2026-03-03,39.9900016784668,37.34000015258789
BWX,2026-03-03,22.40999984741211,22.71999931335449
CANE,2026-03-03,9.3100004196167,9.279999732971191
CEMB,2026-03-03,45.84999847412109,46.09999847412109
CIBR,2026-03-03,61.98500061035156,63.400001525878906
CORN,2026-03-03,17.989999771118164,17.829999923706055
CPER,2026-03-03,35.52000045776367,36.38999938964844
DBA,2026-03-03,26.049999237060547,25.989999771118164
DBB,2026-03-03,23.860000610351562,24.059999465942383
DBC,2026-03-03,26.3700008392334,25.809999465942383
DBE,2026-03-03,23.84000015258789,22.15999984741211
DBO,2026-03-03,16.639999389648438,15.420000076293944
DIA,2026-03-03,480.1600036621094,489.1799926757813
EBND,2026-03-03,21.18000030517578,21.56999969482422
EEM,2026-03-03,57.970001220703125,61.5
EFA,2026-03-03,98.6500015258789,103.30000305175781
EMB,2026-03-03,95.95999908447266,96.98999786376953
EMHY,2026-03-03,40.20000076293945,40.56999969482422
EMLC,2026-03-03,25.700000762939453,26.170000076293945
EPI,2026-03-03,43.06999969482422,44.220001220703125
EWA,2026-03-03,28.84000015258789,29.93000030517578
EWC,2026-03-03,57.0099983215332,58.15999984741211
EWG,2026-03-03,40.83000183105469,42.90999984741211
EWJ,2026-03-03,84.77999877929688,90.1999969482422
EWL,2026-03-03,61.40999984741211,63.59000015258789
EWN,2026-03-03,58.880001068115234,61.33000183105469
EWQ,2026-03-03,44.59000015258789,46.56999969482422
EWT,2026-03-03,71.02999877929688,75.06999969482422
EWU,2026-03-03,46.29999923706055,48.119998931884766
EWW,2026-03-03,76.04000091552734,79.45999908447266
EWY,2026-03-03,130.0399932861328,147.5399932861328
EWZ,2026-03-03,36.560001373291016,38.63999938964844
EZA,2026-03-03,72.87999725341797,79.9000015258789
EZU,2026-03-03,63.5,66.80999755859375
FALN,2026-03-03,27.229999542236328,27.3700008392334
FDN,2026-03-03,237.55999755859372,242.47999572753903
FXI,2026-03-03,35.77000045776367,36.900001525878906
GIGB,2026-03-03,46.2400016784668,46.5099983215332
GLD,2026-03-03,472.8299865722656,490.0
GLTR,2026-03-03,239.72000122070312,254.44000244140625
GOVT,2026-03-03,23.13999938964844,23.200000762939453
HYG,2026-03-03,79.94000244140625,80.27999877929688
IAU,2026-03-03,96.75,100.37999725341795
IEF,2026-03-03,96.66999816894531,97.12000274658203
IEI,2026-03-03,119.5199966430664,119.87999725341797
IGIB,2026-03-03,53.81999969482422,54.11000061035156
IGV,2026-03-03,81.08999633789062,82.7699966430664
IHI,2026-03-03,58.88999938964844,59.630001068115234
INDA,2026-03-03,49.66999816894531,50.95000076293945
ITB,2026-03-03,102.7699966430664,104.95999908447266
IWM,2026-03-03,256.79998779296875,263.80999755859375
IYR,2026-03-03,100.02999877929688,101.54000091552734
IYT,2026-03-03,80.16000366210938,81.94999694824219
JMBS,2026-03-03,45.900001525878906,46.11000061035156
JNK,2026-03-03,96.19999694824219,96.68000030517578
KRE,2026-03-03,66.08000183105469,67.76000213623047
LEMB,2026-03-03,41.810001373291016,42.52000045776367
LIT,2026-03-03,69.37000274658203,75.22000122070312
LMBS,2026-03-03,50.29999923706055,50.34000015258789
LQD,2026-03-03,110.16999816894531,110.91999816894531
MBB,2026-03-03,95.77999877929688,96.05000305175781
MDY,2026-03-03,642.9400024414062,658.3599853515625
PALL,2026-03-03,30.18600082397461,32.19200134277344
PCY,2026-03-03,21.540000915527344,21.84000015258789
PFF,2026-03-03,31.309999465942383,31.459999084472656
PPLT,2026-03-03,19.066999435424805,20.97800064086914
QLTA,2026-03-03,48.02999877929688,48.310001373291016
QQQ,2026-03-03,596.3300170898438,608.0900268554688
REM,2026-03-03,22.440000534057617,22.76000022888184
REMX,2026-03-03,93.87000274658205,103.1999969482422
RSP,2026-03-03,201.0500030517578,204.58999633789065
RWR,2026-03-03,107.23999786376952,108.58999633789062
RWX,2026-03-03,28.940000534057617,29.75
SCHH,2026-03-03,22.76000022888184,23.1299991607666
SCHO,2026-03-03,24.31999969482422,24.350000381469727
SCHP,2026-03-03,26.84000015258789,26.899999618530277
SGOL,2026-03-03,48.9900016784668,50.810001373291016
SHY,2026-03-03,82.72000122070312,82.80999755859375
SHYG,2026-03-03,42.34999847412109,42.5099983215332
SIVR,2026-03-03,77.8499984741211,85.68000030517578
SKYY,2026-03-03,106.73999786376952,110.41999816894533
SLQD,2026-03-03,50.61000061035156,50.72999954223633
SLV,2026-03-03,74.20999908447266,81.56999969482422
SLX,2026-03-03,95.19000244140624,100.54000091552734
SMH,2026-03-03,391.3599853515625,406.3900146484375
SOXX,2026-03-03,338.0899963378906,352.04998779296875
SOYB,2026-03-03,23.959999084472656,23.690000534057617
SPIB,2026-03-03,33.7599983215332,33.900001525878906
SPMB,2026-03-03,22.57999992370605,22.670000076293945
SPTL,2026-03-03,26.940000534057617,27.1200008392334
SPY,2026-03-03,675.0599975585938,686.3800048828125
SRLN,2026-03-03,39.45000076293945,39.59999847412109
STIP,2026-03-03,103.2300033569336,103.26000213623048
TIP,2026-03-03,111.30999755859375,111.56999969482422
TLH,2026-03-03,103.06999969482422,103.77999877929688
TLT,2026-03-03,88.9800033569336,89.61000061035156
TUR,2026-03-03,38.66999816894531,39.59000015258789
UGA,2026-03-03,79.55999755859375,75.7300033569336
UNG,2026-03-03,12.779999732971191,12.0
UNL,2026-03-03,7.480000019073486,7.110000133514404
USHY,2026-03-03,37.02999877929688,37.209999084472656
USIG,2026-03-03,51.7400016784668,52.02000045776367
USO,2026-03-03,94.0999984741211,87.19000244140625
VCIT,2026-03-03,83.69000244140625,84.13999938964844
VCSH,2026-03-03,79.56999969482422,79.79000091552734
VDC,2026-03-03,239.5200042724609,240.91000366210935
VGIT,2026-03-03,60.060001373291016,60.27000045776367
VGLT,2026-03-03,56.75,57.13999938964844
VHT,2026-03-03,289.04998779296875,292.69000244140625
VMBS,2026-03-03,47.27000045776367,47.43999862670898
VNQ,2026-03-03,94.38999938964844,95.93000030517578
VNQI,2026-03-03,48.13999938964844,49.709999084472656
VPU,2026-03-03,201.44000244140625,204.47000122070312
VTIP,2026-03-03,49.86000061035156,49.880001068115234
VWOB,2026-03-03,67.06999969482422,67.72000122070312
WEAT,2026-03-03,22.229999542236328,21.989999771118164
XBI,2026-03-03,123.55999755859376,126.5500030517578
XLB,2026-03-03,51.66999816894531,53.25
XLC,2026-03-03,116.2300033569336,117.87000274658203
XLE,2026-03-03,57.38999938964844,57.040000915527344
XLF,2026-03-03,50.290000915527344,51.29999923706055
XLI,2026-03-03,176.02000427246094,178.89999389648438
XLK,2026-03-03,136.36000061035156,139.5399932861328
XLP,2026-03-03,88.3499984741211,88.70999908447266
XLRE,2026-03-03,43.310001373291016,43.91999816894531
XLU,2026-03-03,46.70000076293945,47.369998931884766
XLV,2026-03-03,156.66000366210938,158.52999877929688
XLY,2026-03-03,113.0999984741211,115.41999816894531
XME,2026-03-03,116.94000244140624,122.05999755859376
XPH,2026-03-03,56.2400016784668,57.560001373291016
XRT,2026-03-03,84.22000122070312,86.16000366210938
ANGL,2026-03-04,29.309999465942383,29.31999969482422
BKLN,2026-03-04,20.290000915527344,20.25
BNO,2026-03-04,38.63999938964844,38.61000061035156
BWX,2026-03-04,22.559999465942383,22.489999771118164
CANE,2026-03-04,9.279999732971191,9.289999961853027
CEMB,2026-03-04,45.970001220703125,45.97999954223633
CIBR,2026-03-04,64.0,63.90999984741211
CORN,2026-03-04,17.760000228881836,17.889999389648438
CPER,2026-03-04,35.970001220703125,35.599998474121094
DBA,2026-03-04,25.989999771118164,26.020000457763672
DBB,2026-03-04,24.190000534057617,23.8700008392334
DBC,2026-03-04,26.040000915527344,25.90999984741211
DBE,2026-03-04,22.90999984741211,22.920000076293945
DBO,2026-03-04,15.9399995803833,15.93000030517578
DIA,2026-03-04,486.55999755859375,485.5199890136719
EBND,2026-03-04,21.32999992370605,21.21999931335449
EEM,2026-03-04,58.54999923706055,58.41999816894531
EFA,2026-03-04,100.79000091552734,100.08999633789062
EMB,2026-03-04,96.5199966430664,96.55000305175781
EMHY,2026-03-04,40.41999816894531,40.380001068115234
EMLC,2026-03-04,25.81999969482422,25.709999084472656
EPI,2026-03-04,43.4900016784668,43.43000030517578
EWA,2026-03-04,29.18000030517578,29.09000015258789
EWC,2026-03-04,57.220001220703125,57.06999969482422
EWG,2026-03-04,41.880001068115234,41.56999969482422
EWJ,2026-03-04,87.55000305175781,86.83000183105469
EWL,2026-03-04,62.54999923706055,62.209999084472656
EWN,2026-03-04,60.290000915527344,59.66999816894531
EWQ,2026-03-04,45.2599983215332,45.06999969482422
EWT,2026-03-04,71.11000061035156,71.29000091552734
EWU,2026-03-04,47.02999877929688,46.7599983215332
EWW,2026-03-04,76.31999969482422,75.37000274658203
EWY,2026-03-04,129.3000030517578,132.33999633789062
EWZ,2026-03-04,37.459999084472656,36.81999969482422
EZA,2026-03-04,74.25,73.55999755859375
EZU,2026-03-04,65.20999908447266,64.52999877929688
FALN,2026-03-04,27.299999237060547,27.229999542236328
FDN,2026-03-04,242.77999877929688,242.2100067138672
FXI,2026-03-04,36.130001068115234,36.060001373291016
GIGB,2026-03-04,46.4900016784668,46.4900016784668
GLD,2026-03-04,474.82000732421875,468.1400146484375
GLTR,2026-03-04,242.8300018310547,238.8699951171875
GOVT,2026-03-04,23.18000030517578,23.190000534057617
HYG,2026-03-04,80.2300033569336,80.12000274658203
IAU,2026-03-04,97.22000122070312,95.91999816894533
IEF,2026-03-04,96.97000122070312,97.01000213623047
IEI,2026-03-04,119.79000091552734,119.81999969482422
IGIB,2026-03-04,54.09000015258789,54.06999969482422
IGV,2026-03-04,84.16999816894531,84.12000274658203
IHI,2026-03-04,58.91999816894531,59.0
INDA,2026-03-04,50.22999954223633,50.220001220703125
ITB,2026-03-04,104.0,103.69000244140624
IWM,2026-03-04,261.20001220703125,259.239990234375
IYR,2026-03-04,100.72000122070312,100.95999908447266
IYT,2026-03-04,82.12000274658203,81.61000061035156
JMBS,2026-03-04,46.02999877929688,46.0099983215332
JNK,2026-03-04,96.56999969482422,96.45999908447266
KRE,2026-03-04,67.6500015258789,67.30000305175781
LEMB,2026-03-04,42.0,41.77000045776367
LIT,2026-03-04,70.72000122070312,70.3499984741211
LMBS,2026-03-04,50.29999923706055,50.290000915527344
LQD,2026-03-04,110.93000030517578,110.87000274658203
MBB,2026-03-04,96.0199966430664,95.9800033569336
MDY,2026-03-04,649.8300170898438,647.010009765625
PALL,2026-03-04,30.65999984741211,29.988000869750977
PCY,2026-03-04,21.700000762939453,21.71999931335449
PFF,2026-03-04,31.309999465942383,31.280000686645508
PPLT,2026-03-04,19.524999618530273,19.089000701904297
QLTA,2026-03-04,48.29999923706055,48.27999877929688
QQQ,2026-03-04,604.1599731445312,601.5800170898438
REM,2026-03-04,22.649999618530277,22.549999237060547
REMX,2026-03-04,97.12000274658205,94.93000030517578
RSP,2026-03-04,202.6999969482422,202.0800018310547
RWR,2026-03-04,107.86000061035156,107.86000061035156
RWX,2026-03-04,29.149999618530277,29.13999938964844
SCHH,2026-03-04,22.920000076293945,22.989999771118164
SCHO,2026-03-04,24.32999992370605,24.34000015258789
SCHP,2026-03-04,26.8700008392334,26.8700008392334
SGOL,2026-03-04,49.209999084472656,48.560001373291016
SHY,2026-03-04,82.79000091552734,82.80000305175781
SHYG,2026-03-04,42.470001220703125,42.40999984741211
SIVR,2026-03-04,80.12000274658203,78.44000244140625
SKYY,2026-03-04,110.1999969482422,109.87000274658205
SLQD,2026-03-04,50.72999954223633,50.720001220703125
SLV,2026-03-04,76.33999633789062,74.68000030517578
SLX,2026-03-04,95.8499984741211,95.63999938964844
SMH,2026-03-04,396.25,391.05999755859375
SOXX,2026-03-04,339.9599914550781,334.7799987792969
SOYB,2026-03-04,23.799999237060547,23.940000534057617
SPIB,2026-03-04,33.900001525878906,33.88999938964844
SPMB,2026-03-04,22.63999938964844,22.63999938964844
SPTL,2026-03-04,27.030000686645508,27.07999992370605
SPY,2026-03-04,681.6300048828125,680.3300170898438
SRLN,2026-03-04,39.70000076293945,39.63999938964844
STIP,2026-03-04,103.23999786376952,103.26000213623048
TIP,2026-03-04,111.47000122070312,111.5
TLH,2026-03-04,103.4800033569336,103.58999633789062
TLT,2026-03-04,89.2699966430664,89.43000030517578
TUR,2026-03-04,38.650001525878906,38.77999877929688
UGA,2026-03-04,78.93000030517578,77.55999755859375
UNG,2026-03-04,11.850000381469727,12.279999732971191
UNL,2026-03-04,7.059999942779541,7.210000038146973
USHY,2026-03-04,37.18999862670898,37.119998931884766
USIG,2026-03-04,51.97999954223633,51.97999954223633
USO,2026-03-04,90.22000122070312,90.19999694824219
VCIT,2026-03-04,84.19000244140625,84.0999984741211
VCSH,2026-03-04,79.81999969482422,79.75
VDC,2026-03-04,238.5200042724609,238.6300048828125
VGIT,2026-03-04,60.209999084472656,60.220001220703125
VGLT,2026-03-04,56.95000076293945,57.02999877929688
VHT,2026-03-04,289.5299987792969,289.44000244140625
VMBS,2026-03-04,47.45000076293945,47.38999938964844
VNQ,2026-03-04,95.16999816894533,95.41999816894533
VNQI,2026-03-04,48.40999984741211,48.34000015258789
VPU,2026-03-04,203.27999877929688,203.22000122070312
VTIP,2026-03-04,49.86000061035156,49.880001068115234
VWOB,2026-03-04,67.44999694824219,67.44999694824219
WEAT,2026-03-04,21.709999084472656,21.850000381469727
XBI,2026-03-04,124.4499969482422,123.5
XLB,2026-03-04,52.31999969482422,51.939998626708984
XLC,2026-03-04,117.7699966430664,117.95999908447266
XLE,2026-03-04,56.060001373291016,56.52000045776367
XLF,2026-03-04,51.33000183105469,51.209999084472656
XLI,2026-03-04,176.3300018310547,175.44000244140625
XLK,2026-03-04,138.52999877929688,137.5
XLP,2026-03-04,87.80999755859375,87.73999786376953
XLRE,2026-03-04,43.54999923706055,43.70000076293945
XLU,2026-03-04,47.09000015258789,47.06999969482422
XLV,2026-03-04,156.74000549316406,156.74000549316406
XLY,2026-03-04,115.08999633789062,114.36000061035156
XME,2026-03-04,119.16000366210938,117.27999877929688
XPH,2026-03-04,55.93999862670898,55.709999084472656
XRT,2026-03-04,86.31999969482422,85.6500015258789
ANGL,2026-03-05,29.3700008392334,29.40999984741211
BKLN,2026-03-05,20.450000762939453,20.440000534057617
BNO,2026-03-05,39.93000030517578,38.900001525878906
BWX,2026-03-05,22.420000076293945,22.56999969482422
CANE,2026-03-05,9.229999542236328,9.199999809265137
CEMB,2026-03-05,45.90999984741211,46.0
CIBR,2026-03-05,64.68000030517578,64.66000366210938
CORN,2026-03-05,17.899999618530273,17.790000915527344
CPER,2026-03-05,35.349998474121094,35.970001220703125
DBA,2026-03-05,26.190000534057617,26.1200008392334
DBB,2026-03-05,23.84000015258789,24.25
DBC,2026-03-05,26.350000381469727,26.13999938964844
DBE,2026-03-05,23.790000915527344,23.190000534057617
DBO,2026-03-05,16.6200008392334,16.290000915527344
DIA,2026-03-05,483.8200073242188,487.739990234375
EBND,2026-03-05,21.21999931335449,21.34000015258789
EEM,2026-03-05,58.02000045776367,59.04999923706055
EFA,2026-03-05,99.77999877929688,101.37999725341797
EMB,2026-03-05,96.33999633789062,96.87000274658203
EMHY,2026-03-05,40.400001525878906,40.54999923706055
EMLC,2026-03-05,25.739999771118164,25.8700008392334
EPI,2026-03-05,43.650001525878906,43.56999969482422
EWA,2026-03-05,28.82999992370605,29.350000381469727
EWC,2026-03-05,57.0,57.470001220703125
EWG,2026-03-05,41.400001525878906,42.09999847412109
EWJ,2026-03-05,86.44999694824219,88.58999633789062
EWL,2026-03-05,61.4900016784668,62.560001373291016
EWN,2026-03-05,60.040000915527344,60.7400016784668
EWQ,2026-03-05,44.61000061035156,45.22999954223633
EWT,2026-03-05,70.58000183105469,71.62000274658203
EWU,2026-03-05,46.66999816894531,47.2400016784668
EWW,2026-03-05,77.3499984741211,77.91000366210938
EWY,2026-03-05,129.57000732421875,134.3699951171875
EWZ,2026-03-05,36.810001373291016,37.4900016784668
EZA,2026-03-05,71.69999694824219,74.33999633789062
EZU,2026-03-05,64.4000015258789,65.33000183105469
FALN,2026-03-05,27.290000915527344,27.32999992370605
FDN,2026-03-05,246.83999633789065,246.8600006103516
FXI,2026-03-05,35.529998779296875,36.209999084472656
GIGB,2026-03-05,46.310001373291016,46.4900016784668
GLD,2026-03-05,470.45001220703125,471.79998779296875
GLTR,2026-03-05,239.8800048828125,240.7899932861328
GOVT,2026-03-05,23.09000015258789,23.15999984741211
HYG,2026-03-05,80.2699966430664,80.4000015258789
IAU,2026-03-05,96.33000183105467,96.6500015258789
IEF,2026-03-05,96.44999694824219,96.80999755859375
IEI,2026-03-05,119.33999633789062,119.5999984741211
IGIB,2026-03-05,53.88999938964844,54.06999969482422
IGV,2026-03-05,85.6500015258789,85.6500015258789
IHI,2026-03-05,58.31999969482422,58.810001373291016
INDA,2026-03-05,50.470001220703125,50.27000045776367
ITB,2026-03-05,102.29000091552734,103.16999816894533
IWM,2026-03-05,258.989990234375,261.760009765625
IYR,2026-03-05,100.04000091552734,101.05999755859376
IYT,2026-03-05,80.7699966430664,81.5999984741211
JMBS,2026-03-05,45.86000061035156,46.0
JNK,2026-03-05,96.69000244140625,96.80000305175781
KRE,2026-03-05,66.73999786376953,67.5
LEMB,2026-03-05,41.810001373291016,42.0099983215332
LIT,2026-03-05,70.87999725341797,71.13999938964844
LMBS,2026-03-05,50.20000076293945,50.27000045776367
LQD,2026-03-05,110.41999816894531,110.97000122070312
MBB,2026-03-05,95.6500015258789,95.94999694824219
MDY,2026-03-05,641.510009765625,646.9400024414062
PALL,2026-03-05,29.823999404907227,30.327999114990234
PCY,2026-03-05,21.71999931335449,21.780000686645508
PFF,2026-03-05,31.3799991607666,31.420000076293945
PPLT,2026-03-05,19.513999938964844,19.524999618530273
QLTA,2026-03-05,48.11000061035156,48.29999923706055
QQQ,2026-03-05,607.4000244140625,610.75
REM,2026-03-05,22.549999237060547,22.600000381469727
REMX,2026-03-05,95.7699966430664,97.86000061035156
RSP,2026-03-05,201.7899932861328,202.88999938964844
RWR,2026-03-05,107.33999633789062,108.11000061035156
RWX,2026-03-05,29.0,29.21999931335449
SCHH,2026-03-05,22.81999969482422,23.030000686645508
SCHO,2026-03-05,24.309999465942383,24.32999992370605
SCHP,2026-03-05,26.770000457763672,26.799999237060547
SGOL,2026-03-05,48.7599983215332,48.90999984741211
SHY,2026-03-05,82.68000030517578,82.75
SHYG,2026-03-05,42.5099983215332,42.58000183105469
SIVR,2026-03-05,78.66000366210938,79.06999969482422
SKYY,2026-03-05,111.56999969482422,111.58999633789062
SLQD,2026-03-05,50.650001525878906,50.70000076293945
SLV,2026-03-05,74.94000244140625,75.33999633789062
SLX,2026-03-05,94.51000213623048,95.8000030517578
SMH,2026-03-05,396.05999755859375,399.1000061035156
SOXX,2026-03-05,338.8999938964844,341.5400085449219
SOYB,2026-03-05,23.8799991607666,23.790000915527344
SPIB,2026-03-05,33.810001373291016,33.880001068115234
SPMB,2026-03-05,22.549999237060547,22.6200008392334
SPTL,2026-03-05,26.84000015258789,26.989999771118164
SPY,2026-03-05,682.0800170898438,685.1300048828125
SRLN,2026-03-05,40.02000045776367,40.0
STIP,2026-03-05,103.12999725341795,103.1500015258789
TIP,2026-03-05,111.08000183105469,111.25
TLH,2026-03-05,102.7300033569336,103.33000183105469
TLT,2026-03-05,88.62999725341797,89.1500015258789
TUR,2026-03-05,39.09000015258789,38.959999084472656
UGA,2026-03-05,82.95999908447266,80.18000030517578
UNG,2026-03-05,11.899999618530273,11.779999732971191
UNL,2026-03-05,7.130000114440918,7.050000190734863
USHY,2026-03-05,37.20500183105469,37.25
USIG,2026-03-05,51.810001373291016,51.9900016784668
USO,2026-03-05,94.45999908447266,91.55999755859375
VCIT,2026-03-05,83.79000091552734,84.08999633789062
VCSH,2026-03-05,79.66999816894531,79.75
VDC,2026-03-05,234.97999572753903,237.1300048828125
VGIT,2026-03-05,59.959999084472656,60.119998931884766
VGLT,2026-03-05,56.52999877929688,56.869998931884766
VHT,2026-03-05,287.1700134277344,290.239990234375
VMBS,2026-03-05,47.209999084472656,47.36000061035156
VNQ,2026-03-05,94.56999969482422,95.54000091552734
VNQI,2026-03-05,48.08000183105469,48.470001220703125
VPU,2026-03-05,202.8600006103516,204.1300048828125
VTIP,2026-03-05,49.79999923706055,49.81999969482422
VWOB,2026-03-05,67.43000030517578,67.61000061035156
WEAT,2026-03-05,21.90999984741211,21.790000915527344
XBI,2026-03-05,124.7699966430664,126.41999816894533
XLB,2026-03-05,51.599998474121094,51.91999816894531
XLC,2026-03-05,118.62999725341797,118.79000091552734
XLE,2026-03-05,56.529998779296875,56.189998626708984
XLF,2026-03-05,51.2400016784668,51.5
XLI,2026-03-05,174.80999755859375,175.97000122070312
XLK,2026-03-05,139.16000366210938,139.83999633789062
XLP,2026-03-05,86.33999633789062,87.16000366210938
XLRE,2026-03-05,43.279998779296875,43.7599983215332
XLU,2026-03-05,46.95000076293945,47.27000045776367
XLV,2026-03-05,155.1300048828125,157.0500030517578
XLY,2026-03-05,115.91999816894531,116.38999938964844
XME,2026-03-05,115.97000122070312,117.6500015258789
XPH,2026-03-05,55.880001068115234,56.61000061035156
XRT,2026-03-05,84.77999877929688,85.94000244140625
ANGL,2026-03-06,29.15999984741211,29.229999542236328
BKLN,2026-03-06,20.43000030517578,20.450000762939453
BNO,2026-03-06,43.130001068115234,40.2400016784668
BWX,2026-03-06,22.290000915527344,22.399999618530277
CANE,2026-03-06,9.34000015258789,9.229999542236328
CEMB,2026-03-06,45.7400016784668,45.810001373291016
CIBR,2026-03-06,65.01000213623047,65.79000091552734
CORN,2026-03-06,18.3700008392334,18.190000534057617
CPER,2026-03-06,35.40999984741211,35.58000183105469
DBA,2026-03-06,26.610000610351562,26.40999984741211
DBB,2026-03-06,24.200000762939453,23.899999618530273
DBC,2026-03-06,27.309999465942383,26.520000457763672
DBE,2026-03-06,25.5,24.01000022888184
DBO,2026-03-06,17.989999771118164,16.8700008392334
DIA,2026-03-06,473.7200012207031,479.8399963378906
EBND,2026-03-06,21.01000022888184,21.209999084472656
EEM,2026-03-06,56.83000183105469,57.630001068115234
EFA,2026-03-06,97.2699966430664,99.16000366210938
EMB,2026-03-06,95.7300033569336,96.37999725341797
EMHY,2026-03-06,40.11000061035156,40.38999938964844
EMLC,2026-03-06,25.459999084472656,25.670000076293945
EPI,2026-03-06,43.29999923706055,43.52000045776367
EWA,2026-03-06,28.13999938964844,28.61000061035156
EWC,2026-03-06,56.22999954223633,56.90999984741211
EWG,2026-03-06,40.27999877929688,41.18000030517578
EWJ,2026-03-06,84.37999725341797,85.88999938964844
EWL,2026-03-06,60.0,61.04999923706055
EWN,2026-03-06,57.72999954223633,59.540000915527344
EWQ,2026-03-06,43.2599983215332,44.27999877929688
EWT,2026-03-06,69.9000015258789,70.4000015258789
EWU,2026-03-06,45.619998931884766,46.2400016784668
EWW,2026-03-06,73.70999908447266,75.25
EWY,2026-03-06,122.81999969482422,125.73999786376952
EWZ,2026-03-06,35.849998474121094,36.36000061035156
EZA,2026-03-06,69.16000366210938,71.41999816894531
EZU,2026-03-06,62.40999984741211,63.959999084472656
FALN,2026-03-06,27.11000061035156,27.190000534057617
FDN,2026-03-06,245.66000366210935,249.3600006103516
FXI,2026-03-06,35.65999984741211,35.58000183105469
GIGB,2026-03-06,46.20000076293945,46.34999847412109
GLD,2026-03-06,469.0400085449219,466.1300048828125
GLTR,2026-03-06,239.3500061035156,237.8000030517578
GOVT,2026-03-06,23.059999465942383,23.11000061035156
HYG,2026-03-06,79.75,80.08000183105469
IAU,2026-03-06,96.08000183105467,95.5199966430664
IEF,2026-03-06,96.22000122070312,96.51000213623047
IEI,2026-03-06,119.19000244140625,119.4000015258789
IGIB,2026-03-06,53.72999954223633,53.90999984741211
IGV,2026-03-06,86.93000030517578,87.62000274658203
IHI,2026-03-06,57.34999847412109,57.880001068115234
INDA,2026-03-06,49.970001220703125,50.369998931884766
ITB,2026-03-06,99.23999786376952,100.58000183105467
IWM,2026-03-06,251.49000549316406,256.760009765625
IYR,2026-03-06,99.33999633789062,100.18000030517578
IYT,2026-03-06,77.72000122070312,78.95999908447266
JMBS,2026-03-06,45.7400016784668,45.86000061035156
JNK,2026-03-06,96.37000274658203,96.37999725341797
KRE,2026-03-06,64.61000061035156,66.5999984741211
LEMB,2026-03-06,41.400001525878906,41.72999954223633
LIT,2026-03-06,68.47000122070312,69.13999938964844
LMBS,2026-03-06,50.20000076293945,50.209999084472656
LQD,2026-03-06,109.95999908447266,110.52999877929688
MBB,2026-03-06,95.37000274658203,95.62000274658203
MDY,2026-03-06,627.489990234375,637.97998046875
PALL,2026-03-06,29.591999053955078,29.558000564575195
PCY,2026-03-06,21.5,21.68000030517578
PFF,2026-03-06,31.06999969482422,31.290000915527344
PPLT,2026-03-06,19.200000762939453,19.19099998474121
QLTA,2026-03-06,47.95000076293945,48.13999938964844
QQQ,2026-03-06,600.3099975585938,608.9099731445312
REM,2026-03-06,22.420000076293945,22.520000457763672
REMX,2026-03-06,91.76000213623048,93.4000015258789
RSP,2026-03-06,198.44000244140625,200.5399932861328
RWR,2026-03-06,106.08999633789062,107.02999877929688
RWX,2026-03-06,28.549999237060547,28.82999992370605
SCHH,2026-03-06,22.649999618530277,22.790000915527344
SCHO,2026-03-06,24.309999465942383,24.309999465942383
SCHP,2026-03-06,26.84000015258789,26.809999465942383
SGOL,2026-03-06,48.630001068115234,48.34000015258789
SHY,2026-03-06,82.66999816894531,82.69000244140625
SHYG,2026-03-06,42.27999877929688,42.43000030517578
SIVR,2026-03-06,78.88999938964844,78.0
SKYY,2026-03-06,111.69000244140624,113.5
SLQD,2026-03-06,50.61000061035156,50.65999984741211
SLV,2026-03-06,75.08999633789062,74.2699966430664
SLX,2026-03-06,91.81999969482422,93.18000030517578
SMH,2026-03-06,384.9700012207031,395.3500061035156
SOXX,2026-03-06,328.3999938964844,337.760009765625
SOYB,2026-03-06,24.299999237060547,24.0
SPIB,2026-03-06,33.7400016784668,33.810001373291016
SPMB,2026-03-06,22.479999542236328,22.549999237060547
SPTL,2026-03-06,26.739999771118164,26.8700008392334
SPY,2026-03-06,673.4099731445312,681.3099975585938
SRLN,2026-03-06,39.93999862670898,40.0099983215332
STIP,2026-03-06,103.4499969482422,103.26000213623048
TIP,2026-03-06,111.31999969482422,111.22000122070312
TLH,2026-03-06,102.30999755859375,102.83999633789062
TLT,2026-03-06,88.31999969482422,88.79000091552734
TUR,2026-03-06,38.02999877929688,38.72999954223633
UGA,2026-03-06,86.16999816894531,83.94999694824219
UNG,2026-03-06,12.529999732971191,12.050000190734863
UNL,2026-03-06,7.539999961853027,7.25
USHY,2026-03-06,36.97999954223633,37.08000183105469
USIG,2026-03-06,51.65999984741211,51.83000183105469
USO,2026-03-06,105.37999725341797,96.30999755859375
VCIT,2026-03-06,83.55999755859375,83.83999633789062
VCSH,2026-03-06,79.58999633789062,79.66000366210938
VDC,2026-03-06,230.55999755859372,232.1100006103516
VGIT,2026-03-06,59.869998931884766,60.0
VGLT,2026-03-06,56.34000015258789,56.630001068115234
VHT,2026-03-06,282.3399963378906,284.57000732421875
VMBS,2026-03-06,47.130001068115234,47.2400016784668
VNQ,2026-03-06,93.77999877929688,94.58000183105467
VNQI,2026-03-06,47.27000045776367,47.7599983215332
VPU,2026-03-06,201.22000122070312,202.47999572753903
VTIP,2026-03-06,49.95000076293945,49.869998931884766
VWOB,2026-03-06,66.94999694824219,67.38999938964844
WEAT,2026-03-06,23.0,22.350000381469727
XBI,2026-03-06,121.7699966430664,123.9000015258789
XLB,2026-03-06,50.310001373291016,50.83000183105469
XLC,2026-03-06,117.2249984741211,118.44000244140625
XLE,2026-03-06,57.150001525878906,56.47999954223633
XLF,2026-03-06,50.439998626708984,51.22999954223633
XLI,2026-03-06,169.75999450683594,172.05999755859375
XLK,2026-03-06,137.82000732421875,140.17999267578125
XLP,2026-03-06,84.91999816894531,85.41000366210938
XLRE,2026-03-06,42.95000076293945,43.34000015258789
XLU,2026-03-06,46.630001068115234,46.900001525878906
XLV,2026-03-06,152.77999877929688,153.91000366210938
XLY,2026-03-06,114.77999877929688,116.55000305175781
XME,2026-03-06,110.5,112.87000274658205
XPH,2026-03-06,54.43999862670898,55.29999923706055
XRT,2026-03-06,83.43000030517578,84.62999725341797
ANGL,2026-03-09,28.979999542236328,29.049999237060547
BKLN,2026-03-09,20.34000015258789,20.360000610351562
BNO,2026-03-09,48.720001220703125,43.95000076293945
BWX,2026-03-09,22.26000022888184,22.36000061035156
CANE,2026-03-09,9.729999542236328,9.470000267028809
CEMB,2026-03-09,45.630001068115234,45.7599983215332
CIBR,2026-03-09,65.51499938964844,66.0
CORN,2026-03-09,18.6200008392334,18.520000457763672
CPER,2026-03-09,35.34000015258789,35.630001068115234
DBA,2026-03-09,26.829999923706055,26.709999084472656
DBB,2026-03-09,24.09000015258789,24.309999465942383
DBC,2026-03-09,28.3799991607666,27.51000022888184
DBE,2026-03-09,27.479999542236328,25.65999984741211
DBO,2026-03-09,19.399999618530277,18.26000022888184
DIA,2026-03-09,470.8800048828125,475.2300109863281
EBND,2026-03-09,20.940000534057617,21.11000061035156
EEM,2026-03-09,56.65999984741211,57.31999969482422
EFA,2026-03-09,96.77999877929688,98.27999877929688
EMB,2026-03-09,95.08999633789062,95.75
EMHY,2026-03-09,39.79999923706055,40.08000183105469
EMLC,2026-03-09,25.34000015258789,25.59000015258789
EPI,2026-03-09,42.59000015258789,43.27999877929688
EWA,2026-03-09,28.190000534057617,28.32999992370605
EWC,2026-03-09,55.90999984741211,56.34999847412109
EWG,2026-03-09,40.16999816894531,40.81999969482422
EWJ,2026-03-09,83.77999877929688,84.7699966430664
EWL,2026-03-09,59.869998931884766,61.13999938964844
EWN,2026-03-09,57.61000061035156,58.130001068115234
EWQ,2026-03-09,43.06999969482422,44.13999938964844
EWT,2026-03-09,68.68000030517578,69.5199966430664
EWU,2026-03-09,45.220001220703125,46.02000045776367
EWW,2026-03-09,72.77999877929688,73.72000122070312
EWY,2026-03-09,123.6999969482422,126.7300033569336
EWZ,2026-03-09,36.27000045776367,36.27999877929688
EZA,2026-03-09,69.62000274658203,70.5199966430664
EZU,2026-03-09,62.25,63.310001373291016
FALN,2026-03-09,26.90999984741211,26.979999542236328
FDN,2026-03-09,242.5399932861328,246.3300018310547
FXI,2026-03-09,36.0099983215332,35.81999969482422
GIGB,2026-03-09,46.18000030517578,46.2400016784668
GLD,2026-03-09,468.0899963378906,473.510009765625
GLTR,2026-03-09,240.80999755859372,241.7100067138672
GOVT,2026-03-09,23.06999969482422,23.09000015258789
HYG,2026-03-09,79.58999633789062,79.69000244140625
IAU,2026-03-09,95.91000366210938,96.9800033569336
IEF,2026-03-09,96.36000061035156,96.44999694824219
IEI,2026-03-09,119.33000183105469,119.41000366210938
IGIB,2026-03-09,53.66999816894531,53.77000045776367
IGV,2026-03-09,87.05000305175781,87.97000122070312
IHI,2026-03-09,56.2599983215332,56.7599983215332
INDA,2026-03-09,49.22999954223633,49.9900016784668
ITB,2026-03-09,96.5999984741211,98.43000030517578
IWM,2026-03-09,247.58999633789062,250.88999938964844
IYR,2026-03-09,97.95999908447266,99.0199966430664
IYT,2026-03-09,75.31999969482422,76.44999694824219
JMBS,2026-03-09,45.75,45.83000183105469
JNK,2026-03-09,95.69999694824219,95.91000366210938
KRE,2026-03-09,64.12000274658203,64.91000366210938
LEMB,2026-03-09,41.209999084472656,41.56999969482422
LIT,2026-03-09,68.79000091552734,68.97000122070312
LMBS,2026-03-09,50.20000076293945,50.18000030517578
LQD,2026-03-09,109.83999633789062,110.16000366210938
MBB,2026-03-09,95.44000244140625,95.54000091552734
MDY,2026-03-09,617.8400268554688,623.0800170898438
PALL,2026-03-09,29.667999267578125,29.540000915527344
PCY,2026-03-09,21.31999969482422,21.489999771118164
PFF,2026-03-09,31.0,31.1200008392334
PPLT,2026-03-09,19.534000396728516,19.340999603271484
QLTA,2026-03-09,47.95000076293945,48.02000045776367
QQQ,2026-03-09,594.22998046875,599.75
REM,2026-03-09,21.899999618530277,22.13999938964844
REMX,2026-03-09,90.9499969482422,92.52999877929688
RSP,2026-03-09,196.27999877929688,198.1499938964844
RWR,2026-03-09,104.72000122070312,105.76000213623048
RWX,2026-03-09,28.13999938964844,28.65999984741211
SCHH,2026-03-09,22.350000381469727,22.559999465942383
SCHO,2026-03-09,24.309999465942383,24.31999969482422
SCHP,2026-03-09,26.8700008392334,26.850000381469727
SGOL,2026-03-09,48.52999877929688,49.09999847412109
SHY,2026-03-09,82.69999694824219,82.7300033569336
SHYG,2026-03-09,42.20000076293945,42.27000045776367
SIVR,2026-03-09,80.2699966430664,79.80000305175781
SKYY,2026-03-09,111.4800033569336,113.16999816894533
SLQD,2026-03-09,50.61000061035156,50.650001525878906
SLV,2026-03-09,76.43000030517578,75.94000244140625
SLX,2026-03-09,90.04000091552734,91.25
SMH,2026-03-09,375.760009765625,380.55999755859375
SOXX,2026-03-09,318.3099975585937,323.510009765625
SOYB,2026-03-09,24.639999389648438,24.40999984741211
SPIB,2026-03-09,33.72999954223633,33.7599983215332
SPMB,2026-03-09,22.5,22.530000686645508
SPTL,2026-03-09,26.729999542236328,26.790000915527344
SPY,2026-03-09,666.3900146484375,672.3800048828125
SRLN,2026-03-09,39.720001220703125,39.7599983215332
STIP,2026-03-09,103.62999725341795,103.5
TIP,2026-03-09,111.5199966430664,111.43000030517578
TLH,2026-03-09,102.30999755859375,102.55999755859375
TLT,2026-03-09,88.30000305175781,88.45999908447266
TUR,2026-03-09,37.63999938964844,37.220001220703125
UGA,2026-03-09,93.23999786376953,87.45999908447266
UNG,2026-03-09,13.09000015258789,12.75
UNL,2026-03-09,7.599999904632568,7.539999961853027
USHY,2026-03-09,36.83000183105469,36.91999816894531
USIG,2026-03-09,51.619998931884766,51.70000076293945
USO,2026-03-09,119.41999816894531,108.7699966430664
VCIT,2026-03-09,83.58999633789062,83.62999725341797
VCSH,2026-03-09,79.52999877929688,79.5999984741211
VDC,2026-03-09,231.8999938964844,232.7899932861328
VGIT,2026-03-09,59.93999862670898,60.0
VGLT,2026-03-09,56.29999923706055,56.45000076293945
VHT,2026-03-09,280.45001220703125,282.1499938964844
VMBS,2026-03-09,47.16999816894531,47.220001220703125
VNQ,2026-03-09,92.68000030517578,93.5500030517578
VNQI,2026-03-09,46.68000030517578,47.619998931884766
VPU,2026-03-09,200.8000030517578,201.6000061035156
VTIP,2026-03-09,50.060001373291016,49.9900016784668
VWOB,2026-03-09,66.54000091552734,66.94000244140625
WEAT,2026-03-09,23.690000534057617,23.610000610351562
XBI,2026-03-09,124.1999969482422,124.0
XLB,2026-03-09,49.2599983215332,49.86000061035156
XLC,2026-03-09,116.5,117.45999908447266
XLE,2026-03-09,56.84000015258789,56.56999969482422
XLF,2026-03-09,49.91999816894531,50.56999969482422
XLI,2026-03-09,168.13999938964844,169.94000244140625
XLK,2026-03-09,135.97000122070312,137.2899932861328
XLP,2026-03-09,85.2699966430664,85.77999877929688
XLRE,2026-03-09,42.41999816894531,42.88999938964844
XLU,2026-03-09,46.560001373291016,46.7400016784668
XLV,2026-03-09,151.77999877929688,152.6999969482422
XLY,2026-03-09,112.94000244140625,114.44000244140625
XME,2026-03-09,107.56999969482422,110.13999938964844
XPH,2026-03-09,54.33000183105469,54.88999938964844
XRT,2026-03-09,81.8499984741211,83.06999969482422
ANGL,2026-03-10,29.18000030517578,29.170000076293945
BKLN,2026-03-10,20.5,20.510000228881836
BNO,2026-03-10,43.72999954223633,42.720001220703125
BWX,2026-03-10,22.459999084472656,22.40999984741211
CANE,2026-03-10,9.699999809265137,9.8100004196167
CEMB,2026-03-10,45.84999847412109,45.81999969482422
CIBR,2026-03-10,66.5199966430664,66.27999877929688
CORN,2026-03-10,18.18000030517578,18.200000762939453
CPER,2026-03-10,36.11000061035156,35.900001525878906
DBA,2026-03-10,26.59000015258789,26.549999237060547
DBB,2026-03-10,24.31999969482422,24.31999969482422
DBC,2026-03-10,27.56999969482422,27.13999938964844
DBE,2026-03-10,25.61000061035156,24.940000534057617
DBO,2026-03-10,18.440000534057617,17.969999313354492
DIA,2026-03-10,477.739990234375,477.8800048828125
EBND,2026-03-10,21.270000457763672,21.1299991607666
EEM,2026-03-10,58.65999984741211,58.45000076293945
EFA,2026-03-10,99.73999786376953,98.98999786376953
EMB,2026-03-10,96.05999755859375,95.95999908447266
EMHY,2026-03-10,40.2400016784668,40.13999938964844
EMLC,2026-03-10,25.75,25.559999465942383
EPI,2026-03-10,43.2599983215332,43.18999862670898
EWA,2026-03-10,28.940000534057617,28.86000061035156
EWC,2026-03-10,56.630001068115234,56.61000061035156
EWG,2026-03-10,41.5,41.09000015258789
EWJ,2026-03-10,86.5,85.63999938964844
EWL,2026-03-10,60.970001220703125,61.0099983215332
EWN,2026-03-10,59.81999969482422,59.22999954223633
EWQ,2026-03-10,44.4900016784668,44.20000076293945
EWT,2026-03-10,70.5,70.76000213623047
EWU,2026-03-10,46.65999984741211,46.290000915527344
EWW,2026-03-10,74.3499984741211,73.88999938964844
EWY,2026-03-10,132.3000030517578,133.88999938964844
EWZ,2026-03-10,37.09000015258789,37.09999847412109
EZA,2026-03-10,73.5199966430664,72.0
EZU,2026-03-10,64.4800033569336,63.869998931884766
FALN,2026-03-10,27.100000381469727,27.1200008392334
FDN,2026-03-10,247.13999938964844,247.0500030517578
FXI,2026-03-10,36.540000915527344,36.47999954223633
GIGB,2026-03-10,46.369998931884766,46.43000030517578
GLD,2026-03-10,479.739990234375,472.5299987792969
GLTR,2026-03-10,249.77999877929688,244.5500030517578
GOVT,2026-03-10,23.1299991607666,23.149999618530277
HYG,2026-03-10,80.05000305175781,80.16999816894531
IAU,2026-03-10,98.29000091552734,96.77999877929688
IEF,2026-03-10,96.69999694824219,96.75
IEI,2026-03-10,119.5999984741211,119.5999984741211
IGIB,2026-03-10,53.93999862670898,53.959999084472656
IGV,2026-03-10,87.79000091552734,87.70999908447266
IHI,2026-03-10,57.220001220703125,57.34000015258789
INDA,2026-03-10,50.040000915527344,49.97999954223633
ITB,2026-03-10,97.6500015258789,97.8499984741211
IWM,2026-03-10,252.9600067138672,253.6199951171875
IYR,2026-03-10,98.7300033569336,99.2300033569336
IYT,2026-03-10,76.68000030517578,76.75
JMBS,2026-03-10,46.0,45.900001525878906
JNK,2026-03-10,96.3499984741211,96.43000030517578
KRE,2026-03-10,64.7699966430664,64.75
LEMB,2026-03-10,41.7599983215332,41.38999938964844
LIT,2026-03-10,71.77999877929688,71.43000030517578
LMBS,2026-03-10,50.2599983215332,50.27000045776367
LQD,2026-03-10,110.4000015258789,110.81999969482422
MBB,2026-03-10,95.9000015258789,95.9000015258789
MDY,2026-03-10,628.2899780273438,629.239990234375
PALL,2026-03-10,30.785999298095703,30.643999099731445
PCY,2026-03-10,21.600000381469727,21.57999992370605
PFF,2026-03-10,31.149999618530273,31.170000076293945
PPLT,2026-03-10,20.1299991607666,19.809999465942383
QLTA,2026-03-10,48.150001525878906,48.22999954223633
QQQ,2026-03-10,607.780029296875,607.760009765625
REM,2026-03-10,21.979999542236328,21.989999771118164
REMX,2026-03-10,95.4499969482422,94.6999969482422
RSP,2026-03-10,198.44000244140625,198.7100067138672
RWR,2026-03-10,105.83000183105467,106.01000213623048
RWX,2026-03-10,28.739999771118164,28.559999465942383
SCHH,2026-03-10,22.540000915527344,22.59000015258789
SCHO,2026-03-10,24.32999992370605,24.32999992370605
SCHP,2026-03-10,26.88999938964844,26.899999618530277
SGOL,2026-03-10,49.75,48.97999954223633
SHY,2026-03-10,82.7699966430664,82.7699966430664
SHYG,2026-03-10,42.43000030517578,42.43999862670898
SIVR,2026-03-10,84.97000122070312,82.19999694824219
SKYY,2026-03-10,113.95999908447266,113.66999816894533
SLQD,2026-03-10,50.70000076293945,50.68999862670898
SLV,2026-03-10,80.88999938964844,78.26000213623047
SLX,2026-03-10,92.26000213623048,91.98999786376952
SMH,2026-03-10,394.0,394.3699951171875
SOXX,2026-03-10,336.3099975585937,336.3699951171875
SOYB,2026-03-10,24.34000015258789,24.219999313354492
SPIB,2026-03-10,33.83000183105469,33.84000015258789
SPMB,2026-03-10,22.61000061035156,22.59000015258789
SPTL,2026-03-10,26.8799991607666,26.989999771118164
SPY,2026-03-10,677.719970703125,678.27001953125
SRLN,2026-03-10,40.06999969482422,40.02999877929688
STIP,2026-03-10,103.45999908447266,103.4800033569336
TIP,2026-03-10,111.52999877929688,111.61000061035156
TLH,2026-03-10,102.91000366210938,103.16999816894531
TLT,2026-03-10,88.80000305175781,89.2300033569336
TUR,2026-03-10,39.119998931884766,38.7400016784668
UGA,2026-03-10,85.55000305175781,84.36000061035156
UNG,2026-03-10,12.1899995803833,12.3100004196167
UNL,2026-03-10,7.139999866485596,7.199999809265137
USHY,2026-03-10,37.060001373291016,37.09999847412109
USIG,2026-03-10,51.7599983215332,51.93999862670898
USO,2026-03-10,107.12999725341797,104.33000183105469
VCIT,2026-03-10,83.77999877929688,83.94000244140625
VCSH,2026-03-10,79.66999816894531,79.69000244140625
VDC,2026-03-10,232.97999572753903,233.4199981689453
VGIT,2026-03-10,60.09999847412109,60.09999847412109
VGLT,2026-03-10,56.650001525878906,56.86000061035156
VHT,2026-03-10,285.5799865722656,285.32000732421875
VMBS,2026-03-10,47.36000061035156,47.34999847412109
VNQ,2026-03-10,93.48999786376952,93.76000213623048
VNQI,2026-03-10,47.58000183105469,47.38999938964844
VPU,2026-03-10,201.3800048828125,202.1199951171875
VTIP,2026-03-10,49.970001220703125,49.970001220703125
VWOB,2026-03-10,67.16999816894531,67.08000183105469
WEAT,2026-03-10,22.979999542236328,22.979999542236328
XBI,2026-03-10,126.69000244140624,127.12000274658205
XLB,2026-03-10,49.9900016784668,49.9900016784668
XLC,2026-03-10,117.63999938964844,117.55999755859375
XLE,2026-03-10,56.060001373291016,56.31999969482422
XLF,2026-03-10,50.33000183105469,50.33000183105469
XLI,2026-03-10,170.6699981689453,170.94000244140625
XLK,2026-03-10,139.83999633789062,139.75999450683594
XLP,2026-03-10,85.69000244140625,85.97000122070312
XLRE,2026-03-10,42.849998474121094,42.97999954223633
XLU,2026-03-10,46.63999938964844,46.849998474121094
XLV,2026-03-10,154.41000366210938,154.25999450683594
XLY,2026-03-10,114.61000061035156,114.58999633789062
XME,2026-03-10,112.47000122070312,112.0500030517578
XPH,2026-03-10,55.29999923706055,55.15999984741211
XRT,2026-03-10,82.61000061035156,82.86000061035156
ANGL,2026-03-11,29.100000381469727,29.1200008392334
BKLN,2026-03-11,20.520000457763672,20.510000228881836
BNO,2026-03-11,43.040000915527344,43.369998931884766
BWX,2026-03-11,22.32999992370605,22.38999938964844
CANE,2026-03-11,9.710000038146973,9.65999984741211
CEMB,2026-03-11,45.75,45.79999923706055
CIBR,2026-03-11,65.73999786376953,65.77999877929688
CORN,2026-03-11,18.43000030517578,18.270000457763672
CPER,2026-03-11,35.88999938964844,36.08000183105469
DBA,2026-03-11,26.770000457763672,26.610000610351562
DBB,2026-03-11,24.3799991607666,24.389999389648438
DBC,2026-03-11,27.670000076293945,27.600000381469727
DBE,2026-03-11,25.809999465942383,25.690000534057617
DBO,2026-03-11,18.530000686645508,18.530000686645508
DIA,2026-03-11,477.3999938964844,477.7000122070313
EBND,2026-03-11,21.200000762939453,21.239999771118164
EEM,2026-03-11,58.70000076293945,58.68000030517578
EFA,2026-03-11,98.63999938964844,99.22000122070312
EMB,2026-03-11,96.11000061035156,95.94999694824219
EMHY,2026-03-11,40.18000030517578,40.18000030517578
EMLC,2026-03-11,25.690000534057617,25.76000022888184
EPI,2026-03-11,42.9900016784668,43.16999816894531
EWA,2026-03-11,28.93000030517578,28.950000762939453
EWC,2026-03-11,56.400001525878906,56.70000076293945
EWG,2026-03-11,40.91999816894531,41.09999847412109
EWJ,2026-03-11,85.30000305175781,86.45999908447266
EWL,2026-03-11,60.0,60.2400016784668
EWN,2026-03-11,59.81999969482422,59.709999084472656
EWQ,2026-03-11,43.90999984741211,44.08000183105469
EWT,2026-03-11,71.58999633789062,70.44000244140625
EWU,2026-03-11,46.11000061035156,46.40999984741211
EWW,2026-03-11,74.58000183105469,74.76000213623047
EWY,2026-03-11,131.22000122070312,130.3000030517578
EWZ,2026-03-11,37.58000183105469,37.52999877929688
EZA,2026-03-11,70.52999877929688,73.04000091552734
EZU,2026-03-11,63.81999969482422,64.04000091552734
FALN,2026-03-11,27.030000686645508,27.059999465942383
FDN,2026-03-11,246.0200042724609,245.57000732421875
FXI,2026-03-11,36.43000030517578,36.59000015258789
GIGB,2026-03-11,46.04999923706055,46.20000076293945
GLD,2026-03-11,476.1300048828125,477.8599853515625
GLTR,2026-03-11,245.19000244140625,247.8699951171875
GOVT,2026-03-11,23.040000915527344,23.07999992370605
HYG,2026-03-11,79.98999786376953,80.04000091552734
IAU,2026-03-11,97.5199966430664,97.8499984741211
IEF,2026-03-11,96.26000213623047,96.44000244140625
IEI,2026-03-11,119.2699966430664,119.37999725341797
IGIB,2026-03-11,53.66999816894531,53.7599983215332
IGV,2026-03-11,86.56999969482422,85.6500015258789
IHI,2026-03-11,56.41999816894531,56.40999984741211
INDA,2026-03-11,49.400001525878906,49.93000030517578
ITB,2026-03-11,96.54000091552734,96.8499984741211
IWM,2026-03-11,252.33999633789062,253.36000061035156
IYR,2026-03-11,98.61000061035156,99.12000274658205
IYT,2026-03-11,76.01000213623047,75.83999633789062
JMBS,2026-03-11,45.70000076293945,45.869998931884766
JNK,2026-03-11,96.23999786376953,96.30999755859375
KRE,2026-03-11,64.23999786376953,64.72000122070312
LEMB,2026-03-11,41.68000030517578,41.68999862670898
LIT,2026-03-11,72.19000244140625,72.0199966430664
LMBS,2026-03-11,50.25,50.2400016784668
LQD,2026-03-11,109.63999938964844,110.05999755859375
MBB,2026-03-11,95.51000213623047,95.66000366210938
MDY,2026-03-11,623.3200073242188,626.4400024414062
PALL,2026-03-11,29.799999237060547,30.15999984741211
PCY,2026-03-11,21.559999465942383,21.549999237060547
PFF,2026-03-11,31.15999984741211,31.149999618530273
PPLT,2026-03-11,19.979999542236328,19.996000289916992
QLTA,2026-03-11,47.81999969482422,47.97999954223633
QQQ,2026-03-11,608.9500122070312,607.77001953125
REM,2026-03-11,22.149999618530277,22.190000534057617
REMX,2026-03-11,96.0,96.48999786376952
RSP,2026-03-11,197.00999450683597,197.22000122070312
RWR,2026-03-11,105.80999755859376,106.18000030517578
RWX,2026-03-11,28.350000381469727,28.6299991607666
SCHH,2026-03-11,22.5,22.600000381469727
SCHO,2026-03-11,24.309999465942383,24.31999969482422
SCHP,2026-03-11,26.809999465942383,26.81999969482422
SGOL,2026-03-11,49.369998931884766,49.52999877929688
SHY,2026-03-11,82.68000030517578,82.72000122070312
SHYG,2026-03-11,42.38999938964844,42.43000030517578
SIVR,2026-03-11,81.94999694824219,84.11000061035156
SKYY,2026-03-11,113.01000213623048,112.36000061035156
SLQD,2026-03-11,50.59000015258789,50.63999938964844
SLV,2026-03-11,78.02999877929688,80.08999633789062
SLX,2026-03-11,92.7300033569336,92.66000366210938
SMH,2026-03-11,400.010009765625,397.3299865722656
SOXX,2026-03-11,340.5,338.8099975585937
SOYB,2026-03-11,24.739999771118164,24.450000762939453
SPIB,2026-03-11,33.70000076293945,33.7599983215332
SPMB,2026-03-11,22.520000457763672,22.56999969482422
SPTL,2026-03-11,26.600000381469727,26.739999771118164
SPY,2026-03-11,677.5800170898438,677.1799926757812
SRLN,2026-03-11,40.09999847412109,40.09000015258789
STIP,2026-03-11,103.38999938964844,103.36000061035156
TIP,2026-03-11,111.26000213623047,111.23999786376953
TLH,2026-03-11,101.93000030517578,102.43000030517578
TLT,2026-03-11,87.75,88.27999877929688
TUR,2026-03-11,39.02999877929688,39.18000030517578
UGA,2026-03-11,87.2699966430664,86.12999725341797
UNG,2026-03-11,12.550000190734863,12.270000457763672
UNL,2026-03-11,7.329999923706055,7.210000038146973
USHY,2026-03-11,37.02999877929688,37.06999969482422
USIG,2026-03-11,51.56999969482422,51.68000030517578
USO,2026-03-11,105.02999877929688,105.86000061035156
VCIT,2026-03-11,83.45999908447266,83.5999984741211
VCSH,2026-03-11,79.54000091552734,79.61000061035156
VDC,2026-03-11,232.8699951171875,233.16000366210935
VGIT,2026-03-11,59.900001525878906,59.970001220703125
VGLT,2026-03-11,56.04999923706055,56.34999847412109
VHT,2026-03-11,283.07000732421875,283.4800109863281
VMBS,2026-03-11,47.2599983215332,47.27000045776367
VNQ,2026-03-11,93.08999633789062,93.62000274658205
VNQI,2026-03-11,46.959999084472656,47.400001525878906
VPU,2026-03-11,200.63999938964844,200.83999633789065
VTIP,2026-03-11,49.93000030517578,49.91999816894531
VWOB,2026-03-11,67.06999969482422,67.08999633789062
WEAT,2026-03-11,23.049999237060547,22.729999542236328
XBI,2026-03-11,126.66999816894533,127.43000030517578
XLB,2026-03-11,49.72999954223633,49.880001068115234
XLC,2026-03-11,117.45999908447266,117.37999725341797
XLE,2026-03-11,55.630001068115234,55.599998474121094
XLF,2026-03-11,49.97999954223633,50.060001373291016
XLI,2026-03-11,169.72999572753906,170.02000427246094
XLK,2026-03-11,140.5800018310547,139.75999450683594
XLP,2026-03-11,85.55000305175781,85.72000122070312
XLRE,2026-03-11,42.75,42.91999816894531
XLU,2026-03-11,46.5,46.560001373291016
XLV,2026-03-11,152.83999633789062,153.14999389648438
XLY,2026-03-11,114.83000183105469,114.44000244140625
XME,2026-03-11,113.04000091552734,114.12000274658205
XPH,2026-03-11,55.29999923706055,55.66999816894531
XRT,2026-03-11,82.58000183105469,82.62999725341797
ANGL,2026-03-12,28.979999542236328,29.020000457763672
BKLN,2026-03-12,20.520000457763672,20.540000915527344
BNO,2026-03-12,47.27000045776367,44.040000915527344
BWX,2026-03-12,22.18000030517578,22.280000686645508
CANE,2026-03-12,9.670000076293944,9.609999656677246
CEMB,2026-03-12,45.650001525878906,45.68999862670898
CIBR,2026-03-12,65.5199966430664,65.76000213623047
CORN,2026-03-12,18.729999542236328,18.520000457763672
CPER,2026-03-12,35.849998474121094,36.119998931884766
DBA,2026-03-12,26.809999465942383,26.700000762939453
DBB,2026-03-12,24.5,24.549999237060547
DBC,2026-03-12,28.71999931335449,28.1299991607666
DBE,2026-03-12,27.989999771118164,26.790000915527344
DBO,2026-03-12,19.96999931335449,19.34000015258789
DIA,2026-03-12,470.3399963378906,474.80999755859375
EBND,2026-03-12,21.059999465942383,21.149999618530277
EEM,2026-03-12,57.9900016784668,58.83000183105469
EFA,2026-03-12,98.04000091552734,99.01000213623047
EMB,2026-03-12,95.27999877929688,95.63999938964844
EMHY,2026-03-12,40.0,40.08000183105469
EMLC,2026-03-12,25.51000022888184,25.649999618530277
EPI,2026-03-12,42.65999984741211,42.81999969482422
EWA,2026-03-12,28.84000015258789,29.0
EWC,2026-03-12,56.2400016784668,56.47999954223633
EWG,2026-03-12,40.40999984741211,40.79999923706055
EWJ,2026-03-12,84.81999969482422,85.7300033569336
EWL,2026-03-12,59.650001525878906,60.09000015258789
EWN,2026-03-12,59.34999847412109,60.02999877929688
EWQ,2026-03-12,43.68000030517578,44.20000076293945
EWT,2026-03-12,71.44999694824219,71.91000366210938
EWU,2026-03-12,46.0,46.310001373291016
EWW,2026-03-12,73.73999786376953,74.69000244140625
EWY,2026-03-12,128.6999969482422,132.85000610351562
EWZ,2026-03-12,36.93999862670898,37.61000061035156
EZA,2026-03-12,70.0999984741211,71.05000305175781
EZU,2026-03-12,63.34000015258789,64.04000091552734
FALN,2026-03-12,26.93000030517578,26.959999084472656
FDN,2026-03-12,243.5800018310547,245.44000244140625
FXI,2026-03-12,36.31999969482422,36.400001525878906
GIGB,2026-03-12,45.79999923706055,45.91999816894531
GLD,2026-03-12,475.0199890136719,476.239990234375
GLTR,2026-03-12,245.4499969482422,244.88999938964844
GOVT,2026-03-12,22.950000762939453,22.989999771118164
HYG,2026-03-12,79.75,79.86000061035156
IAU,2026-03-12,97.3000030517578,97.5500030517578
IEF,2026-03-12,95.8499984741211,96.0
IEI,2026-03-12,118.94999694824219,119.0999984741211
IGIB,2026-03-12,53.40999984741211,53.4900016784668
IGV,2026-03-12,85.58999633789062,85.73999786376953
IHI,2026-03-12,55.970001220703125,56.27999877929688
INDA,2026-03-12,48.97999954223633,49.27000045776367
ITB,2026-03-12,94.4000015258789,95.36000061035156
IWM,2026-03-12,248.94000244140625,252.85000610351562
IYR,2026-03-12,97.1500015258789,98.01000213623048
IYT,2026-03-12,74.80999755859375,75.77999877929688
JMBS,2026-03-12,45.5,45.61000061035156
JNK,2026-03-12,95.9800033569336,96.11000061035156
KRE,2026-03-12,62.689998626708984,63.97999954223633
LEMB,2026-03-12,41.40999984741211,41.59000015258789
LIT,2026-03-12,72.36000061035156,72.98999786376953
LMBS,2026-03-12,50.13999938964844,50.125
LQD,2026-03-12,108.95999908447266,109.16000366210938
MBB,2026-03-12,95.12000274658203,95.16000366210938
MDY,2026-03-12,618.0,624.530029296875
PALL,2026-03-12,30.020000457763672,29.847999572753906
PCY,2026-03-12,21.399999618530277,21.46999931335449
PFF,2026-03-12,30.959999084472656,31.040000915527344
PPLT,2026-03-12,19.75200080871582,19.761999130249023
QLTA,2026-03-12,47.56999969482422,47.650001525878906
QQQ,2026-03-12,602.760009765625,607.6900024414062
REM,2026-03-12,21.96999931335449,22.100000381469727
REMX,2026-03-12,95.73999786376952,96.91999816894533
RSP,2026-03-12,194.8699951171875,196.57000732421875
RWR,2026-03-12,104.41000366210938,105.0999984741211
RWX,2026-03-12,27.920000076293945,28.21999931335449
SCHH,2026-03-12,22.200000762939453,22.3700008392334
SCHO,2026-03-12,24.290000915527344,24.299999237060547
SCHP,2026-03-12,26.780000686645508,26.780000686645508
SGOL,2026-03-12,49.2599983215332,49.38999938964844
SHY,2026-03-12,82.61000061035156,82.63999938964844
SHYG,2026-03-12,42.310001373291016,42.34999847412109
SIVR,2026-03-12,82.51000213623047,81.80999755859375
SKYY,2026-03-12,112.41999816894533,113.3499984741211
SLQD,2026-03-12,50.5099983215332,50.560001373291016
SLV,2026-03-12,78.52999877929688,77.91000366210938
SLX,2026-03-12,91.45999908447266,92.9800033569336
SMH,2026-03-12,395.4599914550781,401.0299987792969
SOXX,2026-03-12,337.3399963378906,342.0899963378906
SOYB,2026-03-12,24.920000076293945,24.719999313354492
SPIB,2026-03-12,33.599998474121094,33.650001525878906
SPMB,2026-03-12,22.40999984741211,22.440000534057617
SPTL,2026-03-12,26.36000061035156,26.450000762939453
SPY,2026-03-12,671.1599731445312,676.3300170898438
SRLN,2026-03-12,40.11000061035156,40.119998931884766
STIP,2026-03-12,103.47000122070312,103.4000015258789
TIP,2026-03-12,111.08000183105469,111.06999969482422
TLH,2026-03-12,101.0999984741211,101.4000015258789
TLT,2026-03-12,86.91000366210938,87.13999938964844
TUR,2026-03-12,39.61000061035156,39.290000915527344
UGA,2026-03-12,92.75,89.29000091552734
UNG,2026-03-12,13.039999961853027,12.880000114440918
UNL,2026-03-12,7.550000190734863,7.440000057220459
USHY,2026-03-12,36.93000030517578,36.97999954223633
USIG,2026-03-12,51.27000045776367,51.34999847412109
USO,2026-03-12,115.69000244140625,108.05000305175781
VCIT,2026-03-12,83.04000091552734,83.18000030517578
VCSH,2026-03-12,79.37999725341797,79.44999694824219
VDC,2026-03-12,228.75999450683597,230.52999877929688
VGIT,2026-03-12,59.72999954223633,59.810001373291016
VGLT,2026-03-12,55.540000915527344,55.70000076293945
VHT,2026-03-12,281.1300048828125,282.75
VMBS,2026-03-12,46.97999954223633,47.040000915527344
VNQ,2026-03-12,91.86000061035156,92.6500015258789
VNQI,2026-03-12,46.119998931884766,46.790000915527344
VPU,2026-03-12,198.3999938964844,199.3000030517578
VTIP,2026-03-12,49.970001220703125,49.93999862670898
VWOB,2026-03-12,66.76000213623047,66.94000244140625
WEAT,2026-03-12,23.1200008392334,22.850000381469727
XBI,2026-03-12,124.75,126.37999725341795
XLB,2026-03-12,49.790000915527344,49.84000015258789
XLC,2026-03-12,116.30000305175781,117.0
XLE,2026-03-12,57.130001068115234,56.97999954223633
XLF,2026-03-12,48.97999954223633,49.63999938964844
XLI,2026-03-12,167.97999572753906,169.49000549316406
XLK,2026-03-12,139.27000427246094,140.42999267578125
XLP,2026-03-12,83.91999816894531,84.58999633789062
XLRE,2026-03-12,42.06999969482422,42.40999984741211
XLU,2026-03-12,46.0,46.16999816894531
XLV,2026-03-12,151.9499969482422,152.85000610351562
XLY,2026-03-12,113.12000274658203,114.13999938964844
XME,2026-03-12,114.2300033569336,114.9000015258789
XPH,2026-03-12,54.72999954223633,55.4900016784668
XRT,2026-03-12,81.08000183105469,81.73999786376953
ANGL,2026-03-13,28.8799991607666,28.81999969482422
BKLN,2026-03-13,20.5,20.5
BNO,2026-03-13,47.150001525878906,48.25
BWX,2026-03-13,22.059999465942383,22.06999969482422
CANE,2026-03-13,9.770000457763672,9.739999771118164
CEMB,2026-03-13,45.59000015258789,45.5
CIBR,2026-03-13,65.70999908447266,65.30000305175781
CORN,2026-03-13,18.489999771118164,18.59000015258789
CPER,2026-03-13,35.459999084472656,35.56999969482422
DBA,2026-03-13,26.700000762939453,26.75
DBB,2026-03-13,24.270000457763672,24.540000915527344
DBC,2026-03-13,28.520000457763672,28.86000061035156
DBE,2026-03-13,27.8700008392334,28.479999542236328
DBO,2026-03-13,20.15999984741211,20.559999465942383
DIA,2026-03-13,469.9400024414063,467.4800109863281
EBND,2026-03-13,20.90999984741211,20.899999618530277
EEM,2026-03-13,57.619998931884766,56.95000076293945
EFA,2026-03-13,97.66999816894531,97.45999908447266
EMB,2026-03-13,95.05999755859375,94.83999633789062
EMHY,2026-03-13,39.90999984741211,39.790000915527344
EMLC,2026-03-13,25.31999969482422,25.32999992370605
EPI,2026-03-13,42.060001373291016,42.310001373291016
EWA,2026-03-13,28.440000534057617,28.420000076293945
EWC,2026-03-13,55.900001525878906,55.84999847412109
EWG,2026-03-13,40.4900016784668,40.34000015258789
EWJ,2026-03-13,84.52999877929688,84.19000244140625
EWL,2026-03-13,59.52999877929688,59.36000061035156
EWN,2026-03-13,59.310001373291016,58.959999084472656
EWQ,2026-03-13,43.540000915527344,43.58000183105469
EWT,2026-03-13,71.26000213623047,69.76000213623047
EWU,2026-03-13,45.77000045776367,45.880001068115234
EWW,2026-03-13,72.33999633789062,72.16999816894531
EWY,2026-03-13,127.75,123.5
EWZ,2026-03-13,36.5099983215332,36.119998931884766
EZA,2026-03-13,68.68000030517578,69.0199966430664
EZU,2026-03-13,63.18000030517578,62.9900016784668
FALN,2026-03-13,26.86000061035156,26.75
FDN,2026-03-13,241.5800018310547,240.9499969482422
FXI,2026-03-13,36.540000915527344,36.15999984741211
GIGB,2026-03-13,45.7599983215332,45.68999862670898
GLD,2026-03-13,469.30999755859375,466.8800048828125
GLTR,2026-03-13,240.3999938964844,240.33999633789065
GOVT,2026-03-13,22.959999084472656,22.93000030517578
HYG,2026-03-13,79.52999877929688,79.3499984741211
IAU,2026-03-13,96.12000274658205,95.6500015258789
IEF,2026-03-13,95.83999633789062,95.69000244140625
IEI,2026-03-13,118.91999816894531,118.72000122070312
IGIB,2026-03-13,53.310001373291016,53.20000076293945
IGV,2026-03-13,84.94999694824219,84.98999786376953
IHI,2026-03-13,55.22999954223633,54.970001220703125
INDA,2026-03-13,48.25,48.52000045776367
ITB,2026-03-13,93.62000274658205,92.63999938964844
IWM,2026-03-13,249.25999450683594,247.41000366210938
IYR,2026-03-13,98.29000091552734,97.31999969482422
IYT,2026-03-13,73.61000061035156,73.20999908447266
JMBS,2026-03-13,45.560001373291016,45.45000076293945
JNK,2026-03-13,95.68000030517578,95.47000122070312
KRE,2026-03-13,63.91999816894531,63.459999084472656
LEMB,2026-03-13,41.119998931884766,41.09999847412109
LIT,2026-03-13,71.91000366210938,71.1500015258789
LMBS,2026-03-13,50.04999923706055,50.04999923706055
LQD,2026-03-13,108.79000091552734,108.56999969482422
MBB,2026-03-13,95.02999877929688,94.88999938964844
MDY,2026-03-13,615.2999877929688,611.77001953125
PALL,2026-03-13,29.304000854492188,29.408000946044922
PCY,2026-03-13,21.290000915527344,21.26000022888184
PFF,2026-03-13,30.889999389648438,30.850000381469727
PPLT,2026-03-13,19.038000106811523,19.386999130249023
QLTA,2026-03-13,47.52999877929688,47.41999816894531
QQQ,2026-03-13,599.72998046875,597.260009765625
REM,2026-03-13,21.81999969482422,21.690000534057617
REMX,2026-03-13,93.1999969482422,93.80999755859376
RSP,2026-03-13,195.0200042724609,193.52999877929688
RWR,2026-03-13,105.31999969482422,104.5199966430664
RWX,2026-03-13,27.770000457763672,27.739999771118164
SCHH,2026-03-13,22.450000762939453,22.21999931335449
SCHO,2026-03-13,24.280000686645508,24.26000022888184
SCHP,2026-03-13,26.729999542236328,26.75
SGOL,2026-03-13,48.65999984741211,48.43000030517578
SHY,2026-03-13,82.5999984741211,82.5
SHYG,2026-03-13,42.209999084472656,42.119998931884766
SIVR,2026-03-13,79.88999938964844,80.31999969482422
SKYY,2026-03-13,112.02999877929688,111.72000122070312
SLQD,2026-03-13,50.459999084472656,50.40999984741211
SLV,2026-03-13,76.06999969482422,76.4800033569336
SLX,2026-03-13,90.04000091552734,90.22000122070312
SMH,2026-03-13,392.3200073242188,388.1300048828125
SOXX,2026-03-13,333.8800048828125,330.19000244140625
SOYB,2026-03-13,24.75,24.84000015258789
SPIB,2026-03-13,33.540000915527344,33.5
SPMB,2026-03-13,22.399999618530277,22.3700008392334
SPTL,2026-03-13,26.350000381469727,26.3700008392334
SPY,2026-03-13,669.27001953125,666.0599975585938
SRLN,2026-03-13,40.060001373291016,39.9900016784668
STIP,2026-03-13,103.38999938964844,103.36000061035156
TIP,2026-03-13,110.87999725341797,110.93000030517578
TLH,2026-03-13,101.02999877929688,101.05999755859375
TLT,2026-03-13,86.93000030517578,86.97000122070312
TUR,2026-03-13,38.97999954223633,39.34000015258789
UGA,2026-03-13,93.02999877929688,94.94000244140625
UNG,2026-03-13,12.770000457763672,13.039999961853027
UNL,2026-03-13,7.360000133514404,7.480000019073486
USHY,2026-03-13,36.83000183105469,36.75
USIG,2026-03-13,51.20000076293945,51.09999847412109
USO,2026-03-13,115.08000183105469,118.38999938964844
VCIT,2026-03-13,82.8499984741211,82.69000244140625
VCSH,2026-03-13,79.26000213623047,79.16000366210938
VDC,2026-03-13,231.1000061035156,230.1300048828125
VGIT,2026-03-13,59.709999084472656,59.630001068115234
VGLT,2026-03-13,55.540000915527344,55.54999923706055
VHT,2026-03-13,278.70001220703125,277.2099914550781
VMBS,2026-03-13,47.02000045776367,46.91999816894531
VNQ,2026-03-13,92.91000366210938,92.01000213623048
VNQI,2026-03-13,45.790000915527344,45.84999847412109
VPU,2026-03-13,202.07000732421875,200.6300048828125
VTIP,2026-03-13,49.93999862670898,49.91999816894531
VWOB,2026-03-13,66.45999908447266,66.41000366210938
WEAT,2026-03-13,22.969999313354492,22.920000076293945
XBI,2026-03-13,123.43000030517578,122.62000274658205
XLB,2026-03-13,50.029998779296875,49.68000030517578
XLC,2026-03-13,115.4800033569336,115.2699966430664
XLE,2026-03-13,57.5,57.5099983215332
XLF,2026-03-13,49.11000061035156,48.83000183105469
XLI,2026-03-13,166.2899932861328,165.24000549316406
XLK,2026-03-13,138.4499969482422,137.83999633789062
XLP,2026-03-13,84.70999908447266,84.25
XLRE,2026-03-13,42.61000061035156,42.13999938964844
XLU,2026-03-13,46.970001220703125,46.5
XLV,2026-03-13,151.0399932861328,150.16000366210938
XLY,2026-03-13,112.16999816894531,111.5199966430664
XME,2026-03-13,113.20999908447266,112.80999755859376
XPH,2026-03-13,53.97999954223633,53.63999938964844
XRT,2026-03-13,80.69999694824219,80.26000213623047
ANGL,2026-03-16,28.850000381469727,28.71999931335449
BKLN,2026-03-16,20.520000457763672,20.459999084472656
BNO,2026-03-16,48.560001373291016,49.040000915527344
BWX,2026-03-16,22.07999992370605,21.899999618530277
CANE,2026-03-16,9.649999618530272,9.760000228881836
CEMB,2026-03-16,45.58000183105469,45.45000076293945
CIBR,2026-03-16,65.4800033569336,65.1500015258789
CORN,2026-03-16,18.530000686645508,18.670000076293945
CPER,2026-03-16,35.459999084472656,34.81999969482422
DBA,2026-03-16,26.709999084472656,26.75
DBB,2026-03-16,24.010000228881836,23.780000686645508
DBC,2026-03-16,28.6200008392334,28.709999084472656
DBE,2026-03-16,28.290000915527344,28.559999465942383
DBO,2026-03-16,20.280000686645508,20.549999237060547
DIA,2026-03-16,470.0700073242188,466.4100036621094
EBND,2026-03-16,20.84000015258789,20.700000762939453
EEM,2026-03-16,58.04999923706055,56.79999923706055
EFA,2026-03-16,97.63999938964844,96.30000305175781
EMB,2026-03-16,94.55999755859375,94.37999725341797
EMHY,2026-03-16,39.75,39.56999969482422
EMLC,2026-03-16,25.26000022888184,25.1200008392334
EPI,2026-03-16,42.13999938964844,41.84000015258789
EWA,2026-03-16,28.540000915527344,27.979999542236328
EWC,2026-03-16,55.400001525878906,55.02999877929688
EWG,2026-03-16,40.38999938964844,39.84000015258789
EWJ,2026-03-16,84.58000183105469,83.36000061035156
EWL,2026-03-16,59.15999984741211,58.720001220703125
EWN,2026-03-16,59.61000061035156,58.630001068115234
EWQ,2026-03-16,43.220001220703125,42.79999923706055
EWT,2026-03-16,71.55000305175781,69.98999786376953
EWU,2026-03-16,45.869998931884766,45.33000183105469
EWW,2026-03-16,72.41999816894531,71.52999877929688
EWY,2026-03-16,130.8699951171875,124.1500015258789
EWZ,2026-03-16,36.20000076293945,35.4900016784668
EZA,2026-03-16,68.43000030517578,66.5999984741211
EZU,2026-03-16,62.880001068115234,62.16999816894531
FALN,2026-03-16,26.799999237060547,26.65999984741211
FDN,2026-03-16,242.13999938964844,240.1000061035156
FXI,2026-03-16,36.90999984741211,36.2400016784668
GIGB,2026-03-16,45.75400161743164,45.540000915527344
GLD,2026-03-16,461.2699890136719,460.8399963378906
GLTR,2026-03-16,234.7700042724609,233.4900054931641
GOVT,2026-03-16,22.979999542236328,22.920000076293945
HYG,2026-03-16,79.51000213623047,79.19999694824219
IAU,2026-03-16,94.47000122070312,94.37999725341795
IEF,2026-03-16,95.9800033569336,95.58999633789062
IEI,2026-03-16,119.05000305175781,118.75
IGIB,2026-03-16,53.290000915527344,53.04999923706055
IGV,2026-03-16,84.94000244140625,84.19000244140625
IHI,2026-03-16,54.959999084472656,54.65999984741211
INDA,2026-03-16,48.52999877929688,48.060001373291016
ITB,2026-03-16,93.79000091552734,93.08000183105467
IWM,2026-03-16,249.75999450683594,246.58999633789062
IYR,2026-03-16,98.33999633789062,97.5
IYT,2026-03-16,73.98999786376953,73.26000213623047
JMBS,2026-03-16,45.619998931884766,45.43999862670898
JNK,2026-03-16,95.66000366210938,95.25
KRE,2026-03-16,63.810001373291016,63.11000061035156
LEMB,2026-03-16,41.04999923706055,40.84000015258789
LIT,2026-03-16,71.27999877929688,70.4000015258789
LMBS,2026-03-16,50.150001525878906,50.0
LQD,2026-03-16,108.9000015258789,108.16999816894531
MBB,2026-03-16,95.27999877929688,94.9000015258789
MDY,2026-03-16,617.8499755859375,611.010009765625
PALL,2026-03-16,28.857999801635742,28.152000427246094
PCY,2026-03-16,21.209999084472656,21.09000015258789
PFF,2026-03-16,30.719999313354492,30.670000076293945
PPLT,2026-03-16,19.106000900268555,18.382999420166016
QLTA,2026-03-16,47.560001373291016,47.27999877929688
QQQ,2026-03-16,600.0399780273438,593.719970703125
REM,2026-03-16,21.57999992370605,21.450000762939453
REMX,2026-03-16,90.45999908447266,89.51000213623047
RSP,2026-03-16,195.25,193.5200042724609
RWR,2026-03-16,105.01000213623048,104.25
RWX,2026-03-16,27.959999084472656,27.450000762939453
SCHH,2026-03-16,22.420000076293945,22.239999771118164
SCHO,2026-03-16,24.280000686645508,24.26000022888184
SCHP,2026-03-16,26.770000457763672,26.700000762939453
SGOL,2026-03-16,47.810001373291016,47.77999877929688
SHY,2026-03-16,82.63999938964844,82.55000305175781
SHYG,2026-03-16,42.220001220703125,42.06999969482422
SIVR,2026-03-16,76.91999816894531,76.30999755859375
SKYY,2026-03-16,112.83999633789062,111.6500015258789
SLQD,2026-03-16,50.43000030517578,50.380001068115234
SLV,2026-03-16,73.26000213623047,72.69000244140625
SLX,2026-03-16,89.4800033569336,88.27999877929688
SMH,2026-03-16,395.1400146484375,387.3299865722656
SOXX,2026-03-16,338.8900146484375,331.32000732421875
SOYB,2026-03-16,24.469999313354492,24.760000228881836
SPIB,2026-03-16,33.560001373291016,33.439998626708984
SPMB,2026-03-16,22.450000762939453,22.350000381469727
SPTL,2026-03-16,26.43000030517578,26.239999771118164
SPY,2026-03-16,668.3800048828125,662.2899780273438
SRLN,2026-03-16,39.9900016784668,39.93999862670898
STIP,2026-03-16,103.4499969482422,103.37999725341795
TIP,2026-03-16,111.0199966430664,110.70999908447266
TLH,2026-03-16,101.27999877929688,100.62000274658203
TLT,2026-03-16,87.18000030517578,86.54000091552734
TUR,2026-03-16,38.619998931884766,38.65999984741211
UGA,2026-03-16,96.0,96.88999938964844
UNG,2026-03-16,12.510000228881836,12.640000343322754
UNL,2026-03-16,7.320000171661377,7.360000133514404
USHY,2026-03-16,36.81999969482422,36.65999984741211
USIG,2026-03-16,51.20000076293945,50.970001220703125
USO,2026-03-16,116.93000030517578,119.88999938964844
VCIT,2026-03-16,82.86000061035156,82.45999908447266
VCSH,2026-03-16,79.23999786376953,79.08000183105469
VDC,2026-03-16,232.5800018310547,231.3800048828125
VGIT,2026-03-16,59.77999877929688,59.619998931884766
VGLT,2026-03-16,55.68999862670898,55.290000915527344
VHT,2026-03-16,278.0799865722656,276.6700134277344
VMBS,2026-03-16,47.09999847412109,46.93999862670898
VNQ,2026-03-16,93.11000061035156,92.16000366210938
VNQI,2026-03-16,45.83000183105469,45.25
VPU,2026-03-16,204.3800048828125,202.58999633789065
VTIP,2026-03-16,49.97999954223633,49.93000030517578
VWOB,2026-03-16,66.23999786376953,65.98999786376953
WEAT,2026-03-16,23.190000534057617,23.43000030517578
XBI,2026-03-16,123.3000030517578,121.83000183105467
XLB,2026-03-16,49.459999084472656,49.189998626708984
XLC,2026-03-16,115.43000030517578,114.44999694824219
XLE,2026-03-16,57.7599983215332,57.70000076293945
XLF,2026-03-16,49.25,48.88999938964844
XLI,2026-03-16,166.1699981689453,164.64999389648438
XLK,2026-03-16,138.72000122070312,136.8000030517578
XLP,2026-03-16,85.20999908447266,84.73999786376953
XLRE,2026-03-16,42.560001373291016,42.25
XLU,2026-03-16,47.45000076293945,46.959999084472656
XLV,2026-03-16,150.75,149.7899932861328
XLY,2026-03-16,111.79000091552734,110.86000061035156
XME,2026-03-16,110.12000274658205,109.02999877929688
XPH,2026-03-16,53.84999847412109,53.25
XRT,2026-03-16,80.66000366210938,80.0199966430664
ANGL,2026-03-17,28.86000061035156,28.790000915527344
BKLN,2026-03-17,20.530000686645508,20.469999313354492
BNO,2026-03-17,48.619998931884766,47.65999984741211
BWX,2026-03-17,22.18000030517578,22.09000015258789
CANE,2026-03-17,9.75,9.630000114440918
CEMB,2026-03-17,45.619998931884766,45.56999969482422
CIBR,2026-03-17,64.63999938964844,64.5
CORN,2026-03-17,18.280000686645508,18.260000228881836
CPER,2026-03-17,35.36000061035156,35.689998626708984
DBA,2026-03-17,26.600000381469727,26.450000762939453
DBB,2026-03-17,24.0,24.110000610351562
DBC,2026-03-17,28.690000534057617,28.309999465942383
DBE,2026-03-17,28.51000022888184,27.729999542236328
DBO,2026-03-17,20.450000762939453,20.049999237060547
DIA,2026-03-17,473.3800048828125,470.2999877929688
EBND,2026-03-17,20.920000076293945,20.8799991607666
EEM,2026-03-17,58.880001068115234,58.380001068115234
EFA,2026-03-17,98.73999786376953,98.0999984741211
EMB,2026-03-17,95.02999877929688,94.75
EMHY,2026-03-17,39.83000183105469,39.720001220703125
EMLC,2026-03-17,25.399999618530277,25.32999992370605
EPI,2026-03-17,42.220001220703125,42.11000061035156
EWA,2026-03-17,28.8799991607666,28.68000030517578
EWC,2026-03-17,56.09999847412109,55.84999847412109
EWG,2026-03-17,40.810001373291016,40.52000045776367
EWJ,2026-03-17,85.56999969482422,85.06999969482422
EWL,2026-03-17,59.77000045776367,59.5
EWN,2026-03-17,59.68999862670898,59.70000076293945
EWQ,2026-03-17,43.790000915527344,43.47999954223633
EWT,2026-03-17,73.13999938964844,72.02999877929688
EWU,2026-03-17,46.41999816894531,46.11000061035156
EWW,2026-03-17,73.55999755859375,73.16000366210938
EWY,2026-03-17,134.75999450683594,133.10000610351562
EWZ,2026-03-17,37.0,36.52999877929688
EZA,2026-03-17,69.77999877929688,69.08000183105469
EZU,2026-03-17,63.869998931884766,63.209999084472656
FALN,2026-03-17,26.81999969482422,26.76000022888184
FDN,2026-03-17,243.5800018310547,243.17999267578125
FXI,2026-03-17,37.06999969482422,36.880001068115234
GIGB,2026-03-17,45.869998931884766,45.7400016784668
GLD,2026-03-17,460.510009765625,460.42999267578125
GLTR,2026-03-17,234.75,234.6699981689453
GOVT,2026-03-17,23.020000457763672,22.979999542236328
HYG,2026-03-17,79.61000061035156,79.44999694824219
IAU,2026-03-17,94.33999633789062,94.33000183105467
IEF,2026-03-17,96.16999816894531,96.0199966430664
IEI,2026-03-17,119.19000244140625,119.08999633789062
IGIB,2026-03-17,53.38999938964844,53.2599983215332
IGV,2026-03-17,84.98999786376953,84.94999694824219
IHI,2026-03-17,55.790000915527344,55.58000183105469
INDA,2026-03-17,48.65999984741211,48.560001373291016
ITB,2026-03-17,94.4000015258789,94.27999877929688
IWM,2026-03-17,249.8699951171875,248.9199981689453
IYR,2026-03-17,98.62999725341795,98.25
IYT,2026-03-17,74.7699966430664,74.0999984741211
JMBS,2026-03-17,45.75,45.650001525878906
JNK,2026-03-17,95.86000061035156,95.6500015258789
KRE,2026-03-17,64.05000305175781,63.459999084472656
LEMB,2026-03-17,41.2599983215332,41.150001525878906
LIT,2026-03-17,71.56999969482422,71.62000274658203
LMBS,2026-03-17,50.18999862670898,50.10499954223633
LQD,2026-03-17,109.01000213623047,108.69000244140625
MBB,2026-03-17,95.52999877929688,95.31999969482422
MDY,2026-03-17,618.9000244140625,615.4000244140625
PALL,2026-03-17,29.38599967956543,29.22800064086914
PCY,2026-03-17,21.32999992370605,21.200000762939453
PFF,2026-03-17,30.780000686645508,30.75
PPLT,2026-03-17,19.415000915527344,19.19499969482422
QLTA,2026-03-17,47.59999847412109,47.47999954223633
QQQ,2026-03-17,603.1400146484375,600.3800048828125
REM,2026-03-17,21.51000022888184,21.559999465942383
REMX,2026-03-17,89.4800033569336,90.0999984741211
RSP,2026-03-17,196.30999755859372,194.9600067138672
RWR,2026-03-17,105.87000274658205,105.16999816894533
RWX,2026-03-17,28.34000015258789,28.01000022888184
SCHH,2026-03-17,22.59000015258789,22.43000030517578
SCHO,2026-03-17,24.299999237060547,24.290000915527344
SCHP,2026-03-17,26.82999992370605,26.76000022888184
SGOL,2026-03-17,47.75,47.75
SHY,2026-03-17,82.6500015258789,82.6500015258789
SHYG,2026-03-17,42.27999877929688,42.20000076293945
SIVR,2026-03-17,76.80999755859375,76.91000366210938
SKYY,2026-03-17,112.83000183105467,112.55999755859376
SLQD,2026-03-17,50.5,50.43999862670898
SLV,2026-03-17,73.16000366210938,73.22000122070312
SLX,2026-03-17,90.12999725341795,89.62999725341797
SMH,2026-03-17,397.1600036621094,393.9200134277344
SOXX,2026-03-17,340.5599975585937,337.8299865722656
SOYB,2026-03-17,24.100000381469727,23.799999237060547
SPIB,2026-03-17,33.58000183105469,33.529998779296875
SPMB,2026-03-17,22.51000022888184,22.459999084472656
SPTL,2026-03-17,26.5,26.450000762939453
SPY,2026-03-17,672.3900146484375,669.030029296875
SRLN,2026-03-17,40.04999923706055,40.0
STIP,2026-03-17,103.56999969482422,103.45999908447266
TIP,2026-03-17,111.2699966430664,111.05999755859375
TLH,2026-03-17,101.55999755859375,101.31999969482422
TLT,2026-03-17,87.36000061035156,87.20999908447266
TUR,2026-03-17,39.25,38.869998931884766
UGA,2026-03-17,97.51000213623047,95.87999725341797
UNG,2026-03-17,12.390000343322754,12.210000038146973
UNL,2026-03-17,7.260000228881836,7.210000038146973
USHY,2026-03-17,36.88999938964844,36.77999877929688
USIG,2026-03-17,51.29999923706055,51.150001525878906
USO,2026-03-17,117.41999816894531,115.02999877929688
VCIT,2026-03-17,83.04000091552734,82.79000091552734
VCSH,2026-03-17,79.27999877929688,79.19000244140625
VDC,2026-03-17,232.6199951171875,231.66000366210935
VGIT,2026-03-17,59.86000061035156,59.79999923706055
VGLT,2026-03-17,55.81999969482422,55.70000076293945
VHT,2026-03-17,279.8099975585937,278.9599914550781
VMBS,2026-03-17,47.209999084472656,47.150001525878906
VNQ,2026-03-17,93.5500030517578,92.93000030517578
VNQI,2026-03-17,46.43999862670898,46.0
VPU,2026-03-17,204.7899932861328,203.7100067138672
VTIP,2026-03-17,50.02000045776367,49.97999954223633
VWOB,2026-03-17,66.44000244140625,66.29000091552734
WEAT,2026-03-17,22.690000534057617,22.850000381469727
XBI,2026-03-17,123.81999969482422,123.91000366210938
XLB,2026-03-17,49.68000030517578,49.400001525878906
XLC,2026-03-17,115.6500015258789,115.33000183105469
XLE,2026-03-17,58.22999954223633,57.900001525878906
XLF,2026-03-17,49.70000076293945,49.29999923706055
XLI,2026-03-17,167.22000122070312,166.05999755859375
XLK,2026-03-17,139.38999938964844,138.77999877929688
XLP,2026-03-17,85.4000015258789,84.9800033569336
XLRE,2026-03-17,42.939998626708984,42.58000183105469
XLU,2026-03-17,47.52000045776367,47.2599983215332
XLV,2026-03-17,151.22000122070312,151.00999450683594
XLY,2026-03-17,112.77999877929688,112.19999694824219
XME,2026-03-17,110.87000274658205,110.4800033569336
XPH,2026-03-17,54.02000045776367,53.77999877929688
XRT,2026-03-17,80.62000274658203,80.16999816894531
ANGL,2026-03-18,28.86000061035156,28.899999618530277
BKLN,2026-03-18,20.520000457763672,20.540000915527344
BNO,2026-03-18,51.400001525878906,49.400001525878906
BWX,2026-03-18,22.07999992370605,22.15999984741211
CANE,2026-03-18,9.779999732971191,9.779999732971191
CEMB,2026-03-18,45.540000915527344,45.59000015258789
CIBR,2026-03-18,64.83999633789062,64.97000122070312
CORN,2026-03-18,18.270000457763672,18.329999923706055
CPER,2026-03-18,34.099998474121094,35.209999084472656
DBA,2026-03-18,26.6299991607666,26.6200008392334
DBB,2026-03-18,23.3700008392334,23.829999923706055
DBC,2026-03-18,28.96999931335449,28.76000022888184
DBE,2026-03-18,29.540000915527344,28.75
DBO,2026-03-18,20.84000015258789,20.530000686645508
DIA,2026-03-18,468.7699890136719,470.8999938964844
EBND,2026-03-18,20.780000686645508,20.90999984741211
EEM,2026-03-18,58.380001068115234,58.75
EFA,2026-03-18,97.80999755859375,98.37000274658203
EMB,2026-03-18,95.01000213623047,95.0999984741211
EMHY,2026-03-18,39.810001373291016,39.900001525878906
EMLC,2026-03-18,25.239999771118164,25.38999938964844
EPI,2026-03-18,41.709999084472656,42.02999877929688
EWA,2026-03-18,28.32999992370605,28.700000762939453
EWC,2026-03-18,55.43999862670898,55.900001525878906
EWG,2026-03-18,40.52000045776367,40.7400016784668
EWJ,2026-03-18,84.69999694824219,85.08000183105469
EWL,2026-03-18,58.93000030517578,59.540000915527344
EWN,2026-03-18,59.0099983215332,59.59999847412109
EWQ,2026-03-18,43.619998931884766,43.650001525878906
EWT,2026-03-18,72.62000274658203,73.0
EWU,2026-03-18,45.9900016784668,46.29999923706055
EWW,2026-03-18,72.94000244140625,73.37999725341797
EWY,2026-03-18,133.99000549316406,134.42999267578125
EWZ,2026-03-18,36.54999923706055,36.709999084472656
EZA,2026-03-18,66.1500015258789,69.18000030517578
EZU,2026-03-18,63.369998931884766,63.52999877929688
FALN,2026-03-18,26.84000015258789,26.8799991607666
FDN,2026-03-18,243.52999877929688,244.7400054931641
FXI,2026-03-18,36.630001068115234,36.88999938964844
GIGB,2026-03-18,45.86000061035156,45.93000030517578
GLD,2026-03-18,446.6600036621094,459.2699890136719
GLTR,2026-03-18,225.7700042724609,232.6699981689453
GOVT,2026-03-18,23.0,23.020000457763672
HYG,2026-03-18,79.69000244140625,79.80999755859375
IAU,2026-03-18,91.48999786376952,94.06999969482422
IEF,2026-03-18,96.05000305175781,96.19000244140625
IEI,2026-03-18,119.05000305175781,119.16999816894531
IGIB,2026-03-18,53.41999816894531,53.5
IGV,2026-03-18,84.73999786376953,85.52999877929688
IHI,2026-03-18,55.470001220703125,55.95000076293945
INDA,2026-03-18,48.20000076293945,48.52000045776367
ITB,2026-03-18,93.63999938964844,94.2300033569336
IWM,2026-03-18,248.41000366210938,250.0500030517578
IYR,2026-03-18,98.02999877929688,98.37000274658205
IYT,2026-03-18,74.69000244140625,75.0999984741211
JMBS,2026-03-18,45.63999938964844,45.72999954223633
JNK,2026-03-18,95.88999938964844,96.02999877929688
KRE,2026-03-18,63.20000076293945,63.45000076293945
LEMB,2026-03-18,41.040000915527344,41.27999877929688
LIT,2026-03-18,70.4000015258789,71.63999938964844
LMBS,2026-03-18,50.15999984741211,50.15999984741211
LQD,2026-03-18,109.12999725341797,109.30000305175781
MBB,2026-03-18,95.33000183105469,95.51000213623047
MDY,2026-03-18,618.3300170898438,621.0
PALL,2026-03-18,27.788000106811523,29.170000076293945
PCY,2026-03-18,21.299999237060547,21.309999465942383
PFF,2026-03-18,30.81999969482422,30.899999618530273
PPLT,2026-03-18,18.540000915527344,19.260000228881836
QLTA,2026-03-18,47.650001525878906,47.68999862670898
QQQ,2026-03-18,601.489990234375,603.3099975585938
REM,2026-03-18,21.540000915527344,21.6299991607666
REMX,2026-03-18,87.94000244140625,90.12000274658205
RSP,2026-03-18,195.1499938964844,196.0500030517578
RWR,2026-03-18,105.1999969482422,105.5199966430664
RWX,2026-03-18,28.190000534057617,28.209999084472656
SCHH,2026-03-18,22.440000534057617,22.489999771118164
SCHO,2026-03-18,24.290000915527344,24.299999237060547
SCHP,2026-03-18,26.8700008392334,26.8700008392334
SGOL,2026-03-18,46.310001373291016,47.619998931884766
SHY,2026-03-18,82.5999984741211,82.66000366210938
SHYG,2026-03-18,42.310001373291016,42.34000015258789
SIVR,2026-03-18,73.0,75.26000213623047
SKYY,2026-03-18,112.61000061035156,113.48999786376952
SLQD,2026-03-18,50.45000076293945,50.5099983215332
SLV,2026-03-18,69.51000213623047,71.66000366210938
SLX,2026-03-18,90.08000183105467,90.41999816894533
SMH,2026-03-18,396.9599914550781,396.8800048828125
SOXX,2026-03-18,340.5299987792969,340.25
SOYB,2026-03-18,24.1200008392334,24.06999969482422
SPIB,2026-03-18,33.56999969482422,33.61000061035156
SPMB,2026-03-18,22.459999084472656,22.5
SPTL,2026-03-18,26.479999542236328,26.530000686645508
SPY,2026-03-18,668.3599853515625,670.7899780273438
SRLN,2026-03-18,40.08000183105469,40.15999984741211
STIP,2026-03-18,103.7300033569336,103.68000030517578
TIP,2026-03-18,111.51000213623047,111.44999694824219
TLH,2026-03-18,101.5199966430664,101.6500015258789
TLT,2026-03-18,87.36000061035156,87.44999694824219
TUR,2026-03-18,38.93000030517578,39.41999816894531
UGA,2026-03-18,102.5,99.5
UNG,2026-03-18,12.1899995803833,12.199999809265137
UNL,2026-03-18,7.239999771118164,7.210000038146973
USHY,2026-03-18,36.90999984741211,36.95000076293945
USIG,2026-03-18,51.31999969482422,51.369998931884766
USO,2026-03-18,121.02999877929688,118.83999633789062
VCIT,2026-03-18,83.05000305175781,83.18000030517578
VCSH,2026-03-18,79.27999877929688,79.33999633789062
VDC,2026-03-18,229.13999938964844,230.80999755859372
VGIT,2026-03-18,59.790000915527344,59.880001068115234
VGLT,2026-03-18,55.79999923706055,55.880001068115234
VHT,2026-03-18,275.8099975585937,277.1300048828125
VMBS,2026-03-18,47.13999938964844,47.18999862670898
VNQ,2026-03-18,92.97000122070312,93.33999633789062
VNQI,2026-03-18,46.22999954223633,46.40999984741211
VPU,2026-03-18,202.8000030517578,203.1100006103516
VTIP,2026-03-18,50.09000015258789,50.08000183105469
VWOB,2026-03-18,66.41999816894531,66.55000305175781
WEAT,2026-03-18,22.709999084472656,22.610000610351562
XBI,2026-03-18,123.1999969482422,124.19000244140624
XLB,2026-03-18,49.18000030517578,49.52000045776367
XLC,2026-03-18,114.66000366210938,115.37000274658203
XLE,2026-03-18,58.7400016784668,58.5099983215332
XLF,2026-03-18,49.369998931884766,49.560001373291016
XLI,2026-03-18,166.1699981689453,166.5
XLK,2026-03-18,139.30999755859375,139.5399932861328
XLP,2026-03-18,84.01000213623047,84.69999694824219
XLRE,2026-03-18,42.54999923706055,42.720001220703125
XLU,2026-03-18,46.95000076293945,47.130001068115234
XLV,2026-03-18,148.72000122070312,149.63999938964844
XLY,2026-03-18,112.5,113.18000030517578
XME,2026-03-18,108.87999725341795,110.7699966430664
XPH,2026-03-18,53.959999084472656,54.310001373291016
XRT,2026-03-18,79.72000122070312,80.36000061035156
ANGL,2026-03-19,28.63999938964844,28.75
BKLN,2026-03-19,20.5,20.530000686645508
BNO,2026-03-19,53.25,52.15999984741211
BWX,2026-03-19,21.989999771118164,21.96999931335449
CANE,2026-03-19,10.18000030517578,9.979999542236328
CEMB,2026-03-19,45.34000015258789,45.369998931884766
CIBR,2026-03-19,64.62000274658203,64.95999908447266
CORN,2026-03-19,18.739999771118164,18.6299991607666
CPER,2026-03-19,32.79999923706055,33.650001525878906
DBA,2026-03-19,26.950000762939453,26.90999984741211
DBB,2026-03-19,22.43000030517578,23.280000686645508
DBC,2026-03-19,29.049999237060547,29.270000457763672
DBE,2026-03-19,30.3799991607666,30.059999465942383
DBO,2026-03-19,20.950000762939453,21.049999237060547
DIA,2026-03-19,459.9700012207031,463.0
EBND,2026-03-19,20.6299991607666,20.709999084472656
EEM,2026-03-19,56.439998626708984,57.560001373291016
EFA,2026-03-19,94.94000244140625,96.69000244140625
EMB,2026-03-19,93.93000030517578,94.36000061035156
EMHY,2026-03-19,39.47999954223633,39.59999847412109
EMLC,2026-03-19,25.049999237060547,25.13999938964844
EPI,2026-03-19,41.0099983215332,41.20000076293945
EWA,2026-03-19,27.709999084472656,28.0
EWC,2026-03-19,53.90999984741211,54.810001373291016
EWG,2026-03-19,39.04999923706055,39.7599983215332
EWJ,2026-03-19,82.26000213623047,84.1500015258789
EWL,2026-03-19,56.97999954223633,57.86000061035156
EWN,2026-03-19,57.09000015258789,58.34000015258789
EWQ,2026-03-19,42.43999862670898,43.11000061035156
EWT,2026-03-19,70.52999877929688,71.33999633789062
EWU,2026-03-19,44.5099983215332,45.380001068115234
EWW,2026-03-19,71.75,72.37999725341797
EWY,2026-03-19,128.4199981689453,131.8800048828125
EWZ,2026-03-19,35.459999084472656,36.2599983215332
EZA,2026-03-19,62.790000915527344,65.86000061035156
EZU,2026-03-19,61.310001373291016,62.38999938964844
FALN,2026-03-19,26.600000381469727,26.700000762939453
FDN,2026-03-19,240.88999938964844,242.9499969482422
FXI,2026-03-19,35.88999938964844,36.20000076293945
GIGB,2026-03-19,45.65999984741211,45.720001220703125
GLD,2026-03-19,420.3599853515625,444.739990234375
GLTR,2026-03-19,208.47000122070312,223.97999572753903
GOVT,2026-03-19,22.899999618530277,22.93000030517578
HYG,2026-03-19,79.02999877929688,79.4000015258789
IAU,2026-03-19,86.0999984741211,91.12000274658205
IEF,2026-03-19,95.48999786376953,95.75
IEI,2026-03-19,118.44000244140625,118.75
IGIB,2026-03-19,53.04999923706055,53.18999862670898
IGV,2026-03-19,83.88999938964844,84.33999633789062
IHI,2026-03-19,55.04999923706055,55.13999938964844
INDA,2026-03-19,47.13999938964844,47.720001220703125
ITB,2026-03-19,90.6500015258789,91.36000061035156
IWM,2026-03-19,243.02999877929688,246.02000427246094
IYR,2026-03-19,96.51000213623048,96.83999633789062
IYT,2026-03-19,73.56999969482422,74.05999755859375
JMBS,2026-03-19,45.29999923706055,45.5
JNK,2026-03-19,95.05000305175781,95.58000183105469
KRE,2026-03-19,62.2599983215332,62.619998931884766
LEMB,2026-03-19,40.77000045776367,40.869998931884766
LIT,2026-03-19,67.54000091552734,69.44999694824219
LMBS,2026-03-19,49.970001220703125,50.07500076293945
LQD,2026-03-19,108.30999755859375,108.70999908447266
MBB,2026-03-19,94.72000122070312,94.9800033569336
MDY,2026-03-19,608.0700073242188,615.22998046875
PALL,2026-03-19,26.197999954223633,27.06800079345703
PCY,2026-03-19,21.020000457763672,21.11000061035156
PFF,2026-03-19,30.559999465942383,30.670000076293945
PPLT,2026-03-19,17.23699951171875,18.382999420166016
QLTA,2026-03-19,47.369998931884766,47.4900016784668
QQQ,2026-03-19,589.510009765625,594.9000244140625
REM,2026-03-19,21.280000686645508,21.32999992370605
REMX,2026-03-19,81.94999694824219,86.66999816894531
RSP,2026-03-19,192.25999450683597,193.47000122070312
RWR,2026-03-19,103.81999969482422,104.05999755859376
RWX,2026-03-19,27.479999542236328,27.850000381469727
SCHH,2026-03-19,22.100000381469727,22.149999618530277
SCHO,2026-03-19,24.229999542236328,24.26000022888184
SCHP,2026-03-19,26.76000022888184,26.809999465942383
SGOL,2026-03-19,43.58000183105469,46.130001068115234
SHY,2026-03-19,82.38999938964844,82.51000213623047
SHYG,2026-03-19,42.02999877929688,42.18000030517578
SIVR,2026-03-19,64.95999908447266,72.16999816894531
SKYY,2026-03-19,111.83999633789062,113.26000213623048
SLQD,2026-03-19,50.310001373291016,50.400001525878906
SLV,2026-03-19,61.900001525878906,68.69999694824219
SLX,2026-03-19,86.0999984741211,88.55999755859375
SMH,2026-03-19,384.0,393.6700134277344
SOXX,2026-03-19,328.760009765625,338.2900085449219
SOYB,2026-03-19,24.219999313354492,24.18000030517578
SPIB,2026-03-19,33.400001525878906,33.4900016784668
SPMB,2026-03-19,22.32999992370605,22.38999938964844
SPTL,2026-03-19,26.3700008392334,26.36000061035156
SPY,2026-03-19,656.969970703125,661.4299926757812
SRLN,2026-03-19,40.02999877929688,40.08000183105469
STIP,2026-03-19,103.51000213623048,103.63999938964844
TIP,2026-03-19,111.0199966430664,111.23999786376953
TLH,2026-03-19,100.93000030517578,101.06999969482422
TLT,2026-03-19,87.05999755859375,86.95999908447266
TUR,2026-03-19,38.68000030517578,38.72999954223633
UGA,2026-03-19,101.70999908447266,101.3499984741211
UNG,2026-03-19,13.0,12.670000076293945
UNL,2026-03-19,7.670000076293945,7.46999979019165
USHY,2026-03-19,36.619998931884766,36.790000915527344
USIG,2026-03-19,51.02999877929688,51.150001525878906
USO,2026-03-19,120.4000015258789,121.66999816894531
VCIT,2026-03-19,82.45999908447266,82.70999908447266
VCSH,2026-03-19,78.97000122070312,79.13999938964844
VDC,2026-03-19,225.16000366210935,225.32000732421875
VGIT,2026-03-19,59.47999954223633,59.63999938964844
VGLT,2026-03-19,55.54999923706055,55.54999923706055
VHT,2026-03-19,272.1199951171875,272.57000732421875
VMBS,2026-03-19,46.84999847412109,46.95000076293945
VNQ,2026-03-19,91.58000183105467,91.95999908447266
VNQI,2026-03-19,45.119998931884766,45.86000061035156
VPU,2026-03-19,200.8800048828125,201.47999572753903
VTIP,2026-03-19,50.0,50.060001373291016
VWOB,2026-03-19,65.77999877929688,66.01000213623047
WEAT,2026-03-19,23.280000686645508,23.209999084472656
XBI,2026-03-19,120.29000091552734,121.11000061035156
XLB,2026-03-19,47.63999938964844,48.47999954223633
XLC,2026-03-19,113.31500244140625,113.66000366210938
XLE,2026-03-19,58.869998931884766,58.43000030517578
XLF,2026-03-19,48.77000045776367,48.970001220703125
XLI,2026-03-19,163.4600067138672,165.17999267578125
XLK,2026-03-19,136.0,137.9600067138672
XLP,2026-03-19,82.62000274658203,82.63999938964844
XLRE,2026-03-19,41.90999984741211,42.02000045776367
XLU,2026-03-19,46.650001525878906,46.72999954223633
XLV,2026-03-19,147.13999938964844,147.13999938964844
XLY,2026-03-19,109.62999725341797,110.56999969482422
XME,2026-03-19,103.3499984741211,107.91000366210938
XPH,2026-03-19,52.720001220703125,53.06999969482422
XRT,2026-03-19,78.62999725341797,78.98999786376953
ANGL,2026-03-20,28.729999542236328,28.799999237060547
BKLN,2026-03-20,20.530000686645508,20.540000915527344
BNO,2026-03-20,51.95000076293945,51.13999938964844
BWX,2026-03-20,22.020000457763672,22.190000534057617
CANE,2026-03-20,10.369999885559082,10.300000190734863
CEMB,2026-03-20,45.290000915527344,45.41999816894531
CIBR,2026-03-20,65.02999877929688,65.2300033569336
CORN,2026-03-20,18.65999984741211,18.829999923706055
CPER,2026-03-20,33.11000061035156,33.720001220703125
DBA,2026-03-20,26.850000381469727,26.969999313354492
DBB,2026-03-20,22.760000228881836,22.950000762939453
DBC,2026-03-20,28.920000076293945,28.84000015258789
DBE,2026-03-20,29.899999618530277,29.65999984741211
DBO,2026-03-20,20.709999084472656,20.65999984741211
DIA,2026-03-20,458.7300109863281,461.05999755859375
EBND,2026-03-20,20.700000762939453,20.81999969482422
EEM,2026-03-20,56.95000076293945,57.619998931884766
EFA,2026-03-20,96.12999725341797,96.5199966430664
EMB,2026-03-20,94.30999755859375,94.62999725341797
EMHY,2026-03-20,39.459999084472656,39.65999984741211
EMLC,2026-03-20,25.1299991607666,25.299999237060547
EPI,2026-03-20,41.130001068115234,41.27999877929688
EWA,2026-03-20,28.01000022888184,28.26000022888184
EWC,2026-03-20,54.04999923706055,54.09999847412109
EWG,2026-03-20,39.36000061035156,39.68999862670898
EWJ,2026-03-20,83.87000274658203,84.08000183105469
EWL,2026-03-20,57.650001525878906,57.540000915527344
EWN,2026-03-20,57.77000045776367,58.13999938964844
EWQ,2026-03-20,42.84000015258789,43.20000076293945
EWT,2026-03-20,71.33999633789062,72.13999938964844
EWU,2026-03-20,44.97999954223633,45.11000061035156
EWW,2026-03-20,71.55999755859375,72.18000030517578
EWY,2026-03-20,132.57000732421875,134.82000732421875
EWZ,2026-03-20,35.91999816894531,36.5
EZA,2026-03-20,64.5,64.93000030517578
EZU,2026-03-20,62.220001220703125,62.40999984741211
FALN,2026-03-20,26.700000762939453,26.780000686645508
FDN,2026-03-20,240.5399932861328,241.6699981689453
FXI,2026-03-20,35.66999816894531,36.18999862670898
GIGB,2026-03-20,45.72999954223633,45.89699935913086
GLD,2026-03-20,428.0899963378906,426.4100036621094
GLTR,2026-03-20,214.2700042724609,214.63999938964844
GOVT,2026-03-20,22.8799991607666,22.950000762939453
HYG,2026-03-20,79.5,79.66000366210938
IAU,2026-03-20,87.69000244140625,87.37000274658203
IEF,2026-03-20,95.30999755859375,95.73999786376953
IEI,2026-03-20,118.31999969482422,118.72000122070312
IGIB,2026-03-20,53.130001068115234,53.34000015258789
IGV,2026-03-20,83.83999633789062,84.45999908447266
IHI,2026-03-20,54.81999969482422,54.869998931884766
INDA,2026-03-20,47.29999923706055,47.52000045776367
ITB,2026-03-20,90.4499969482422,90.63999938964844
IWM,2026-03-20,246.97000122070312,247.6300048828125
IYR,2026-03-20,96.4800033569336,96.47000122070312
IYT,2026-03-20,74.19999694824219,73.86000061035156
JMBS,2026-03-20,45.38999938964844,45.45000076293945
JNK,2026-03-20,95.63999938964844,95.79000091552734
KRE,2026-03-20,63.11000061035156,63.189998626708984
LEMB,2026-03-20,40.869998931884766,41.13999938964844
LIT,2026-03-20,68.97000122070312,68.73999786376953
LMBS,2026-03-20,49.9900016784668,50.060001373291016
LQD,2026-03-20,108.69000244140625,109.19000244140625
MBB,2026-03-20,94.75,95.08999633789062
MDY,2026-03-20,612.97998046875,616.760009765625
PALL,2026-03-20,26.31999969482422,26.31800079345703
PCY,2026-03-20,21.030000686645508,21.18000030517578
PFF,2026-03-20,30.6299991607666,30.709999084472656
PPLT,2026-03-20,18.04199981689453,17.875
QLTA,2026-03-20,47.470001220703125,47.65999984741211
QQQ,2026-03-20,591.0599975585938,593.02001953125
REM,2026-03-20,21.3700008392334,21.420000076293945
REMX,2026-03-20,82.7300033569336,82.94999694824219
RSP,2026-03-20,193.02999877929688,193.32000732421875
RWR,2026-03-20,103.66000366210938,103.62999725341795
RWX,2026-03-20,27.6200008392334,27.709999084472656
SCHH,2026-03-20,22.06999969482422,22.07999992370605
SCHO,2026-03-20,24.21999931335449,24.25
SCHP,2026-03-20,26.700000762939453,26.780000686645508
SGOL,2026-03-20,44.38999938964844,44.22999954223633
SHY,2026-03-20,82.37000274658203,82.48999786376953
SHYG,2026-03-20,42.22999954223633,42.290000915527344
SIVR,2026-03-20,67.8499984741211,68.9800033569336
SKYY,2026-03-20,112.87999725341795,113.62999725341795
SLQD,2026-03-20,50.369998931884766,50.43999862670898
SLV,2026-03-20,64.68000030517578,65.68000030517578
SLX,2026-03-20,87.12999725341797,87.72000122070312
SMH,2026-03-20,394.1099853515625,394.9200134277344
SOXX,2026-03-20,339.7099914550781,340.20001220703125
SOYB,2026-03-20,24.219999313354492,24.219999313354492
SPIB,2026-03-20,33.459999084472656,33.54999923706055
SPMB,2026-03-20,22.31999969482422,22.399999618530277
SPTL,2026-03-20,26.290000915527344,26.5
SPY,2026-03-20,656.510009765625,659.7999877929688
SRLN,2026-03-20,40.09999847412109,40.09999847412109
STIP,2026-03-20,103.41000366210938,103.5
TIP,2026-03-20,110.72000122070312,111.11000061035156
TLH,2026-03-20,100.6500015258789,101.41000366210938
TLT,2026-03-20,86.80999755859375,87.48999786376953
TUR,2026-03-20,38.68999862670898,38.77999877929688
UGA,2026-03-20,101.18000030517578,99.23999786376953
UNG,2026-03-20,12.25,12.5600004196167
UNL,2026-03-20,7.320000171661377,7.389999866485596
USHY,2026-03-20,36.83000183105469,36.880001068115234
USIG,2026-03-20,51.11000061035156,51.31999969482422
USO,2026-03-20,118.95999908447266,117.36000061035156
VCIT,2026-03-20,82.62000274658203,82.93000030517578
VCSH,2026-03-20,79.06999969482422,79.2300033569336
VDC,2026-03-20,223.8000030517578,223.67999267578125
VGIT,2026-03-20,59.400001525878906,59.619998931884766
VGLT,2026-03-20,55.400001525878906,55.81999969482422
VHT,2026-03-20,271.5,271.8999938964844
VMBS,2026-03-20,46.83000183105469,46.97999954223633
VNQ,2026-03-20,91.63999938964844,91.58999633789062
VNQI,2026-03-20,45.29999923706055,45.560001373291016
VPU,2026-03-20,200.4199981689453,200.7700042724609
VTIP,2026-03-20,49.95000076293945,49.9900016784668
VWOB,2026-03-20,65.8499984741211,66.13999938964844
WEAT,2026-03-20,23.049999237060547,23.34000015258789
XBI,2026-03-20,121.6999969482422,122.33000183105467
XLB,2026-03-20,47.849998474121094,47.7400016784668
XLC,2026-03-20,112.83000183105469,113.13999938964844
XLE,2026-03-20,59.560001373291016,59.36000061035156
XLF,2026-03-20,48.959999084472656,48.9900016784668
XLI,2026-03-20,164.02000427246094,164.05999755859375
XLK,2026-03-20,137.97999572753906,138.42999267578125
XLP,2026-03-20,82.11000061035156,81.97000122070312
XLRE,2026-03-20,41.849998474121094,41.91999816894531
XLU,2026-03-20,46.459999084472656,46.540000915527344
XLV,2026-03-20,146.47999572753906,146.61000061035156
XLY,2026-03-20,109.43000030517578,109.69999694824219
XME,2026-03-20,104.97000122070312,105.16999816894533
XPH,2026-03-20,53.4900016784668,53.720001220703125
XRT,2026-03-20,79.66000366210938,79.9000015258789
ANGL,2026-03-23,28.57999992370605,28.459999084472656
BKLN,2026-03-23,20.40999984741211,20.489999771118164
BNO,2026-03-23,49.400001525878906,52.91999816894531
BWX,2026-03-23,22.040000915527344,21.920000076293945
CANE,2026-03-23,10.479999542236328,10.449999809265137
CEMB,2026-03-23,45.15999984741211,45.11000061035156
CIBR,2026-03-23,64.41999816894531,64.02999877929688
CORN,2026-03-23,18.520000457763672,18.799999237060547
CPER,2026-03-23,33.20000076293945,32.349998474121094
DBA,2026-03-23,26.739999771118164,26.850000381469727
DBB,2026-03-23,22.760000228881836,22.34000015258789
DBC,2026-03-23,28.11000061035156,28.940000534057617
DBE,2026-03-23,28.809999465942383,30.38999938964844
DBO,2026-03-23,19.809999465942383,20.799999237060547
DIA,2026-03-23,463.2999877929688,455.8900146484375
EBND,2026-03-23,20.729999542236328,20.549999237060547
EEM,2026-03-23,56.88999938964844,55.63999938964844
EFA,2026-03-23,95.52999877929688,93.58999633789062
EMB,2026-03-23,93.5199966430664,93.1500015258789
EMHY,2026-03-23,39.33000183105469,39.119998931884766
EMLC,2026-03-23,25.1299991607666,24.93000030517578
EPI,2026-03-23,41.43999862670898,40.43999862670898
EWA,2026-03-23,28.049999237060547,27.299999237060547
EWC,2026-03-23,53.70000076293945,53.209999084472656
EWG,2026-03-23,39.310001373291016,38.20000076293945
EWJ,2026-03-23,83.56999969482422,81.19999694824219
EWL,2026-03-23,57.08000183105469,56.310001373291016
EWN,2026-03-23,57.68999862670898,56.52999877929688
EWQ,2026-03-23,42.650001525878906,41.68000030517578
EWT,2026-03-23,71.44999694824219,69.73999786376953
EWU,2026-03-23,44.43000030517578,43.84999847412109
EWW,2026-03-23,70.68000030517578,69.87000274658203
EWY,2026-03-23,131.7100067138672,125.77999877929688
EWZ,2026-03-23,36.02000045776367,35.060001373291016
EZA,2026-03-23,63.04999923706055,62.58000183105469
EZU,2026-03-23,61.63999938964844,60.18999862670898
FALN,2026-03-23,26.59000015258789,26.459999084472656
FDN,2026-03-23,240.8300018310547,237.75999450683597
FXI,2026-03-23,35.36000061035156,35.15999984741211
GIGB,2026-03-23,45.52000045776367,45.41999816894531
GLD,2026-03-23,405.1199951171875,413.3800048828125
GLTR,2026-03-23,202.94000244140625,205.8600006103516
GOVT,2026-03-23,22.81999969482422,22.790000915527344
HYG,2026-03-23,79.30000305175781,78.91999816894531
IAU,2026-03-23,82.9800033569336,84.69999694824219
IEF,2026-03-23,95.0,94.87999725341797
IEI,2026-03-23,118.1500015258789,118.08000183105469
IGIB,2026-03-23,52.90999984741211,52.810001373291016
IGV,2026-03-23,83.8499984741211,82.98999786376953
IHI,2026-03-23,55.2599983215332,54.43999862670898
INDA,2026-03-23,47.52000045776367,46.59000015258789
ITB,2026-03-23,90.83000183105467,88.2699966430664
IWM,2026-03-23,247.1699981689453,242.22000122070312
IYR,2026-03-23,94.91000366210938,93.4499969482422
IYT,2026-03-23,74.72000122070312,73.08000183105469
JMBS,2026-03-23,45.18000030517578,45.08000183105469
JNK,2026-03-23,95.38999938964844,94.94999694824219
KRE,2026-03-23,64.08999633789062,63.040000915527344
LEMB,2026-03-23,40.84000015258789,40.630001068115234
LIT,2026-03-23,69.20999908447266,66.9800033569336
LMBS,2026-03-23,49.86000061035156,49.880001068115234
LQD,2026-03-23,108.19999694824219,107.8499984741211
MBB,2026-03-23,94.41000366210938,94.1500015258789
MDY,2026-03-23,613.97998046875,601.469970703125
PALL,2026-03-23,25.860000610351562,25.591999053955078
PCY,2026-03-23,20.76000022888184,20.739999771118164
PFF,2026-03-23,30.350000381469727,30.270000457763672
PPLT,2026-03-23,16.92799949645996,17.424999237060547
QLTA,2026-03-23,47.27000045776367,47.15999984741211
QQQ,2026-03-23,590.52001953125,582.0599975585938
REM,2026-03-23,20.76000022888184,20.450000762939453
REMX,2026-03-23,81.4000015258789,79.0999984741211
RSP,2026-03-23,192.5,190.47999572753903
RWR,2026-03-23,101.18000030517578,100.23999786376952
RWX,2026-03-23,27.07999992370605,26.959999084472656
SCHH,2026-03-23,21.690000534057617,21.350000381469727
SCHO,2026-03-23,24.209999084472656,24.209999084472656
SCHP,2026-03-23,26.540000915527344,26.57999992370605
SGOL,2026-03-23,42.02000045776367,42.880001068115234
SHY,2026-03-23,82.36000061035156,82.30999755859375
SHYG,2026-03-23,42.16999816894531,41.95000076293945
SIVR,2026-03-23,64.33000183105469,64.63999938964844
SKYY,2026-03-23,112.56999969482422,111.44000244140624
SLQD,2026-03-23,50.310001373291016,50.310001373291016
SLV,2026-03-23,61.29999923706055,61.52000045776367
SLX,2026-03-23,88.16999816894531,85.70999908447266
SMH,2026-03-23,393.3599853515625,384.739990234375
SOXX,2026-03-23,340.1199951171875,332.510009765625
SOYB,2026-03-23,24.049999237060547,24.079999923706055
SPIB,2026-03-23,33.38999938964844,33.34000015258789
SPMB,2026-03-23,22.26000022888184,22.21999931335449
SPTL,2026-03-23,26.100000381469727,26.0
SPY,2026-03-23,658.0700073242188,648.5700073242188
SRLN,2026-03-23,40.06999969482422,40.040000915527344
STIP,2026-03-23,103.16999816894533,103.33999633789062
TIP,2026-03-23,110.08999633789062,110.22000122070312
TLH,2026-03-23,99.86000061035156,99.55000305175781
TLT,2026-03-23,86.18000030517578,85.83000183105469
TUR,2026-03-23,38.84000015258789,38.380001068115234
UGA,2026-03-23,97.80999755859375,104.91999816894531
UNG,2026-03-23,11.9399995803833,12.390000343322754
UNL,2026-03-23,7.159999847412109,7.400000095367432
USHY,2026-03-23,36.72999954223633,36.540000915527344
USIG,2026-03-23,50.900001525878906,50.79999923706055
USO,2026-03-23,113.29000091552734,121.43000030517578
VCIT,2026-03-23,82.29000091552734,82.1500015258789
VCSH,2026-03-23,78.97000122070312,78.91000366210938
VDC,2026-03-23,224.13999938964844,221.5399932861328
VGIT,2026-03-23,59.29999923706055,59.27000045776367
VGLT,2026-03-23,54.970001220703125,54.77999877929688
VHT,2026-03-23,272.3500061035156,269.0299987792969
VMBS,2026-03-23,46.720001220703125,46.58000183105469
VNQ,2026-03-23,89.88999938964844,88.75
VNQI,2026-03-23,44.47999954223633,44.2599983215332
VPU,2026-03-23,195.00999450683597,192.75
VTIP,2026-03-23,49.83000183105469,49.91999816894531
VWOB,2026-03-23,65.37999725341797,65.19999694824219
WEAT,2026-03-23,22.600000381469727,22.850000381469727
XBI,2026-03-23,121.8499984741211,120.30999755859376
XLB,2026-03-23,47.400001525878906,46.97999954223633
XLC,2026-03-23,112.87000274658203,112.2300033569336
XLE,2026-03-23,57.88999938964844,59.310001373291016
XLF,2026-03-23,49.70000076293945,49.08000183105469
XLI,2026-03-23,164.10000610351562,161.6699981689453
XLK,2026-03-23,137.5,135.2899932861328
XLP,2026-03-23,81.77999877929688,81.29000091552734
XLRE,2026-03-23,40.91999816894531,40.59000015258789
XLU,2026-03-23,44.93000030517578,44.650001525878906
XLV,2026-03-23,146.55999755859375,145.3300018310547
XLY,2026-03-23,109.77999877929688,107.73999786376953
XME,2026-03-23,102.72000122070312,101.7300033569336
XPH,2026-03-23,53.459999084472656,52.720001220703125
XRT,2026-03-23,80.05999755859375,78.6500015258789
ANGL,2026-03-24,28.6200008392334,28.670000076293945
BKLN,2026-03-24,20.450000762939453,20.469999313354492
BNO,2026-03-24,49.7599983215332,47.880001068115234
BWX,2026-03-24,21.950000762939453,22.1200008392334
CANE,2026-03-24,10.56999969482422,10.449999809265137
CEMB,2026-03-24,45.15999984741211,45.27999877929688
CIBR,2026-03-24,64.62000274658203,65.0
CORN,2026-03-24,18.510000228881836,18.510000228881836
CPER,2026-03-24,33.060001373291016,33.529998779296875
DBA,2026-03-24,26.780000686645508,26.84000015258789
DBB,2026-03-24,22.65999984741211,22.850000381469727
DBC,2026-03-24,28.18000030517578,27.75
DBE,2026-03-24,28.950000762939453,27.940000534057617
DBO,2026-03-24,20.43000030517578,19.649999618530277
DIA,2026-03-24,458.4200134277344,461.9700012207031
EBND,2026-03-24,20.540000915527344,20.790000915527344
EEM,2026-03-24,56.130001068115234,57.310001373291016
EFA,2026-03-24,94.48999786376953,95.83999633789062
EMB,2026-03-24,93.68000030517578,94.05999755859375
EMHY,2026-03-24,39.36000061035156,39.52000045776367
EMLC,2026-03-24,24.979999542236328,25.26000022888184
EPI,2026-03-24,40.38999938964844,41.52000045776367
EWA,2026-03-24,27.31999969482422,28.09000015258789
EWC,2026-03-24,53.68000030517578,54.220001220703125
EWG,2026-03-24,38.619998931884766,39.31999969482422
EWJ,2026-03-24,82.9000015258789,83.55000305175781
EWL,2026-03-24,56.7599983215332,57.43000030517578
EWN,2026-03-24,57.33000183105469,57.790000915527344
EWQ,2026-03-24,42.08000183105469,42.84000015258789
EWT,2026-03-24,70.0,72.16000366210938
EWU,2026-03-24,44.02000045776367,44.560001373291016
EWW,2026-03-24,70.5999984741211,71.0999984741211
EWY,2026-03-24,127.30999755859376,133.80999755859375
EWZ,2026-03-24,36.15999984741211,36.84999847412109
EZA,2026-03-24,62.900001525878906,64.27999877929688
EZU,2026-03-24,61.040000915527344,61.900001525878906
FALN,2026-03-24,26.6200008392334,26.68000030517578
FDN,2026-03-24,240.2100067138672,242.27999877929688
FXI,2026-03-24,35.18000030517578,35.380001068115234
GIGB,2026-03-24,45.47999954223633,45.66999816894531
GLD,2026-03-24,400.239990234375,404.0400085449219
GLTR,2026-03-24,201.8999938964844,204.08999633789065
GOVT,2026-03-24,22.780000686645508,22.850000381469727
HYG,2026-03-24,79.23999786376953,79.44000244140625
IAU,2026-03-24,81.98999786376953,82.77999877929688
IEF,2026-03-24,94.79000091552734,95.18000030517578
IEI,2026-03-24,118.0,118.36000061035156
IGIB,2026-03-24,52.88999938964844,53.06999969482422
IGV,2026-03-24,83.87999725341797,84.44000244140625
IHI,2026-03-24,54.150001525878906,54.5
INDA,2026-03-24,46.5099983215332,47.630001068115234
ITB,2026-03-24,90.18000030517578,91.37000274658205
IWM,2026-03-24,245.50999450683594,247.4499969482422
IYR,2026-03-24,93.48999786376952,94.11000061035156
IYT,2026-03-24,73.55000305175781,74.13999938964844
JMBS,2026-03-24,44.970001220703125,45.25
JNK,2026-03-24,95.30999755859375,95.5
KRE,2026-03-24,63.18000030517578,63.810001373291016
LEMB,2026-03-24,40.68999862670898,40.959999084472656
LIT,2026-03-24,69.08000183105469,69.88999938964844
LMBS,2026-03-24,49.83000183105469,49.91999816894531
LQD,2026-03-24,108.06999969482422,108.55999755859375
MBB,2026-03-24,94.1500015258789,94.54000091552734
MDY,2026-03-24,607.6799926757812,612.6699829101562
PALL,2026-03-24,25.54800033569336,25.88800048828125
PCY,2026-03-24,20.770000457763672,20.86000061035156
PFF,2026-03-24,30.3700008392334,30.450000762939453
PPLT,2026-03-24,17.0939998626709,17.011999130249023
QLTA,2026-03-24,47.25,47.43000030517578
QQQ,2026-03-24,584.8099975585938,588.0
REM,2026-03-24,20.809999465942383,20.93000030517578
REMX,2026-03-24,83.02999877929688,83.62999725341797
RSP,2026-03-24,190.5200042724609,191.69000244140625
RWR,2026-03-24,99.87999725341795,100.44000244140624
RWX,2026-03-24,26.770000457763672,26.950000762939453
SCHH,2026-03-24,21.399999618530277,21.51000022888184
SCHO,2026-03-24,24.209999084472656,24.239999771118164
SCHP,2026-03-24,26.489999771118164,26.559999465942383
SGOL,2026-03-24,41.5099983215332,41.900001525878906
SHY,2026-03-24,82.33000183105469,82.43000030517578
SHYG,2026-03-24,42.130001068115234,42.18999862670898
SIVR,2026-03-24,64.70999908447266,65.61000061035156
SKYY,2026-03-24,112.95999908447266,113.86000061035156
SLQD,2026-03-24,50.34000015258789,50.400001525878906
SLV,2026-03-24,61.619998931884766,62.470001220703125
SLX,2026-03-24,87.79000091552734,88.48999786376953
SMH,2026-03-24,388.0299987792969,391.3599853515625
SOXX,2026-03-24,333.7900085449219,336.5899963378906
SOYB,2026-03-24,24.100000381469727,24.190000534057617
SPIB,2026-03-24,33.369998931884766,33.459999084472656
SPMB,2026-03-24,22.190000534057617,22.299999237060547
SPTL,2026-03-24,25.979999542236328,26.170000076293945
SPY,2026-03-24,651.3200073242188,655.3800048828125
SRLN,2026-03-24,40.209999084472656,40.22999954223633
STIP,2026-03-24,103.06999969482422,103.12999725341795
TIP,2026-03-24,109.87999725341797,110.19000244140625
TLH,2026-03-24,99.44999694824219,100.16000366210938
TLT,2026-03-24,85.72000122070312,86.38999938964844
TUR,2026-03-24,38.59000015258789,38.97999954223633
UGA,2026-03-24,98.66999816894531,94.86000061035156
UNG,2026-03-24,11.84000015258789,11.729999542236328
UNL,2026-03-24,7.050000190734863,7.119999885559082
USHY,2026-03-24,36.70000076293945,36.75
USIG,2026-03-24,50.900001525878906,51.08000183105469
USO,2026-03-24,115.2300033569336,110.55999755859375
VCIT,2026-03-24,82.25,82.55000305175781
VCSH,2026-03-24,78.94999694824219,79.11000061035156
VDC,2026-03-24,220.6300048828125,222.44000244140625
VGIT,2026-03-24,59.209999084472656,59.40999984741211
VGLT,2026-03-24,54.709999084472656,55.119998931884766
VHT,2026-03-24,267.04998779296875,269.45001220703125
VMBS,2026-03-24,46.58000183105469,46.77000045776367
VNQ,2026-03-24,87.97000122070312,89.44000244140625
VNQI,2026-03-24,44.15999984741211,44.59000015258789
VPU,2026-03-24,192.6999969482422,194.77999877929688
VTIP,2026-03-24,49.790000915527344,49.81999969482422
VWOB,2026-03-24,65.44000244140625,65.69999694824219
WEAT,2026-03-24,22.610000610351562,22.68000030517578
XBI,2026-03-24,120.26000213623048,121.6999969482422
XLB,2026-03-24,47.279998779296875,47.54999923706055
XLC,2026-03-24,112.1500015258789,112.70999908447266
XLE,2026-03-24,59.79999923706055,59.630001068115234
XLF,2026-03-24,48.79999923706055,49.27000045776367
XLI,2026-03-24,161.3699951171875,163.0500030517578
XLK,2026-03-24,136.0500030517578,136.9499969482422
XLP,2026-03-24,80.80000305175781,81.18000030517578
XLRE,2026-03-24,40.41999816894531,40.619998931884766
XLU,2026-03-24,44.560001373291016,44.779998779296875
XLV,2026-03-24,143.9499969482422,144.77000427246094
XLY,2026-03-24,109.04000091552734,110.12000274658203
XME,2026-03-24,102.66000366210938,103.61000061035156
XPH,2026-03-24,52.220001220703125,52.70000076293945
XRT,2026-03-24,78.97000122070312,79.86000061035156
ANGL,2026-03-25,28.729999542236328,28.600000381469727
BKLN,2026-03-25,20.479999542236328,20.450000762939453
BNO,2026-03-25,47.34000015258789,49.70000076293945
BWX,2026-03-25,22.06999969482422,21.979999542236328
CANE,2026-03-25,10.399999618530272,10.65999984741211
CEMB,2026-03-25,45.29999923706055,45.130001068115234
CIBR,2026-03-25,63.95500183105469,63.08000183105469
CORN,2026-03-25,18.440000534057617,18.510000228881836
CPER,2026-03-25,33.790000915527344,33.349998474121094
DBA,2026-03-25,26.790000915527344,26.889999389648438
DBB,2026-03-25,23.020000457763672,22.770000457763672
DBC,2026-03-25,27.780000686645508,28.239999771118164
DBE,2026-03-25,27.63999938964844,28.940000534057617
DBO,2026-03-25,19.770000457763672,20.31999969482422
DIA,2026-03-25,465.7300109863281,461.1700134277344
EBND,2026-03-25,20.649999618530277,20.56999969482422
EEM,2026-03-25,57.41999816894531,56.52000045776367
EFA,2026-03-25,96.91999816894531,95.2699966430664
EMB,2026-03-25,94.30000305175781,93.58000183105469
EMHY,2026-03-25,39.59000015258789,39.33000183105469
EMLC,2026-03-25,25.149999618530277,25.049999237060547
EPI,2026-03-25,41.09999847412109,40.25
EWA,2026-03-25,27.8700008392334,27.559999465942383
EWC,2026-03-25,54.709999084472656,54.08000183105469
EWG,2026-03-25,39.720001220703125,38.95000076293945
EWJ,2026-03-25,84.97000122070312,83.27999877929688
EWL,2026-03-25,58.29999923706055,57.31999969482422
EWN,2026-03-25,58.52999877929688,57.880001068115234
EWQ,2026-03-25,43.119998931884766,42.43999862670898
EWT,2026-03-25,72.19999694824219,70.73999786376953
EWU,2026-03-25,45.119998931884766,44.400001525878906
EWW,2026-03-25,73.0,72.45999908447266
EWY,2026-03-25,129.5500030517578,128.75
EWZ,2026-03-25,37.34999847412109,36.66999816894531
EZA,2026-03-25,66.7300033569336,63.79999923706055
EZU,2026-03-25,62.619998931884766,61.52999877929688
FALN,2026-03-25,26.709999084472656,26.6200008392334
FDN,2026-03-25,239.6000061035156,236.6100006103516
FXI,2026-03-25,35.939998626708984,35.34000015258789
GIGB,2026-03-25,45.7599983215332,45.584999084472656
GLD,2026-03-25,419.7099914550781,404.1300048828125
GLTR,2026-03-25,213.0200042724609,204.7100067138672
GOVT,2026-03-25,22.8700008392334,22.790000915527344
HYG,2026-03-25,79.44999694824219,79.16999816894531
IAU,2026-03-25,86.01000213623047,82.76000213623047
IEF,2026-03-25,95.29000091552734,94.86000061035156
IEI,2026-03-25,118.3499984741211,118.01000213623047
IGIB,2026-03-25,53.22999954223633,52.95000076293945
IGV,2026-03-25,82.08000183105469,80.81999969482422
IHI,2026-03-25,54.61000061035156,54.09999847412109
INDA,2026-03-25,47.34999847412109,46.38999938964844
ITB,2026-03-25,92.25,91.1999969482422
IWM,2026-03-25,251.74000549316406,248.77999877929688
IYR,2026-03-25,93.83000183105467,93.48999786376952
IYT,2026-03-25,74.7300033569336,74.05999755859375
JMBS,2026-03-25,45.2400016784668,45.04999923706055
JNK,2026-03-25,95.56999969482422,95.2300033569336
KRE,2026-03-25,65.0,64.33999633789062
LEMB,2026-03-25,41.0099983215332,40.72999954223633
LIT,2026-03-25,72.16000366210938,70.73999786376953
LMBS,2026-03-25,49.93999862670898,49.86000061035156
LQD,2026-03-25,109.0,108.33999633789062
MBB,2026-03-25,94.6500015258789,94.2300033569336
MDY,2026-03-25,623.7000122070312,617.7899780273438
PALL,2026-03-25,26.167999267578125,25.634000778198242
PCY,2026-03-25,21.040000915527344,20.770000457763672
PFF,2026-03-25,30.540000915527344,30.440000534057617
PPLT,2026-03-25,17.76799964904785,17.16900062561035
QLTA,2026-03-25,47.56999969482422,47.33000183105469
QQQ,2026-03-25,589.1400146484375,583.97998046875
REM,2026-03-25,20.96999931335449,20.81999969482422
REMX,2026-03-25,87.91999816894531,84.62000274658203
RSP,2026-03-25,193.4600067138672,191.9199981689453
RWR,2026-03-25,100.63999938964844,100.01000213623048
RWX,2026-03-25,27.040000915527344,26.799999237060547
SCHH,2026-03-25,21.36000061035156,21.3799991607666
SCHO,2026-03-25,24.229999542236328,24.209999084472656
SCHP,2026-03-25,26.549999237060547,26.46999931335449
SGOL,2026-03-25,43.52000045776367,41.90999984741211
SHY,2026-03-25,82.4000015258789,82.30999755859375
SHYG,2026-03-25,42.22999954223633,42.09999847412109
SIVR,2026-03-25,69.37000274658203,66.11000061035156
SKYY,2026-03-25,111.91000366210938,110.62999725341795
SLQD,2026-03-25,50.41999816894531,50.34000015258789
SLV,2026-03-25,66.04000091552734,62.95000076293945
SLX,2026-03-25,91.04000091552734,89.08000183105469
SMH,2026-03-25,398.3599853515625,394.5899963378906
SOXX,2026-03-25,344.1700134277344,341.0199890136719
SOYB,2026-03-25,24.1299991607666,24.059999465942383
SPIB,2026-03-25,33.5099983215332,33.400001525878906
SPMB,2026-03-25,22.32999992370605,22.21999931335449
SPTL,2026-03-25,26.270000457763672,26.059999465942383
SPY,2026-03-25,658.6699829101562,653.1799926757812
SRLN,2026-03-25,40.15999984741211,40.13999938964844
STIP,2026-03-25,103.02999877929688,103.02999877929688
TIP,2026-03-25,110.11000061035156,109.83000183105469
TLH,2026-03-25,100.58000183105469,99.81999969482422
TLT,2026-03-25,86.75,86.01000213623047
TUR,2026-03-25,38.81999969482422,38.380001068115234
UGA,2026-03-25,94.08000183105469,99.25
UNG,2026-03-25,11.630000114440918,11.729999542236328
UNL,2026-03-25,7.0,7.039999961853027
USHY,2026-03-25,36.790000915527344,36.66999816894531
USIG,2026-03-25,51.220001220703125,50.97999954223633
USO,2026-03-25,109.29000091552734,114.54000091552734
VCIT,2026-03-25,82.76000213623047,82.38999938964844
VCSH,2026-03-25,79.13999938964844,78.98999786376953
VDC,2026-03-25,222.3500061035156,221.30999755859372
VGIT,2026-03-25,59.41999816894531,59.2400016784668
VGLT,2026-03-25,55.34999847412109,54.900001525878906
VHT,2026-03-25,270.3099975585937,268.25
VMBS,2026-03-25,46.84999847412109,46.61000061035156
VNQ,2026-03-25,88.33999633789062,87.91000366210938
VNQI,2026-03-25,44.90999984741211,44.29999923706055
VPU,2026-03-25,196.3000030517578,194.88999938964844
VTIP,2026-03-25,49.77000045776367,49.77000045776367
VWOB,2026-03-25,65.94999694824219,65.44000244140625
WEAT,2026-03-25,22.440000534057617,22.700000762939453
XBI,2026-03-25,121.23999786376952,119.54000091552734
XLB,2026-03-25,49.0,48.45000076293945
XLC,2026-03-25,111.87999725341797,111.12999725341797
XLE,2026-03-25,60.31999969482422,60.84000015258789
XLF,2026-03-25,49.59000015258789,49.279998779296875
XLI,2026-03-25,165.86000061035156,164.0
XLK,2026-03-25,137.2899932861328,136.14999389648438
XLP,2026-03-25,81.43000030517578,81.11000061035156
XLRE,2026-03-25,40.459999084472656,40.290000915527344
XLU,2026-03-25,45.52000045776367,45.09000015258789
XLV,2026-03-25,145.69000244140625,144.7899932861328
XLY,2026-03-25,111.16000366210938,109.68000030517578
XME,2026-03-25,109.04000091552734,106.81999969482422
XPH,2026-03-25,52.90999984741211,52.4900016784668
XRT,2026-03-25,80.25,79.33999633789062
ANGL,2026-03-26,28.63999938964844,28.729999542236328
BKLN,2026-03-26,20.469999313354492,20.5
BNO,2026-03-26,50.33000183105469,48.77000045776367
BWX,2026-03-26,21.90999984741211,22.040000915527344
CANE,2026-03-26,10.56999969482422,10.460000038146973
CEMB,2026-03-26,45.16999816894531,45.33000183105469
CIBR,2026-03-26,62.84000015258789,63.369998931884766
CORN,2026-03-26,18.700000762939453,18.75
CPER,2026-03-26,33.689998626708984,33.790000915527344
DBA,2026-03-26,26.940000534057617,26.959999084472656
DBB,2026-03-26,22.969999313354492,23.010000228881836
DBC,2026-03-26,28.440000534057617,28.170000076293945
DBE,2026-03-26,29.229999542236328,28.399999618530277
DBO,2026-03-26,20.549999237060547,20.100000381469727
DIA,2026-03-26,461.5400085449219,464.1400146484375
EBND,2026-03-26,20.59000015258789,20.68000030517578
EEM,2026-03-26,56.2599983215332,57.41999816894531
EFA,2026-03-26,95.47000122070312,96.66000366210938
EMB,2026-03-26,94.2699966430664,94.43000030517578
EMHY,2026-03-26,39.5,39.66999816894531
EMLC,2026-03-26,25.06999969482422,25.15999984741211
EPI,2026-03-26,40.77999877929688,41.0099983215332
EWA,2026-03-26,27.459999084472656,27.799999237060547
EWC,2026-03-26,54.060001373291016,54.630001068115234
EWG,2026-03-26,38.869998931884766,39.470001220703125
EWJ,2026-03-26,83.63999938964844,84.75
EWL,2026-03-26,57.709999084472656,58.20000076293945
EWN,2026-03-26,57.58000183105469,58.5099983215332
EWQ,2026-03-26,42.4900016784668,42.970001220703125
EWT,2026-03-26,71.4000015258789,72.38999938964844
EWU,2026-03-26,44.5,45.13999938964844
EWW,2026-03-26,74.62000274658203,75.16000366210938
EWY,2026-03-26,124.58999633789062,127.73999786376952
EWZ,2026-03-26,37.13999938964844,37.540000915527344
EZA,2026-03-26,64.5,66.16999816894531
EZU,2026-03-26,61.43999862670898,62.27999877929688
FALN,2026-03-26,26.61000061035156,26.739999771118164
FDN,2026-03-26,236.3999938964844,238.6999969482422
FXI,2026-03-26,35.099998474121094,36.0
GIGB,2026-03-26,45.560001373291016,45.709999084472656
GLD,2026-03-26,408.5299987792969,416.2900085449219
GLTR,2026-03-26,204.72999572753903,210.8300018310547
GOVT,2026-03-26,22.81999969482422,22.8799991607666
HYG,2026-03-26,79.25,79.41999816894531
IAU,2026-03-26,83.69000244140625,85.2699966430664
IEF,2026-03-26,95.01000213623047,95.36000061035156
IEI,2026-03-26,118.08999633789062,118.37999725341797
IGIB,2026-03-26,52.95000076293945,53.13999938964844
IGV,2026-03-26,79.54000091552734,80.4000015258789
IHI,2026-03-26,54.150001525878906,54.380001068115234
INDA,2026-03-26,47.0,47.41999816894531
ITB,2026-03-26,90.87000274658205,91.81999969482422
IWM,2026-03-26,248.88999938964844,251.82000732421875
IYR,2026-03-26,93.3000030517578,93.48999786376952
IYT,2026-03-26,73.95999908447266,74.72000122070312
JMBS,2026-03-26,45.15999984741211,45.27999877929688
JNK,2026-03-26,95.29000091552734,95.55000305175781
KRE,2026-03-26,63.97999954223633,64.56999969482422
LEMB,2026-03-26,40.77999877929688,40.86000061035156
LIT,2026-03-26,71.02999877929688,72.0199966430664
LMBS,2026-03-26,49.65999984741211,49.959999084472656
LQD,2026-03-26,108.27999877929688,108.7300033569336
MBB,2026-03-26,94.41000366210938,94.7300033569336
MDY,2026-03-26,616.3800048828125,623.0
PALL,2026-03-26,24.790000915527344,25.847999572753906
PCY,2026-03-26,20.920000076293945,21.020000457763672
PFF,2026-03-26,30.459999084472656,30.610000610351562
PPLT,2026-03-26,16.93899917602539,17.54400062561035
QLTA,2026-03-26,47.310001373291016,47.47999954223633
QQQ,2026-03-26,582.5999755859375,587.8200073242188
REM,2026-03-26,21.01000022888184,21.170000076293945
REMX,2026-03-26,85.95999908447266,89.1500015258789
RSP,2026-03-26,191.7100067138672,192.8500061035156
RWR,2026-03-26,99.83000183105467,100.0999984741211
RWX,2026-03-26,26.63999938964844,27.01000022888184
SCHH,2026-03-26,21.209999084472656,21.26000022888184
SCHO,2026-03-26,24.209999084472656,24.21999931335449
SCHP,2026-03-26,26.549999237060547,26.549999237060547
SGOL,2026-03-26,42.36000061035156,43.15999984741211
SHY,2026-03-26,82.33000183105469,82.4000015258789
SHYG,2026-03-26,42.09000015258789,42.220001220703125
SIVR,2026-03-26,65.25,68.48999786376953
SKYY,2026-03-26,110.2300033569336,111.47000122070312
SLQD,2026-03-26,50.310001373291016,50.38999938964844
SLV,2026-03-26,62.099998474121094,65.20999908447266
SLX,2026-03-26,89.19999694824219,89.9800033569336
SMH,2026-03-26,391.9200134277344,399.0199890136719
SOXX,2026-03-26,339.45001220703125,345.25
SOYB,2026-03-26,24.31999969482422,24.350000381469727
SPIB,2026-03-26,33.38999938964844,33.470001220703125
SPMB,2026-03-26,22.25,22.31999969482422
SPTL,2026-03-26,26.15999984741211,26.299999237060547
SPY,2026-03-26,652.0599975585938,656.8200073242188
SRLN,2026-03-26,40.18000030517578,40.22999954223633
STIP,2026-03-26,103.11000061035156,103.0500030517578
TIP,2026-03-26,110.12000274658203,110.16000366210938
TLH,2026-03-26,100.13999938964844,100.66000366210938
TLT,2026-03-26,86.33999633789062,86.83999633789062
TUR,2026-03-26,38.11000061035156,38.56999969482422
UGA,2026-03-26,98.55000305175781,95.56999969482422
UNG,2026-03-26,11.890000343322754,11.859999656677246
UNL,2026-03-26,7.110000133514404,7.110000133514404
USHY,2026-03-26,36.65999984741211,36.77000045776367
USIG,2026-03-26,50.93999862670898,51.11000061035156
USO,2026-03-26,116.7300033569336,113.38999938964844
VCIT,2026-03-26,82.37000274658203,82.62000274658203
VCSH,2026-03-26,78.9800033569336,79.08000183105469
VDC,2026-03-26,222.7400054931641,222.6499938964844
VGIT,2026-03-26,59.27999877929688,59.43000030517578
VGLT,2026-03-26,55.11000061035156,55.38999938964844
VHT,2026-03-26,270.010009765625,271.5199890136719
VMBS,2026-03-26,46.7599983215332,46.88999938964844
VNQ,2026-03-26,87.66000366210938,87.83999633789062
VNQI,2026-03-26,44.15999984741211,44.790000915527344
VPU,2026-03-26,195.33999633789065,195.47999572753903
VTIP,2026-03-26,49.790000915527344,49.77999877929688
VWOB,2026-03-26,65.77999877929688,66.01000213623047
WEAT,2026-03-26,22.799999237060547,22.969999313354492
XBI,2026-03-26,122.5199966430664,123.91999816894533
XLB,2026-03-26,48.970001220703125,49.40999984741211
XLC,2026-03-26,110.61000061035156,111.44000244140625
XLE,2026-03-26,60.66999816894531,60.56999969482422
XLF,2026-03-26,49.11000061035156,49.34000015258789
XLI,2026-03-26,163.72999572753906,165.10000610351562
XLK,2026-03-26,135.17999267578125,136.75999450683594
XLP,2026-03-26,81.4800033569336,81.51000213623047
XLRE,2026-03-26,40.189998626708984,40.27000045776367
XLU,2026-03-26,45.2400016784668,45.25
XLV,2026-03-26,145.75,146.24000549316406
XLY,2026-03-26,110.05000305175781,110.7300033569336
XME,2026-03-26,105.29000091552734,107.9000015258789
XPH,2026-03-26,52.79999923706055,53.77999877929688
XRT,2026-03-26,79.41000366210938,80.05999755859375
ANGL,2026-03-27,28.440000534057617,28.51000022888184
BKLN,2026-03-27,20.459999084472656,20.479999542236328
BNO,2026-03-27,51.869998931884766,50.54999923706055
BWX,2026-03-27,21.729999542236328,21.799999237060547
CANE,2026-03-27,10.5600004196167,10.630000114440918
CEMB,2026-03-27,44.97999954223633,45.08000183105469
CIBR,2026-03-27,61.51499938964844,63.13999938964844
CORN,2026-03-27,18.809999465942383,18.709999084472656
CPER,2026-03-27,33.529998779296875,33.33000183105469
DBA,2026-03-27,27.139999389648438,27.110000610351562
DBB,2026-03-27,22.899999618530273,22.809999465942383
DBC,2026-03-27,28.850000381469727,28.440000534057617
DBE,2026-03-27,30.049999237060547,29.399999618530277
DBO,2026-03-27,20.84000015258789,20.56999969482422
DIA,2026-03-27,457.3599853515625,459.30999755859375
EBND,2026-03-27,20.40999984741211,20.479999542236328
EEM,2026-03-27,55.349998474121094,55.470001220703125
EFA,2026-03-27,94.29000091552734,94.66000366210938
EMB,2026-03-27,93.18000030517578,93.45999908447266
EMHY,2026-03-27,39.15999984741211,39.34999847412109
EMLC,2026-03-27,24.8799991607666,24.959999084472656
EPI,2026-03-27,40.04999923706055,40.33000183105469
EWA,2026-03-27,27.15999984741211,27.170000076293945
EWC,2026-03-27,53.4900016784668,53.709999084472656
EWG,2026-03-27,38.31999969482422,38.66999816894531
EWJ,2026-03-27,82.19000244140625,82.70999908447266
EWL,2026-03-27,57.27000045776367,57.29999923706055
EWN,2026-03-27,56.470001220703125,56.84999847412109
EWQ,2026-03-27,42.08000183105469,42.25
EWT,2026-03-27,70.04000091552734,70.0999984741211
EWU,2026-03-27,44.09999847412109,44.220001220703125
EWW,2026-03-27,72.44999694824219,73.29000091552734
EWY,2026-03-27,121.73999786376952,119.98999786376952
EWZ,2026-03-27,36.4900016784668,36.79999923706055
EZA,2026-03-27,63.060001373291016,63.97999954223633
EZU,2026-03-27,60.650001525878906,60.9900016784668
FALN,2026-03-27,26.440000534057617,26.540000915527344
FDN,2026-03-27,231.50999450683597,233.80999755859372
FXI,2026-03-27,34.97999954223633,34.93000030517578
GIGB,2026-03-27,45.24599838256836,45.43999862670898
GLD,2026-03-27,406.20001220703125,400.6400146484375
GLTR,2026-03-27,203.27999877929688,200.5200042724609
GOVT,2026-03-27,22.729999542236328,22.770000457763672
HYG,2026-03-27,78.83999633789062,78.91999816894531
IAU,2026-03-27,83.2300033569336,82.08999633789062
IEF,2026-03-27,94.37000274658203,94.58999633789062
IEI,2026-03-27,117.66000366210938,117.73999786376953
IGIB,2026-03-27,52.61000061035156,52.7400016784668
IGV,2026-03-27,78.44000244140625,79.75
IHI,2026-03-27,54.15999984741211,54.290000915527344
INDA,2026-03-27,46.09000015258789,46.61000061035156
ITB,2026-03-27,89.70999908447266,90.33000183105467
IWM,2026-03-27,246.00999450683594,247.44000244140625
IYR,2026-03-27,93.19000244140624,93.33999633789062
IYT,2026-03-27,73.19000244140625,73.69999694824219
JMBS,2026-03-27,44.77000045776367,44.90999984741211
JNK,2026-03-27,94.69000244140625,94.94999694824219
KRE,2026-03-27,64.04000091552734,64.47000122070312
LEMB,2026-03-27,40.5,40.56999969482422
LIT,2026-03-27,71.80000305175781,70.36000061035156
LMBS,2026-03-27,49.52000045776367,49.56999969482422
LQD,2026-03-27,107.47000122070312,107.87999725341797
MBB,2026-03-27,93.77999877929688,94.04000091552734
MDY,2026-03-27,610.2999877929688,613.77001953125
PALL,2026-03-27,24.916000366210938,24.47599983215332
PCY,2026-03-27,20.690000534057617,20.76000022888184
PFF,2026-03-27,30.280000686645508,30.3799991607666
PPLT,2026-03-27,16.66200065612793,16.54599952697754
QLTA,2026-03-27,47.02999877929688,47.16999816894531
QQQ,2026-03-27,570.8099975585938,573.7899780273438
REM,2026-03-27,20.799999237060547,20.920000076293945
REMX,2026-03-27,86.16000366210938,84.5999984741211
RSP,2026-03-27,190.42999267578125,191.0800018310547
RWR,2026-03-27,99.95999908447266,100.06999969482422
RWX,2026-03-27,26.21999931335449,26.440000534057617
SCHH,2026-03-27,21.200000762939453,21.239999771118164
SCHO,2026-03-27,24.190000534057617,24.170000076293945
SCHP,2026-03-27,26.420000076293945,26.459999084472656
SGOL,2026-03-27,42.130001068115234,41.56999969482422
SHY,2026-03-27,82.27999877929688,82.22000122070312
SHYG,2026-03-27,41.91999816894531,41.970001220703125
SIVR,2026-03-27,64.52999877929688,63.84000015258789
SKYY,2026-03-27,108.61000061035156,109.91999816894533
SLQD,2026-03-27,50.2400016784668,50.25
SLV,2026-03-27,61.43000030517578,60.77000045776367
SLX,2026-03-27,88.19999694824219,88.58999633789062
SMH,2026-03-27,377.7900085449219,380.8399963378906
SOXX,2026-03-27,326.8399963378906,328.8500061035156
SOYB,2026-03-27,24.450000762939453,24.360000610351562
SPIB,2026-03-27,33.25,33.29999923706055
SPMB,2026-03-27,22.11000061035156,22.15999984741211
SPTL,2026-03-27,25.90999984741211,26.09000015258789
SPY,2026-03-27,642.5,645.0900268554688
SRLN,2026-03-27,40.11000061035156,40.119998931884766
STIP,2026-03-27,103.0500030517578,102.95999908447266
TIP,2026-03-27,109.6500015258789,109.76000213623047
TLH,2026-03-27,99.13999938964844,99.7699966430664
TLT,2026-03-27,85.5,86.11000061035156
TUR,2026-03-27,37.77000045776367,37.68000030517578
UGA,2026-03-27,101.5,98.69000244140625
UNG,2026-03-27,12.289999961853027,11.84000015258789
UNL,2026-03-27,7.21999979019165,7.070000171661377
USHY,2026-03-27,36.470001220703125,36.54999923706055
USIG,2026-03-27,50.65999984741211,50.79999923706055
USO,2026-03-27,120.79000091552734,117.26000213623047
VCIT,2026-03-27,81.80999755859375,82.01000213623047
VCSH,2026-03-27,78.79000091552734,78.80999755859375
VDC,2026-03-27,221.8800048828125,221.6999969482422
VGIT,2026-03-27,59.02000045776367,59.09000015258789
VGLT,2026-03-27,54.56999969482422,54.93999862670898
VHT,2026-03-27,270.0799865722656,270.4200134277344
VMBS,2026-03-27,46.43000030517578,46.5
VNQ,2026-03-27,87.52999877929688,87.72000122070312
VNQI,2026-03-27,43.47999954223633,43.810001373291016
VPU,2026-03-27,196.07000732421875,195.9199981689453
VTIP,2026-03-27,49.7599983215332,49.72999954223633
VWOB,2026-03-27,65.18000030517578,65.33000183105469
WEAT,2026-03-27,23.200000762939453,23.1200008392334
XBI,2026-03-27,123.23999786376952,123.9000015258789
XLB,2026-03-27,49.040000915527344,49.09000015258789
XLC,2026-03-27,108.31500244140625,108.80999755859375
XLE,2026-03-27,61.529998779296875,61.52000045776367
XLF,2026-03-27,48.790000915527344,49.04999923706055
XLI,2026-03-27,160.58999633789062,161.27000427246094
XLK,2026-03-27,131.52999877929688,132.5
XLP,2026-03-27,81.2699966430664,81.13999938964844
XLRE,2026-03-27,40.220001220703125,40.290000915527344
XLU,2026-03-27,45.369998931884766,45.33000183105469
XLV,2026-03-27,145.72000122070312,145.74000549316406
XLY,2026-03-27,108.30999755859375,108.83000183105469
XME,2026-03-27,104.63999938964844,104.91999816894533
XPH,2026-03-27,53.18999862670898,53.38999938964844
XRT,2026-03-27,79.6500015258789,79.95999908447266
ANGL,2026-03-30,28.549999237060547,28.40999984741211
BKLN,2026-03-30,20.399999618530273,20.329999923706055
BNO,2026-03-30,53.869998931884766,52.70000076293945
BWX,2026-03-30,21.76000022888184,21.729999542236328
CANE,2026-03-30,10.600000381469728,10.619999885559082
CEMB,2026-03-30,45.09999847412109,44.93999862670898
CIBR,2026-03-30,61.400001525878906,60.7599983215332
CORN,2026-03-30,18.510000228881836,18.579999923706055
CPER,2026-03-30,33.65999984741211,33.45000076293945
DBA,2026-03-30,27.1299991607666,27.170000076293945
DBB,2026-03-30,23.299999237060547,22.899999618530273
DBC,2026-03-30,29.38999938964844,29.100000381469727
DBE,2026-03-30,30.709999084472656,30.350000381469727
DBO,2026-03-30,20.850000381469727,20.71999931335449
DIA,2026-03-30,455.6000061035156,451.3900146484375
EBND,2026-03-30,20.440000534057617,20.420000076293945
EEM,2026-03-30,55.5,55.20000076293945
EFA,2026-03-30,94.72000122070312,93.80000305175781
EMB,2026-03-30,93.2699966430664,92.94999694824219
EMHY,2026-03-30,39.13999938964844,38.97999954223633
EMLC,2026-03-30,24.8700008392334,24.88999938964844
EPI,2026-03-30,39.63999938964844,39.810001373291016
EWA,2026-03-30,27.3700008392334,27.209999084472656
EWC,2026-03-30,53.9900016784668,53.630001068115234
EWG,2026-03-30,38.36000061035156,38.08000183105469
EWJ,2026-03-30,82.6500015258789,81.43000030517578
EWL,2026-03-30,57.43000030517578,56.97999954223633
EWN,2026-03-30,56.29999923706055,55.88999938964844
EWQ,2026-03-30,42.02999877929688,41.869998931884766
EWT,2026-03-30,70.38999938964844,69.48999786376953
EWU,2026-03-30,44.619998931884766,44.119998931884766
EWW,2026-03-30,72.55999755859375,72.11000061035156
EWY,2026-03-30,121.26000213623048,120.9800033569336
EWZ,2026-03-30,37.0,36.630001068115234
EZA,2026-03-30,64.62000274658203,64.2300033569336
EZU,2026-03-30,60.7599983215332,60.25
FALN,2026-03-30,26.540000915527344,26.40999984741211
FDN,2026-03-30,228.3600006103516,226.77999877929688
FXI,2026-03-30,35.150001525878906,34.849998474121094
GIGB,2026-03-30,45.61000061035156,45.34000015258789
GLD,2026-03-30,419.5400085449219,414.70001220703125
GLTR,2026-03-30,210.97999572753903,207.97999572753903
GOVT,2026-03-30,22.8700008392334,22.770000457763672
HYG,2026-03-30,79.0199966430664,78.72000122070312
IAU,2026-03-30,85.94999694824219,84.94999694824219
IEF,2026-03-30,95.19999694824219,94.5999984741211
IEI,2026-03-30,118.37000274658203,117.95999908447266
IGIB,2026-03-30,52.959999084472656,52.65999984741211
IGV,2026-03-30,77.73999786376953,76.88999938964844
IHI,2026-03-30,53.290000915527344,53.18000030517578
INDA,2026-03-30,45.41999816894531,45.81999969482422
ITB,2026-03-30,89.97000122070312,88.91000366210938
IWM,2026-03-30,245.35000610351562,243.10000610351562
IYR,2026-03-30,93.61000061035156,92.61000061035156
IYT,2026-03-30,73.08000183105469,72.48999786376953
JMBS,2026-03-30,45.27999877929688,44.90999984741211
JNK,2026-03-30,95.0199966430664,94.66000366210938
KRE,2026-03-30,64.0,63.369998931884766
LEMB,2026-03-30,40.47999954223633,40.45000076293945
LIT,2026-03-30,74.0199966430664,71.91000366210938
LMBS,2026-03-30,49.65999984741211,49.54999923706055
LQD,2026-03-30,108.44000244140625,107.62000274658203
MBB,2026-03-30,94.6500015258789,94.12000274658203
MDY,2026-03-30,610.4299926757812,603.7999877929688
PALL,2026-03-30,25.856000900268555,25.08799934387207
PCY,2026-03-30,20.739999771118164,20.59000015258789
PFF,2026-03-30,30.219999313354492,30.15999984741211
PPLT,2026-03-30,17.3700008392334,16.940000534057617
QLTA,2026-03-30,47.38999938964844,47.09000015258789
QQQ,2026-03-30,567.3800048828125,562.5800170898438
REM,2026-03-30,20.690000534057617,20.530000686645508
REMX,2026-03-30,88.69999694824219,86.0999984741211
RSP,2026-03-30,190.16000366210935,188.4600067138672
RWR,2026-03-30,100.19000244140624,99.25
RWX,2026-03-30,26.209999084472656,26.18000030517578
SCHH,2026-03-30,21.32999992370605,21.100000381469727
SCHO,2026-03-30,24.239999771118164,24.209999084472656
SCHP,2026-03-30,26.61000061035156,26.43000030517578
SGOL,2026-03-30,43.52000045776367,43.0
SHY,2026-03-30,82.4800033569336,82.38999938964844
SHYG,2026-03-30,42.040000915527344,41.88999938964844
SIVR,2026-03-30,67.75,66.66000366210938
SKYY,2026-03-30,106.8499984741211,106.0
SLQD,2026-03-30,50.38999938964844,50.29999923706055
SLV,2026-03-30,64.45999908447266,63.439998626708984
SLX,2026-03-30,89.12999725341797,88.16999816894531
SMH,2026-03-30,377.6199951171875,374.25
SOXX,2026-03-30,326.75,323.4800109863281
SOYB,2026-03-30,24.229999542236328,24.190000534057617
SPIB,2026-03-30,33.43000030517578,33.29999923706055
SPMB,2026-03-30,22.309999465942383,22.18000030517578
SPTL,2026-03-30,26.26000022888184,25.979999542236328
SPY,2026-03-30,640.1099853515625,634.0900268554688
SRLN,2026-03-30,39.93000030517578,39.900001525878906
STIP,2026-03-30,103.37000274658205,103.12000274658205
TIP,2026-03-30,110.36000061035156,109.66999816894531
TLH,2026-03-30,100.54000091552734,99.47000122070312
TLT,2026-03-30,86.62999725341797,85.63999938964844
TUR,2026-03-30,37.869998931884766,37.61000061035156
UGA,2026-03-30,104.7300033569336,103.31999969482422
UNG,2026-03-30,11.6899995803833,12.279999732971191
UNL,2026-03-30,7.099999904632568,7.239999771118164
USHY,2026-03-30,36.59000015258789,36.43999862670898
USIG,2026-03-30,51.0,50.709999084472656
USO,2026-03-30,126.83999633789062,124.19999694824219
VCIT,2026-03-30,82.37999725341797,81.91999816894531
VCSH,2026-03-30,79.06999969482422,78.88999938964844
VDC,2026-03-30,223.9499969482422,223.17999267578125
VGIT,2026-03-30,59.40999984741211,59.16999816894531
VGLT,2026-03-30,55.310001373291016,54.70000076293945
VHT,2026-03-30,267.1199951171875,265.3599853515625
VMBS,2026-03-30,46.869998931884766,46.560001373291016
VNQ,2026-03-30,87.91000366210938,87.0
VNQI,2026-03-30,43.470001220703125,43.2599983215332
VPU,2026-03-30,198.8699951171875,196.8800048828125
VTIP,2026-03-30,49.91999816894531,49.79999923706055
VWOB,2026-03-30,65.30000305175781,65.0
WEAT,2026-03-30,23.0,23.170000076293945
XBI,2026-03-30,119.7300033569336,119.58999633789062
XLB,2026-03-30,49.5099983215332,48.90999984741211
XLC,2026-03-30,107.8949966430664,107.04000091552734
XLE,2026-03-30,63.130001068115234,62.560001373291016
XLF,2026-03-30,48.22999954223633,47.810001373291016
XLI,2026-03-30,160.5500030517578,159.1999969482422
XLK,2026-03-30,131.27000427246094,129.9199981689453
XLP,2026-03-30,81.91000366210938,81.77999877929688
XLRE,2026-03-30,40.459999084472656,40.0099983215332
XLU,2026-03-30,46.16999816894531,45.59000015258789
XLV,2026-03-30,144.3000030517578,143.25999450683594
XLY,2026-03-30,106.61000061035156,105.68000030517578
XME,2026-03-30,108.08999633789062,105.94000244140624
XPH,2026-03-30,52.150001525878906,51.869998931884766
XRT,2026-03-30,79.27999877929688,78.58000183105469
ANGL,2026-03-31,28.600000381469727,28.420000076293945
BKLN,2026-03-31,20.3700008392334,20.309999465942383
BNO,2026-03-31,53.83000183105469,53.9900016784668
BWX,2026-03-31,21.82999992370605,21.71999931335449
CANE,2026-03-31,10.4399995803833,10.479999542236328
CEMB,2026-03-31,45.220001220703125,45.02999877929688
CIBR,2026-03-31,61.5,60.790000915527344
CORN,2026-03-31,18.260000228881836,18.290000915527344
CPER,2026-03-31,33.810001373291016,33.59000015258789
DBA,2026-03-31,27.18000030517578,27.1200008392334
DBB,2026-03-31,23.479999542236328,23.34000015258789
DBC,2026-03-31,29.280000686645508,29.26000022888184
DBE,2026-03-31,30.46999931335449,30.6299991607666
DBO,2026-03-31,20.670000076293945,20.81999969482422
DIA,2026-03-31,456.80999755859375,452.05999755859375
EBND,2026-03-31,20.489999771118164,20.38999938964844
EEM,2026-03-31,54.939998626708984,54.75
EFA,2026-03-31,95.56999969482422,94.06999969482422
EMB,2026-03-31,93.5999984741211,93.11000061035156
EMHY,2026-03-31,39.27000045776367,38.97999954223633
EMLC,2026-03-31,24.96999931335449,24.82999992370605
EPI,2026-03-31,40.0,39.59000015258789
EWA,2026-03-31,27.420000076293945,27.13999938964844
EWC,2026-03-31,53.95000076293945,53.41999816894531
EWG,2026-03-31,39.09000015258789,38.369998931884766
EWJ,2026-03-31,82.44999694824219,81.5199966430664
EWL,2026-03-31,58.220001220703125,57.52000045776367
EWN,2026-03-31,56.34000015258789,55.33000183105469
EWQ,2026-03-31,42.56999969482422,41.970001220703125
EWT,2026-03-31,68.41000366210938,68.95999908447266
EWU,2026-03-31,45.25,44.43999862670898
EWW,2026-03-31,73.20999908447266,72.76000213623047
EWY,2026-03-31,115.1500015258789,116.43000030517578
EWZ,2026-03-31,37.400001525878906,36.77000045776367
EZA,2026-03-31,65.83999633789062,64.22000122070312
EZU,2026-03-31,61.5099983215332,60.34999847412109
FALN,2026-03-31,26.59000015258789,26.44499969482422
FDN,2026-03-31,228.7899932861328,226.1000061035156
FXI,2026-03-31,35.150001525878906,35.0
GIGB,2026-03-31,45.68999862670898,45.58000183105469
GLD,2026-03-31,420.0799865722656,414.5799865722656
GLTR,2026-03-31,212.7700042724609,208.33999633789065
GOVT,2026-03-31,22.940000534057617,22.88999938964844
HYG,2026-03-31,79.16000366210938,78.80999755859375
IAU,2026-03-31,86.06999969482422,84.93000030517578
IEF,2026-03-31,95.54000091552734,95.2699966430664
IEI,2026-03-31,118.69000244140625,118.43000030517578
IGIB,2026-03-31,53.13999938964844,52.93000030517578
IGV,2026-03-31,78.4800033569336,77.62000274658203
IHI,2026-03-31,53.0,52.59999847412109
INDA,2026-03-31,45.959999084472656,45.41999816894531
ITB,2026-03-31,89.48999786376953,88.08000183105469
IWM,2026-03-31,243.0399932861328,239.61000061035156
IYR,2026-03-31,94.01000213623048,93.05999755859376
IYT,2026-03-31,72.93000030517578,72.18000030517578
JMBS,2026-03-31,45.18999862670898,45.27000045776367
JNK,2026-03-31,95.12999725341797,94.76000213623047
KRE,2026-03-31,64.55999755859375,63.61000061035156
LEMB,2026-03-31,40.63999938964844,40.41999816894531
LIT,2026-03-31,72.73999786376953,72.51000213623047
LMBS,2026-03-31,49.810001373291016,49.70000076293945
LQD,2026-03-31,108.72000122070312,108.30999755859375
MBB,2026-03-31,94.97000122070312,94.72000122070312
MDY,2026-03-31,606.5800170898438,599.030029296875
PALL,2026-03-31,26.224000930786133,25.621999740600586
PCY,2026-03-31,20.780000686645508,20.63999938964844
PFF,2026-03-31,30.170000076293945,30.1200008392334
PPLT,2026-03-31,17.243000030517578,17.222000122070312
QLTA,2026-03-31,47.52000045776367,47.34999847412109
QQQ,2026-03-31,564.2899780273438,558.280029296875
REM,2026-03-31,21.15999984741211,20.90999984741211
REMX,2026-03-31,85.73999786376953,85.4800033569336
RSP,2026-03-31,190.0200042724609,188.07000732421875
RWR,2026-03-31,100.56999969482422,99.5999984741211
RWX,2026-03-31,26.43000030517578,26.13999938964844
SCHH,2026-03-31,21.40999984741211,21.170000076293945
SCHO,2026-03-31,24.280000686645508,24.25
SCHP,2026-03-31,26.65999984741211,26.57999992370605
SGOL,2026-03-31,43.56999969482422,43.0
SHY,2026-03-31,82.58999633789062,82.5
SHYG,2026-03-31,42.09999847412109,41.93999862670898
SIVR,2026-03-31,69.1500015258789,66.69999694824219
SKYY,2026-03-31,106.20999908447266,105.19000244140624
SLQD,2026-03-31,50.459999084472656,50.38999938964844
SLV,2026-03-31,65.83999633789062,63.52000045776367
SLX,2026-03-31,89.73999786376953,88.5199966430664
SMH,2026-03-31,368.739990234375,362.5299987792969
SOXX,2026-03-31,315.6000061035156,309.7900085449219
SOYB,2026-03-31,24.25,24.170000076293945
SPIB,2026-03-31,33.5099983215332,33.40999984741211
SPMB,2026-03-31,22.38999938964844,22.31999969482422
SPTL,2026-03-31,26.34000015258789,26.290000915527344
SPY,2026-03-31,638.9400024414062,631.969970703125
SRLN,2026-03-31,40.02000045776367,39.91999816894531
STIP,2026-03-31,103.5500030517578,103.37999725341795
TIP,2026-03-31,110.63999938964844,110.3499984741211
TLH,2026-03-31,100.87999725341797,100.62999725341797
TLT,2026-03-31,86.93000030517578,86.77999877929688
TUR,2026-03-31,37.88999938964844,37.34999847412109
UGA,2026-03-31,106.0,105.8499984741211
UNG,2026-03-31,12.039999961853027,11.680000305175781
UNL,2026-03-31,7.119999885559082,7.039999961853027
USHY,2026-03-31,36.65999984741211,36.47999954223633
USIG,2026-03-31,51.119998931884766,50.970001220703125
USO,2026-03-31,129.35000610351562,129.8300018310547
VCIT,2026-03-31,82.62999725341797,82.30000305175781
VCSH,2026-03-31,79.19999694824219,79.04000091552734
VDC,2026-03-31,224.8000030517578,224.07000732421875
VGIT,2026-03-31,59.58000183105469,59.43000030517578
VGLT,2026-03-31,55.5099983215332,55.369998931884766
VHT,2026-03-31,268.2799987792969,266.3599853515625
VMBS,2026-03-31,46.970001220703125,46.84999847412109
VNQ,2026-03-31,88.47000122070312,87.33000183105469
VNQI,2026-03-31,43.84000015258789,43.33000183105469
VPU,2026-03-31,197.7899932861328,198.1100006103516
VTIP,2026-03-31,50.02000045776367,49.93999862670898
VWOB,2026-03-31,65.5199966430664,65.12999725341797
WEAT,2026-03-31,23.309999465942383,23.260000228881836
XBI,2026-03-31,122.87999725341795,118.77999877929688
XLB,2026-03-31,49.52000045776367,49.09000015258789
XLC,2026-03-31,109.13999938964844,107.95999908447266
XLE,2026-03-31,62.040000915527344,61.959999084472656
XLF,2026-03-31,48.91999816894531,48.36000061035156
XLI,2026-03-31,158.6999969482422,156.61000061035156
XLK,2026-03-31,129.14999389648438,127.5
XLP,2026-03-31,82.0,81.87999725341797
XLRE,2026-03-31,40.689998626708984,40.209999084472656
XLU,2026-03-31,45.849998474121094,45.91999816894531
XLV,2026-03-31,144.80999755859375,143.82000732421875
XLY,2026-03-31,107.2300033569336,105.66000366210938
XME,2026-03-31,104.75,103.45999908447266
XPH,2026-03-31,52.0099983215332,51.36000061035156
XRT,2026-03-31,79.58000183105469,78.37000274658203
