ticker,day,open,prev_close
ANGL,2026-01-02,29.38999938964844,29.3700008392334
BKLN,2026-01-02,21.0,21.0
BNO,2026-01-02,28.030000686645508,28.31999969482422
BWX,2026-01-02,22.51000022888184,22.530000686645508
CANE,2026-01-02,9.649999618530272,9.760000228881836
CEMB,2026-01-02,45.880001068115234,45.869998931884766
CIBR,2026-01-02,71.97000122070312,71.44999694824219
CORN,2026-01-02,17.719999313354492,17.729999542236328
CPER,2026-01-02,35.119998931884766,34.959999084472656
DBA,2026-01-02,25.5,25.520000457763672
DBB,2026-01-02,23.059999465942383,22.940000534057617
DBC,2026-01-02,22.38999938964844,22.36000061035156
DBE,2026-01-02,17.360000610351562,17.469999313354492
DBO,2026-01-02,12.09000015258789,12.199999809265137
DIA,2026-01-02,481.8500061035156,480.5700073242188
EBND,2026-01-02,21.40999984741211,21.3700008392334
EEM,2026-01-02,55.88999938964844,54.709999084472656
EFA,2026-01-02,97.02999877929688,96.02999877929688
EMB,2026-01-02,96.5,96.27999877929688
EMHY,2026-01-02,40.380001068115234,40.369998931884766
EMLC,2026-01-02,25.8799991607666,25.81999969482422
EPI,2026-01-02,46.560001373291016,46.290000915527344
EWA,2026-01-02,26.489999771118164,26.190000534057617
EWC,2026-01-02,54.09000015258789,53.93000030517578
EWG,2026-01-02,42.709999084472656,42.5
EWJ,2026-01-02,81.51000213623047,80.73999786376953
EWL,2026-01-02,60.38999938964844,59.959999084472656
EWN,2026-01-02,58.47999954223633,57.02999877929688
EWQ,2026-01-02,45.29999923706055,44.9900016784668
EWT,2026-01-02,64.37000274658203,63.52999877929688
EWU,2026-01-02,44.43000030517578,43.97999954223633
EWW,2026-01-02,69.91000366210938,69.33000183105469
EWY,2026-01-02,101.0,97.22000122070312
EWZ,2026-01-02,32.29999923706055,31.770000457763672
EZA,2026-01-02,69.33999633789062,68.80000305175781
EZU,2026-01-02,64.87000274658203,64.0999984741211
FALN,2026-01-02,27.350000381469727,27.299999237060547
FDN,2026-01-02,270.6600036621094,269.17999267578125
FXI,2026-01-02,39.45000076293945,38.290000915527344
GIGB,2026-01-02,46.310001373291016,46.25
GLD,2026-01-02,401.6199951171875,396.30999755859375
GLTR,2026-01-02,211.22000122070312,205.6000061035156
GOVT,2026-01-02,23.049999237060547,23.030000686645508
HYG,2026-01-02,80.72000122070312,80.62999725341797
IAU,2026-01-02,82.25,81.16999816894531
IEF,2026-01-02,96.29000091552734,96.16000366210938
IEI,2026-01-02,119.43000030517578,119.3499984741211
IGIB,2026-01-02,53.959999084472656,53.880001068115234
IGV,2026-01-02,106.48999786376952,105.69000244140624
IHI,2026-01-02,62.220001220703125,62.150001525878906
INDA,2026-01-02,54.58000183105469,54.04999923706055
ITB,2026-01-02,96.70999908447266,96.3000030517578
IWM,2026-01-02,247.6300048828125,246.16000366210938
IYR,2026-01-02,93.87000274658205,93.88999938964844
IYT,2026-01-02,74.8499984741211,74.51000213623047
JMBS,2026-01-02,45.70000076293945,45.68999862670898
JNK,2026-01-02,97.31999969482422,97.20999908447266
KRE,2026-01-02,64.91000366210938,64.80999755859375
LEMB,2026-01-02,41.61000061035156,41.56999969482422
LIT,2026-01-02,65.87999725341797,64.86000061035156
LMBS,2026-01-02,50.040000915527344,49.9900016784668
LQD,2026-01-02,110.31999969482422,110.19000244140625
MBB,2026-01-02,95.37000274658203,95.22000122070312
MDY,2026-01-02,605.8800048828125,603.280029296875
PALL,2026-01-02,30.040000915527344,29.076000213623047
PCY,2026-01-02,21.729999542236328,21.65999984741211
PFF,2026-01-02,31.010000228881836,30.959999084472656
PPLT,2026-01-02,19.631000518798828,18.64299964904785
QLTA,2026-01-02,48.130001068115234,48.09000015258789
QQQ,2026-01-02,620.0599975585938,614.3099975585938
REM,2026-01-02,22.21999931335449,22.18000030517578
REMX,2026-01-02,75.01000213623047,73.91999816894531
RSP,2026-01-02,192.2100067138672,191.55999755859372
RWR,2026-01-02,98.1999969482422,98.2300033569336
RWX,2026-01-02,28.239999771118164,28.0
SCHH,2026-01-02,20.8700008392334,20.88999938964844
SCHO,2026-01-02,24.3799991607666,24.3700008392334
SCHP,2026-01-02,26.5,26.489999771118164
SGOL,2026-01-02,41.630001068115234,41.08000183105469
SHY,2026-01-02,82.87000274658203,82.81999969482422
SHYG,2026-01-02,42.91999816894531,42.869998931884766
SIVR,2026-01-02,70.70999908447266,67.63999938964844
SKYY,2026-01-02,130.88999938964844,130.0800018310547
SLQD,2026-01-02,50.709999084472656,50.70000076293945
SLV,2026-01-02,67.30000305175781,64.41999816894531
SLX,2026-01-02,85.72000122070312,84.86000061035156
SMH,2026-01-02,368.9500122070313,360.1300048828125
SOXX,2026-01-02,308.5599975585937,301.1499938964844
SOYB,2026-01-02,21.860000610351562,21.860000610351562
SPIB,2026-01-02,33.84000015258789,33.810001373291016
SPMB,2026-01-02,22.440000534057617,22.420000076293945
SPTL,2026-01-02,26.5,26.46999931335449
SPY,2026-01-02,685.7100219726562,681.9199829101562
SRLN,2026-01-02,41.29999923706055,41.27000045776367
STIP,2026-01-02,102.38999938964844,102.38999938964844
TIP,2026-01-02,110.0,109.91000366210938
TLH,2026-01-02,101.80999755859375,101.66999816894531
TLT,2026-01-02,87.4000015258789,87.16000366210938
TUR,2026-01-02,34.77000045776367,34.41999816894531
UGA,2026-01-02,61.099998474121094,61.72999954223633
UNG,2026-01-02,11.880000114440918,12.260000228881836
UNL,2026-01-02,7.25,7.380000114440918
USHY,2026-01-02,37.45000076293945,37.39500045776367
USIG,2026-01-02,51.81999969482422,51.77000045776367
USO,2026-01-02,68.43000030517578,69.16000366210938
VCIT,2026-01-02,83.87000274658203,83.75
VCSH,2026-01-02,79.79000091552734,79.7300033569336
VDC,2026-01-02,211.1100006103516,211.2400054931641
VGIT,2026-01-02,59.97999954223633,59.93000030517578
VGLT,2026-01-02,55.869998931884766,55.79999923706055
VHT,2026-01-02,288.07000732421875,287.8500061035156
VMBS,2026-01-02,47.09000015258789,47.08000183105469
VNQ,2026-01-02,88.37000274658203,88.48999786376953
VNQI,2026-01-02,46.08000183105469,45.84000015258789
VPU,2026-01-02,185.6199951171875,185.0399932861328
VTIP,2026-01-02,49.45000076293945,49.459999084472656
VWOB,2026-01-02,67.51000213623047,67.43000030517578
WEAT,2026-01-02,19.959999084472656,19.969999313354492
XBI,2026-01-02,122.2699966430664,121.93000030517578
XLB,2026-01-02,45.52000045776367,45.349998474121094
XLC,2026-01-02,118.16000366210938,117.72000122070312
XLE,2026-01-02,44.720001220703125,44.709999084472656
XLF,2026-01-02,54.83000183105469,54.77000045776367
XLI,2026-01-02,155.6199951171875,155.1199951171875
XLK,2026-01-02,145.6300048828125,143.97000122070312
XLP,2026-01-02,77.70999908447266,77.68000030517578
XLRE,2026-01-02,40.34000015258789,40.349998474121094
XLU,2026-01-02,42.88999938964844,42.689998626708984
XLV,2026-01-02,154.8699951171875,154.8000030517578
XLY,2026-01-02,120.08000183105469,119.41000366210938
XME,2026-01-02,105.23999786376952,103.61000061035156
XPH,2026-01-02,56.2400016784668,56.0099983215332
XRT,2026-01-02,85.75,85.29000091552734
ANGL,2026-01-05,29.399999618530277,29.399999618530277
BKLN,2026-01-05,21.030000686645508,21.010000228881836
BNO,2026-01-05,28.5,28.25
BWX,2026-01-05,22.479999542236328,22.479999542236328
CANE,2026-01-05,9.609999656677246,9.579999923706056
CEMB,2026-01-05,45.869998931884766,45.83000183105469
CIBR,2026-01-05,71.25,70.68000030517578
CORN,2026-01-05,17.719999313354492,17.6299991607666
CPER,2026-01-05,36.369998931884766,34.97999954223633
DBA,2026-01-05,25.670000076293945,25.559999465942383
DBB,2026-01-05,23.600000381469727,23.010000228881836
DBC,2026-01-05,22.6299991607666,22.38999938964844
DBE,2026-01-05,17.389999389648438,17.399999618530273
DBO,2026-01-05,12.31999969482422,12.170000076293944
DIA,2026-01-05,484.4100036621094,483.6300048828125
EBND,2026-01-05,21.3799991607666,21.38999938964844
EEM,2026-01-05,56.59000015258789,56.2400016784668
EFA,2026-01-05,97.26000213623047,97.04000091552734
EMB,2026-01-05,96.44999694824219,96.30000305175781
EMHY,2026-01-05,40.36000061035156,40.36000061035156
EMLC,2026-01-05,25.850000381469727,25.8799991607666
EPI,2026-01-05,46.5,46.81999969482422
EWA,2026-01-05,26.3700008392334,26.46999931335449
EWC,2026-01-05,54.27000045776367,54.18999862670898
EWG,2026-01-05,42.68999862670898,42.560001373291016
EWJ,2026-01-05,82.36000061035156,81.33000183105469
EWL,2026-01-05,59.58000183105469,60.34000015258789
EWN,2026-01-05,59.2599983215332,58.63999938964844
EWQ,2026-01-05,45.09999847412109,45.310001373291016
EWT,2026-01-05,65.27999877929688,64.7699966430664
EWU,2026-01-05,44.38999938964844,44.459999084472656
EWW,2026-01-05,69.80000305175781,69.66000366210938
EWY,2026-01-05,104.9800033569336,102.22000122070312
EWZ,2026-01-05,32.27000045776367,32.20000076293945
EZA,2026-01-05,69.83000183105469,69.4000015258789
EZU,2026-01-05,65.06999969482422,65.01000213623047
FALN,2026-01-05,27.350000381469727,27.32999992370605
FDN,2026-01-05,266.9200134277344,265.54998779296875
FXI,2026-01-05,39.369998931884766,39.81999969482422
GIGB,2026-01-05,46.27999877929688,46.25
GLD,2026-01-05,406.3900146484375,398.2799987792969
GLTR,2026-01-05,215.8000030517578,207.9499969482422
GOVT,2026-01-05,23.040000915527344,23.020000457763672
HYG,2026-01-05,80.73999786376953,80.66999816894531
IAU,2026-01-05,83.2300033569336,81.55999755859375
IEF,2026-01-05,96.2300033569336,96.08000183105469
IEI,2026-01-05,119.43000030517578,119.31999969482422
IGIB,2026-01-05,53.93999862670898,53.86000061035156
IGV,2026-01-05,103.47000122070312,102.62000274658205
IHI,2026-01-05,61.790000915527344,61.88999938964844
INDA,2026-01-05,54.18000030517578,54.560001373291016
ITB,2026-01-05,97.25,97.48999786376952
IWM,2026-01-05,249.7899932861328,248.77999877929688
IYR,2026-01-05,93.7300033569336,93.98999786376952
IYT,2026-01-05,74.98999786376953,75.31999969482422
JMBS,2026-01-05,45.70000076293945,45.58000183105469
JNK,2026-01-05,97.31999969482422,97.23999786376953
KRE,2026-01-05,65.23999786376953,65.23999786376953
LEMB,2026-01-05,41.59999847412109,41.61000061035156
LIT,2026-01-05,66.83000183105469,66.2699966430664
LMBS,2026-01-05,50.040000915527344,49.95000076293945
LQD,2026-01-05,110.30000305175781,110.16000366210938
MBB,2026-01-05,95.22000122070312,95.13999938964844
MDY,2026-01-05,613.1300048828125,611.3099975585938
PALL,2026-01-05,31.115999221801758,29.79599952697754
PCY,2026-01-05,21.690000534057617,21.690000534057617
PFF,2026-01-05,31.299999237060547,31.270000457763672
PPLT,2026-01-05,20.57699966430664,19.450000762939453
QLTA,2026-01-05,48.11000061035156,48.04999923706055
QQQ,2026-01-05,619.3200073242188,613.1199951171875
REM,2026-01-05,22.59000015258789,22.56999969482422
REMX,2026-01-05,77.56999969482422,76.77999877929688
RSP,2026-01-05,193.00999450683597,192.8600006103516
RWR,2026-01-05,98.25,98.41999816894533
RWX,2026-01-05,28.059999465942383,28.200000762939453
SCHH,2026-01-05,20.850000381469727,20.90999984741211
SCHO,2026-01-05,24.3700008392334,24.36000061035156
SCHP,2026-01-05,26.51000022888184,26.479999542236328
SGOL,2026-01-05,42.130001068115234,41.27999877929688
SHY,2026-01-05,82.87999725341797,82.86000061035156
SHYG,2026-01-05,42.90999984741211,42.900001525878906
SIVR,2026-01-05,72.98999786376953,69.02999877929688
SKYY,2026-01-05,128.41000366210938,127.7699966430664
SLQD,2026-01-05,50.75,50.709999084472656
SLV,2026-01-05,69.44999694824219,65.75
SLX,2026-01-05,87.36000061035156,86.41000366210938
SMH,2026-01-05,381.7200012207031,373.2999877929688
SOXX,2026-01-05,320.70001220703125,313.69000244140625
SOYB,2026-01-05,22.020000457763672,21.81999969482422
SPIB,2026-01-05,33.849998474121094,33.81999969482422
SPMB,2026-01-05,22.399999618530277,22.38999938964844
SPTL,2026-01-05,26.440000534057617,26.420000076293945
SPY,2026-01-05,686.5399780273438,683.1699829101562
SRLN,2026-01-05,41.31999969482422,41.29999923706055
STIP,2026-01-05,102.41999816894533,102.37999725341795
TIP,2026-01-05,109.97000122070312,109.86000061035156
TLH,2026-01-05,101.66000366210938,101.51000213623047
TLT,2026-01-05,87.18000030517578,87.02999877929688
TUR,2026-01-05,35.43000030517578,34.91999816894531
UGA,2026-01-05,61.43000030517578,61.2599983215332
UNG,2026-01-05,11.239999771118164,12.0600004196167
UNL,2026-01-05,6.880000114440918,7.190000057220459
USHY,2026-01-05,37.43999862670898,37.41999816894531
USIG,2026-01-05,51.790000915527344,51.7599983215332
USO,2026-01-05,69.7300033569336,68.95999908447266
VCIT,2026-01-05,83.81999969482422,83.73999786376953
VCSH,2026-01-05,79.81999969482422,79.76000213623047
VDC,2026-01-05,210.8300018310547,210.8999938964844
VGIT,2026-01-05,59.959999084472656,59.90999984741211
VGLT,2026-01-05,55.75,55.68999862670898
VHT,2026-01-05,287.04998779296875,288.75
VMBS,2026-01-05,47.02999877929688,47.02000045776367
VNQ,2026-01-05,88.30000305175781,88.5199966430664
VNQI,2026-01-05,45.970001220703125,46.02000045776367
VPU,2026-01-05,187.3600006103516,187.22000122070312
VTIP,2026-01-05,49.470001220703125,49.45000076293945
VWOB,2026-01-05,67.47000122070312,67.44999694824219
WEAT,2026-01-05,20.079999923706055,20.0
XBI,2026-01-05,121.33000183105467,121.5199966430664
XLB,2026-01-05,46.02000045776367,46.119998931884766
XLC,2026-01-05,117.00499725341797,116.9000015258789
XLE,2026-01-05,47.15999984741211,45.650001525878906
XLF,2026-01-05,54.81999969482422,54.93000030517578
XLI,2026-01-05,158.3000030517578,157.97999572753906
XLK,2026-01-05,146.00999450683594,144.3000030517578
XLP,2026-01-05,77.55999755859375,77.69000244140625
XLRE,2026-01-05,40.244998931884766,40.380001068115234
XLU,2026-01-05,43.189998626708984,43.18000030517578
XLV,2026-01-05,154.58999633789062,155.50999450683594
XLY,2026-01-05,118.94999694824219,118.3499984741211
XME,2026-01-05,109.5,107.52999877929688
XPH,2026-01-05,55.369998931884766,55.209999084472656
XRT,2026-01-05,85.88999938964844,85.9000015258789
ANGL,2026-01-06,29.5,29.479999542236328
BKLN,2026-01-06,21.030000686645508,21.030000686645508
BNO,2026-01-06,28.899999618530273,28.75
BWX,2026-01-06,22.530000686645508,22.520000457763672
CANE,2026-01-06,9.579999923706056,9.609999656677246
CEMB,2026-01-06,45.90999984741211,45.959999084472656
CIBR,2026-01-06,71.62999725341797,71.52999877929688
CORN,2026-01-06,17.84000015258789,17.860000610351562
CPER,2026-01-06,37.08000183105469,36.77000045776367
DBA,2026-01-06,25.829999923706055,25.81999969482422
DBB,2026-01-06,24.219999313354492,23.8799991607666
DBC,2026-01-06,22.940000534057617,22.809999465942383
DBE,2026-01-06,17.600000381469727,17.510000228881836
DBO,2026-01-06,12.550000190734863,12.399999618530272
DIA,2026-01-06,489.3299865722656,489.7699890136719
EBND,2026-01-06,21.459999084472656,21.43000030517578
EEM,2026-01-06,57.16999816894531,56.86000061035156
EFA,2026-01-06,98.30999755859375,98.1500015258789
EMB,2026-01-06,96.44999694824219,96.44999694824219
EMHY,2026-01-06,40.380001068115234,40.400001525878906
EMLC,2026-01-06,25.950000762939453,25.90999984741211
EPI,2026-01-06,46.47999954223633,46.58000183105469
EWA,2026-01-06,26.3799991607666,26.61000061035156
EWC,2026-01-06,54.63999938964844,54.59000015258789
EWG,2026-01-06,43.18999862670898,43.04999923706055
EWJ,2026-01-06,83.13999938964844,83.12999725341797
EWL,2026-01-06,60.33000183105469,60.43000030517578
EWN,2026-01-06,60.0,60.13999938964844
EWQ,2026-01-06,45.369998931884766,45.41999816894531
EWT,2026-01-06,65.70999908447266,65.30000305175781
EWU,2026-01-06,45.150001525878906,44.810001373291016
EWW,2026-01-06,70.7699966430664,70.58000183105469
EWY,2026-01-06,105.58000183105467,104.83000183105467
EWZ,2026-01-06,33.20000076293945,32.790000915527344
EZA,2026-01-06,71.94000244140625,70.23999786376953
EZU,2026-01-06,65.62000274658203,65.55000305175781
FALN,2026-01-06,27.440000534057617,27.40999984741211
FDN,2026-01-06,269.260009765625,269.29998779296875
FXI,2026-01-06,40.06999969482422,39.93000030517578
GIGB,2026-01-06,46.290000915527344,46.34000015258789
GLD,2026-01-06,410.6700134277344,408.760009765625
GLTR,2026-01-06,219.8300018310547,215.8300018310547
GOVT,2026-01-06,23.040000915527344,23.059999465942383
HYG,2026-01-06,80.9000015258789,80.87999725341797
IAU,2026-01-06,84.08999633789062,83.70999908447266
IEF,2026-01-06,96.25,96.37000274658203
IEI,2026-01-06,119.45999908447266,119.5199966430664
IGIB,2026-01-06,53.95000076293945,53.9900016784668
IGV,2026-01-06,103.5500030517578,103.62999725341795
IHI,2026-01-06,62.70000076293945,62.77000045776367
INDA,2026-01-06,54.150001525878906,54.290000915527344
ITB,2026-01-06,97.5,98.2699966430664
IWM,2026-01-06,252.24000549316406,252.72999572753906
IYR,2026-01-06,93.86000061035156,94.12999725341795
IYT,2026-01-06,76.01000213623047,75.93000030517578
JMBS,2026-01-06,45.68999862670898,45.7400016784668
JNK,2026-01-06,97.54000091552734,97.5
KRE,2026-01-06,66.33999633789062,66.55999755859375
LEMB,2026-01-06,41.720001220703125,41.68999862670898
LIT,2026-01-06,68.23999786376953,67.41000366210938
LMBS,2026-01-06,49.9900016784668,50.02999877929688
LQD,2026-01-06,110.30999755859375,110.47000122070312
MBB,2026-01-06,95.22000122070312,95.3499984741211
MDY,2026-01-06,618.0700073242188,619.3599853515625
PALL,2026-01-06,32.20399856567383,30.92799949645996
PCY,2026-01-06,21.700000762939453,21.709999084472656
PFF,2026-01-06,31.309999465942383,31.329999923706055
PPLT,2026-01-06,21.424999237060547,20.450000762939453
QLTA,2026-01-06,48.11000061035156,48.15999984741211
QQQ,2026-01-06,619.22998046875,617.989990234375
REM,2026-01-06,22.61000061035156,22.57999992370605
REMX,2026-01-06,82.36000061035156,79.70999908447266
RSP,2026-01-06,194.42999267578125,194.6499938964844
RWR,2026-01-06,98.0199966430664,98.2699966430664
RWX,2026-01-06,28.309999465942383,28.34000015258789
SCHH,2026-01-06,20.82999992370605,20.899999618530277
SCHO,2026-01-06,24.3799991607666,24.3700008392334
SCHP,2026-01-06,26.540000915527344,26.549999237060547
SGOL,2026-01-06,42.56999969482422,42.36000061035156
SHY,2026-01-06,82.87999725341797,82.88999938964844
SHYG,2026-01-06,42.9900016784668,42.970001220703125
SIVR,2026-01-06,75.01000213623047,72.51000213623047
SKYY,2026-01-06,128.5399932861328,128.57000732421875
SLQD,2026-01-06,50.7400016784668,50.75
SLV,2026-01-06,71.43000030517578,69.08000183105469
SLX,2026-01-06,88.13999938964844,87.47000122070312
SMH,2026-01-06,382.3999938964844,377.5899963378906
SOXX,2026-01-06,322.07000732421875,318.0599975585937
SOYB,2026-01-06,22.170000076293945,22.170000076293945
SPIB,2026-01-06,33.84000015258789,33.869998931884766
SPMB,2026-01-06,22.399999618530277,22.440000534057617
SPTL,2026-01-06,26.459999084472656,26.530000686645508
SPY,2026-01-06,687.9299926757812,687.719970703125
SRLN,2026-01-06,41.36000061035156,41.34000015258789
STIP,2026-01-06,102.5,102.5
TIP,2026-01-06,110.12000274658203,110.16000366210938
TLH,2026-01-06,101.69000244140625,101.93000030517578
TLT,2026-01-06,87.1500015258789,87.45999908447266
TUR,2026-01-06,36.34000015258789,35.810001373291016
UGA,2026-01-06,62.47999954223633,61.900001525878906
UNG,2026-01-06,11.25,11.630000114440918
UNL,2026-01-06,6.840000152587891,6.949999809265137
USHY,2026-01-06,37.52999877929688,37.5099983215332
USIG,2026-01-06,51.81999969482422,51.869998931884766
USO,2026-01-06,70.5999984741211,70.22000122070312
VCIT,2026-01-06,83.83000183105469,83.91999816894531
VCSH,2026-01-06,79.81999969482422,79.83999633789062
VDC,2026-01-06,210.3500061035156,210.2700042724609
VGIT,2026-01-06,59.97999954223633,60.02000045776367
VGLT,2026-01-06,55.7599983215332,55.93000030517578
VHT,2026-01-06,288.5400085449219,288.32000732421875
VMBS,2026-01-06,47.060001373291016,47.119998931884766
VNQ,2026-01-06,88.37999725341797,88.72000122070312
VNQI,2026-01-06,46.4900016784668,46.34000015258789
VPU,2026-01-06,185.75,185.4499969482422
VTIP,2026-01-06,49.5099983215332,49.5
VWOB,2026-01-06,67.44999694824219,67.52999877929688
WEAT,2026-01-06,20.149999618530273,20.190000534057617
XBI,2026-01-06,119.98999786376952,120.1500015258789
XLB,2026-01-06,46.72999954223633,46.58000183105469
XLC,2026-01-06,117.63999938964844,117.75
XLE,2026-01-06,47.0,46.88999938964844
XLF,2026-01-06,56.040000915527344,56.130001068115234
XLI,2026-01-06,159.44000244140625,159.85000610351562
XLK,2026-01-06,145.2100067138672,144.6199951171875
XLP,2026-01-06,77.33999633789062,77.3499984741211
XLRE,2026-01-06,40.2599983215332,40.43000030517578
XLU,2026-01-06,42.75,42.70000076293945
XLV,2026-01-06,155.13999938964844,155.0399932861328
XLY,2026-01-06,119.52999877929688,120.30000305175781
XME,2026-01-06,112.3000030517578,111.05999755859376
XPH,2026-01-06,55.459999084472656,55.02999877929688
XRT,2026-01-06,86.7300033569336,86.94000244140625
ANGL,2026-01-07,29.530000686645508,29.530000686645508
BKLN,2026-01-07,21.049999237060547,21.040000915527344
BNO,2026-01-07,28.09000015258789,28.1299991607666
BWX,2026-01-07,22.530000686645508,22.479999542236328
CANE,2026-01-07,9.729999542236328,9.59000015258789
CEMB,2026-01-07,45.93000030517578,45.91999816894531
CIBR,2026-01-07,72.45999908447266,72.19000244140625
CORN,2026-01-07,17.90999984741211,17.809999465942383
CPER,2026-01-07,36.43000030517578,37.27000045776367
DBA,2026-01-07,25.950000762939453,25.84000015258789
DBB,2026-01-07,24.0,24.34000015258789
DBC,2026-01-07,22.709999084472656,22.799999237060547
DBE,2026-01-07,17.209999084472656,17.200000762939453
DBO,2026-01-07,12.220000267028809,12.09000015258789
DIA,2026-01-07,495.6499938964844,494.6099853515625
EBND,2026-01-07,21.459999084472656,21.479999542236328
EEM,2026-01-07,57.029998779296875,57.279998779296875
EFA,2026-01-07,98.13999938964844,98.30000305175781
EMB,2026-01-07,96.44999694824219,96.3499984741211
EMHY,2026-01-07,40.400001525878906,40.43000030517578
EMLC,2026-01-07,25.93000030517578,25.979999542236328
EPI,2026-01-07,46.540000915527344,46.34999847412109
EWA,2026-01-07,26.420000076293945,26.489999771118164
EWC,2026-01-07,54.470001220703125,54.650001525878906
EWG,2026-01-07,43.31999969482422,43.130001068115234
EWJ,2026-01-07,83.12000274658203,83.06999969482422
EWL,2026-01-07,60.38999938964844,60.54999923706055
EWN,2026-01-07,59.88999938964844,60.43999862670898
EWQ,2026-01-07,45.45000076293945,45.59999847412109
EWT,2026-01-07,65.80999755859375,65.83000183105469
EWU,2026-01-07,44.66999816894531,45.04999923706055
EWW,2026-01-07,69.94000244140625,70.04000091552734
EWY,2026-01-07,107.37000274658205,107.61000061035156
EWZ,2026-01-07,32.79999923706055,33.11000061035156
EZA,2026-01-07,71.25,72.73999786376953
EZU,2026-01-07,65.55999755859375,65.63999938964844
FALN,2026-01-07,27.46999931335449,27.450000762939453
FDN,2026-01-07,270.9599914550781,271.2799987792969
FXI,2026-01-07,39.45000076293945,39.90999984741211
GIGB,2026-01-07,46.5099983215332,46.34000015258789
GLD,2026-01-07,408.6300048828125,413.17999267578125
GLTR,2026-01-07,216.8500061035156,223.5399932861328
GOVT,2026-01-07,23.09000015258789,23.049999237060547
HYG,2026-01-07,80.95999908447266,80.9000015258789
IAU,2026-01-07,83.66999816894531,84.62000274658203
IEF,2026-01-07,96.5199966430664,96.30000305175781
IEI,2026-01-07,119.62999725341797,119.51000213623047
IGIB,2026-01-07,54.09999847412109,53.9900016784668
IGV,2026-01-07,105.0,104.91999816894533
IHI,2026-01-07,64.5,64.4000015258789
INDA,2026-01-07,54.290000915527344,54.08000183105469
ITB,2026-01-07,99.72000122070312,98.9800033569336
IWM,2026-01-07,256.3999938964844,256.0799865722656
IYR,2026-01-07,95.20999908447266,94.79000091552734
IYT,2026-01-07,77.95999908447266,77.8499984741211
JMBS,2026-01-07,45.77999877929688,45.72999954223633
JNK,2026-01-07,97.61000061035156,97.54000091552734
KRE,2026-01-07,67.13999938964844,67.2300033569336
LEMB,2026-01-07,41.709999084472656,41.79999923706055
LIT,2026-01-07,68.9000015258789,69.56999969482422
LMBS,2026-01-07,49.97999954223633,49.900001525878906
LQD,2026-01-07,110.75,110.47000122070312
MBB,2026-01-07,95.41999816894531,95.30000305175781
MDY,2026-01-07,628.5499877929688,628.27001953125
PALL,2026-01-07,31.483999252319336,33.07400131225586
PCY,2026-01-07,21.649999618530277,21.68000030517578
PFF,2026-01-07,31.459999084472656,31.450000762939453
PPLT,2026-01-07,20.78499984741211,22.045000076293945
QLTA,2026-01-07,48.27000045776367,48.15999984741211
QQQ,2026-01-07,623.0399780273438,623.4199829101562
REM,2026-01-07,22.68000030517578,22.68000030517578
REMX,2026-01-07,85.26000213623047,83.88999938964844
RSP,2026-01-07,197.16000366210935,197.0
RWR,2026-01-07,99.62000274658205,99.22000122070312
RWX,2026-01-07,28.530000686645508,28.239999771118164
SCHH,2026-01-07,21.149999618530277,21.040000915527344
SCHO,2026-01-07,24.3799991607666,24.3799991607666
SCHP,2026-01-07,26.56999969482422,26.530000686645508
SGOL,2026-01-07,42.36000061035156,42.83000183105469
SHY,2026-01-07,82.91000366210938,82.9000015258789
SHYG,2026-01-07,43.0099983215332,42.9900016784668
SIVR,2026-01-07,73.2699966430664,77.38999938964844
SKYY,2026-01-07,130.33999633789062,130.41000366210938
SLQD,2026-01-07,50.7599983215332,50.7400016784668
SLV,2026-01-07,69.81999969482422,73.70999908447266
SLX,2026-01-07,89.0199966430664,89.13999938964844
SMH,2026-01-07,385.2000122070313,387.6199951171875
SOXX,2026-01-07,325.04998779296875,328.3500061035156
SOYB,2026-01-07,22.200000762939453,22.020000457763672
SPIB,2026-01-07,33.900001525878906,33.869998931884766
SPMB,2026-01-07,22.459999084472656,22.43000030517578
SPTL,2026-01-07,26.6299991607666,26.5
SPY,2026-01-07,692.1900024414062,691.8099975585938
SRLN,2026-01-07,41.369998931884766,41.36000061035156
STIP,2026-01-07,102.52999877929688,102.48999786376952
TIP,2026-01-07,110.27999877929688,110.08000183105469
TLH,2026-01-07,102.31999969482422,101.80999755859375
TLT,2026-01-07,87.83999633789062,87.27999877929688
TUR,2026-01-07,36.5,36.77000045776367
UGA,2026-01-07,61.4900016784668,61.09000015258789
UNG,2026-01-07,11.539999961853027,11.279999732971191
UNL,2026-01-07,6.96999979019165,6.860000133514404
USHY,2026-01-07,37.560001373291016,37.540000915527344
USIG,2026-01-07,51.959999084472656,51.880001068115234
USO,2026-01-07,68.23999786376953,68.51000213623047
VCIT,2026-01-07,84.06999969482422,83.94000244140625
VCSH,2026-01-07,79.86000061035156,79.83999633789062
VDC,2026-01-07,211.1199951171875,210.7700042724609
VGIT,2026-01-07,60.08000183105469,60.0099983215332
VGLT,2026-01-07,56.150001525878906,55.84000015258789
VHT,2026-01-07,295.0,293.9100036621094
VMBS,2026-01-07,47.18999862670898,47.119998931884766
VNQ,2026-01-07,89.87000274658203,89.37000274658203
VNQI,2026-01-07,46.81999969482422,46.560001373291016
VPU,2026-01-07,186.6000061035156,186.4199981689453
VTIP,2026-01-07,49.52999877929688,49.52000045776367
VWOB,2026-01-07,67.45999908447266,67.47000122070312
WEAT,2026-01-07,20.219999313354492,20.040000915527344
XBI,2026-01-07,122.9499969482422,122.08999633789062
XLB,2026-01-07,47.34000015258789,47.5
XLC,2026-01-07,117.19999694824219,117.33000183105469
XLE,2026-01-07,45.81999969482422,45.63999938964844
XLF,2026-01-07,56.22999954223633,56.400001525878906
XLI,2026-01-07,162.49000549316406,162.02000427246094
XLK,2026-01-07,146.52999877929688,146.64999389648438
XLP,2026-01-07,77.55999755859375,77.47000122070312
XLRE,2026-01-07,40.880001068115234,40.70000076293945
XLU,2026-01-07,42.95000076293945,42.90999984741211
XLV,2026-01-07,158.5399932861328,158.08999633789062
XLY,2026-01-07,121.26000213623047,121.06999969482422
XME,2026-01-07,113.22000122070312,115.0199966430664
XPH,2026-01-07,55.84999847412109,55.5
XRT,2026-01-07,88.98999786376953,89.05999755859375
ANGL,2026-01-08,29.5,29.520000457763672
BKLN,2026-01-08,21.040000915527344,21.040000915527344
BNO,2026-01-08,28.450000762939453,28.030000686645508
BWX,2026-01-08,22.440000534057617,22.489999771118164
CANE,2026-01-08,9.6899995803833,9.699999809265137
CEMB,2026-01-08,45.91999816894531,45.93000030517578
CIBR,2026-01-08,73.38999938964844,73.44999694824219
CORN,2026-01-08,17.899999618530273,17.90999984741211
CPER,2026-01-08,35.349998474121094,35.90999984741211
DBA,2026-01-08,25.959999084472656,25.90999984741211
DBB,2026-01-08,23.25,23.6200008392334
DBC,2026-01-08,22.61000061035156,22.59000015258789
DBE,2026-01-08,17.280000686645508,17.149999618530273
DBO,2026-01-08,12.119999885559082,11.979999542236328
DIA,2026-01-08,487.80999755859375,489.9599914550781
EBND,2026-01-08,21.40999984741211,21.459999084472656
EEM,2026-01-08,56.75,56.849998474121094
EFA,2026-01-08,97.55999755859375,97.93000030517578
EMB,2026-01-08,95.93000030517578,96.16000366210938
EMHY,2026-01-08,40.290000915527344,40.369998931884766
EMLC,2026-01-08,25.86000061035156,25.93000030517578
EPI,2026-01-08,45.93000030517578,46.43000030517578
EWA,2026-01-08,26.229999542236328,26.270000457763672
EWC,2026-01-08,53.90999984741211,54.0099983215332
EWG,2026-01-08,43.119998931884766,43.2599983215332
EWJ,2026-01-08,82.56999969482422,82.91999816894531
EWL,2026-01-08,60.02999877929688,60.310001373291016
EWN,2026-01-08,59.470001220703125,59.79999923706055
EWQ,2026-01-08,45.20000076293945,45.400001525878906
EWT,2026-01-08,65.5,65.58999633789062
EWU,2026-01-08,44.38999938964844,44.4900016784668
EWW,2026-01-08,69.7699966430664,69.91999816894531
EWY,2026-01-08,107.83000183105467,107.02999877929688
EWZ,2026-01-08,32.779998779296875,32.70000076293945
EZA,2026-01-08,70.05000305175781,71.44999694824219
EZU,2026-01-08,65.19999694824219,65.47000122070312
FALN,2026-01-08,27.43000030517578,27.459999084472656
FDN,2026-01-08,271.7300109863281,272.0299987792969
FXI,2026-01-08,38.970001220703125,39.27999877929688
GIGB,2026-01-08,46.2599983215332,46.380001068115234
GLD,2026-01-08,406.9700012207031,409.2300109863281
GLTR,2026-01-08,213.3800048828125,218.6499938964844
GOVT,2026-01-08,23.040000915527344,23.09000015258789
HYG,2026-01-08,80.83999633789062,80.87999725341797
IAU,2026-01-08,83.3499984741211,83.80999755859375
IEF,2026-01-08,96.2300033569336,96.4800033569336
IEI,2026-01-08,119.38999938964844,119.56999969482422
IGIB,2026-01-08,53.90999984741211,54.0
IGV,2026-01-08,105.62999725341795,106.23999786376952
IHI,2026-01-08,63.970001220703125,64.30000305175781
INDA,2026-01-08,53.66999816894531,54.20000076293945
ITB,2026-01-08,96.08000183105467,96.58999633789062
IWM,2026-01-08,254.6999969482422,255.47999572753906
IYR,2026-01-08,93.44000244140624,93.77999877929688
IYT,2026-01-08,76.70999908447266,76.97000122070312
JMBS,2026-01-08,45.709999084472656,45.790000915527344
JNK,2026-01-08,97.41000366210938,97.51000213623047
KRE,2026-01-08,66.5,66.75
LEMB,2026-01-08,41.59999847412109,41.65999984741211
LIT,2026-01-08,68.30000305175781,68.98999786376953
LMBS,2026-01-08,50.02999877929688,50.040000915527344
LQD,2026-01-08,110.19999694824219,110.55000305175781
MBB,2026-01-08,95.25,95.33000183105469
MDY,2026-01-08,621.9000244140625,623.72998046875
PALL,2026-01-08,31.381999969482422,32.05400085449219
PCY,2026-01-08,21.549999237060547,21.600000381469727
PFF,2026-01-08,31.350000381469727,31.40999984741211
PPLT,2026-01-08,20.18199920654297,20.94499969482422
QLTA,2026-01-08,48.08000183105469,48.20000076293945
QQQ,2026-01-08,623.030029296875,624.02001953125
REM,2026-01-08,22.479999542236328,22.440000534057617
REMX,2026-01-08,83.4000015258789,85.01000213623047
RSP,2026-01-08,194.3600006103516,194.7899932861328
RWR,2026-01-08,98.08999633789062,98.58000183105467
RWX,2026-01-08,28.59000015258789,28.530000686645508
SCHH,2026-01-08,20.780000686645508,20.8799991607666
SCHO,2026-01-08,24.3700008392334,24.3700008392334
SCHP,2026-01-08,26.530000686645508,26.57999992370605
SGOL,2026-01-08,42.18000030517578,42.43999862670898
SHY,2026-01-08,82.87000274658203,82.88999938964844
SHYG,2026-01-08,42.970001220703125,42.97999954223633
SIVR,2026-01-08,70.66000366210938,74.5199966430664
SKYY,2026-01-08,130.49000549316406,131.05999755859375
SLQD,2026-01-08,50.720001220703125,50.75
SLV,2026-01-08,67.23999786376953,70.95999908447266
SLX,2026-01-08,87.36000061035156,88.62000274658203
SMH,2026-01-08,384.55999755859375,385.0199890136719
SOXX,2026-01-08,324.19000244140625,324.8900146484375
SOYB,2026-01-08,22.200000762939453,22.18000030517578
SPIB,2026-01-08,33.81999969482422,33.86000061035156
SPMB,2026-01-08,22.420000076293945,22.459999084472656
SPTL,2026-01-08,26.5,26.6200008392334
SPY,2026-01-08,688.8200073242188,689.5800170898438
SRLN,2026-01-08,41.369998931884766,41.36000061035156
STIP,2026-01-08,102.5,102.5199966430664
TIP,2026-01-08,110.06999969482422,110.25
TLH,2026-01-08,101.87999725341797,102.29000091552734
TLT,2026-01-08,87.33000183105469,87.79000091552734
TUR,2026-01-08,36.66999816894531,36.630001068115234
UGA,2026-01-08,62.529998779296875,61.36000061035156
UNG,2026-01-08,11.479999542236328,11.779999732971191
UNL,2026-01-08,6.889999866485596,7.03000020980835
USHY,2026-01-08,37.5,37.52000045776367
USIG,2026-01-08,51.810001373291016,51.90999984741211
USO,2026-01-08,68.79000091552734,67.79000091552734
VCIT,2026-01-08,83.79000091552734,83.94999694824219
VCSH,2026-01-08,79.80000305175781,79.80999755859375
VDC,2026-01-08,208.83999633789065,208.72999572753903
VGIT,2026-01-08,59.95000076293945,60.060001373291016
VGLT,2026-01-08,55.86000061035156,56.13999938964844
VHT,2026-01-08,296.510009765625,297.260009765625
VMBS,2026-01-08,47.13999938964844,47.130001068115234
VNQ,2026-01-08,88.0999984741211,88.5
VNQI,2026-01-08,46.91999816894531,46.84000015258789
VPU,2026-01-08,181.92999267578125,182.17999267578125
VTIP,2026-01-08,49.52000045776367,49.52000045776367
VWOB,2026-01-08,67.2300033569336,67.37000274658203
WEAT,2026-01-08,20.309999465942383,20.309999465942383
XBI,2026-01-08,124.87000274658205,126.43000030517578
XLB,2026-01-08,46.40999984741211,46.68000030517578
XLC,2026-01-08,117.33000183105469,117.08999633789062
XLE,2026-01-08,45.31999969482422,45.130001068115234
XLF,2026-01-08,55.45000076293945,55.61000061035156
XLI,2026-01-08,160.02000427246094,158.97000122070312
XLK,2026-01-08,145.92999267578125,146.52999877929688
XLP,2026-01-08,76.61000061035156,76.62000274658203
XLRE,2026-01-08,39.9900016784668,40.13999938964844
XLU,2026-01-08,41.81999969482422,41.869998931884766
XLV,2026-01-08,159.14999389648438,159.66000366210938
XLY,2026-01-08,120.58000183105469,120.9000015258789
XME,2026-01-08,112.0,114.16999816894533
XPH,2026-01-08,56.43000030517578,56.68000030517578
XRT,2026-01-08,87.9800033569336,88.25
ANGL,2026-01-09,29.559999465942383,29.549999237060547
BKLN,2026-01-09,21.049999237060547,21.049999237060547
BNO,2026-01-09,29.31999969482422,29.270000457763672
BWX,2026-01-09,22.399999618530277,22.450000762939453
CANE,2026-01-09,9.65999984741211,9.710000038146973
CEMB,2026-01-09,45.970001220703125,45.91999816894531
CIBR,2026-01-09,72.41000366210938,72.37999725341797
CORN,2026-01-09,17.8799991607666,17.950000762939453
CPER,2026-01-09,36.2400016784668,35.68000030517578
DBA,2026-01-09,25.950000762939453,26.010000228881836
DBB,2026-01-09,23.8700008392334,23.459999084472656
DBC,2026-01-09,22.96999931335449,22.8799991607666
DBE,2026-01-09,17.709999084472656,17.709999084472656
DBO,2026-01-09,12.520000457763672,12.470000267028809
DIA,2026-01-09,492.8599853515625,492.5299987792969
EBND,2026-01-09,21.40999984741211,21.43000030517578
EEM,2026-01-09,56.880001068115234,56.869998931884766
EFA,2026-01-09,98.41999816894531,97.94000244140625
EMB,2026-01-09,96.19000244140625,96.01000213623047
EMHY,2026-01-09,40.369998931884766,40.31999969482422
EMLC,2026-01-09,25.8700008392334,25.8700008392334
EPI,2026-01-09,45.63999938964844,45.88999938964844
EWA,2026-01-09,26.200000762939453,26.3700008392334
EWC,2026-01-09,54.43999862670898,54.459999084472656
EWG,2026-01-09,43.45000076293945,43.310001373291016
EWJ,2026-01-09,84.13999938964844,82.86000061035156
EWL,2026-01-09,60.310001373291016,60.209999084472656
EWN,2026-01-09,59.9900016784668,59.209999084472656
EWQ,2026-01-09,45.70000076293945,45.459999084472656
EWT,2026-01-09,65.31999969482422,65.44000244140625
EWU,2026-01-09,44.68999862670898,44.59999847412109
EWW,2026-01-09,70.7699966430664,70.4800033569336
EWY,2026-01-09,107.86000061035156,106.58999633789062
EWZ,2026-01-09,33.16999816894531,32.880001068115234
EZA,2026-01-09,70.87000274658203,70.33999633789062
EZU,2026-01-09,65.62999725341797,65.45999908447266
FALN,2026-01-09,27.479999542236328,27.489999771118164
FDN,2026-01-09,268.9200134277344,269.0599975585937
FXI,2026-01-09,39.25,39.400001525878906
GIGB,2026-01-09,46.27999877929688,46.27999877929688
GLD,2026-01-09,413.2200012207031,411.489990234375
GLTR,2026-01-09,220.3999938964844,217.83999633789065
GOVT,2026-01-09,23.030000686645508,23.040000915527344
HYG,2026-01-09,80.94999694824219,80.94000244140625
IAU,2026-01-09,84.61000061035156,84.27999877929688
IEF,2026-01-09,96.16000366210938,96.19000244140625
IEI,2026-01-09,119.36000061035156,119.37000274658203
IGIB,2026-01-09,53.91999816894531,53.900001525878906
IGV,2026-01-09,104.45999908447266,104.44000244140624
IHI,2026-01-09,64.30999755859375,64.19999694824219
INDA,2026-01-09,53.27000045776367,53.720001220703125
ITB,2026-01-09,102.26000213623048,100.66999816894533
IWM,2026-01-09,259.5799865722656,258.2699890136719
IYR,2026-01-09,94.66999816894533,94.58000183105467
IYT,2026-01-09,78.41000366210938,77.87999725341797
JMBS,2026-01-09,45.83000183105469,45.709999084472656
JNK,2026-01-09,97.6500015258789,97.58999633789062
KRE,2026-01-09,68.2699966430664,68.08000183105469
LEMB,2026-01-09,41.630001068115234,41.650001525878906
LIT,2026-01-09,67.77999877929688,68.08000183105469
LMBS,2026-01-09,50.06999969482422,50.06999969482422
LQD,2026-01-09,110.31999969482422,110.23999786376953
MBB,2026-01-09,95.69999694824219,95.2300033569336
MDY,2026-01-09,628.5,626.0399780273438
PALL,2026-01-09,33.38800048828125,32.400001525878906
PCY,2026-01-09,21.600000381469727,21.57999992370605
PFF,2026-01-09,31.399999618530273,31.3799991607666
PPLT,2026-01-09,20.888999938964844,20.500999450683594
QLTA,2026-01-09,48.119998931884766,48.09000015258789
QQQ,2026-01-09,621.4099731445312,620.469970703125
REM,2026-01-09,23.06999969482422,22.75
REMX,2026-01-09,84.91999816894531,82.44999694824219
RSP,2026-01-09,197.0,196.4600067138672
RWR,2026-01-09,99.4000015258789,99.5999984741211
RWX,2026-01-09,28.61000061035156,28.690000534057617
SCHH,2026-01-09,21.040000915527344,21.059999465942383
SCHO,2026-01-09,24.3799991607666,24.3799991607666
SCHP,2026-01-09,26.530000686645508,26.530000686645508
SGOL,2026-01-09,42.81999969482422,42.65999984741211
SHY,2026-01-09,82.87000274658203,82.86000061035156
SHYG,2026-01-09,43.02000045776367,43.0099983215332
SIVR,2026-01-09,74.93000030517578,73.19999694824219
SKYY,2026-01-09,129.02999877929688,128.74000549316406
SLQD,2026-01-09,50.720001220703125,50.72999954223633
SLV,2026-01-09,71.30999755859375,69.70999908447266
SLX,2026-01-09,87.26000213623047,88.2699966430664
SMH,2026-01-09,382.2799987792969,378.9800109863281
SOXX,2026-01-09,322.79998779296875,319.5799865722656
SOYB,2026-01-09,22.219999313354492,22.15999984741211
SPIB,2026-01-09,33.84000015258789,33.81999969482422
SPMB,2026-01-09,22.549999237060547,22.420000076293945
SPTL,2026-01-09,26.479999542236328,26.51000022888184
SPY,2026-01-09,690.6300048828125,689.510009765625
SRLN,2026-01-09,41.400001525878906,41.38999938964844
STIP,2026-01-09,102.51000213623048,102.48999786376952
TIP,2026-01-09,110.08000183105469,110.02999877929688
TLH,2026-01-09,101.79000091552734,101.87999725341797
TLT,2026-01-09,87.30000305175781,87.3499984741211
TUR,2026-01-09,36.86000061035156,36.72999954223633
UGA,2026-01-09,64.20999908447266,64.29000091552734
UNG,2026-01-09,11.050000190734863,11.270000457763672
UNL,2026-01-09,6.650000095367432,6.809999942779541
USHY,2026-01-09,37.54999923706055,37.540000915527344
USIG,2026-01-09,51.81999969482422,51.79999923706055
USO,2026-01-09,70.87999725341797,70.54000091552734
VCIT,2026-01-09,83.80999755859375,83.77999877929688
VCSH,2026-01-09,79.79000091552734,79.77999877929688
VDC,2026-01-09,213.41000366210935,213.4199981689453
VGIT,2026-01-09,59.93000030517578,59.93999862670898
VGLT,2026-01-09,55.84000015258789,55.86000061035156
VHT,2026-01-09,294.989990234375,294.2900085449219
VMBS,2026-01-09,47.31999969482422,47.060001373291016
VNQ,2026-01-09,89.30999755859375,89.29000091552734
VNQI,2026-01-09,46.970001220703125,47.09000015258789
VPU,2026-01-09,184.9199981689453,182.67999267578125
VTIP,2026-01-09,49.5099983215332,49.5099983215332
VWOB,2026-01-09,67.3499984741211,67.29000091552734
WEAT,2026-01-09,20.350000381469727,20.3700008392334
XBI,2026-01-09,125.1999969482422,123.70999908447266
XLB,2026-01-09,47.59000015258789,47.5
XLC,2026-01-09,117.5199966430664,117.4800033569336
XLE,2026-01-09,46.75,46.54999923706055
XLF,2026-01-09,55.97999954223633,55.900001525878906
XLI,2026-01-09,160.6300048828125,160.1699981689453
XLK,2026-01-09,144.57000732421875,144.24000549316406
XLP,2026-01-09,78.43000030517578,78.44000244140625
XLRE,2026-01-09,40.40999984741211,40.439998626708984
XLU,2026-01-09,42.52000045776367,41.9900016784668
XLV,2026-01-09,158.3300018310547,158.1199951171875
XLY,2026-01-09,122.91999816894531,122.91999816894531
XME,2026-01-09,115.04000091552734,114.02999877929688
XPH,2026-01-09,56.29999923706055,56.2400016784668
XRT,2026-01-09,90.0,89.83999633789062
ANGL,2026-01-12,29.51000022888184,29.56999969482422
BKLN,2026-01-12,21.059999465942383,21.059999465942383
BNO,2026-01-12,29.40999984741211,29.31999969482422
BWX,2026-01-12,22.43000030517578,22.38999938964844
CANE,2026-01-12,9.619999885559082,9.670000076293944
CEMB,2026-01-12,45.95000076293945,45.97999954223633
CIBR,2026-01-12,72.26000213623047,72.55000305175781
CORN,2026-01-12,17.989999771118164,17.889999389648438
CPER,2026-01-12,36.47999954223633,36.150001525878906
DBA,2026-01-12,25.809999465942383,25.780000686645508
DBB,2026-01-12,23.950000762939453,23.899999618530273
DBC,2026-01-12,23.059999465942383,22.899999618530277
DBE,2026-01-12,17.690000534057617,17.600000381469727
DBO,2026-01-12,12.5,12.479999542236328
DIA,2026-01-12,492.3299865722656,495.0199890136719
EBND,2026-01-12,21.440000534057617,21.420000076293945
EEM,2026-01-12,57.2400016784668,57.13999938964844
EFA,2026-01-12,99.1500015258789,98.80999755859375
EMB,2026-01-12,96.0999984741211,96.36000061035156
EMHY,2026-01-12,40.34999847412109,40.43000030517578
EMLC,2026-01-12,25.90999984741211,25.86000061035156
EPI,2026-01-12,45.5,45.5
EWA,2026-01-12,26.31999969482422,26.26000022888184
EWC,2026-01-12,54.880001068115234,54.630001068115234
EWG,2026-01-12,43.7599983215332,43.40999984741211
EWJ,2026-01-12,84.94999694824219,84.61000061035156
EWL,2026-01-12,60.72999954223633,60.58000183105469
EWN,2026-01-12,60.310001373291016,60.400001525878906
EWQ,2026-01-12,46.08000183105469,45.880001068115234
EWT,2026-01-12,65.76000213623047,65.91999816894531
EWU,2026-01-12,44.97999954223633,44.790000915527344
EWW,2026-01-12,71.29000091552734,71.05999755859375
EWY,2026-01-12,107.51000213623048,108.88999938964844
EWZ,2026-01-12,32.939998626708984,33.060001373291016
EZA,2026-01-12,72.41999816894531,70.69000244140625
EZU,2026-01-12,66.05999755859375,65.93000030517578
FALN,2026-01-12,27.46999931335449,27.51499938964844
FDN,2026-01-12,267.32000732421875,268.8800048828125
FXI,2026-01-12,39.810001373291016,39.34999847412109
GIGB,2026-01-12,46.310001373291016,46.39500045776367
GLD,2026-01-12,421.5199890136719,414.4700012207031
GLTR,2026-01-12,228.5399932861328,221.83999633789065
GOVT,2026-01-12,23.030000686645508,23.059999465942383
HYG,2026-01-12,80.91000366210938,81.0
IAU,2026-01-12,86.36000061035156,84.88999938964844
IEF,2026-01-12,96.1500015258789,96.30000305175781
IEI,2026-01-12,119.26000213623047,119.33000183105469
IGIB,2026-01-12,53.90999984741211,53.970001220703125
IGV,2026-01-12,104.41000366210938,105.0
IHI,2026-01-12,63.869998931884766,63.93999862670898
INDA,2026-01-12,53.18000030517578,53.18000030517578
ITB,2026-01-12,106.41000366210938,106.98999786376952
IWM,2026-01-12,259.2799987792969,260.2300109863281
IYR,2026-01-12,94.88999938964844,94.73999786376952
IYT,2026-01-12,77.44999694824219,77.98999786376953
JMBS,2026-01-12,45.95000076293945,45.959999084472656
JNK,2026-01-12,97.5199966430664,97.69000244140625
KRE,2026-01-12,66.88999938964844,67.4800033569336
LEMB,2026-01-12,41.70000076293945,41.65999984741211
LIT,2026-01-12,69.29000091552734,68.20999908447266
LMBS,2026-01-12,50.18000030517578,50.18000030517578
LQD,2026-01-12,110.37000274658203,110.63999938964844
MBB,2026-01-12,95.62999725341797,95.80000305175781
MDY,2026-01-12,628.030029296875,631.3800048828125
PALL,2026-01-12,33.8120002746582,33.24599838256836
PCY,2026-01-12,21.59000015258789,21.670000076293945
PFF,2026-01-12,31.489999771118164,31.56999969482422
PPLT,2026-01-12,21.0939998626709,20.68000030517578
QLTA,2026-01-12,48.130001068115234,48.220001220703125
QQQ,2026-01-12,622.3099975585938,626.6500244140625
REM,2026-01-12,23.030000686645508,23.020000457763672
REMX,2026-01-12,87.8499984741211,84.9800033569336
RSP,2026-01-12,197.0800018310547,197.6000061035156
RWR,2026-01-12,99.88999938964844,99.70999908447266
RWX,2026-01-12,28.75,28.65999984741211
SCHH,2026-01-12,21.13999938964844,21.1299991607666
SCHO,2026-01-12,24.36000061035156,24.36000061035156
SCHP,2026-01-12,26.549999237060547,26.549999237060547
SGOL,2026-01-12,43.70000076293945,42.959999084472656
SHY,2026-01-12,82.81999969482422,82.83000183105469
SHYG,2026-01-12,42.9900016784668,43.04999923706055
SIVR,2026-01-12,79.93000030517578,75.98999786376953
SKYY,2026-01-12,128.08999633789062,128.9499969482422
SLQD,2026-01-12,50.68999862670898,50.720001220703125
SLV,2026-01-12,76.11000061035156,72.37999725341797
SLX,2026-01-12,88.0999984741211,87.72000122070312
SMH,2026-01-12,385.6700134277344,389.2200012207031
SOXX,2026-01-12,325.70001220703125,328.7799987792969
SOYB,2026-01-12,22.209999084472656,22.1299991607666
SPIB,2026-01-12,33.81999969482422,33.849998474121094
SPMB,2026-01-12,22.530000686645508,22.540000915527344
SPTL,2026-01-12,26.549999237060547,26.63999938964844
SPY,2026-01-12,690.6799926757812,694.0700073242188
SRLN,2026-01-12,41.40999984741211,41.41999816894531
STIP,2026-01-12,102.5,102.48999786376952
TIP,2026-01-12,110.1500015258789,110.18000030517578
TLH,2026-01-12,102.02999877929688,102.30999755859375
TLT,2026-01-12,87.5,87.93000030517578
TUR,2026-01-12,37.27999877929688,37.15999984741211
UGA,2026-01-12,64.48999786376953,63.97999954223633
UNG,2026-01-12,10.680000305175781,10.399999618530273
UNL,2026-01-12,6.570000171661377,6.480000019073486
USHY,2026-01-12,37.52999877929688,37.584999084472656
USIG,2026-01-12,51.84000015258789,51.91999816894531
USO,2026-01-12,70.95999908447266,70.77999877929688
VCIT,2026-01-12,83.80000305175781,83.91000366210938
VCSH,2026-01-12,79.73999786376953,79.76000213623047
VDC,2026-01-12,216.38999938964844,215.67999267578125
VGIT,2026-01-12,59.880001068115234,59.93999862670898
VGLT,2026-01-12,55.959999084472656,56.16999816894531
VHT,2026-01-12,292.6600036621094,292.9700012207031
VMBS,2026-01-12,47.27000045776367,47.31999969482422
VNQ,2026-01-12,89.58000183105469,89.47000122070312
VNQI,2026-01-12,47.18000030517578,47.13999938964844
VPU,2026-01-12,184.4199981689453,184.9499969482422
VTIP,2026-01-12,49.5099983215332,49.5
VWOB,2026-01-12,67.31999969482422,67.43000030517578
WEAT,2026-01-12,20.530000686645508,20.34000015258789
XBI,2026-01-12,123.9800033569336,124.5
XLB,2026-01-12,48.369998931884766,48.2599983215332
XLC,2026-01-12,117.44999694824219,117.91000366210938
XLE,2026-01-12,46.75,46.66999816894531
XLF,2026-01-12,55.029998779296875,55.72999954223633
XLI,2026-01-12,161.6300048828125,161.92999267578125
XLK,2026-01-12,145.19000244140625,146.14999389648438
XLP,2026-01-12,79.52999877929688,79.25
XLRE,2026-01-12,40.54999923706055,40.5
XLU,2026-01-12,42.380001068115234,42.5099983215332
XLV,2026-01-12,157.3300018310547,157.30999755859375
XLY,2026-01-12,123.87000274658203,124.41000366210938
XME,2026-01-12,118.91000366210938,116.9000015258789
XPH,2026-01-12,55.790000915527344,55.7599983215332
XRT,2026-01-12,88.87000274658203,90.08999633789062
ANGL,2026-01-13,29.59000015258789,29.549999237060547
BKLN,2026-01-13,21.06999969482422,21.059999465942383
BNO,2026-01-13,30.209999084472656,29.739999771118164
BWX,2026-01-13,22.420000076293945,22.440000534057617
CANE,2026-01-13,9.670000076293944,9.670000076293944
CEMB,2026-01-13,45.95000076293945,46.0099983215332
CIBR,2026-01-13,72.9000015258789,72.95999908447266
CORN,2026-01-13,17.030000686645508,17.149999618530273
CPER,2026-01-13,37.130001068115234,36.880001068115234
DBA,2026-01-13,25.559999465942383,25.6299991607666
DBB,2026-01-13,24.25,24.209999084472656
DBC,2026-01-13,23.350000381469727,23.190000534057617
DBE,2026-01-13,18.100000381469727,17.8799991607666
DBO,2026-01-13,12.84000015258789,12.640000343322754
DIA,2026-01-13,495.5499877929688,495.8999938964844
EBND,2026-01-13,21.450000762939453,21.459999084472656
EEM,2026-01-13,57.77000045776367,57.939998626708984
EFA,2026-01-13,99.2300033569336,99.41000366210938
EMB,2026-01-13,96.29000091552734,96.27999877929688
EMHY,2026-01-13,40.380001068115234,40.400001525878906
EMLC,2026-01-13,25.959999084472656,25.959999084472656
EPI,2026-01-13,45.58000183105469,45.709999084472656
EWA,2026-01-13,26.57999992370605,26.450000762939453
EWC,2026-01-13,55.290000915527344,55.09000015258789
EWG,2026-01-13,43.88999938964844,43.83000183105469
EWJ,2026-01-13,84.69999694824219,85.29000091552734
EWL,2026-01-13,60.400001525878906,60.630001068115234
EWN,2026-01-13,61.11000061035156,61.040000915527344
EWQ,2026-01-13,45.97999954223633,46.09999847412109
EWT,2026-01-13,66.25,66.62000274658203
EWU,2026-01-13,45.02000045776367,45.09000015258789
EWW,2026-01-13,72.45999908447266,72.05999755859375
EWY,2026-01-13,108.9000015258789,108.93000030517578
EWZ,2026-01-13,32.93000030517578,32.93000030517578
EZA,2026-01-13,73.23999786376953,72.77999877929688
EZU,2026-01-13,66.27999877929688,66.33999633789062
FALN,2026-01-13,27.530000686645508,27.540000915527344
FDN,2026-01-13,269.04998779296875,269.0299987792969
FXI,2026-01-13,40.36000061035156,40.63999938964844
GIGB,2026-01-13,46.40999984741211,46.34999847412109
GLD,2026-01-13,424.5899963378906,422.2300109863281
GLTR,2026-01-13,234.1699981689453,230.0800018310547
GOVT,2026-01-13,23.059999465942383,23.040000915527344
HYG,2026-01-13,81.06999969482422,81.04000091552734
IAU,2026-01-13,86.95999908447266,86.48999786376953
IEF,2026-01-13,96.33999633789062,96.18000030517578
IEI,2026-01-13,119.41000366210938,119.27999877929688
IGIB,2026-01-13,54.02000045776367,53.91999816894531
IGV,2026-01-13,104.97000122070312,105.3499984741211
IHI,2026-01-13,63.20000076293945,63.18999862670898
INDA,2026-01-13,53.130001068115234,53.400001525878906
ITB,2026-01-13,108.29000091552734,107.88999938964844
IWM,2026-01-13,262.4100036621094,261.5
IYR,2026-01-13,94.94000244140624,94.88999938964844
IYT,2026-01-13,77.31999969482422,77.77999877929688
JMBS,2026-01-13,45.97999954223633,45.95000076293945
JNK,2026-01-13,97.75,97.68000030517578
KRE,2026-01-13,66.87000274658203,66.68000030517578
LEMB,2026-01-13,41.790000915527344,41.72999954223633
LIT,2026-01-13,70.5199966430664,70.0
LMBS,2026-01-13,50.27999877929688,50.18999862670898
LQD,2026-01-13,110.70999908447266,110.51000213623047
MBB,2026-01-13,95.75,95.6500015258789
MDY,2026-01-13,633.9099731445312,632.3200073242188
PALL,2026-01-13,34.16600036621094,33.88600158691406
PCY,2026-01-13,21.6200008392334,21.63999938964844
PFF,2026-01-13,31.649999618530273,31.6200008392334
PPLT,2026-01-13,21.738000869750977,21.214000701904297
QLTA,2026-01-13,48.2400016784668,48.16999816894531
QQQ,2026-01-13,627.27001953125,627.1699829101562
REM,2026-01-13,23.049999237060547,22.979999542236328
REMX,2026-01-13,90.31999969482422,88.83999633789062
RSP,2026-01-13,198.1300048828125,197.77999877929688
RWR,2026-01-13,99.79000091552734,99.66999816894533
RWX,2026-01-13,28.600000381469727,28.729999542236328
SCHH,2026-01-13,21.149999618530277,21.149999618530277
SCHO,2026-01-13,24.36000061035156,24.3700008392334
SCHP,2026-01-13,26.59000015258789,26.559999465942383
SGOL,2026-01-13,44.0099983215332,43.77999877929688
SHY,2026-01-13,82.86000061035156,82.83000183105469
SHYG,2026-01-13,43.060001373291016,43.04999923706055
SIVR,2026-01-13,84.02999877929688,81.08000183105469
SKYY,2026-01-13,130.58999633789062,130.3699951171875
SLQD,2026-01-13,50.7400016784668,50.720001220703125
SLV,2026-01-13,80.02999877929688,77.2300033569336
SLX,2026-01-13,89.29000091552734,88.43000030517578
SMH,2026-01-13,392.2699890136719,390.6600036621094
SOXX,2026-01-13,332.8500061035156,330.3500061035156
SOYB,2026-01-13,21.850000381469727,21.969999313354492
SPIB,2026-01-13,33.869998931884766,33.83000183105469
SPMB,2026-01-13,22.559999465942383,22.540000915527344
SPTL,2026-01-13,26.63999938964844,26.57999992370605
SPY,2026-01-13,695.489990234375,695.1599731445312
SRLN,2026-01-13,41.40999984741211,41.41999816894531
STIP,2026-01-13,102.54000091552734,102.5199966430664
TIP,2026-01-13,110.30000305175781,110.18000030517578
TLH,2026-01-13,102.3499984741211,102.12999725341797
TLT,2026-01-13,87.87999725341797,87.66999816894531
TUR,2026-01-13,37.68000030517578,37.540000915527344
UGA,2026-01-13,65.16000366210938,64.75
UNG,2026-01-13,11.140000343322754,11.180000305175781
UNL,2026-01-13,6.710000038146973,6.730000019073486
USHY,2026-01-13,37.59999847412109,37.59000015258789
USIG,2026-01-13,51.93999862670898,51.86000061035156
USO,2026-01-13,72.77999877929688,71.6500015258789
VCIT,2026-01-13,83.94999694824219,83.83000183105469
VCSH,2026-01-13,79.80000305175781,79.73999786376953
VDC,2026-01-13,218.3800048828125,218.47000122070312
VGIT,2026-01-13,59.97999954223633,59.90999984741211
VGLT,2026-01-13,56.16999816894531,56.02999877929688
VHT,2026-01-13,293.0400085449219,292.57000732421875
VMBS,2026-01-13,47.27999877929688,47.27000045776367
VNQ,2026-01-13,89.62000274658203,89.58999633789062
VNQI,2026-01-13,47.20000076293945,47.33000183105469
VPU,2026-01-13,185.27999877929688,185.2100067138672
VTIP,2026-01-13,49.52999877929688,49.5099983215332
VWOB,2026-01-13,67.41000366210938,67.38999938964844
WEAT,2026-01-13,20.079999923706055,20.190000534057617
XBI,2026-01-13,123.36000061035156,123.93000030517578
XLB,2026-01-13,48.599998474121094,48.52000045776367
XLC,2026-01-13,117.5999984741211,117.55000305175781
XLE,2026-01-13,46.72999954223633,46.34000015258789
XLF,2026-01-13,55.150001525878906,55.290000915527344
XLI,2026-01-13,163.8800048828125,163.1699981689453
XLK,2026-01-13,146.85000610351562,146.7899932861328
XLP,2026-01-13,80.20999908447266,80.18000030517578
XLRE,2026-01-13,40.61000061035156,40.619998931884766
XLU,2026-01-13,42.619998931884766,42.58000183105469
XLV,2026-01-13,157.64999389648438,157.3800048828125
XLY,2026-01-13,124.52999877929688,124.5199966430664
XME,2026-01-13,121.62000274658205,120.5
XPH,2026-01-13,55.58000183105469,55.61000061035156
XRT,2026-01-13,90.16999816894531,89.87999725341797
ANGL,2026-01-14,29.530000686645508,29.559999465942383
BKLN,2026-01-14,21.059999465942383,21.059999465942383
BNO,2026-01-14,30.780000686645508,30.440000534057617
BWX,2026-01-14,22.38999938964844,22.32999992370605
CANE,2026-01-14,9.609999656677246,9.6899995803833
CEMB,2026-01-14,45.970001220703125,45.900001525878906
CIBR,2026-01-14,72.66000366210938,72.62000274658203
CORN,2026-01-14,17.149999618530273,17.0
CPER,2026-01-14,37.349998474121094,36.88999938964844
DBA,2026-01-14,25.56999969482422,25.56999969482422
DBB,2026-01-14,24.489999771118164,24.139999389648438
DBC,2026-01-14,23.56999969482422,23.3700008392334
DBE,2026-01-14,18.420000076293945,18.299999237060547
DBO,2026-01-14,13.100000381469728,12.960000038146973
DIA,2026-01-14,490.6600036621094,491.9400024414063
EBND,2026-01-14,21.440000534057617,21.440000534057617
EEM,2026-01-14,57.58000183105469,57.5099983215332
EFA,2026-01-14,99.19000244140625,98.83999633789062
EMB,2026-01-14,96.25,96.16000366210938
EMHY,2026-01-14,40.34000015258789,40.380001068115234
EMLC,2026-01-14,25.950000762939453,25.950000762939453
EPI,2026-01-14,45.56999969482422,45.43000030517578
EWA,2026-01-14,26.489999771118164,26.40999984741211
EWC,2026-01-14,55.20000076293945,55.119998931884766
EWG,2026-01-14,43.47999954223633,43.56999969482422
EWJ,2026-01-14,85.08000183105469,84.44999694824219
EWL,2026-01-14,60.65999984741211,60.16999816894531
EWN,2026-01-14,60.810001373291016,60.77999877929688
EWQ,2026-01-14,45.93999862670898,45.959999084472656
EWT,2026-01-14,66.48999786376953,66.0999984741211
EWU,2026-01-14,45.130001068115234,44.97999954223633
EWW,2026-01-14,72.0999984741211,71.97000122070312
EWY,2026-01-14,109.0500030517578,107.54000091552734
EWZ,2026-01-14,32.72999954223633,32.630001068115234
EZA,2026-01-14,73.66000366210938,73.08999633789062
EZU,2026-01-14,66.08000183105469,66.06999969482422
FALN,2026-01-14,27.51000022888184,27.51000022888184
FDN,2026-01-14,267.29998779296875,268.1600036621094
FXI,2026-01-14,39.880001068115234,40.25
GIGB,2026-01-14,46.459999084472656,46.43999862670898
GLD,2026-01-14,426.0299987792969,421.6300048828125
GLTR,2026-01-14,238.2100067138672,231.8600006103516
GOVT,2026-01-14,23.07999992370605,23.059999465942383
HYG,2026-01-14,81.0,81.04000091552734
IAU,2026-01-14,87.26000213623047,86.36000061035156
IEF,2026-01-14,96.37999725341797,96.30000305175781
IEI,2026-01-14,119.44999694824219,119.41000366210938
IGIB,2026-01-14,54.04999923706055,54.02000045776367
IGV,2026-01-14,102.91999816894533,103.3499984741211
IHI,2026-01-14,61.650001525878906,62.36000061035156
INDA,2026-01-14,53.02000045776367,53.040000915527344
ITB,2026-01-14,108.0199966430664,108.93000030517578
IWM,2026-01-14,261.1300048828125,261.3500061035156
IYR,2026-01-14,95.43000030517578,95.43000030517578
IYT,2026-01-14,77.36000061035156,77.47000122070312
JMBS,2026-01-14,45.93999862670898,45.91999816894531
JNK,2026-01-14,97.68000030517578,97.70999908447266
KRE,2026-01-14,66.19000244140625,66.23999786376953
LEMB,2026-01-14,41.77999877929688,41.7599983215332
LIT,2026-01-14,70.0,70.51000213623047
LMBS,2026-01-14,51.27000045776367,50.20000076293945
LQD,2026-01-14,110.80000305175781,110.75
MBB,2026-01-14,95.70999908447266,95.69000244140625
MDY,2026-01-14,632.6900024414062,633.6799926757812
PALL,2026-01-14,33.694000244140625,33.27000045776367
PCY,2026-01-14,21.57999992370605,21.59000015258789
PFF,2026-01-14,31.610000610351562,31.649999618530273
PPLT,2026-01-14,21.849000930786133,21.165000915527344
QLTA,2026-01-14,48.27000045776367,48.25
QQQ,2026-01-14,622.239990234375,626.239990234375
REM,2026-01-14,22.88999938964844,22.8799991607666
REMX,2026-01-14,89.51000213623047,89.19999694824219
RSP,2026-01-14,197.47999572753903,197.77999877929688
RWR,2026-01-14,100.19000244140624,100.1999969482422
RWX,2026-01-14,28.450000762939453,28.43000030517578
SCHH,2026-01-14,21.280000686645508,21.26000022888184
SCHO,2026-01-14,24.3799991607666,24.3700008392334
SCHP,2026-01-14,26.61000061035156,26.59000015258789
SGOL,2026-01-14,44.18000030517578,43.70000076293945
SHY,2026-01-14,82.87999725341797,82.8499984741211
SHYG,2026-01-14,43.02000045776367,43.04999923706055
SIVR,2026-01-14,87.52999877929688,82.55000305175781
SKYY,2026-01-14,128.22999572753906,128.83999633789062
SLQD,2026-01-14,50.77000045776367,50.7599983215332
SLV,2026-01-14,83.33999633789062,78.5999984741211
SLX,2026-01-14,89.95999908447266,89.55000305175781
SMH,2026-01-14,388.9599914550781,391.5299987792969
SOXX,2026-01-14,331.0299987792969,333.29998779296875
SOYB,2026-01-14,21.860000610351562,21.709999084472656
SPIB,2026-01-14,33.88999938964844,33.869998931884766
SPMB,2026-01-14,22.549999237060547,22.549999237060547
SPTL,2026-01-14,26.65999984741211,26.6200008392334
SPY,2026-01-14,691.0,693.77001953125
SRLN,2026-01-14,41.40999984741211,41.40999984741211
STIP,2026-01-14,102.58999633789062,102.55999755859376
TIP,2026-01-14,110.37999725341797,110.27999877929688
TLH,2026-01-14,102.3499984741211,102.23999786376953
TLT,2026-01-14,87.91000366210938,87.81999969482422
TUR,2026-01-14,37.470001220703125,37.72999954223633
UGA,2026-01-14,66.1500015258789,65.7300033569336
UNG,2026-01-14,10.569999694824219,11.319999694824219
UNL,2026-01-14,6.599999904632568,6.829999923706055
USHY,2026-01-14,37.56999969482422,37.59999847412109
USIG,2026-01-14,51.9900016784668,51.970001220703125
USO,2026-01-14,74.26000213623047,73.4800033569336
VCIT,2026-01-14,84.0199966430664,84.0
VCSH,2026-01-14,79.83999633789062,79.81999969482422
VDC,2026-01-14,220.5,220.6199951171875
VGIT,2026-01-14,59.9900016784668,59.959999084472656
VGLT,2026-01-14,56.18999862670898,56.11000061035156
VHT,2026-01-14,291.3599853515625,291.3699951171875
VMBS,2026-01-14,47.27000045776367,47.2599983215332
VNQ,2026-01-14,90.08999633789062,90.08999633789062
VNQI,2026-01-14,46.93000030517578,47.02999877929688
VPU,2026-01-14,186.1199951171875,186.3699951171875
VTIP,2026-01-14,49.560001373291016,49.52999877929688
VWOB,2026-01-14,67.36000061035156,67.37000274658203
WEAT,2026-01-14,20.190000534057617,20.1200008392334
XBI,2026-01-14,123.77999877929688,123.8499984741211
XLB,2026-01-14,48.75,48.72999954223633
XLC,2026-01-14,116.66999816894531,116.88999938964844
XLE,2026-01-14,47.25,47.0
XLF,2026-01-14,54.04999923706055,54.22999954223633
XLI,2026-01-14,163.77999877929688,164.00999450683594
XLK,2026-01-14,145.5,146.47999572753906
XLP,2026-01-14,81.08000183105469,81.11000061035156
XLRE,2026-01-14,40.900001525878906,40.93000030517578
XLU,2026-01-14,42.810001373291016,42.849998474121094
XLV,2026-01-14,156.61000061035156,156.74000549316406
XLY,2026-01-14,123.38999938964844,124.20999908447266
XME,2026-01-14,120.6500015258789,119.76000213623048
XPH,2026-01-14,55.70000076293945,55.790000915527344
XRT,2026-01-14,90.25,90.38999938964844
ANGL,2026-01-15,29.600000381469727,29.57999992370605
BKLN,2026-01-15,21.049999237060547,21.040000915527344
BNO,2026-01-15,29.68000030517578,30.059999465942383
BWX,2026-01-15,22.350000381469727,22.399999618530277
CANE,2026-01-15,9.460000038146973,9.5600004196167
CEMB,2026-01-15,46.04999923706055,46.040000915527344
CIBR,2026-01-15,72.83000183105469,72.41999816894531
CORN,2026-01-15,17.1299991607666,17.09000015258789
CPER,2026-01-15,36.689998626708984,37.5
DBA,2026-01-15,25.520000457763672,25.510000228881836
DBB,2026-01-15,24.149999618530273,24.549999237060547
DBC,2026-01-15,23.18000030517578,23.38999938964844
DBE,2026-01-15,17.850000381469727,18.0
DBO,2026-01-15,12.630000114440918,12.789999961853027
DIA,2026-01-15,492.3699951171875,491.5799865722656
EBND,2026-01-15,21.40999984741211,21.459999084472656
EEM,2026-01-15,58.150001525878906,57.75
EFA,2026-01-15,99.62000274658203,99.30000305175781
EMB,2026-01-15,96.44000244140625,96.36000061035156
EMHY,2026-01-15,40.47999954223633,40.400001525878906
EMLC,2026-01-15,25.950000762939453,25.959999084472656
EPI,2026-01-15,45.650001525878906,45.79999923706055
EWA,2026-01-15,26.649999618530277,26.540000915527344
EWC,2026-01-15,55.040000915527344,55.18000030517578
EWG,2026-01-15,43.34000015258789,43.4900016784668
EWJ,2026-01-15,85.9000015258789,85.04000091552734
EWL,2026-01-15,60.880001068115234,60.869998931884766
EWN,2026-01-15,61.900001525878906,60.66999816894531
EWQ,2026-01-15,45.56999969482422,45.869998931884766
EWT,2026-01-15,67.52999877929688,66.51000213623047
EWU,2026-01-15,45.130001068115234,45.27999877929688
EWW,2026-01-15,73.66999816894531,73.37999725341797
EWY,2026-01-15,111.61000061035156,109.63999938964844
EWZ,2026-01-15,33.25,33.15999984741211
EZA,2026-01-15,73.37999725341797,73.38999938964844
EZU,2026-01-15,66.13999938964844,66.08000183105469
FALN,2026-01-15,27.559999465942383,27.540000915527344
FDN,2026-01-15,265.32000732421875,263.6499938964844
FXI,2026-01-15,39.880001068115234,40.040000915527344
GIGB,2026-01-15,46.56999969482422,46.525001525878906
GLD,2026-01-15,423.0199890136719,425.94000244140625
GLTR,2026-01-15,234.05999755859372,239.58999633789065
GOVT,2026-01-15,23.11000061035156,23.100000381469727
HYG,2026-01-15,81.0999984741211,81.04000091552734
IAU,2026-01-15,86.6500015258789,87.2300033569336
IEF,2026-01-15,96.51000213623047,96.5
IEI,2026-01-15,119.45999908447266,119.5199966430664
IGIB,2026-01-15,54.130001068115234,54.11000061035156
IGV,2026-01-15,101.5,101.06999969482422
IHI,2026-01-15,62.310001373291016,62.54999923706055
INDA,2026-01-15,53.16999816894531,53.25
ITB,2026-01-15,108.41999816894533,107.95999908447266
IWM,2026-01-15,264.05999755859375,263.19000244140625
IYR,2026-01-15,96.8499984741211,96.3499984741211
IYT,2026-01-15,77.5999984741211,77.30000305175781
JMBS,2026-01-15,46.040000915527344,46.0
JNK,2026-01-15,97.80999755859375,97.73999786376953
KRE,2026-01-15,67.1500015258789,66.9800033569336
LEMB,2026-01-15,41.77000045776367,41.7599983215332
LIT,2026-01-15,71.08999633789062,70.62000274658203
LMBS,2026-01-15,50.380001068115234,50.27999877929688
LQD,2026-01-15,111.18000030517578,111.02999877929688
MBB,2026-01-15,95.80999755859375,95.83000183105469
MDY,2026-01-15,637.6799926757812,634.3099975585938
PALL,2026-01-15,32.70000076293945,34.034000396728516
PCY,2026-01-15,21.739999771118164,21.670000076293945
PFF,2026-01-15,31.770000457763672,31.739999771118164
PPLT,2026-01-15,21.617000579833984,21.875999450683594
QLTA,2026-01-15,48.38999938964844,48.34000015258789
QQQ,2026-01-15,626.5999755859375,619.5499877929688
REM,2026-01-15,23.18000030517578,23.190000534057617
REMX,2026-01-15,91.52999877929688,91.31999969482422
RSP,2026-01-15,199.32000732421875,198.67999267578125
RWR,2026-01-15,101.38999938964844,100.95999908447266
RWX,2026-01-15,28.65999984741211,28.51000022888184
SCHH,2026-01-15,21.56999969482422,21.46999931335449
SCHO,2026-01-15,24.3700008392334,24.3799991607666
SCHP,2026-01-15,26.6200008392334,26.600000381469727
SGOL,2026-01-15,43.86000061035156,44.150001525878906
SHY,2026-01-15,82.86000061035156,82.87000274658203
SHYG,2026-01-15,43.060001373291016,43.04999923706055
SIVR,2026-01-15,84.77999877929688,88.77999877929688
SKYY,2026-01-15,126.97000122070312,126.22000122070312
SLQD,2026-01-15,50.77000045776367,50.77999877929688
SLV,2026-01-15,80.73999786376953,84.55999755859375
SLX,2026-01-15,91.12999725341795,91.12000274658205
SMH,2026-01-15,401.0700073242188,388.3500061035156
SOXX,2026-01-15,343.1000061035156,331.8999938964844
SOYB,2026-01-15,21.760000228881836,21.739999771118164
SPIB,2026-01-15,33.90999984741211,33.900001525878906
SPMB,2026-01-15,22.59000015258789,22.59000015258789
SPTL,2026-01-15,26.84000015258789,26.770000457763672
SPY,2026-01-15,694.5700073242188,690.3599853515625
SRLN,2026-01-15,41.41999816894531,41.400001525878906
STIP,2026-01-15,102.52999877929688,102.5500030517578
TIP,2026-01-15,110.43000030517578,110.4000015258789
TLH,2026-01-15,102.93000030517578,102.70999908447266
TLT,2026-01-15,88.63999938964844,88.33000183105469
TUR,2026-01-15,37.709999084472656,37.59000015258789
UGA,2026-01-15,63.90999984741211,64.62999725341797
UNG,2026-01-15,10.199999809265137,10.239999771118164
UNL,2026-01-15,6.449999809265137,6.510000228881836
USHY,2026-01-15,37.630001068115234,37.59999847412109
USIG,2026-01-15,52.119998931884766,52.060001373291016
USO,2026-01-15,71.5999984741211,72.61000061035156
VCIT,2026-01-15,84.12999725341797,84.0999984741211
VCSH,2026-01-15,79.83000183105469,79.8499984741211
VDC,2026-01-15,222.97999572753903,223.3300018310547
VGIT,2026-01-15,60.0099983215332,60.040000915527344
VGLT,2026-01-15,56.58000183105469,56.43000030517578
VHT,2026-01-15,292.6700134277344,293.5199890136719
VMBS,2026-01-15,47.33000183105469,47.310001373291016
VNQ,2026-01-15,91.3000030517578,90.87000274658205
VNQI,2026-01-15,47.2400016784668,47.06999969482422
VPU,2026-01-15,188.50999450683597,187.63999938964844
VTIP,2026-01-15,49.52000045776367,49.52999877929688
VWOB,2026-01-15,67.62000274658203,67.4800033569336
WEAT,2026-01-15,20.299999237060547,20.139999389648438
XBI,2026-01-15,126.5,126.81999969482422
XLB,2026-01-15,48.77000045776367,48.75
XLC,2026-01-15,116.98999786376953,116.63999938964844
XLE,2026-01-15,47.630001068115234,48.060001373291016
XLF,2026-01-15,54.220001220703125,54.150001525878906
XLI,2026-01-15,165.07000732421875,164.27000427246094
XLK,2026-01-15,146.92999267578125,144.6999969482422
XLP,2026-01-15,82.0999984741211,82.2300033569336
XLRE,2026-01-15,41.540000915527344,41.38999938964844
XLU,2026-01-15,43.31999969482422,43.16999816894531
XLV,2026-01-15,157.30999755859375,157.86000061035156
XLY,2026-01-15,122.87000274658203,122.25
XME,2026-01-15,122.47000122070312,122.95999908447266
XPH,2026-01-15,56.900001525878906,56.84999847412109
XRT,2026-01-15,89.81999969482422,89.77999877929688
ANGL,2026-01-16,29.600000381469727,29.56999969482422
BKLN,2026-01-16,21.049999237060547,21.040000915527344
BNO,2026-01-16,30.09000015258789,29.579999923706055
BWX,2026-01-16,22.3700008392334,22.31999969482422
CANE,2026-01-16,9.600000381469728,9.479999542236328
CEMB,2026-01-16,46.08000183105469,46.040000915527344
CIBR,2026-01-16,72.37999725341797,72.11000061035156
CORN,2026-01-16,17.059999465942383,17.049999237060547
CPER,2026-01-16,35.7599983215332,36.77000045776367
DBA,2026-01-16,25.690000534057617,25.59000015258789
DBB,2026-01-16,23.709999084472656,24.290000915527344
DBC,2026-01-16,23.200000762939453,23.200000762939453
DBE,2026-01-16,18.059999465942383,17.75
DBO,2026-01-16,12.800000190734863,12.550000190734863
DIA,2026-01-16,494.5,494.4800109863281
EBND,2026-01-16,21.40999984741211,21.440000534057617
EEM,2026-01-16,57.970001220703125,58.09000015258789
EFA,2026-01-16,99.41999816894531,99.26000213623047
EMB,2026-01-16,96.44999694824219,96.4000015258789
EMHY,2026-01-16,40.52000045776367,40.470001220703125
EMLC,2026-01-16,25.920000076293945,25.989999771118164
EPI,2026-01-16,45.470001220703125,45.709999084472656
EWA,2026-01-16,26.76000022888184,26.649999618530277
EWC,2026-01-16,55.27000045776367,55.220001220703125
EWG,2026-01-16,43.33000183105469,43.2400016784668
EWJ,2026-01-16,85.54000091552734,85.41999816894531
EWL,2026-01-16,60.59999847412109,60.52000045776367
EWN,2026-01-16,61.70000076293945,61.59999847412109
EWQ,2026-01-16,45.25,45.400001525878906
EWT,2026-01-16,67.58000183105469,67.29000091552734
EWU,2026-01-16,45.220001220703125,45.09000015258789
EWW,2026-01-16,73.08999633789062,73.25
EWY,2026-01-16,111.77999877929688,111.0500030517578
EWZ,2026-01-16,33.13999938964844,33.36000061035156
EZA,2026-01-16,72.5999984741211,73.73999786376953
EZU,2026-01-16,66.01000213623047,65.91999816894531
FALN,2026-01-16,27.549999237060547,27.530000686645508
FDN,2026-01-16,264.8699951171875,263.94000244140625
FXI,2026-01-16,39.52999877929688,40.0
GIGB,2026-01-16,46.459999084472656,46.4900016784668
GLD,2026-01-16,422.79998779296875,423.3299865722656
GLTR,2026-01-16,232.91000366210935,237.17999267578125
GOVT,2026-01-16,23.049999237060547,23.07999992370605
HYG,2026-01-16,81.08000183105469,81.04000091552734
IAU,2026-01-16,86.5999984741211,86.70999908447266
IEF,2026-01-16,96.2300033569336,96.30000305175781
IEI,2026-01-16,119.2699966430664,119.29000091552734
IGIB,2026-01-16,54.0,54.02999877929688
IGV,2026-01-16,100.0,99.77999877929688
IHI,2026-01-16,62.34000015258789,62.41999816894531
INDA,2026-01-16,52.86000061035156,53.220001220703125
ITB,2026-01-16,109.06999969482422,109.41000366210938
IWM,2026-01-16,265.8699951171875,265.510009765625
IYR,2026-01-16,96.76000213623048,97.02999877929688
IYT,2026-01-16,78.19000244140625,78.30999755859375
JMBS,2026-01-16,45.93999862670898,45.93999862670898
JNK,2026-01-16,97.83999633789062,97.73999786376953
KRE,2026-01-16,68.11000061035156,68.23999786376953
LEMB,2026-01-16,41.79999923706055,41.79999923706055
LIT,2026-01-16,70.0,70.86000061035156
LMBS,2026-01-16,50.2599983215332,50.25
LQD,2026-01-16,110.81999969482422,110.88999938964844
MBB,2026-01-16,95.66999816894531,95.66000366210938
MDY,2026-01-16,641.2899780273438,641.780029296875
PALL,2026-01-16,31.809999465942383,33.104000091552734
PCY,2026-01-16,21.68000030517578,21.68000030517578
PFF,2026-01-16,31.81999969482422,31.81999969482422
PPLT,2026-01-16,20.983999252319336,21.867000579833984
QLTA,2026-01-16,48.27000045776367,48.27999877929688
QQQ,2026-01-16,625.5,621.780029296875
REM,2026-01-16,23.56999969482422,23.56999969482422
REMX,2026-01-16,89.0,90.54000091552734
RSP,2026-01-16,199.3000030517578,199.55999755859372
RWR,2026-01-16,101.20999908447266,101.47000122070312
RWX,2026-01-16,28.850000381469727,28.690000534057617
SCHH,2026-01-16,21.530000686645508,21.59000015258789
SCHO,2026-01-16,24.36000061035156,24.36000061035156
SCHP,2026-01-16,26.57999992370605,26.56999969482422
SGOL,2026-01-16,43.84000015258789,43.869998931884766
SHY,2026-01-16,82.83999633789062,82.80999755859375
SHYG,2026-01-16,43.060001373291016,43.02999877929688
SIVR,2026-01-16,84.29000091552734,87.4800033569336
SKYY,2026-01-16,125.98999786376952,125.33999633789062
SLQD,2026-01-16,50.7400016784668,50.75
SLV,2026-01-16,80.33000183105469,83.31999969482422
SLX,2026-01-16,91.29000091552734,91.68000030517578
SMH,2026-01-16,402.8500061035156,396.4100036621094
SOXX,2026-01-16,343.510009765625,337.2200012207031
SOYB,2026-01-16,21.899999618530273,21.889999389648438
SPIB,2026-01-16,33.869998931884766,33.849998474121094
SPMB,2026-01-16,22.559999465942383,22.540000915527344
SPTL,2026-01-16,26.709999084472656,26.770000457763672
SPY,2026-01-16,693.6599731445312,692.239990234375
SRLN,2026-01-16,41.40999984741211,41.400001525878906
STIP,2026-01-16,102.48999786376952,102.4499969482422
TIP,2026-01-16,110.26000213623047,110.2300033569336
TLH,2026-01-16,102.41999816894531,102.62999725341797
TLT,2026-01-16,88.12999725341797,88.30999755859375
TUR,2026-01-16,38.33000183105469,37.93999862670898
UGA,2026-01-16,64.51000213623047,64.22000122070312
UNG,2026-01-16,10.229999542236328,10.300000190734863
UNL,2026-01-16,6.489999771118164,6.559999942779541
USHY,2026-01-16,37.630001068115234,37.59999847412109
USIG,2026-01-16,52.02000045776367,52.0099983215332
USO,2026-01-16,72.30000305175781,71.12999725341797
VCIT,2026-01-16,83.94000244140625,83.97000122070312
VCSH,2026-01-16,79.80999755859375,79.80000305175781
VDC,2026-01-16,223.05999755859372,223.55999755859372
VGIT,2026-01-16,59.90999984741211,59.93000030517578
VGLT,2026-01-16,56.290000915527344,56.400001525878906
VHT,2026-01-16,291.6199951171875,291.9599914550781
VMBS,2026-01-16,47.2400016784668,47.2400016784668
VNQ,2026-01-16,91.33999633789062,91.5
VNQI,2026-01-16,47.40999984741211,47.310001373291016
VPU,2026-01-16,187.6999969482422,189.7100067138672
VTIP,2026-01-16,49.5,49.47999954223633
VWOB,2026-01-16,67.62000274658203,67.5
WEAT,2026-01-16,20.309999465942383,20.06999969482422
XBI,2026-01-16,124.5999984741211,124.3499984741211
XLB,2026-01-16,48.56999969482422,48.959999084472656
XLC,2026-01-16,116.4000015258789,116.20999908447266
XLE,2026-01-16,47.560001373291016,47.61000061035156
XLF,2026-01-16,54.369998931884766,54.369998931884766
XLI,2026-01-16,166.39999389648438,165.77999877929688
XLK,2026-01-16,146.72000122070312,145.4600067138672
XLP,2026-01-16,82.1500015258789,82.37000274658203
XLRE,2026-01-16,41.61000061035156,41.70000076293945
XLU,2026-01-16,43.16999816894531,43.61000061035156
XLV,2026-01-16,156.63999938964844,156.9600067138672
XLY,2026-01-16,122.76000213623047,122.69999694824219
XME,2026-01-16,123.0500030517578,123.70999908447266
XPH,2026-01-16,55.959999084472656,56.02999877929688
XRT,2026-01-16,90.75,90.87999725341797
ANGL,2026-01-20,29.450000762939453,29.57999992370605
BKLN,2026-01-20,20.940000534057617,21.059999465942383
BNO,2026-01-20,30.200000762939453,29.84000015258789
BWX,2026-01-20,22.32999992370605,22.34000015258789
CANE,2026-01-20,9.65999984741211,9.68000030517578
CEMB,2026-01-20,45.90999984741211,46.02999877929688
CIBR,2026-01-20,70.8499984741211,71.91000366210938
CORN,2026-01-20,17.149999618530273,17.18000030517578
CPER,2026-01-20,35.70000076293945,35.939998626708984
DBA,2026-01-20,25.510000228881836,25.600000381469727
DBB,2026-01-20,23.709999084472656,23.760000228881836
DBC,2026-01-20,23.51000022888184,23.15999984741211
DBE,2026-01-20,18.15999984741211,17.969999313354492
DBO,2026-01-20,12.859999656677246,12.65999984741211
DIA,2026-01-20,486.1700134277344,493.4200134277344
EBND,2026-01-20,21.3799991607666,21.420000076293945
EEM,2026-01-20,57.349998474121094,57.869998931884766
EFA,2026-01-20,98.0,99.52999877929688
EMB,2026-01-20,95.77999877929688,96.20999908447266
EMHY,2026-01-20,40.310001373291016,40.47999954223633
EMLC,2026-01-20,25.959999084472656,25.93000030517578
EPI,2026-01-20,44.470001220703125,45.369998931884766
EWA,2026-01-20,26.5,26.739999771118164
EWC,2026-01-20,55.15999984741211,55.130001068115234
EWG,2026-01-20,42.709999084472656,43.34000015258789
EWJ,2026-01-20,83.83000183105469,85.4800033569336
EWL,2026-01-20,59.970001220703125,60.5099983215332
EWN,2026-01-20,60.630001068115234,61.90999984741211
EWQ,2026-01-20,44.459999084472656,45.290000915527344
EWT,2026-01-20,66.86000061035156,67.33999633789062
EWU,2026-01-20,44.70000076293945,45.18000030517578
EWW,2026-01-20,73.94999694824219,74.0
EWY,2026-01-20,110.47000122070312,112.22000122070312
EWZ,2026-01-20,33.029998779296875,33.16999816894531
EZA,2026-01-20,73.22000122070312,72.77999877929688
EZU,2026-01-20,65.1500015258789,66.05999755859375
FALN,2026-01-20,27.420000076293945,27.530000686645508
FDN,2026-01-20,256.8999938964844,261.6300048828125
FXI,2026-01-20,39.04999923706055,39.29999923706055
GIGB,2026-01-20,46.13999938964844,46.400001525878906
GLD,2026-01-20,436.69000244140625,421.2900085449219
GLTR,2026-01-20,244.5800018310547,233.44000244140625
GOVT,2026-01-20,22.950000762939453,23.030000686645508
HYG,2026-01-20,80.75,81.08999633789062
IAU,2026-01-20,89.44000244140625,86.2699966430664
IEF,2026-01-20,95.5999984741211,95.93000030517578
IEI,2026-01-20,118.94999694824219,119.08000183105469
IGIB,2026-01-20,53.72999954223633,53.900001525878906
IGV,2026-01-20,96.3000030517578,98.30999755859376
IHI,2026-01-20,61.2599983215332,61.83000183105469
INDA,2026-01-20,51.93000030517578,52.84999847412109
ITB,2026-01-20,105.31999969482422,107.91999816894533
IWM,2026-01-20,261.1400146484375,265.760009765625
IYR,2026-01-20,97.45999908447266,98.30999755859376
IYT,2026-01-20,76.51000213623047,77.80000305175781
JMBS,2026-01-20,45.75,45.869998931884766
JNK,2026-01-20,97.3499984741211,97.81999969482422
KRE,2026-01-20,66.9000015258789,67.8499984741211
LEMB,2026-01-20,41.7599983215332,41.77000045776367
LIT,2026-01-20,69.52999877929688,69.66000366210938
LMBS,2026-01-20,50.18000030517578,50.22499847412109
LQD,2026-01-20,109.8499984741211,110.56999969482422
MBB,2026-01-20,95.22000122070312,95.56999969482422
MDY,2026-01-20,631.1099853515625,639.8499755859375
PALL,2026-01-20,33.6879997253418,32.619998931884766
PCY,2026-01-20,21.3700008392334,21.63999938964844
PFF,2026-01-20,31.579999923706055,31.780000686645508
PPLT,2026-01-20,22.007999420166016,20.927000045776367
QLTA,2026-01-20,48.0,48.18000030517578
QQQ,2026-01-20,610.530029296875,621.260009765625
REM,2026-01-20,23.780000686645508,24.030000686645508
REMX,2026-01-20,88.19999694824219,89.18000030517578
RSP,2026-01-20,196.8699951171875,199.0500030517578
RWR,2026-01-20,101.7699966430664,102.58999633789062
RWX,2026-01-20,28.6299991607666,28.850000381469727
SCHH,2026-01-20,21.700000762939453,21.86000061035156
SCHO,2026-01-20,24.350000381469727,24.36000061035156
SCHP,2026-01-20,26.450000762939453,26.520000457763672
SGOL,2026-01-20,45.27000045776367,43.66999816894531
SHY,2026-01-20,82.80999755859375,82.79000091552734
SHYG,2026-01-20,42.93000030517578,43.04999923706055
SIVR,2026-01-20,90.52999877929688,85.05000305175781
SKYY,2026-01-20,121.18000030517578,124.1999969482422
SLQD,2026-01-20,50.709999084472656,50.7400016784668
SLV,2026-01-20,86.19000244140625,81.0199966430664
SLX,2026-01-20,90.5,90.73999786376952
SMH,2026-01-20,393.1600036621094,400.3900146484375
SOXX,2026-01-20,336.20001220703125,342.4700012207031
SOYB,2026-01-20,21.979999542236328,21.979999542236328
SPIB,2026-01-20,33.75,33.83000183105469
SPMB,2026-01-20,22.450000762939453,22.520000457763672
SPTL,2026-01-20,26.280000686645508,26.600000381469727
SPY,2026-01-20,681.489990234375,691.6599731445312
SRLN,2026-01-20,41.400001525878906,41.41999816894531
STIP,2026-01-20,102.4000015258789,102.41000366210938
TIP,2026-01-20,109.70999908447266,110.0199966430664
TLH,2026-01-20,101.01000213623047,102.05999755859375
TLT,2026-01-20,86.62999725341797,87.80000305175781
TUR,2026-01-20,38.70000076293945,38.40999984741211
UGA,2026-01-20,65.27999877929688,64.31999969482422
UNG,2026-01-20,12.319999694824219,10.329999923706055
UNL,2026-01-20,7.099999904632568,6.570000171661377
USHY,2026-01-20,37.470001220703125,37.61000061035156
USIG,2026-01-20,51.66999816894531,51.900001525878906
USO,2026-01-20,72.80000305175781,71.6500015258789
VCIT,2026-01-20,83.5,83.77999877929688
VCSH,2026-01-20,79.7699966430664,79.76000213623047
VDC,2026-01-20,222.7700042724609,223.3600006103516
VGIT,2026-01-20,59.70000076293945,59.790000915527344
VGLT,2026-01-20,55.40999984741211,56.06999969482422
VHT,2026-01-20,286.3299865722656,289.7099914550781
VMBS,2026-01-20,47.040000915527344,47.18000030517578
VNQ,2026-01-20,91.81999969482422,92.62000274658205
VNQI,2026-01-20,47.040000915527344,47.47999954223633
VPU,2026-01-20,187.4900054931641,188.75999450683597
VTIP,2026-01-20,49.459999084472656,49.459999084472656
VWOB,2026-01-20,67.12999725341797,67.41000366210938
WEAT,2026-01-20,20.260000228881836,20.360000610351562
XBI,2026-01-20,122.41999816894533,124.18000030517578
XLB,2026-01-20,48.349998474121094,48.68000030517578
XLC,2026-01-20,113.79000091552734,115.16999816894531
XLE,2026-01-20,48.09000015258789,47.689998626708984
XLF,2026-01-20,53.61000061035156,54.439998626708984
XLI,2026-01-20,164.75999450683594,166.89999389648438
XLK,2026-01-20,143.08999633789062,145.6199951171875
XLP,2026-01-20,81.94999694824219,82.11000061035156
XLRE,2026-01-20,41.93000030517578,42.209999084472656
XLU,2026-01-20,43.119998931884766,43.38999938964844
XLV,2026-01-20,154.0,155.74000549316406
XLY,2026-01-20,120.27999877929688,122.30000305175781
XME,2026-01-20,124.27999877929688,124.13999938964844
XPH,2026-01-20,54.93000030517578,55.709999084472656
XRT,2026-01-20,89.0199966430664,90.41999816894531
ANGL,2026-01-21,29.530000686645508,29.489999771118164
BKLN,2026-01-21,20.940000534057617,20.920000076293945
BNO,2026-01-21,30.209999084472656,29.780000686645508
BWX,2026-01-21,22.399999618530277,22.32999992370605
CANE,2026-01-21,9.630000114440918,9.550000190734863
CEMB,2026-01-21,45.97999954223633,45.91999816894531
CIBR,2026-01-21,70.19000244140625,69.9800033569336
CORN,2026-01-21,17.270000457763672,17.18000030517578
CPER,2026-01-21,35.939998626708984,35.709999084472656
DBA,2026-01-21,25.56999969482422,25.489999771118164
DBB,2026-01-21,23.850000381469727,23.739999771118164
DBC,2026-01-21,23.780000686645508,23.479999542236328
DBE,2026-01-21,18.68000030517578,18.26000022888184
DBO,2026-01-21,12.869999885559082,12.68000030517578
DIA,2026-01-21,485.6700134277344,484.8800048828125
EBND,2026-01-21,21.440000534057617,21.3700008392334
EEM,2026-01-21,57.9900016784668,57.310001373291016
EFA,2026-01-21,98.2699966430664,98.0199966430664
EMB,2026-01-21,96.0,95.7300033569336
EMHY,2026-01-21,40.43999862670898,40.31999969482422
EMLC,2026-01-21,26.030000686645508,25.979999542236328
EPI,2026-01-21,44.0,44.380001068115234
EWA,2026-01-21,26.549999237060547,26.459999084472656
EWC,2026-01-21,55.20000076293945,54.75
EWG,2026-01-21,42.400001525878906,42.540000915527344
EWJ,2026-01-21,84.20999908447266,83.72000122070312
EWL,2026-01-21,60.130001068115234,60.15999984741211
EWN,2026-01-21,60.81999969482422,60.63999938964844
EWQ,2026-01-21,44.66999816894531,44.54999923706055
EWT,2026-01-21,67.25,66.54000091552734
EWU,2026-01-21,44.84999847412109,44.70000076293945
EWW,2026-01-21,75.38999938964844,74.61000061035156
EWY,2026-01-21,114.0,110.97000122070312
EWZ,2026-01-21,34.209999084472656,33.619998931884766
EZA,2026-01-21,74.58999633789062,73.44000244140625
EZU,2026-01-21,65.0199966430664,64.93000030517578
FALN,2026-01-21,27.479999542236328,27.450000762939453
FDN,2026-01-21,254.83999633789065,255.69000244140625
FXI,2026-01-21,39.290000915527344,38.869998931884766
GIGB,2026-01-21,46.2599983215332,46.18000030517578
GLD,2026-01-21,446.8699951171875,437.2300109863281
GLTR,2026-01-21,247.1999969482422,244.1100006103516
GOVT,2026-01-21,22.959999084472656,22.950000762939453
HYG,2026-01-21,80.9800033569336,80.87999725341797
IAU,2026-01-21,91.5,89.55000305175781
IEF,2026-01-21,95.66000366210938,95.55000305175781
IEI,2026-01-21,119.0,118.91999816894531
IGIB,2026-01-21,53.810001373291016,53.709999084472656
IGV,2026-01-21,96.08999633789062,95.93000030517578
IHI,2026-01-21,61.70000076293945,61.40999984741211
INDA,2026-01-21,51.29999923706055,51.72999954223633
ITB,2026-01-21,105.83999633789062,105.51000213623048
IWM,2026-01-21,264.6400146484375,262.5799865722656
IYR,2026-01-21,97.08000183105467,96.41000366210938
IYT,2026-01-21,76.56999969482422,76.01000213623047
JMBS,2026-01-21,45.77999877929688,45.70000076293945
JNK,2026-01-21,97.69999694824219,97.58999633789062
KRE,2026-01-21,67.62000274658203,66.95999908447266
LEMB,2026-01-21,41.90999984741211,41.810001373291016
LIT,2026-01-21,71.91999816894531,70.0
LMBS,2026-01-21,50.119998931884766,50.150001525878906
LQD,2026-01-21,110.12999725341797,109.9000015258789
MBB,2026-01-21,95.3499984741211,95.16000366210938
MDY,2026-01-21,635.719970703125,631.1699829101562
PALL,2026-01-21,33.900001525878906,33.90800094604492
PCY,2026-01-21,21.459999084472656,21.36000061035156
PFF,2026-01-21,31.65999984741211,31.610000610351562
PPLT,2026-01-21,22.600000381469727,22.406999588012695
QLTA,2026-01-21,48.04999923706055,47.970001220703125
QQQ,2026-01-21,609.469970703125,608.0599975585938
REM,2026-01-21,23.600000381469727,23.46999931335449
REMX,2026-01-21,92.29000091552734,89.51000213623047
RSP,2026-01-21,197.17999267578125,196.0800018310547
RWR,2026-01-21,101.62000274658205,101.12999725341795
RWX,2026-01-21,28.399999618530277,28.399999618530277
SCHH,2026-01-21,21.6200008392334,21.5
SCHO,2026-01-21,24.3700008392334,24.36000061035156
SCHP,2026-01-21,26.459999084472656,26.459999084472656
SGOL,2026-01-21,46.31999969482422,45.34000015258789
SHY,2026-01-21,82.83000183105469,82.80000305175781
SHYG,2026-01-21,43.02000045776367,42.9900016784668
SIVR,2026-01-21,89.9000015258789,89.6500015258789
SKYY,2026-01-21,120.4499969482422,120.18000030517578
SLQD,2026-01-21,50.72999954223633,50.72999954223633
SLV,2026-01-21,85.5999984741211,85.38999938964844
SLX,2026-01-21,92.6500015258789,90.88999938964844
SMH,2026-01-21,394.75,390.3900146484375
SOXX,2026-01-21,341.8399963378906,337.3500061035156
SOYB,2026-01-21,22.110000610351562,21.93000030517578
SPIB,2026-01-21,33.790000915527344,33.77000045776367
SPMB,2026-01-21,22.459999084472656,22.420000076293945
SPTL,2026-01-21,26.32999992370605,26.299999237060547
SPY,2026-01-21,679.6500244140625,677.5800170898438
SRLN,2026-01-21,41.369998931884766,41.33000183105469
STIP,2026-01-21,102.41999816894533,102.37999725341795
TIP,2026-01-21,109.81999969482422,109.69000244140625
TLH,2026-01-21,101.12999725341797,101.02999877929688
TLT,2026-01-21,86.80000305175781,86.6500015258789
TUR,2026-01-21,38.459999084472656,38.869998931884766
UGA,2026-01-21,66.18000030517578,65.08000183105469
UNG,2026-01-21,13.619999885559082,12.369999885559082
UNL,2026-01-21,7.639999866485596,7.170000076293945
USHY,2026-01-21,37.58000183105469,37.540000915527344
USIG,2026-01-21,51.77000045776367,51.66999816894531
USO,2026-01-21,72.83999633789062,71.86000061035156
VCIT,2026-01-21,83.62999725341797,83.4800033569336
VCSH,2026-01-21,79.77999877929688,79.75
VDC,2026-01-21,223.3500061035156,223.7400054931641
VGIT,2026-01-21,59.720001220703125,59.68000030517578
VGLT,2026-01-21,55.4900016784668,55.41999816894531
VHT,2026-01-21,289.1199951171875,289.3599853515625
VMBS,2026-01-21,47.13999938964844,47.02000045776367
VNQ,2026-01-21,91.54000091552734,90.9000015258789
VNQI,2026-01-21,46.83000183105469,46.86000061035156
VPU,2026-01-21,188.08999633789065,186.7100067138672
VTIP,2026-01-21,49.459999084472656,49.459999084472656
VWOB,2026-01-21,67.29000091552734,67.0999984741211
WEAT,2026-01-21,20.31999969482422,20.110000610351562
XBI,2026-01-21,125.22000122070312,125.29000091552734
XLB,2026-01-21,48.81999969482422,48.189998626708984
XLC,2026-01-21,113.25,113.47000122070312
XLE,2026-01-21,48.290000915527344,47.599998474121094
XLF,2026-01-21,53.369998931884766,53.20000076293945
XLI,2026-01-21,164.3800048828125,163.52999877929688
XLK,2026-01-21,142.77999877929688,141.83999633789062
XLP,2026-01-21,82.16999816894531,82.36000061035156
XLRE,2026-01-21,41.650001525878906,41.400001525878906
XLU,2026-01-21,43.310001373291016,42.959999084472656
XLV,2026-01-21,155.1999969482422,155.39999389648438
XLY,2026-01-21,119.41000366210938,119.12000274658203
XME,2026-01-21,128.3000030517578,125.79000091552734
XPH,2026-01-21,56.650001525878906,56.47999954223633
XRT,2026-01-21,89.3499984741211,88.81999969482422
ANGL,2026-01-22,29.6200008392334,29.61000061035156
BKLN,2026-01-22,20.899999618530273,20.8799991607666
BNO,2026-01-22,30.040000915527344,30.40999984741211
BWX,2026-01-22,22.34000015258789,22.31999969482422
CANE,2026-01-22,9.649999618530272,9.56999969482422
CEMB,2026-01-22,46.0099983215332,46.060001373291016
CIBR,2026-01-22,70.73999786376953,70.06999969482422
CORN,2026-01-22,17.15999984741211,17.149999618530273
CPER,2026-01-22,35.349998474121094,35.68000030517578
DBA,2026-01-22,25.6200008392334,25.549999237060547
DBB,2026-01-22,23.739999771118164,23.75
DBC,2026-01-22,23.71999931335449,23.75
DBE,2026-01-22,18.56999969482422,18.729999542236328
DBO,2026-01-22,12.890000343322754,12.949999809265137
DIA,2026-01-22,493.4700012207031,490.7999877929688
EBND,2026-01-22,21.459999084472656,21.46999931335449
EEM,2026-01-22,58.70000076293945,58.2599983215332
EFA,2026-01-22,99.38999938964844,99.02999877929688
EMB,2026-01-22,96.5,96.5
EMHY,2026-01-22,40.560001373291016,40.59000015258789
EMLC,2026-01-22,26.09000015258789,26.049999237060547
EPI,2026-01-22,44.40999984741211,44.16999816894531
EWA,2026-01-22,27.06999969482422,26.700000762939453
EWC,2026-01-22,55.2400016784668,55.02000045776367
EWG,2026-01-22,43.02999877929688,42.81999969482422
EWJ,2026-01-22,84.8499984741211,84.77999877929688
EWL,2026-01-22,60.58000183105469,60.4900016784668
EWN,2026-01-22,62.2599983215332,61.540000915527344
EWQ,2026-01-22,45.209999084472656,45.04999923706055
EWT,2026-01-22,68.33000183105469,67.44999694824219
EWU,2026-01-22,45.06999969482422,45.15999984741211
EWW,2026-01-22,75.83000183105469,75.36000061035156
EWY,2026-01-22,115.76000213623048,115.66000366210938
EWZ,2026-01-22,35.54999923706055,35.02000045776367
EZA,2026-01-22,74.54000091552734,73.5199966430664
EZU,2026-01-22,65.9800033569336,65.66000366210938
FALN,2026-01-22,27.549999237060547,27.56999969482422
FDN,2026-01-22,260.7300109863281,256.9200134277344
FXI,2026-01-22,39.4900016784668,39.34000015258789
GIGB,2026-01-22,46.380001068115234,46.38999938964844
GLD,2026-01-22,443.8399963378906,443.6000061035156
GLTR,2026-01-22,245.5200042724609,244.41000366210935
GOVT,2026-01-22,22.989999771118164,23.0
HYG,2026-01-22,81.19000244140625,81.12000274658203
IAU,2026-01-22,90.91000366210938,90.87000274658205
IEF,2026-01-22,95.69999694824219,95.80000305175781
IEI,2026-01-22,118.95999908447266,119.05999755859375
IGIB,2026-01-22,53.91999816894531,53.93999862670898
IGV,2026-01-22,96.41999816894533,95.4000015258789
IHI,2026-01-22,60.93000030517578,61.84999847412109
INDA,2026-01-22,51.720001220703125,51.54999923706055
ITB,2026-01-22,108.5,108.19000244140624
IWM,2026-01-22,269.8299865722656,267.7900085449219
IYR,2026-01-22,96.77999877929688,96.6500015258789
IYT,2026-01-22,78.11000061035156,77.86000061035156
JMBS,2026-01-22,45.77000045776367,45.84000015258789
JNK,2026-01-22,97.95999908447266,97.86000061035156
KRE,2026-01-22,70.16999816894531,70.08000183105469
LEMB,2026-01-22,42.0099983215332,42.0
LIT,2026-01-22,72.8499984741211,72.52999877929688
LMBS,2026-01-22,50.02999877929688,50.02000045776367
LQD,2026-01-22,110.58000183105469,110.55999755859375
MBB,2026-01-22,95.27999877929688,95.44999694824219
MDY,2026-01-22,646.969970703125,642.4500122070312
PALL,2026-01-22,33.986000061035156,33.75400161743164
PCY,2026-01-22,21.549999237060547,21.57999992370605
PFF,2026-01-22,31.90999984741211,31.850000381469727
PPLT,2026-01-22,22.864999771118164,22.6299991607666
QLTA,2026-01-22,48.18999862670898,48.20000076293945
QQQ,2026-01-22,622.3499755859375,616.280029296875
REM,2026-01-22,23.6200008392334,23.57999992370605
REMX,2026-01-22,93.1500015258789,92.83999633789062
RSP,2026-01-22,200.1000061035156,199.3999938964844
RWR,2026-01-22,101.33999633789062,101.37000274658205
RWX,2026-01-22,28.57999992370605,28.38999938964844
SCHH,2026-01-22,21.549999237060547,21.540000915527344
SCHO,2026-01-22,24.36000061035156,24.3700008392334
SCHP,2026-01-22,26.520000457763672,26.530000686645508
SGOL,2026-01-22,46.0099983215332,45.9900016784668
SHY,2026-01-22,82.80999755859375,82.83999633789062
SHYG,2026-01-22,43.119998931884766,43.09999847412109
SIVR,2026-01-22,89.06999969482422,88.11000061035156
SKYY,2026-01-22,122.04000091552734,120.36000061035156
SLQD,2026-01-22,50.77000045776367,50.77000045776367
SLV,2026-01-22,84.79000091552734,83.95999908447266
SLX,2026-01-22,93.5199966430664,93.44000244140624
SMH,2026-01-22,408.1799926757813,401.9299926757813
SOXX,2026-01-22,354.3599853515625,348.1400146484375
SOYB,2026-01-22,22.190000534057617,22.15999984741211
SPIB,2026-01-22,33.84000015258789,33.849998474121094
SPMB,2026-01-22,22.450000762939453,22.479999542236328
SPTL,2026-01-22,26.459999084472656,26.479999542236328
SPY,2026-01-22,689.8499755859375,685.4000244140625
SRLN,2026-01-22,41.34999847412109,41.310001373291016
STIP,2026-01-22,102.45999908447266,102.48999786376952
TIP,2026-01-22,110.0199966430664,110.12000274658203
TLH,2026-01-22,101.52999877929688,101.58999633789062
TLT,2026-01-22,87.2699966430664,87.30999755859375
TUR,2026-01-22,38.81999969482422,38.63999938964844
UGA,2026-01-22,65.9800033569336,66.69999694824219
UNG,2026-01-22,14.220000267028809,13.640000343322754
UNL,2026-01-22,7.789999961853027,7.550000190734863
USHY,2026-01-22,37.65999984741211,37.63999938964844
USIG,2026-01-22,51.90999984741211,51.900001525878906
USO,2026-01-22,72.43000030517578,73.33999633789062
VCIT,2026-01-22,83.79000091552734,83.80999755859375
VCSH,2026-01-22,79.80999755859375,79.81999969482422
VDC,2026-01-22,224.2700042724609,224.5800018310547
VGIT,2026-01-22,59.68999862670898,59.77000045776367
VGLT,2026-01-22,55.77000045776367,55.79999923706055
VHT,2026-01-22,293.9200134277344,294.3699951171875
VMBS,2026-01-22,47.09999847412109,47.16999816894531
VNQ,2026-01-22,91.37000274658205,91.26000213623048
VNQI,2026-01-22,47.25,46.90999984741211
VPU,2026-01-22,187.8699951171875,187.2100067138672
VTIP,2026-01-22,49.4900016784668,49.5
VWOB,2026-01-22,67.51000213623047,67.55000305175781
WEAT,2026-01-22,20.200000762939453,20.049999237060547
XBI,2026-01-22,128.27999877929688,128.17999267578125
XLB,2026-01-22,49.369998931884766,49.2400016784668
XLC,2026-01-22,115.7300033569336,114.62999725341797
XLE,2026-01-22,48.619998931884766,48.75
XLF,2026-01-22,53.650001525878906,53.459999084472656
XLI,2026-01-22,166.55999755859375,166.36000061035156
XLK,2026-01-22,145.61000061035156,143.80999755859375
XLP,2026-01-22,82.33999633789062,82.44000244140625
XLRE,2026-01-22,41.560001373291016,41.54999923706055
XLU,2026-01-22,43.20000076293945,43.02000045776367
XLV,2026-01-22,157.64999389648438,158.25999450683594
XLY,2026-01-22,122.12999725341797,121.4000015258789
XME,2026-01-22,128.91000366210938,127.80999755859376
XPH,2026-01-22,57.220001220703125,57.02000045776367
XRT,2026-01-22,90.94000244140625,90.38999938964844
ANGL,2026-01-23,29.6200008392334,29.6200008392334
BKLN,2026-01-23,20.899999618530273,20.899999618530273
BNO,2026-01-23,30.579999923706055,29.860000610351562
BWX,2026-01-23,22.440000534057617,22.459999084472656
CANE,2026-01-23,9.579999923706056,9.649999618530272
CEMB,2026-01-23,46.09000015258789,46.08000183105469
CIBR,2026-01-23,71.18000030517578,70.6500015258789
CORN,2026-01-23,17.290000915527344,17.190000534057617
CPER,2026-01-23,36.34000015258789,35.65999984741211
DBA,2026-01-23,25.610000610351562,25.600000381469727
DBB,2026-01-23,24.209999084472656,23.8700008392334
DBC,2026-01-23,24.049999237060547,23.739999771118164
DBE,2026-01-23,18.850000381469727,18.350000381469727
DBO,2026-01-23,13.020000457763672,12.65999984741211
DIA,2026-01-23,491.8200073242188,493.6900024414063
EBND,2026-01-23,21.530000686645508,21.559999465942383
EEM,2026-01-23,58.560001373291016,58.70000076293945
EFA,2026-01-23,99.16999816894531,99.41999816894531
EMB,2026-01-23,96.55999755859375,96.4800033569336
EMHY,2026-01-23,40.61000061035156,40.61000061035156
EMLC,2026-01-23,26.190000534057617,26.200000762939453
EPI,2026-01-23,43.810001373291016,44.43000030517578
EWA,2026-01-23,27.170000076293945,27.06999969482422
EWC,2026-01-23,55.40999984741211,55.20000076293945
EWG,2026-01-23,43.09000015258789,43.09999847412109
EWJ,2026-01-23,84.06999969482422,84.86000061035156
EWL,2026-01-23,60.18999862670898,60.59000015258789
EWN,2026-01-23,61.720001220703125,62.13999938964844
EWQ,2026-01-23,45.09999847412109,45.15999984741211
EWT,2026-01-23,68.69000244140625,68.25
EWU,2026-01-23,45.310001373291016,45.06999969482422
EWW,2026-01-23,75.73999786376953,75.75
EWY,2026-01-23,115.29000091552734,115.98999786376952
EWZ,2026-01-23,36.040000915527344,35.95000076293945
EZA,2026-01-23,75.52999877929688,75.55999755859375
EZU,2026-01-23,65.87999725341797,66.04000091552734
FALN,2026-01-23,27.559999465942383,27.56999969482422
FDN,2026-01-23,261.260009765625,261.8399963378906
FXI,2026-01-23,39.310001373291016,39.47999954223633
GIGB,2026-01-23,46.40999984741211,46.43000030517578
GLD,2026-01-23,454.1099853515625,451.7900085449219
GLTR,2026-01-23,255.88999938964844,251.3500061035156
GOVT,2026-01-23,23.01000022888184,23.01000022888184
HYG,2026-01-23,81.18000030517578,81.18000030517578
IAU,2026-01-23,93.0,92.55999755859376
IEF,2026-01-23,95.83000183105469,95.79000091552734
IEI,2026-01-23,119.0,118.98999786376953
IGIB,2026-01-23,53.93999862670898,53.93999862670898
IGV,2026-01-23,96.88999938964844,96.94000244140624
IHI,2026-01-23,60.720001220703125,60.77999877929688
INDA,2026-01-23,51.060001373291016,51.79999923706055
ITB,2026-01-23,107.0,107.04000091552734
IWM,2026-01-23,269.0400085449219,269.7900085449219
IYR,2026-01-23,95.6999969482422,95.76000213623048
IYT,2026-01-23,77.68000030517578,77.68000030517578
JMBS,2026-01-23,45.83000183105469,45.810001373291016
JNK,2026-01-23,97.94000244140625,97.91999816894531
KRE,2026-01-23,69.63999938964844,69.93000030517578
LEMB,2026-01-23,42.18999862670898,42.16999816894531
LIT,2026-01-23,74.25,73.37999725341797
LMBS,2026-01-23,50.09999847412109,50.040000915527344
LQD,2026-01-23,110.76000213623047,110.7699966430664
MBB,2026-01-23,95.44000244140625,95.36000061035156
MDY,2026-01-23,641.3300170898438,642.6099853515625
PALL,2026-01-23,36.04600143432617,35.18199920654297
PCY,2026-01-23,21.59000015258789,21.59000015258789
PFF,2026-01-23,31.950000762939453,31.940000534057617
PPLT,2026-01-23,24.600000381469727,24.048999786376953
QLTA,2026-01-23,48.25,48.2400016784668
QQQ,2026-01-23,619.72998046875,620.760009765625
REM,2026-01-23,23.6200008392334,23.56999969482422
REMX,2026-01-23,97.52999877929688,95.58000183105467
RSP,2026-01-23,199.2899932861328,199.66000366210935
RWR,2026-01-23,99.91000366210938,100.0
RWX,2026-01-23,28.540000915527344,28.600000381469727
SCHH,2026-01-23,21.270000457763672,21.280000686645508
SCHO,2026-01-23,24.3700008392334,24.36000061035156
SCHP,2026-01-23,26.530000686645508,26.520000457763672
SGOL,2026-01-23,47.06999969482422,46.86000061035156
SHY,2026-01-23,82.83000183105469,82.80999755859375
SHYG,2026-01-23,43.11000061035156,43.11000061035156
SIVR,2026-01-23,94.7300033569336,91.47000122070312
SKYY,2026-01-23,123.36000061035156,123.58999633789062
SLQD,2026-01-23,50.77000045776367,50.77000045776367
SLV,2026-01-23,90.19000244140625,87.12999725341797
SLX,2026-01-23,93.6999969482422,93.81999969482422
SMH,2026-01-23,400.5,402.8200073242188
SOXX,2026-01-23,346.3900146484375,348.6700134277344
SOYB,2026-01-23,22.290000915527344,22.15999984741211
SPIB,2026-01-23,33.849998474121094,33.849998474121094
SPMB,2026-01-23,22.489999771118164,22.479999542236328
SPTL,2026-01-23,26.59000015258789,26.559999465942383
SPY,2026-01-23,688.1500244140625,688.97998046875
SRLN,2026-01-23,41.36000061035156,41.34999847412109
STIP,2026-01-23,102.4499969482422,102.44000244140624
TIP,2026-01-23,110.02999877929688,110.01000213623047
TLH,2026-01-23,101.97000122070312,101.87000274658203
TLT,2026-01-23,87.83000183105469,87.69000244140625
TUR,2026-01-23,38.97999954223633,39.08000183105469
UGA,2026-01-23,66.44999694824219,65.29000091552734
UNG,2026-01-23,14.15999984741211,13.430000305175781
UNL,2026-01-23,7.800000190734863,7.559999942779541
USHY,2026-01-23,37.65999984741211,37.63999938964844
USIG,2026-01-23,51.970001220703125,51.970001220703125
USO,2026-01-23,73.76000213623047,71.81999969482422
VCIT,2026-01-23,83.83000183105469,83.83000183105469
VCSH,2026-01-23,79.81999969482422,79.80999755859375
VDC,2026-01-23,224.44000244140625,224.1999969482422
VGIT,2026-01-23,59.7400016784668,59.7400016784668
VGLT,2026-01-23,56.06999969482422,56.0
VHT,2026-01-23,294.4700012207031,294.94000244140625
VMBS,2026-01-23,47.20000076293945,47.15999984741211
VNQ,2026-01-23,90.22000122070312,90.36000061035156
VNQI,2026-01-23,47.11000061035156,47.29999923706055
VPU,2026-01-23,185.97999572753903,186.00999450683597
VTIP,2026-01-23,49.470001220703125,49.459999084472656
VWOB,2026-01-23,67.56999969482422,67.56999969482422
WEAT,2026-01-23,20.40999984741211,20.309999465942383
XBI,2026-01-23,130.92999267578125,131.57000732421875
XLB,2026-01-23,49.459999084472656,49.52000045776367
XLC,2026-01-23,116.06999969482422,116.25
XLE,2026-01-23,49.52000045776367,48.90999984741211
XLF,2026-01-23,53.4900016784668,53.810001373291016
XLI,2026-01-23,165.5,165.5
XLK,2026-01-23,144.52999877929688,144.8800048828125
XLP,2026-01-23,82.37999725341797,82.2699966430664
XLRE,2026-01-23,41.130001068115234,41.13999938964844
XLU,2026-01-23,42.709999084472656,42.709999084472656
XLV,2026-01-23,157.8000030517578,158.2899932861328
XLY,2026-01-23,122.4800033569336,122.62000274658203
XME,2026-01-23,131.25999450683594,130.69000244140625
XPH,2026-01-23,57.369998931884766,57.5099983215332
XRT,2026-01-23,89.48999786376953,89.68000030517578
ANGL,2026-01-26,29.61000061035156,29.59000015258789
BKLN,2026-01-26,20.8799991607666,20.8799991607666
BNO,2026-01-26,30.469999313354492,30.690000534057617
BWX,2026-01-26,22.799999237060547,22.63999938964844
CANE,2026-01-26,9.550000190734863,9.550000190734863
CEMB,2026-01-26,46.150001525878906,46.150001525878906
CIBR,2026-01-26,71.38999938964844,70.80999755859375
CORN,2026-01-26,17.389999389648438,17.420000076293945
CPER,2026-01-26,37.0099983215332,36.52000045776367
DBA,2026-01-26,25.790000915527344,25.739999771118164
DBB,2026-01-26,24.510000228881836,24.280000686645508
DBC,2026-01-26,24.350000381469727,24.18000030517578
DBE,2026-01-26,18.809999465942383,18.809999465942383
DBO,2026-01-26,12.989999771118164,13.029999732971191
DIA,2026-01-26,491.9100036621094,490.9299926757813
EBND,2026-01-26,21.690000534057617,21.6299991607666
EEM,2026-01-26,59.040000915527344,59.06999969482422
EFA,2026-01-26,100.54000091552734,99.97000122070312
EMB,2026-01-26,96.79000091552734,96.72000122070312
EMHY,2026-01-26,40.68999862670898,40.709999084472656
EMLC,2026-01-26,26.36000061035156,26.299999237060547
EPI,2026-01-26,43.9900016784668,43.9900016784668
EWA,2026-01-26,27.700000762939453,27.3799991607666
EWC,2026-01-26,56.18999862670898,55.77000045776367
EWG,2026-01-26,43.7599983215332,43.47999954223633
EWJ,2026-01-26,85.12000274658203,84.55999755859375
EWL,2026-01-26,61.16999816894531,60.869998931884766
EWN,2026-01-26,62.400001525878906,62.33000183105469
EWQ,2026-01-26,45.720001220703125,45.5099983215332
EWT,2026-01-26,69.80999755859375,69.70999908447266
EWU,2026-01-26,45.81999969482422,45.56999969482422
EWW,2026-01-26,76.31999969482422,76.08000183105469
EWY,2026-01-26,117.2699966430664,117.97000122070312
EWZ,2026-01-26,36.540000915527344,36.59000015258789
EZA,2026-01-26,77.9800033569336,76.33999633789062
EZU,2026-01-26,66.8499984741211,66.47000122070312
FALN,2026-01-26,27.559999465942383,27.540000915527344
FDN,2026-01-26,264.4599914550781,262.4100036621094
FXI,2026-01-26,39.31999969482422,39.43999862670898
GIGB,2026-01-26,46.540000915527344,46.4900016784668
GLD,2026-01-26,466.7799987792969,458.0
GLTR,2026-01-26,271.5899963378906,260.5299987792969
GOVT,2026-01-26,23.06999969482422,23.040000915527344
HYG,2026-01-26,81.19000244140625,81.13999938964844
IAU,2026-01-26,95.61000061035156,93.79000091552734
IEF,2026-01-26,96.0999984741211,95.94999694824219
IEI,2026-01-26,119.18000030517578,119.0999984741211
IGIB,2026-01-26,54.040000915527344,53.970001220703125
IGV,2026-01-26,98.0,97.70999908447266
IHI,2026-01-26,60.27000045776367,60.27999877929688
INDA,2026-01-26,51.25,51.2400016784668
ITB,2026-01-26,105.29000091552734,105.19000244140624
IWM,2026-01-26,265.07000732421875,264.80999755859375
IYR,2026-01-26,96.29000091552734,96.04000091552734
IYT,2026-01-26,76.87999725341797,76.87000274658203
JMBS,2026-01-26,45.93999862670898,45.84999847412109
JNK,2026-01-26,97.97000122070312,97.87000274658203
KRE,2026-01-26,67.66000366210938,67.61000061035156
LEMB,2026-01-26,42.43999862670898,42.29999923706055
LIT,2026-01-26,75.44999694824219,74.75
LMBS,2026-01-26,50.04999923706055,50.02999877929688
LQD,2026-01-26,111.05000305175781,110.83999633789062
MBB,2026-01-26,95.62999725341797,95.55000305175781
MDY,2026-01-26,637.4299926757812,636.1500244140625
PALL,2026-01-26,38.242000579833984,36.948001861572266
PCY,2026-01-26,21.63999938964844,21.63999938964844
PFF,2026-01-26,31.920000076293945,31.90999984741211
PPLT,2026-01-26,25.634000778198242,25.225000381469727
QLTA,2026-01-26,48.369998931884766,48.27999877929688
QQQ,2026-01-26,623.2100219726562,622.719970703125
REM,2026-01-26,23.51000022888184,23.520000457763672
REMX,2026-01-26,102.04000091552734,98.45999908447266
RSP,2026-01-26,199.22000122070312,198.7700042724609
RWR,2026-01-26,100.5199966430664,100.3000030517578
RWX,2026-01-26,29.0,28.690000534057617
SCHH,2026-01-26,21.399999618530277,21.32999992370605
SCHO,2026-01-26,24.3700008392334,24.3700008392334
SCHP,2026-01-26,26.59000015258789,26.57999992370605
SGOL,2026-01-26,48.38999938964844,47.470001220703125
SHY,2026-01-26,82.87000274658203,82.83999633789062
SHYG,2026-01-26,43.119998931884766,43.09000015258789
SIVR,2026-01-26,104.41000366210938,97.54000091552734
SKYY,2026-01-26,124.75,123.3499984741211
SLQD,2026-01-26,50.79999923706055,50.790000915527344
SLV,2026-01-26,99.37000274658203,92.91000366210938
SLX,2026-01-26,96.52999877929688,95.1999969482422
SMH,2026-01-26,398.3999938964844,400.0899963378906
SOXX,2026-01-26,343.2900085449219,344.7099914550781
SOYB,2026-01-26,22.290000915527344,22.270000457763672
SPIB,2026-01-26,33.88999938964844,33.86000061035156
SPMB,2026-01-26,22.530000686645508,22.5
SPTL,2026-01-26,26.75,26.6200008392334
SPY,2026-01-26,690.489990234375,689.22998046875
SRLN,2026-01-26,41.31999969482422,41.31999969482422
STIP,2026-01-26,102.54000091552734,102.54000091552734
TIP,2026-01-26,110.33999633789062,110.2300033569336
TLH,2026-01-26,102.51000213623047,102.06999969482422
TLT,2026-01-26,88.4000015258789,87.93000030517578
TUR,2026-01-26,39.68999862670898,39.43000030517578
UGA,2026-01-26,65.47000122070312,66.30999755859375
UNG,2026-01-26,14.260000228881836,13.970000267028809
UNL,2026-01-26,7.769999980926514,7.699999809265137
USHY,2026-01-26,37.66999816894531,37.630001068115234
USIG,2026-01-26,52.08000183105469,52.0
USO,2026-01-26,73.36000061035156,73.94999694824219
VCIT,2026-01-26,84.0,83.88999938964844
VCSH,2026-01-26,79.87999725341797,79.8499984741211
VDC,2026-01-26,225.83999633789065,225.55999755859372
VGIT,2026-01-26,59.84999847412109,59.790000915527344
VGLT,2026-01-26,56.38999938964844,56.11000061035156
VHT,2026-01-26,292.4599914550781,292.7300109863281
VMBS,2026-01-26,47.2400016784668,47.18000030517578
VNQ,2026-01-26,90.79000091552734,90.54000091552734
VNQI,2026-01-26,47.720001220703125,47.27999877929688
VPU,2026-01-26,185.72000122070312,185.13999938964844
VTIP,2026-01-26,49.52999877929688,49.52999877929688
VWOB,2026-01-26,67.70999908447266,67.72000122070312
WEAT,2026-01-26,20.719999313354492,20.75
XBI,2026-01-26,126.80999755859376,128.0399932861328
XLB,2026-01-26,50.41999816894531,49.970001220703125
XLC,2026-01-26,117.26000213623047,116.95999908447266
XLE,2026-01-26,49.869998931884766,49.189998626708984
XLF,2026-01-26,53.099998474121094,53.06999969482422
XLI,2026-01-26,164.22000122070312,164.22000122070312
XLK,2026-01-26,145.27000427246094,145.08999633789062
XLP,2026-01-26,83.05000305175781,82.91000366210938
XLRE,2026-01-26,41.40999984741211,41.25
XLU,2026-01-26,42.70000076293945,42.560001373291016
XLV,2026-01-26,157.3699951171875,157.47999572753906
XLY,2026-01-26,123.05999755859375,123.12999725341797
XME,2026-01-26,135.58999633789062,131.44000244140625
XPH,2026-01-26,56.0,56.27999877929688
XRT,2026-01-26,88.88999938964844,88.86000061035156
ANGL,2026-01-27,29.59000015258789,29.600000381469727
BKLN,2026-01-27,20.850000381469727,20.84000015258789
BNO,2026-01-27,30.75,30.56999969482422
BWX,2026-01-27,22.8700008392334,22.809999465942383
CANE,2026-01-27,9.619999885559082,9.529999732971191
CEMB,2026-01-27,46.15999984741211,46.18999862670898
CIBR,2026-01-27,72.80999755859375,72.08999633789062
CORN,2026-01-27,17.40999984741211,17.350000381469727
CPER,2026-01-27,36.04999923706055,36.540000915527344
DBA,2026-01-27,25.860000610351562,25.760000228881836
DBB,2026-01-27,24.110000610351562,24.290000915527344
DBC,2026-01-27,24.299999237060547,24.290000915527344
DBE,2026-01-27,18.8700008392334,18.799999237060547
DBO,2026-01-27,13.039999961853027,12.979999542236328
DIA,2026-01-27,490.6900024414063,494.05999755859375
EBND,2026-01-27,21.739999771118164,21.700000762939453
EEM,2026-01-27,59.970001220703125,59.16999816894531
EFA,2026-01-27,101.47000122070312,100.47000122070312
EMB,2026-01-27,96.81999969482422,96.81999969482422
EMHY,2026-01-27,40.75,40.7400016784668
EMLC,2026-01-27,26.399999618530277,26.350000381469727
EPI,2026-01-27,44.52999877929688,44.18999862670898
EWA,2026-01-27,27.93000030517578,27.6200008392334
EWC,2026-01-27,55.93000030517578,55.68999862670898
EWG,2026-01-27,44.02999877929688,43.84000015258789
EWJ,2026-01-27,85.47000122070312,84.62999725341797
EWL,2026-01-27,62.13999938964844,61.18999862670898
EWN,2026-01-27,63.09000015258789,62.810001373291016
EWQ,2026-01-27,46.0,45.650001525878906
EWT,2026-01-27,70.63999938964844,69.94000244140625
EWU,2026-01-27,46.27999877929688,45.83000183105469
EWW,2026-01-27,77.44000244140625,76.69999694824219
EWY,2026-01-27,121.29000091552734,117.31999969482422
EWZ,2026-01-27,37.5,36.61000061035156
EZA,2026-01-27,77.83000183105469,77.37999725341797
EZU,2026-01-27,67.51000213623047,66.94999694824219
FALN,2026-01-27,27.56999969482422,27.549999237060547
FDN,2026-01-27,268.5599975585937,266.489990234375
FXI,2026-01-27,39.93000030517578,39.45000076293945
GIGB,2026-01-27,46.4900016784668,46.52000045776367
GLD,2026-01-27,465.07000732421875,464.70001220703125
GLTR,2026-01-27,267.739990234375,268.3399963378906
GOVT,2026-01-27,23.049999237060547,23.06999969482422
HYG,2026-01-27,81.18000030517578,81.18000030517578
IAU,2026-01-27,95.25,95.18000030517578
IEF,2026-01-27,96.02999877929688,96.08999633789062
IEI,2026-01-27,119.16000366210938,119.18000030517578
IGIB,2026-01-27,54.02000045776367,54.02000045776367
IGV,2026-01-27,99.08000183105467,98.80999755859376
IHI,2026-01-27,60.68999862670898,60.7400016784668
INDA,2026-01-27,51.66999816894531,51.43999862670898
ITB,2026-01-27,104.41999816894533,104.56999969482422
IWM,2026-01-27,264.04998779296875,263.9800109863281
IYR,2026-01-27,96.08000183105467,95.94000244140624
IYT,2026-01-27,76.70999908447266,76.76000213623047
JMBS,2026-01-27,45.959999084472656,45.959999084472656
JNK,2026-01-27,97.91999816894531,97.91999816894531
KRE,2026-01-27,68.12000274658203,67.93000030517578
LEMB,2026-01-27,42.5,42.41999816894531
LIT,2026-01-27,74.38999938964844,74.4800033569336
LMBS,2026-01-27,50.130001068115234,50.09000015258789
LQD,2026-01-27,110.83999633789062,110.93000030517578
MBB,2026-01-27,95.77999877929688,95.75
MDY,2026-01-27,636.1599731445312,635.8300170898438
PALL,2026-01-27,35.513999938964844,36.75400161743164
PCY,2026-01-27,21.6299991607666,21.68000030517578
PFF,2026-01-27,31.8799991607666,31.8799991607666
PPLT,2026-01-27,23.85700035095215,24.674999237060547
QLTA,2026-01-27,48.29999923706055,48.31999969482422
QQQ,2026-01-27,628.9099731445312,625.4600219726562
REM,2026-01-27,23.5,23.5
REMX,2026-01-27,96.11000061035156,96.91000366210938
RSP,2026-01-27,199.1699981689453,199.2400054931641
RWR,2026-01-27,99.9000015258789,99.86000061035156
RWX,2026-01-27,28.979999542236328,28.82999992370605
SCHH,2026-01-27,21.270000457763672,21.280000686645508
SCHO,2026-01-27,24.3700008392334,24.3799991607666
SCHP,2026-01-27,26.6200008392334,26.61000061035156
SGOL,2026-01-27,48.220001220703125,48.16999816894531
SHY,2026-01-27,82.87000274658203,82.87000274658203
SHYG,2026-01-27,43.119998931884766,43.119998931884766
SIVR,2026-01-27,102.81999969482422,103.3000030517578
SKYY,2026-01-27,127.87000274658205,126.55999755859376
SLQD,2026-01-27,50.810001373291016,50.810001373291016
SLV,2026-01-27,97.9800033569336,98.33999633789062
SLX,2026-01-27,94.98999786376952,94.2300033569336
SMH,2026-01-27,403.8999938964844,398.8200073242188
SOXX,2026-01-27,348.1600036621094,343.07000732421875
SOYB,2026-01-27,22.260000228881836,22.190000534057617
SPIB,2026-01-27,33.88999938964844,33.880001068115234
SPMB,2026-01-27,22.56999969482422,22.540000915527344
SPTL,2026-01-27,26.690000534057617,26.739999771118164
SPY,2026-01-27,694.1799926757812,692.72998046875
SRLN,2026-01-27,41.27999877929688,41.2599983215332
STIP,2026-01-27,102.5999984741211,102.56999969482422
TIP,2026-01-27,110.41999816894531,110.37999725341797
TLH,2026-01-27,102.27999877929688,102.44999694824219
TLT,2026-01-27,88.11000061035156,88.3499984741211
TUR,2026-01-27,39.36000061035156,39.86000061035156
UGA,2026-01-27,65.30000305175781,65.4000015258789
UNG,2026-01-27,14.420000076293945,14.829999923706055
UNL,2026-01-27,7.940000057220459,7.940000057220459
USHY,2026-01-27,37.66999816894531,37.66999816894531
USIG,2026-01-27,52.02999877929688,52.04999923706055
USO,2026-01-27,73.94999694824219,73.4800033569336
VCIT,2026-01-27,83.94000244140625,83.97000122070312
VCSH,2026-01-27,79.9000015258789,79.87999725341797
VDC,2026-01-27,225.08999633789065,225.25
VGIT,2026-01-27,59.84000015258789,59.84999847412109
VGLT,2026-01-27,56.2400016784668,56.36000061035156
VHT,2026-01-27,290.0899963378906,293.8699951171875
VMBS,2026-01-27,47.29999923706055,47.27999877929688
VNQ,2026-01-27,90.30999755859376,90.41999816894533
VNQI,2026-01-27,47.81999969482422,47.63999938964844
VPU,2026-01-27,186.1699981689453,186.3500061035156
VTIP,2026-01-27,49.54999923706055,49.52999877929688
VWOB,2026-01-27,67.73999786376953,67.7699966430664
WEAT,2026-01-27,20.6200008392334,20.530000686645508
XBI,2026-01-27,127.87000274658205,127.86000061035156
XLB,2026-01-27,49.869998931884766,50.029998779296875
XLC,2026-01-27,117.88999938964844,117.7699966430664
XLE,2026-01-27,49.38999938964844,49.220001220703125
XLF,2026-01-27,53.31999969482422,53.40999984741211
XLI,2026-01-27,164.66000366210938,164.3800048828125
XLK,2026-01-27,147.4199981689453,146.0800018310547
XLP,2026-01-27,82.76000213623047,82.77999877929688
XLRE,2026-01-27,41.290000915527344,41.220001220703125
XLU,2026-01-27,42.81999969482422,42.869998931884766
XLV,2026-01-27,155.8000030517578,158.10000610351562
XLY,2026-01-27,122.73999786376953,122.31999969482422
XME,2026-01-27,125.61000061035156,126.16999816894533
XPH,2026-01-27,56.15999984741211,56.36000061035156
XRT,2026-01-27,88.91000366210938,88.79000091552734
ANGL,2026-01-28,29.6200008392334,29.61000061035156
BKLN,2026-01-28,20.84000015258789,20.81999969482422
BNO,2026-01-28,31.59000015258789,31.420000076293945
BWX,2026-01-28,23.020000457763672,23.040000915527344
CANE,2026-01-28,9.579999923706056,9.59000015258789
CEMB,2026-01-28,46.150001525878906,46.18000030517578
CIBR,2026-01-28,72.30999755859375,72.02999877929688
CORN,2026-01-28,17.399999618530273,17.31999969482422
CPER,2026-01-28,36.45000076293945,36.58000183105469
DBA,2026-01-28,25.8700008392334,25.84000015258789
DBB,2026-01-28,24.459999084472656,24.31999969482422
DBC,2026-01-28,24.770000457763672,24.6200008392334
DBE,2026-01-28,19.399999618530277,19.299999237060547
DBO,2026-01-28,13.470000267028809,13.34000015258789
DIA,2026-01-28,490.2799987792969,490.05999755859375
EBND,2026-01-28,21.84000015258789,21.8799991607666
EEM,2026-01-28,60.869998931884766,60.34000015258789
EFA,2026-01-28,101.19000244140625,102.08999633789062
EMB,2026-01-28,96.76000213623047,96.77999877929688
EMHY,2026-01-28,40.77000045776367,40.7599983215332
EMLC,2026-01-28,26.51000022888184,26.56999969482422
EPI,2026-01-28,44.52000045776367,44.54999923706055
EWA,2026-01-28,28.11000061035156,28.239999771118164
EWC,2026-01-28,56.45000076293945,56.18000030517578
EWG,2026-01-28,43.959999084472656,44.29999923706055
EWJ,2026-01-28,85.05999755859375,85.83999633789062
EWL,2026-01-28,61.52999877929688,62.56999969482422
EWN,2026-01-28,64.01000213623047,63.70000076293945
EWQ,2026-01-28,45.560001373291016,46.150001525878906
EWT,2026-01-28,71.41999816894531,71.31999969482422
EWU,2026-01-28,46.18999862670898,46.5
EWW,2026-01-28,78.08999633789062,77.86000061035156
EWY,2026-01-28,125.4000015258789,122.6999969482422
EWZ,2026-01-28,38.29999923706055,37.88999938964844
EZA,2026-01-28,79.25,79.0199966430664
EZU,2026-01-28,67.44000244140625,68.0
FALN,2026-01-28,27.59000015258789,27.59000015258789
FDN,2026-01-28,269.739990234375,268.2799987792969
FXI,2026-01-28,40.619998931884766,39.93999862670898
GIGB,2026-01-28,46.459999084472656,46.47499847412109
GLD,2026-01-28,483.3900146484375,476.1000061035156
GLTR,2026-01-28,278.6099853515625,274.3500061035156
GOVT,2026-01-28,23.020000457763672,23.040000915527344
HYG,2026-01-28,81.16999816894531,81.16999816894531
IAU,2026-01-28,99.02999877929688,97.4800033569336
IEF,2026-01-28,95.91999816894531,95.9800033569336
IEI,2026-01-28,119.18000030517578,119.19000244140625
IGIB,2026-01-28,54.02999877929688,54.02000045776367
IGV,2026-01-28,98.0999984741211,97.76000213623048
IHI,2026-01-28,60.27000045776367,60.43999862670898
INDA,2026-01-28,51.47999954223633,51.68999862670898
ITB,2026-01-28,103.01000213623048,103.29000091552734
IWM,2026-01-28,265.9800109863281,264.7300109863281
IYR,2026-01-28,95.97000122070312,96.02999877929688
IYT,2026-01-28,76.66999816894531,76.51000213623047
JMBS,2026-01-28,45.91999816894531,45.93999862670898
JNK,2026-01-28,97.91999816894531,97.91000366210938
KRE,2026-01-28,68.20999908447266,68.26000213623047
LEMB,2026-01-28,42.630001068115234,42.709999084472656
LIT,2026-01-28,75.2300033569336,75.19999694824219
LMBS,2026-01-28,50.119998931884766,50.09000015258789
LQD,2026-01-28,110.70999908447266,110.80999755859375
MBB,2026-01-28,95.66999816894531,95.73999786376953
MDY,2026-01-28,637.3900146484375,635.77001953125
PALL,2026-01-28,36.67399978637695,34.99800109863281
PCY,2026-01-28,21.600000381469727,21.61000061035156
PFF,2026-01-28,31.8799991607666,31.84000015258789
PPLT,2026-01-28,24.167999267578125,23.777999877929688
QLTA,2026-01-28,48.25,48.27999877929688
QQQ,2026-01-28,635.4600219726562,631.1300048828125
REM,2026-01-28,23.920000076293945,23.86000061035156
REMX,2026-01-28,98.01000213623048,97.61000061035156
RSP,2026-01-28,198.9199981689453,198.92999267578125
RWR,2026-01-28,99.98999786376952,99.97000122070312
RWX,2026-01-28,29.1200008392334,29.1299991607666
SCHH,2026-01-28,21.270000457763672,21.290000915527344
SCHO,2026-01-28,24.3799991607666,24.38999938964844
SCHP,2026-01-28,26.6299991607666,26.61000061035156
SGOL,2026-01-28,50.11000061035156,49.34999847412109
SHY,2026-01-28,82.91000366210938,82.88999938964844
SHYG,2026-01-28,43.130001068115234,43.119998931884766
SIVR,2026-01-28,108.0,106.6999969482422
SKYY,2026-01-28,128.0399932861328,126.9800033569336
SLQD,2026-01-28,50.83000183105469,50.81999969482422
SLV,2026-01-28,102.77999877929688,101.58999633789062
SLX,2026-01-28,96.4800033569336,96.16999816894533
SMH,2026-01-28,415.3399963378906,407.25
SOXX,2026-01-28,358.5299987792969,351.0799865722656
SOYB,2026-01-28,22.450000762939453,22.299999237060547
SPIB,2026-01-28,33.900001525878906,33.900001525878906
SPMB,2026-01-28,22.549999237060547,22.549999237060547
SPTL,2026-01-28,26.520000457763672,26.59000015258789
SPY,2026-01-28,697.0499877929688,695.489990234375
SRLN,2026-01-28,41.25,41.25
STIP,2026-01-28,102.72000122070312,102.6500015258789
TIP,2026-01-28,110.43000030517578,110.38999938964844
TLH,2026-01-28,101.79000091552734,102.01000213623047
TLT,2026-01-28,87.51000213623047,87.80000305175781
TUR,2026-01-28,40.61000061035156,39.560001373291016
UGA,2026-01-28,67.5,66.98999786376953
UNG,2026-01-28,14.460000038146973,14.699999809265137
UNL,2026-01-28,7.900000095367432,7.96999979019165
USHY,2026-01-28,37.66999816894531,37.68000030517578
USIG,2026-01-28,52.0,52.0
USO,2026-01-28,76.26000213623047,75.66000366210938
VCIT,2026-01-28,83.98999786376953,83.95999908447266
VCSH,2026-01-28,79.94999694824219,79.91999816894531
VDC,2026-01-28,225.47000122070312,226.0500030517578
VGIT,2026-01-28,59.81999969482422,59.84000015258789
VGLT,2026-01-28,55.900001525878906,56.06999969482422
VHT,2026-01-28,288.010009765625,289.510009765625
VMBS,2026-01-28,47.2599983215332,47.27000045776367
VNQ,2026-01-28,90.4800033569336,90.38999938964844
VNQI,2026-01-28,48.0,48.0
VPU,2026-01-28,189.13999938964844,188.63999938964844
VTIP,2026-01-28,49.59999847412109,49.58000183105469
VWOB,2026-01-28,67.70999908447266,67.73999786376953
WEAT,2026-01-28,20.770000457763672,20.5
XBI,2026-01-28,128.61000061035156,128.52999877929688
XLB,2026-01-28,50.119998931884766,49.97999954223633
XLC,2026-01-28,117.33000183105469,116.9000015258789
XLE,2026-01-28,49.970001220703125,49.66999816894531
XLF,2026-01-28,52.93000030517578,53.0
XLI,2026-01-28,164.4199981689453,165.05999755859375
XLK,2026-01-28,149.0,148.0500030517578
XLP,2026-01-28,83.0,83.16000366210938
XLRE,2026-01-28,41.23500061035156,41.25
XLU,2026-01-28,43.5,43.43000030517578
XLV,2026-01-28,154.3000030517578,155.4499969482422
XLY,2026-01-28,123.08999633789062,122.69000244140625
XME,2026-01-28,129.7899932861328,128.33999633789062
XPH,2026-01-28,56.70000076293945,56.75
XRT,2026-01-28,88.48999786376953,88.41999816894531
ANGL,2026-01-29,29.600000381469727,29.59000015258789
BKLN,2026-01-29,20.809999465942383,20.799999237060547
BNO,2026-01-29,33.130001068115234,31.799999237060547
BWX,2026-01-29,23.0,22.989999771118164
CANE,2026-01-29,9.59000015258789,9.56999969482422
CEMB,2026-01-29,46.150001525878906,46.18999862670898
CIBR,2026-01-29,71.04000091552734,71.51000213623047
CORN,2026-01-29,17.489999771118164,17.43000030517578
CPER,2026-01-29,40.349998474121094,36.779998779296875
DBA,2026-01-29,25.940000534057617,25.8799991607666
DBB,2026-01-29,25.989999771118164,24.56999969482422
DBC,2026-01-29,25.670000076293945,24.940000534057617
DBE,2026-01-29,20.170000076293945,19.40999984741211
DBO,2026-01-29,14.130000114440918,13.520000457763672
DIA,2026-01-29,490.0799865722656,490.1300048828125
EBND,2026-01-29,21.8700008392334,21.86000061035156
EEM,2026-01-29,60.86000061035156,60.75
EFA,2026-01-29,102.0199966430664,101.01000213623047
EMB,2026-01-29,96.56999969482422,96.66000366210938
EMHY,2026-01-29,40.72999954223633,40.72999954223633
EMLC,2026-01-29,26.549999237060547,26.520000457763672
EPI,2026-01-29,44.88999938964844,44.47999954223633
EWA,2026-01-29,28.61000061035156,28.170000076293945
EWC,2026-01-29,56.95000076293945,56.34999847412109
EWG,2026-01-29,43.63999938964844,44.0099983215332
EWJ,2026-01-29,86.12999725341797,85.20999908447266
EWL,2026-01-29,62.08000183105469,61.04999923706055
EWN,2026-01-29,63.5,63.04999923706055
EWQ,2026-01-29,45.97999954223633,45.52999877929688
EWT,2026-01-29,70.26000213623047,71.19000244140625
EWU,2026-01-29,46.84000015258789,46.2400016784668
EWW,2026-01-29,79.44000244140625,78.7300033569336
EWY,2026-01-29,125.91999816894533,125.55999755859376
EWZ,2026-01-29,38.68999862670898,38.33000183105469
EZA,2026-01-29,81.16999816894531,80.13999938964844
EZU,2026-01-29,67.5199966430664,67.16999816894531
FALN,2026-01-29,27.549999237060547,27.56999969482422
FDN,2026-01-29,268.3299865722656,266.5
FXI,2026-01-29,41.0,40.5
GIGB,2026-01-29,46.34999847412109,46.44499969482422
GLD,2026-01-29,509.510009765625,494.55999755859375
GLTR,2026-01-29,295.0,285.2200012207031
GOVT,2026-01-29,23.0,23.020000457763672
HYG,2026-01-29,81.05000305175781,81.04000091552734
IAU,2026-01-29,104.37000274658205,101.25
IEF,2026-01-29,95.80000305175781,95.9000015258789
IEI,2026-01-29,119.12999725341797,119.13999938964844
IGIB,2026-01-29,53.95000076293945,53.9900016784668
IGV,2026-01-29,94.48999786376952,97.05999755859376
IHI,2026-01-29,60.06999969482422,60.060001373291016
INDA,2026-01-29,51.790000915527344,51.4900016784668
ITB,2026-01-29,103.02999877929688,103.18000030517578
IWM,2026-01-29,264.07000732421875,263.29998779296875
IYR,2026-01-29,95.58999633789062,95.08000183105467
IYT,2026-01-29,76.08999633789062,75.7699966430664
JMBS,2026-01-29,45.91999816894531,45.93999862670898
JNK,2026-01-29,97.81999969482422,97.75
KRE,2026-01-29,68.18000030517578,67.77999877929688
LEMB,2026-01-29,42.65999984741211,42.630001068115234
LIT,2026-01-29,74.51000213623047,74.7300033569336
LMBS,2026-01-29,50.09999847412109,50.09000015258789
LQD,2026-01-29,110.43000030517578,110.6500015258789
MBB,2026-01-29,95.61000061035156,95.69000244140625
MDY,2026-01-29,636.9199829101562,634.3200073242188
PALL,2026-01-29,38.46200180053711,37.18199920654297
PCY,2026-01-29,21.559999465942383,21.57999992370605
PFF,2026-01-29,31.809999465942383,31.809999465942383
PPLT,2026-01-29,25.476999282836914,24.516000747680664
QLTA,2026-01-29,48.150001525878906,48.2400016784668
QQQ,2026-01-29,632.6500244140625,633.219970703125
REM,2026-01-29,23.799999237060547,23.75
REMX,2026-01-29,96.0,97.5199966430664
RSP,2026-01-29,199.17999267578125,198.25999450683597
RWR,2026-01-29,99.48999786376952,98.8499984741211
RWX,2026-01-29,29.440000534057617,29.18000030517578
SCHH,2026-01-29,21.18000030517578,21.059999465942383
SCHO,2026-01-29,24.38999938964844,24.3799991607666
SCHP,2026-01-29,26.6299991607666,26.6299991607666
SGOL,2026-01-29,52.81999969482422,51.2400016784668
SHY,2026-01-29,82.9000015258789,82.88999938964844
SHYG,2026-01-29,43.08000183105469,43.09000015258789
SIVR,2026-01-29,114.91999816894533,110.87000274658205
SKYY,2026-01-29,125.08999633789062,126.58000183105467
SLQD,2026-01-29,50.84000015258789,50.83000183105469
SLV,2026-01-29,109.52999877929688,105.5999984741211
SLX,2026-01-29,98.08000183105467,95.86000061035156
SMH,2026-01-29,417.4400024414063,416.6300048828125
SOXX,2026-01-29,361.1799926757813,360.4599914550781
SOYB,2026-01-29,22.530000686645508,22.450000762939453
SPIB,2026-01-29,33.86000061035156,33.880001068115234
SPMB,2026-01-29,22.530000686645508,22.559999465942383
SPTL,2026-01-29,26.420000076293945,26.540000915527344
SPY,2026-01-29,696.3900146484375,695.4199829101562
SRLN,2026-01-29,41.22999954223633,41.209999084472656
STIP,2026-01-29,102.8499984741211,102.73999786376952
TIP,2026-01-29,110.48999786376953,110.44000244140625
TLH,2026-01-29,101.44000244140625,101.80999755859375
TLT,2026-01-29,87.1500015258789,87.5999984741211
TUR,2026-01-29,41.470001220703125,40.38999938964844
UGA,2026-01-29,69.37000274658203,67.76000213623047
UNG,2026-01-29,14.760000228881836,14.529999732971191
UNL,2026-01-29,8.0,7.940000057220459
USHY,2026-01-29,37.619998931884766,37.619998931884766
USIG,2026-01-29,51.900001525878906,51.970001220703125
USO,2026-01-29,80.11000061035156,76.62000274658203
VCIT,2026-01-29,83.83000183105469,83.91000366210938
VCSH,2026-01-29,79.94000244140625,79.91999816894531
VDC,2026-01-29,223.97999572753903,223.94000244140625
VGIT,2026-01-29,59.79999923706055,59.810001373291016
VGLT,2026-01-29,55.70000076293945,55.95000076293945
VHT,2026-01-29,286.6099853515625,286.8399963378906
VMBS,2026-01-29,47.27000045776367,47.27999877929688
VNQ,2026-01-29,89.9800033569336,89.45999908447266
VNQI,2026-01-29,48.5,48.0099983215332
VPU,2026-01-29,189.13999938964844,188.27999877929688
VTIP,2026-01-29,49.65999984741211,49.61000061035156
VWOB,2026-01-29,67.5999984741211,67.66999816894531
WEAT,2026-01-29,21.079999923706055,20.8799991607666
XBI,2026-01-29,125.93000030517578,125.94000244140624
XLB,2026-01-29,50.45000076293945,49.95000076293945
XLC,2026-01-29,119.27999877929688,116.75
XLE,2026-01-29,51.150001525878906,50.04999923706055
XLF,2026-01-29,53.31999969482422,52.9900016784668
XLI,2026-01-29,165.25,164.13999938964844
XLK,2026-01-29,147.83999633789062,149.22999572753906
XLP,2026-01-29,82.36000061035156,82.31999969482422
XLRE,2026-01-29,41.04999923706055,40.849998474121094
XLU,2026-01-29,43.5099983215332,43.33000183105469
XLV,2026-01-29,154.25,154.30999755859375
XLY,2026-01-29,122.47000122070312,121.7699966430664
XME,2026-01-29,130.61000061035156,128.72000122070312
XPH,2026-01-29,55.619998931884766,55.38999938964844
XRT,2026-01-29,87.23999786376953,87.3499984741211
ANGL,2026-01-30,29.559999465942383,29.57999992370605
BKLN,2026-01-30,20.719999313354492,20.729999542236328
BNO,2026-01-30,32.93000030517578,32.790000915527344
BWX,2026-01-30,22.8799991607666,22.989999771118164
CANE,2026-01-30,9.300000190734863,9.5600004196167
CEMB,2026-01-30,46.13999938964844,46.13999938964844
CIBR,2026-01-30,69.27999877929688,69.55999755859375
CORN,2026-01-30,17.399999618530273,17.5
CPER,2026-01-30,37.099998474121094,38.709999084472656
DBA,2026-01-30,25.809999465942383,25.8700008392334
DBB,2026-01-30,24.31999969482422,25.100000381469727
DBC,2026-01-30,24.790000915527344,25.299999237060547
DBE,2026-01-30,20.200000762939453,20.040000915527344
DBO,2026-01-30,14.010000228881836,13.949999809265137
DIA,2026-01-30,489.1099853515625,490.2099914550781
EBND,2026-01-30,21.780000686645508,21.86000061035156
EEM,2026-01-30,59.810001373291016,60.439998626708984
EFA,2026-01-30,101.3499984741211,101.69000244140625
EMB,2026-01-30,96.73999786376953,96.66999816894531
EMHY,2026-01-30,40.790000915527344,40.7599983215332
EMLC,2026-01-30,26.43000030517578,26.520000457763672
EPI,2026-01-30,44.72999954223633,44.79999923706055
EWA,2026-01-30,28.11000061035156,28.420000076293945
EWC,2026-01-30,55.63999938964844,56.52999877929688
EWG,2026-01-30,43.380001068115234,43.43999862670898
EWJ,2026-01-30,85.97000122070312,86.08999633789062
EWL,2026-01-30,62.08000183105469,62.220001220703125
EWN,2026-01-30,62.86000061035156,63.47999954223633
EWQ,2026-01-30,45.65999984741211,45.81999969482422
EWT,2026-01-30,68.8499984741211,69.83000183105469
EWU,2026-01-30,46.27999877929688,46.43999862670898
EWW,2026-01-30,77.83000183105469,78.44999694824219
EWY,2026-01-30,125.22000122070312,124.5
EWZ,2026-01-30,37.75,38.119998931884766
EZA,2026-01-30,74.9800033569336,79.58000183105469
EZU,2026-01-30,67.11000061035156,67.20999908447266
FALN,2026-01-30,27.540000915527344,27.57999992370605
FDN,2026-01-30,263.4599914550781,265.3699951171875
FXI,2026-01-30,40.06999969482422,40.77999877929688
GIGB,2026-01-30,46.43000030517578,46.46500015258789
GLD,2026-01-30,466.25,495.8999938964844
GLTR,2026-01-30,256.1499938964844,285.2200012207031
GOVT,2026-01-30,23.030000686645508,23.040000915527344
HYG,2026-01-30,80.91999816894531,81.02999877929688
IAU,2026-01-30,95.48999786376952,101.56999969482422
IEF,2026-01-30,95.98999786376953,96.0
IEI,2026-01-30,119.33000183105469,119.2699966430664
IGIB,2026-01-30,54.02000045776367,54.02000045776367
IGV,2026-01-30,91.94000244140624,92.2699966430664
IHI,2026-01-30,59.59999847412109,59.5
INDA,2026-01-30,51.720001220703125,51.61000061035156
ITB,2026-01-30,102.61000061035156,103.4800033569336
IWM,2026-01-30,261.07000732421875,263.3699951171875
IYR,2026-01-30,96.0199966430664,96.2699966430664
IYT,2026-01-30,76.55000305175781,77.26000213623047
JMBS,2026-01-30,45.720001220703125,46.0
JNK,2026-01-30,97.70999908447266,97.76000213623047
KRE,2026-01-30,68.75,69.02999877929688
LEMB,2026-01-30,42.5,42.63999938964844
LIT,2026-01-30,71.5,73.62000274658203
LMBS,2026-01-30,50.13999938964844,50.11000061035156
LQD,2026-01-30,110.5999984741211,110.68000030517578
MBB,2026-01-30,95.69000244140625,95.79000091552734
MDY,2026-01-30,629.47998046875,633.1500244140625
PALL,2026-01-30,33.13199996948242,36.49399948120117
PCY,2026-01-30,21.56999969482422,21.61000061035156
PFF,2026-01-30,31.65999984741211,31.690000534057617
PPLT,2026-01-30,20.82900047302246,23.913000106811523
QLTA,2026-01-30,48.209999084472656,48.25
QQQ,2026-01-30,625.7100219726562,629.4299926757812
REM,2026-01-30,23.68000030517578,23.739999771118164
REMX,2026-01-30,87.4000015258789,93.52999877929688
RSP,2026-01-30,198.00999450683597,198.5200042724609
RWR,2026-01-30,100.30999755859376,100.45999908447266
RWX,2026-01-30,29.309999465942383,29.530000686645508
SCHH,2026-01-30,21.350000381469727,21.3799991607666
SCHO,2026-01-30,24.40999984741211,24.399999618530277
SCHP,2026-01-30,26.6299991607666,26.63999938964844
SGOL,2026-01-30,48.33000183105469,51.40999984741211
SHY,2026-01-30,82.97000122070312,82.91999816894531
SHYG,2026-01-30,43.040000915527344,43.06999969482422
SIVR,2026-01-30,93.77999877929688,110.8499984741211
SKYY,2026-01-30,120.73999786376952,121.62999725341795
SLQD,2026-01-30,50.880001068115234,50.84999847412109
SLV,2026-01-30,89.33000183105469,105.56999969482422
SLX,2026-01-30,95.25,96.98999786376952
SMH,2026-01-30,411.2799987792969,417.5199890136719
SOXX,2026-01-30,356.0,361.1300048828125
SOYB,2026-01-30,22.299999237060547,22.43000030517578
SPIB,2026-01-30,33.91999816894531,33.88999938964844
SPMB,2026-01-30,22.540000915527344,22.56999969482422
SPTL,2026-01-30,26.5,26.549999237060547
SPY,2026-01-30,691.7899780273438,694.0399780273438
SRLN,2026-01-30,41.060001373291016,41.060001373291016
STIP,2026-01-30,102.88999938964844,102.87000274658205
TIP,2026-01-30,110.45999908447266,110.5199966430664
TLH,2026-01-30,101.69999694824219,101.86000061035156
TLT,2026-01-30,87.37999725341797,87.62000274658203
TUR,2026-01-30,41.459999084472656,41.58000183105469
UGA,2026-01-30,69.23999786376953,68.7300033569336
UNG,2026-01-30,15.84000015258789,15.0600004196167
UNL,2026-01-30,8.270000457763672,8.100000381469727
USHY,2026-01-30,37.59999847412109,37.61000061035156
USIG,2026-01-30,51.959999084472656,51.97999954223633
USO,2026-01-30,79.44000244140625,79.13999938964844
VCIT,2026-01-30,83.95999908447266,83.95999908447266
VCSH,2026-01-30,79.9800033569336,79.9800033569336
VDC,2026-01-30,223.9499969482422,223.8600006103516
VGIT,2026-01-30,59.88999938964844,59.880001068115234
VGLT,2026-01-30,55.83000183105469,55.970001220703125
VHT,2026-01-30,286.6700134277344,286.0799865722656
VMBS,2026-01-30,47.31999969482422,47.290000915527344
VNQ,2026-01-30,90.45999908447266,90.70999908447266
VNQI,2026-01-30,48.290000915527344,48.68999862670898
VPU,2026-01-30,188.0200042724609,188.33999633789065
VTIP,2026-01-30,49.68000030517578,49.66999816894531
VWOB,2026-01-30,67.69999694824219,67.7300033569336
WEAT,2026-01-30,21.100000381469727,21.1299991607666
XBI,2026-01-30,126.16999816894533,126.73999786376952
XLB,2026-01-30,49.220001220703125,50.0
XLC,2026-01-30,119.7699966430664,119.79000091552734
XLE,2026-01-30,50.36000061035156,50.5099983215332
XLF,2026-01-30,53.380001068115234,53.54999923706055
XLI,2026-01-30,164.66000366210938,165.86000061035156
XLK,2026-01-30,146.0399932861328,146.8699951171875
XLP,2026-01-30,82.18000030517578,82.12999725341797
XLRE,2026-01-30,41.310001373291016,41.369998931884766
XLU,2026-01-30,43.22999954223633,43.33000183105469
XLV,2026-01-30,154.1199951171875,153.82000732421875
XLY,2026-01-30,121.26000213623047,121.19000244140625
XME,2026-01-30,121.27999877929688,126.7699966430664
XPH,2026-01-30,55.4900016784668,55.83000183105469
XRT,2026-01-30,86.05000305175781,86.3499984741211
